solid auto-kdk-case
facet normal 0 -1 0
outer loop
vertex -72.11116027832031 -8.698482513427734 0
vertex -72.11116027832031 -8.698482513427734 3.549999952316284
vertex -76.6611557006836 -8.698482513427734 0
endloop
endfacet
facet normal 0 1 0
outer loop
vertex -5.561159610748291 -10.923482894897461 5
vertex -10.111159324645996 -10.923482894897461 3.549999952316284
vertex -15.111159324645996 -10.923482894897461 3.549999952316284
endloop
endfacet
facet normal 0 1 0
outer loop
vertex -5.561159610748291 -29.92348289489746 5
vertex -15.111159324645996 -29.92348289489746 3.549999952316284
vertex -19.66115951538086 -29.92348289489746 5
endloop
endfacet
facet normal 1 0 0
outer loop
vertex -0.6611594557762146 -41.79848098754883 0
vertex -0.6611594557762146 -27.698482513427734 0
vertex -0.6611594557762146 -41.79848098754883 5
endloop
endfacet
facet normal -1 0 0
outer loop
vertex -5.561159610748291 -34.823482513427734 0
vertex -5.561159610748291 -48.92348098754883 0
vertex -5.561159610748291 -34.823482513427734 5
endloop
endfacet
facet normal 1 0 0
outer loop
vertex -19.66115951538086 -34.823482513427734 0
vertex -19.66115951538086 -48.92348098754883 5
vertex -19.66115951538086 -48.92348098754883 0
endloop
endfacet
facet normal 0 1 0
outer loop
vertex -24.561159133911133 -29.92348289489746 0
vertex -29.111160278320312 -29.92348289489746 0
vertex -29.111160278320312 -29.92348289489746 3.549999952316284
endloop
endfacet
facet normal 0 -1 0
outer loop
vertex -34.11116027832031 -15.823482513427734 0
vertex -34.11116027832031 -15.823482513427734 3.549999952316284
vertex -38.66115951538086 -15.823482513427734 0
endloop
endfacet
facet normal 0 1 0
outer loop
vertex -34.11116027832031 -10.923482894897461 0
vertex -38.66115951538086 -10.923482894897461 0
vertex -34.11116027832031 -10.923482894897461 3.549999952316284
endloop
endfacet
facet normal 0 -1 0
outer loop
vertex -24.561159133911133 -15.823482513427734 0
vertex -29.111160278320312 -15.823482513427734 3.549999952316284
vertex -29.111160278320312 -15.823482513427734 0
endloop
endfacet
facet normal 0 1 0
outer loop
vertex -24.561159133911133 -10.923482894897461 0
vertex -29.111160278320312 -10.923482894897461 0
vertex -29.111160278320312 -10.923482894897461 3.549999952316284
endloop
endfacet
facet normal 0 1 0
outer loop
vertex -15.111159324645996 -29.92348289489746 0
vertex -19.66115951538086 -29.92348289489746 0
vertex -15.111159324645996 -29.92348289489746 3.549999952316284
endloop
endfacet
facet normal 0 1 0
outer loop
vertex -5.561159610748291 -29.92348289489746 0
vertex -10.111159324645996 -29.92348289489746 0
vertex -10.111159324645996 -29.92348289489746 3.549999952316284
endloop
endfacet
facet normal 0 -1 0
outer loop
vertex -15.111159324645996 -15.823482513427734 0
vertex -15.111159324645996 -15.823482513427734 3.549999952316284
vertex -19.66115951538086 -15.823482513427734 0
endloop
endfacet
facet normal 0 1 0
outer loop
vertex -15.111159324645996 -10.923482894897461 0
vertex -19.66115951538086 -10.923482894897461 0
vertex -15.111159324645996 -10.923482894897461 3.549999952316284
endloop
endfacet
facet normal 0 -1 0
outer loop
vertex -10.111159324645996 -15.823482513427734 0
vertex -5.561159610748291 -15.823482513427734 0
vertex -10.111159324645996 -15.823482513427734 3.549999952316284
endloop
endfacet
facet normal 0 1 0
outer loop
vertex -5.561159610748291 -10.923482894897461 0
vertex -10.111159324645996 -10.923482894897461 0
vertex -10.111159324645996 -10.923482894897461 3.549999952316284
endloop
endfacet
facet normal 1 0 0
outer loop
vertex -38.66115951538086 -15.823482513427734 0
vertex -38.66115951538086 -29.92348289489746 5
vertex -38.66115951538086 -29.92348289489746 0
endloop
endfacet
facet normal -1 0 0
outer loop
vertex -24.561159133911133 -15.823482513427734 0
vertex -24.561159133911133 -29.92348289489746 0
vertex -24.561159133911133 -15.823482513427734 5
endloop
endfacet
facet normal 1 0 0
outer loop
vertex -38.66115951538086 -10.923482894897461 0
vertex -38.66115951538086 3.1765174865722656 0
vertex -38.66115951538086 -10.923482894897461 5
endloop
endfacet
facet normal -1 0 0
outer loop
vertex -24.561159133911133 -34.823482513427734 0
vertex -24.561159133911133 -48.92348098754883 0
vertex -24.561159133911133 -34.823482513427734 5
endloop
endfacet
facet normal 1 0 0
outer loop
vertex -38.66115951538086 -34.823482513427734 0
vertex -38.66115951538086 -48.92348098754883 5
vertex -38.66115951538086 -48.92348098754883 0
endloop
endfacet
facet normal 0 -1 0
outer loop
vertex -5.561159610748291 -34.823482513427734 0
vertex -10.111159324645996 -34.823482513427734 3.549999952316284
vertex -10.111159324645996 -34.823482513427734 0
endloop
endfacet
facet normal 0 -1 0
outer loop
vertex -15.111159324645996 -34.823482513427734 0
vertex -15.111159324645996 -34.823482513427734 3.549999952316284
vertex -19.66115951538086 -34.823482513427734 0
endloop
endfacet
facet normal 1 0 0
outer loop
vertex -19.66115951538086 -15.823482513427734 0
vertex -19.66115951538086 -29.92348289489746 5
vertex -19.66115951538086 -29.92348289489746 0
endloop
endfacet
facet normal -1 0 0
outer loop
vertex -5.561159610748291 -15.823482513427734 0
vertex -5.561159610748291 -29.92348289489746 0
vertex -5.561159610748291 -15.823482513427734 5
endloop
endfacet
facet normal 1 0 0
outer loop
vertex -0.6611594557762146 -22.79848289489746 0
vertex -0.6611594557762146 -8.698482513427734 0
vertex -0.6611594557762146 -22.79848289489746 5
endloop
endfacet
facet normal 1 0 0
outer loop
vertex -19.66115951538086 -10.923482894897461 0
vertex -19.66115951538086 3.1765174865722656 0
vertex -19.66115951538086 -10.923482894897461 5
endloop
endfacet
facet normal 0 1 0
outer loop
vertex -72.11116027832031 -41.79848098754883 3.549999952316284
vertex -76.6611557006836 -41.79848098754883 0
vertex -76.6611557006836 -41.79848098754883 5
endloop
endfacet
facet normal 0 1 0
outer loop
vertex -62.561161041259766 -41.79848098754883 0
vertex -67.11116027832031 -41.79848098754883 3.549999952316284
vertex -62.561161041259766 -41.79848098754883 5
endloop
endfacet
facet normal 0 -1 0
outer loop
vertex -0.6611594557762146 10.301517486572266 5
vertex 8.888840675354004 10.301517486572266 3.549999952316284
vertex 13.438840866088867 10.301517486572266 5
endloop
endfacet
facet normal 0 -1 0
outer loop
vertex -0.6611594557762146 10.301517486572266 5
vertex 3.888840436935425 10.301517486572266 3.549999952316284
vertex 8.888840675354004 10.301517486572266 3.549999952316284
endloop
endfacet
facet normal 0 1 0
outer loop
vertex -53.11116027832031 -48.92348098754883 3.549999952316284
vertex -57.66115951538086 -48.92348098754883 0
vertex -57.66115951538086 -48.92348098754883 5
endloop
endfacet
facet normal 0 1 0
outer loop
vertex -43.561161041259766 -48.92348098754883 0
vertex -48.11116027832031 -48.92348098754883 3.549999952316284
vertex -43.561161041259766 -48.92348098754883 5
endloop
endfacet
facet normal 0 -1 0
outer loop
vertex -57.66115951538086 -34.823482513427734 0
vertex -53.11116027832031 -34.823482513427734 3.549999952316284
vertex -57.66115951538086 -34.823482513427734 5
endloop
endfacet
facet normal 0 -1 0
outer loop
vertex -48.11116027832031 -34.823482513427734 3.549999952316284
vertex -43.561161041259766 -34.823482513427734 0
vertex -43.561161041259766 -34.823482513427734 5
endloop
endfacet
facet normal -1 0 0
outer loop
vertex -62.561161041259766 -27.698482513427734 5
vertex -62.561161041259766 -41.79848098754883 0
vertex -62.561161041259766 -41.79848098754883 5
endloop
endfacet
facet normal 1 0 0
outer loop
vertex -57.66115951538086 -48.92348098754883 5
vertex -57.66115951538086 -34.823482513427734 0
vertex -57.66115951538086 -34.823482513427734 5
endloop
endfacet
facet normal 0 1 0
outer loop
vertex -72.11116027832031 -41.79848098754883 0
vertex -76.6611557006836 -41.79848098754883 0
vertex -72.11116027832031 -41.79848098754883 3.549999952316284
endloop
endfacet
facet normal -1 0 0
outer loop
vertex -43.561161041259766 -34.823482513427734 5
vertex -43.561161041259766 -48.92348098754883 0
vertex -43.561161041259766 -48.92348098754883 5
endloop
endfacet
facet normal 0 1 0
outer loop
vertex -62.561161041259766 -41.79848098754883 5
vertex -67.11116027832031 -41.79848098754883 3.549999952316284
vertex -72.11116027832031 -41.79848098754883 3.549999952316284
endloop
endfacet
facet normal 0 1 0
outer loop
vertex -62.561161041259766 -41.79848098754883 5
vertex -72.11116027832031 -41.79848098754883 3.549999952316284
vertex -76.6611557006836 -41.79848098754883 5
endloop
endfacet
facet normal 0 1 0
outer loop
vertex -62.561161041259766 -41.79848098754883 0
vertex -67.11116027832031 -41.79848098754883 0
vertex -67.11116027832031 -41.79848098754883 3.549999952316284
endloop
endfacet
facet normal 0 1 0
outer loop
vertex -43.561161041259766 -48.92348098754883 5
vertex -48.11116027832031 -48.92348098754883 3.549999952316284
vertex -53.11116027832031 -48.92348098754883 3.549999952316284
endloop
endfacet
facet normal 0 1 0
outer loop
vertex -43.561161041259766 -48.92348098754883 5
vertex -53.11116027832031 -48.92348098754883 3.549999952316284
vertex -57.66115951538086 -48.92348098754883 5
endloop
endfacet
facet normal 0 -1 0
outer loop
vertex -57.66115951538086 -34.823482513427734 5
vertex -53.11116027832031 -34.823482513427734 3.549999952316284
vertex -48.11116027832031 -34.823482513427734 3.549999952316284
endloop
endfacet
facet normal 0 -1 0
outer loop
vertex -57.66115951538086 -34.823482513427734 5
vertex -48.11116027832031 -34.823482513427734 3.549999952316284
vertex -43.561161041259766 -34.823482513427734 5
endloop
endfacet
facet normal 0 1 0
outer loop
vertex -53.11116027832031 -48.92348098754883 0
vertex -57.66115951538086 -48.92348098754883 0
vertex -53.11116027832031 -48.92348098754883 3.549999952316284
endloop
endfacet
facet normal 0 -1 0
outer loop
vertex -76.6611557006836 -27.698482513427734 0
vertex -72.11116027832031 -27.698482513427734 3.549999952316284
vertex -76.6611557006836 -27.698482513427734 5
endloop
endfacet
facet normal 0 1 0
outer loop
vertex -72.11116027832031 -22.79848289489746 3.549999952316284
vertex -76.6611557006836 -22.79848289489746 0
vertex -76.6611557006836 -22.79848289489746 5
endloop
endfacet
facet normal 0 -1 0
outer loop
vertex -67.11116027832031 -27.698482513427734 3.549999952316284
vertex -62.561161041259766 -27.698482513427734 0
vertex -62.561161041259766 -27.698482513427734 5
endloop
endfacet
facet normal 0 1 0
outer loop
vertex -43.561161041259766 -48.92348098754883 0
vertex -48.11116027832031 -48.92348098754883 0
vertex -48.11116027832031 -48.92348098754883 3.549999952316284
endloop
endfacet
facet normal 0 1 0
outer loop
vertex -62.561161041259766 -22.79848289489746 0
vertex -67.11116027832031 -22.79848289489746 3.549999952316284
vertex -62.561161041259766 -22.79848289489746 5
endloop
endfacet
facet normal 1 0 0
outer loop
vertex -76.6611557006836 -41.79848098754883 5
vertex -76.6611557006836 -27.698482513427734 0
vertex -76.6611557006836 -27.698482513427734 5
endloop
endfacet
facet normal 0 -1 0
outer loop
vertex -76.6611557006836 -8.698482513427734 0
vertex -72.11116027832031 -8.698482513427734 3.549999952316284
vertex -76.6611557006836 -8.698482513427734 5
endloop
endfacet
facet normal -1 0 0
outer loop
vertex 13.438840866088867 10.301517486572266 5
vertex 13.438840866088867 -3.798482656478882 0
vertex 13.438840866088867 -3.798482656478882 5
endloop
endfacet
facet normal 0 1 0
outer loop
vertex -72.11116027832031 -3.798482656478882 3.549999952316284
vertex -76.6611557006836 -3.798482656478882 0
vertex -76.6611557006836 -3.798482656478882 5
endloop
endfacet
facet normal 0 -1 0
outer loop
vertex -67.11116027832031 -8.698482513427734 3.549999952316284
vertex -62.561161041259766 -8.698482513427734 0
vertex -62.561161041259766 -8.698482513427734 5
endloop
endfacet
facet normal 0 -1 0
outer loop
vertex -57.66115951538086 -34.823482513427734 0
vertex -53.11116027832031 -34.823482513427734 0
vertex -53.11116027832031 -34.823482513427734 3.549999952316284
endloop
endfacet
facet normal 0 1 0
outer loop
vertex -62.561161041259766 -3.798482656478882 0
vertex -67.11116027832031 -3.798482656478882 3.549999952316284
vertex -62.561161041259766 -3.798482656478882 5
endloop
endfacet
facet normal 1 0 0
outer loop
vertex -76.6611557006836 -22.79848289489746 5
vertex -76.6611557006836 -8.698482513427734 0
vertex -76.6611557006836 -8.698482513427734 5
endloop
endfacet
facet normal 0 1 0
outer loop
vertex -53.11116027832031 -29.92348289489746 3.549999952316284
vertex -57.66115951538086 -29.92348289489746 0
vertex -57.66115951538086 -29.92348289489746 5
endloop
endfacet
facet normal 0 -1 0
outer loop
vertex -43.561161041259766 -34.823482513427734 0
vertex -48.11116027832031 -34.823482513427734 3.549999952316284
vertex -48.11116027832031 -34.823482513427734 0
endloop
endfacet
facet normal 0 -1 0
outer loop
vertex 8.888840675354004 10.301517486572266 3.549999952316284
vertex 13.438840866088867 10.301517486572266 0
vertex 13.438840866088867 10.301517486572266 5
endloop
endfacet
facet normal 0 -1 0
outer loop
vertex -0.6611594557762146 10.301517486572266 5
vertex -0.6611594557762146 10.301517486572266 0
vertex 3.888840436935425 10.301517486572266 3.549999952316284
endloop
endfacet
facet normal 0 1 0
outer loop
vertex -43.561161041259766 -29.92348289489746 0
vertex -48.11116027832031 -29.92348289489746 3.549999952316284
vertex -43.561161041259766 -29.92348289489746 5
endloop
endfacet
facet normal -1 0 0
outer loop
vertex -62.561161041259766 -8.698482513427734 5
vertex -62.561161041259766 -22.79848289489746 0
vertex -62.561161041259766 -22.79848289489746 5
endloop
endfacet
facet normal 1 0 0
outer loop
vertex -57.66115951538086 -29.92348289489746 5
vertex -57.66115951538086 -15.823482513427734 0
vertex -57.66115951538086 -15.823482513427734 5
endloop
endfacet
facet normal -1 0 0
outer loop
vertex -43.561161041259766 -15.823482513427734 5
vertex -43.561161041259766 -29.92348289489746 0
vertex -43.561161041259766 -29.92348289489746 5
endloop
endfacet
facet normal 0 -1 0
outer loop
vertex -57.66115951538086 -15.823482513427734 5
vertex -57.66115951538086 -15.823482513427734 0
vertex -53.11116027832031 -15.823482513427734 3.549999952316284
endloop
endfacet
facet normal 0 1 0
outer loop
vertex -53.11116027832031 -10.923482894897461 3.549999952316284
vertex -57.66115951538086 -10.923482894897461 0
vertex -57.66115951538086 -10.923482894897461 5
endloop
endfacet
facet normal 0 -1 0
outer loop
vertex -48.11116027832031 -15.823482513427734 3.549999952316284
vertex -43.561161041259766 -15.823482513427734 0
vertex -43.561161041259766 -15.823482513427734 5
endloop
endfacet
facet normal 0 1 0
outer loop
vertex -43.561161041259766 -10.923482894897461 0
vertex -48.11116027832031 -10.923482894897461 3.549999952316284
vertex -43.561161041259766 -10.923482894897461 5
endloop
endfacet
facet normal -1 0 0
outer loop
vertex -43.561161041259766 -10.923482894897461 0
vertex -43.561161041259766 -10.923482894897461 5
vertex -43.561161041259766 3.1765174865722656 5
endloop
endfacet
facet normal 0 -1 0
outer loop
vertex -76.6611557006836 -27.698482513427734 5
vertex -72.11116027832031 -27.698482513427734 3.549999952316284
vertex -67.11116027832031 -27.698482513427734 3.549999952316284
endloop
endfacet
facet normal 0 1 0
outer loop
vertex -62.561161041259766 -22.79848289489746 5
vertex -67.11116027832031 -22.79848289489746 3.549999952316284
vertex -72.11116027832031 -22.79848289489746 3.549999952316284
endloop
endfacet
facet normal 0 -1 0
outer loop
vertex -76.6611557006836 -27.698482513427734 5
vertex -67.11116027832031 -27.698482513427734 3.549999952316284
vertex -62.561161041259766 -27.698482513427734 5
endloop
endfacet
facet normal 1 0 0
outer loop
vertex -76.6611557006836 -41.79848098754883 0
vertex -76.6611557006836 -27.698482513427734 0
vertex -76.6611557006836 -41.79848098754883 5
endloop
endfacet
facet normal 0 1 0
outer loop
vertex -62.561161041259766 -22.79848289489746 5
vertex -72.11116027832031 -22.79848289489746 3.549999952316284
vertex -76.6611557006836 -22.79848289489746 5
endloop
endfacet
facet normal 0 -1 0
outer loop
vertex -76.6611557006836 -8.698482513427734 5
vertex -72.11116027832031 -8.698482513427734 3.549999952316284
vertex -67.11116027832031 -8.698482513427734 3.549999952316284
endloop
endfacet
facet normal 0 1 0
outer loop
vertex -62.561161041259766 -3.798482656478882 5
vertex -67.11116027832031 -3.798482656478882 3.549999952316284
vertex -72.11116027832031 -3.798482656478882 3.549999952316284
endloop
endfacet
facet normal 0 1 0
outer loop
vertex -62.561161041259766 -3.798482656478882 5
vertex -72.11116027832031 -3.798482656478882 3.549999952316284
vertex -76.6611557006836 -3.798482656478882 5
endloop
endfacet
facet normal 0 -1 0
outer loop
vertex -76.6611557006836 -8.698482513427734 5
vertex -67.11116027832031 -8.698482513427734 3.549999952316284
vertex -62.561161041259766 -8.698482513427734 5
endloop
endfacet
facet normal 0 1 0
outer loop
vertex -43.561161041259766 -29.92348289489746 5
vertex -48.11116027832031 -29.92348289489746 3.549999952316284
vertex -53.11116027832031 -29.92348289489746 3.549999952316284
endloop
endfacet
facet normal 0 1 0
outer loop
vertex -43.561161041259766 -29.92348289489746 5
vertex -53.11116027832031 -29.92348289489746 3.549999952316284
vertex -57.66115951538086 -29.92348289489746 5
endloop
endfacet
facet normal 1 0 0
outer loop
vertex -57.66115951538086 -34.823482513427734 0
vertex -57.66115951538086 -48.92348098754883 5
vertex -57.66115951538086 -48.92348098754883 0
endloop
endfacet
facet normal -1 0 0
outer loop
vertex -43.561161041259766 -48.92348098754883 0
vertex -43.561161041259766 -34.823482513427734 5
vertex -43.561161041259766 -34.823482513427734 0
endloop
endfacet
facet normal 0 -1 0
outer loop
vertex -57.66115951538086 -15.823482513427734 5
vertex -53.11116027832031 -15.823482513427734 3.549999952316284
vertex -48.11116027832031 -15.823482513427734 3.549999952316284
endloop
endfacet
facet normal 0 1 0
outer loop
vertex -43.561161041259766 -10.923482894897461 5
vertex -48.11116027832031 -10.923482894897461 3.549999952316284
vertex -53.11116027832031 -10.923482894897461 3.549999952316284
endloop
endfacet
facet normal 0 -1 0
outer loop
vertex -57.66115951538086 -15.823482513427734 5
vertex -48.11116027832031 -15.823482513427734 3.549999952316284
vertex -43.561161041259766 -15.823482513427734 5
endloop
endfacet
facet normal 0 1 0
outer loop
vertex -43.561161041259766 -10.923482894897461 5
vertex -53.11116027832031 -10.923482894897461 3.549999952316284
vertex -57.66115951538086 -10.923482894897461 5
endloop
endfacet
facet normal 0 1 0
outer loop
vertex -34.11116027832031 -48.92348098754883 3.549999952316284
vertex -38.66115951538086 -48.92348098754883 0
vertex -38.66115951538086 -48.92348098754883 5
endloop
endfacet
facet normal 0 1 0
outer loop
vertex -24.561159133911133 -48.92348098754883 0
vertex -29.111160278320312 -48.92348098754883 3.549999952316284
vertex -24.561159133911133 -48.92348098754883 5
endloop
endfacet
facet normal 0 -1 0
outer loop
vertex -38.66115951538086 -34.823482513427734 0
vertex -34.11116027832031 -34.823482513427734 3.549999952316284
vertex -38.66115951538086 -34.823482513427734 5
endloop
endfacet
facet normal 0 -1 0
outer loop
vertex -29.111160278320312 -34.823482513427734 3.549999952316284
vertex -24.561159133911133 -34.823482513427734 0
vertex -24.561159133911133 -34.823482513427734 5
endloop
endfacet
facet normal 1 0 0
outer loop
vertex -38.66115951538086 -48.92348098754883 5
vertex -38.66115951538086 -34.823482513427734 0
vertex -38.66115951538086 -34.823482513427734 5
endloop
endfacet
facet normal -1 0 0
outer loop
vertex -24.561159133911133 -34.823482513427734 5
vertex -24.561159133911133 -48.92348098754883 0
vertex -24.561159133911133 -48.92348098754883 5
endloop
endfacet
facet normal 0 1 0
outer loop
vertex -15.111159324645996 -48.92348098754883 3.549999952316284
vertex -19.66115951538086 -48.92348098754883 0
vertex -19.66115951538086 -48.92348098754883 5
endloop
endfacet
facet normal 0 1 0
outer loop
vertex -5.561159610748291 -48.92348098754883 0
vertex -10.111159324645996 -48.92348098754883 3.549999952316284
vertex -5.561159610748291 -48.92348098754883 5
endloop
endfacet
facet normal 0 -1 0
outer loop
vertex -19.66115951538086 -34.823482513427734 0
vertex -15.111159324645996 -34.823482513427734 3.549999952316284
vertex -19.66115951538086 -34.823482513427734 5
endloop
endfacet
facet normal 0 -1 0
outer loop
vertex -10.111159324645996 -34.823482513427734 3.549999952316284
vertex -5.561159610748291 -34.823482513427734 0
vertex -5.561159610748291 -34.823482513427734 5
endloop
endfacet
facet normal 1 0 0
outer loop
vertex -19.66115951538086 -48.92348098754883 5
vertex -19.66115951538086 -34.823482513427734 0
vertex -19.66115951538086 -34.823482513427734 5
endloop
endfacet
facet normal -1 0 0
outer loop
vertex -5.561159610748291 -34.823482513427734 5
vertex -5.561159610748291 -48.92348098754883 0
vertex -5.561159610748291 -48.92348098754883 5
endloop
endfacet
facet normal 0 1 0
outer loop
vertex -24.561159133911133 -48.92348098754883 5
vertex -29.111160278320312 -48.92348098754883 3.549999952316284
vertex -34.11116027832031 -48.92348098754883 3.549999952316284
endloop
endfacet
facet normal 0 1 0
outer loop
vertex -24.561159133911133 -48.92348098754883 5
vertex -34.11116027832031 -48.92348098754883 3.549999952316284
vertex -38.66115951538086 -48.92348098754883 5
endloop
endfacet
facet normal 0 -1 0
outer loop
vertex -38.66115951538086 -34.823482513427734 5
vertex -34.11116027832031 -34.823482513427734 3.549999952316284
vertex -29.111160278320312 -34.823482513427734 3.549999952316284
endloop
endfacet
facet normal 0 -1 0
outer loop
vertex -38.66115951538086 -34.823482513427734 5
vertex -29.111160278320312 -34.823482513427734 3.549999952316284
vertex -24.561159133911133 -34.823482513427734 5
endloop
endfacet
facet normal 0 1 0
outer loop
vertex -5.561159610748291 -48.92348098754883 5
vertex -10.111159324645996 -48.92348098754883 3.549999952316284
vertex -15.111159324645996 -48.92348098754883 3.549999952316284
endloop
endfacet
facet normal 0 -1 0
outer loop
vertex -72.11116027832031 -27.698482513427734 0
vertex -72.11116027832031 -27.698482513427734 3.549999952316284
vertex -76.6611557006836 -27.698482513427734 0
endloop
endfacet
facet normal 0 1 0
outer loop
vertex -5.561159610748291 -48.92348098754883 5
vertex -15.111159324645996 -48.92348098754883 3.549999952316284
vertex -19.66115951538086 -48.92348098754883 5
endloop
endfacet
facet normal 0 -1 0
outer loop
vertex -19.66115951538086 -34.823482513427734 5
vertex -15.111159324645996 -34.823482513427734 3.549999952316284
vertex -10.111159324645996 -34.823482513427734 3.549999952316284
endloop
endfacet
facet normal 0 -1 0
outer loop
vertex -19.66115951538086 -34.823482513427734 5
vertex -10.111159324645996 -34.823482513427734 3.549999952316284
vertex -5.561159610748291 -34.823482513427734 5
endloop
endfacet
facet normal 0 -1 0
outer loop
vertex -67.11116027832031 -27.698482513427734 0
vertex -62.561161041259766 -27.698482513427734 0
vertex -67.11116027832031 -27.698482513427734 3.549999952316284
endloop
endfacet
facet normal 0 1 0
outer loop
vertex -72.11116027832031 -22.79848289489746 0
vertex -76.6611557006836 -22.79848289489746 0
vertex -72.11116027832031 -22.79848289489746 3.549999952316284
endloop
endfacet
facet normal 0 1 0
outer loop
vertex -34.11116027832031 -29.92348289489746 3.549999952316284
vertex -38.66115951538086 -29.92348289489746 0
vertex -38.66115951538086 -29.92348289489746 5
endloop
endfacet
facet normal 0 1 0
outer loop
vertex -24.561159133911133 -29.92348289489746 0
vertex -29.111160278320312 -29.92348289489746 3.549999952316284
vertex -24.561159133911133 -29.92348289489746 5
endloop
endfacet
facet normal 1 0 0
outer loop
vertex -38.66115951538086 -29.92348289489746 5
vertex -38.66115951538086 -15.823482513427734 0
vertex -38.66115951538086 -15.823482513427734 5
endloop
endfacet
facet normal 0 1 0
outer loop
vertex -62.561161041259766 -22.79848289489746 0
vertex -67.11116027832031 -22.79848289489746 0
vertex -67.11116027832031 -22.79848289489746 3.549999952316284
endloop
endfacet
facet normal -1 0 0
outer loop
vertex -24.561159133911133 -15.823482513427734 5
vertex -24.561159133911133 -29.92348289489746 0
vertex -24.561159133911133 -29.92348289489746 5
endloop
endfacet
facet normal 0 -1 0
outer loop
vertex -38.66115951538086 -15.823482513427734 5
vertex -38.66115951538086 -15.823482513427734 0
vertex -34.11116027832031 -15.823482513427734 3.549999952316284
endloop
endfacet
facet normal 0 1 0
outer loop
vertex -34.11116027832031 -10.923482894897461 3.549999952316284
vertex -38.66115951538086 -10.923482894897461 0
vertex -38.66115951538086 -10.923482894897461 5
endloop
endfacet
facet normal 0 -1 0
outer loop
vertex -29.111160278320312 -15.823482513427734 3.549999952316284
vertex -24.561159133911133 -15.823482513427734 0
vertex -24.561159133911133 -15.823482513427734 5
endloop
endfacet
facet normal 0 1 0
outer loop
vertex -24.561159133911133 -10.923482894897461 0
vertex -29.111160278320312 -10.923482894897461 3.549999952316284
vertex -24.561159133911133 -10.923482894897461 5
endloop
endfacet
facet normal -1 0 0
outer loop
vertex -24.561159133911133 -10.923482894897461 0
vertex -24.561159133911133 -10.923482894897461 5
vertex -24.561159133911133 3.1765174865722656 5
endloop
endfacet
facet normal 0 1 0
outer loop
vertex -15.111159324645996 -29.92348289489746 3.549999952316284
vertex -19.66115951538086 -29.92348289489746 0
vertex -19.66115951538086 -29.92348289489746 5
endloop
endfacet
facet normal 0 1 0
outer loop
vertex -5.561159610748291 -29.92348289489746 0
vertex -10.111159324645996 -29.92348289489746 3.549999952316284
vertex -5.561159610748291 -29.92348289489746 5
endloop
endfacet
facet normal 1 0 0
outer loop
vertex -19.66115951538086 -29.92348289489746 5
vertex -19.66115951538086 -15.823482513427734 0
vertex -19.66115951538086 -15.823482513427734 5
endloop
endfacet
facet normal 1 0 0
outer loop
vertex -0.6611594557762146 -41.79848098754883 5
vertex -0.6611594557762146 -27.698482513427734 0
vertex -0.6611594557762146 -27.698482513427734 5
endloop
endfacet
facet normal -1 0 0
outer loop
vertex -5.561159610748291 -29.92348289489746 0
vertex -5.561159610748291 -29.92348289489746 5
vertex -5.561159610748291 -21.65594482421875 5
endloop
endfacet
facet normal -1 0 0
outer loop
vertex -5.561159610748291 -15.823482513427734 5
vertex -5.561159610748291 -29.92348289489746 0
vertex -5.561159610748291 -21.65594482421875 5
endloop
endfacet
facet normal 0 -1 0
outer loop
vertex -19.66115951538086 -15.823482513427734 5
vertex -19.66115951538086 -15.823482513427734 0
vertex -15.111159324645996 -15.823482513427734 3.549999952316284
endloop
endfacet
facet normal -1 0 0
outer loop
vertex 13.438840866088867 10.301517486572266 0
vertex 13.438840866088867 -3.798482656478882 0
vertex 13.438840866088867 10.301517486572266 5
endloop
endfacet
facet normal 0 1 0
outer loop
vertex -15.111159324645996 -10.923482894897461 3.549999952316284
vertex -19.66115951538086 -10.923482894897461 0
vertex -19.66115951538086 -10.923482894897461 5
endloop
endfacet
facet normal 0 -1 0
outer loop
vertex -10.111159324645996 -15.823482513427734 3.549999952316284
vertex -5.561159610748291 -15.823482513427734 0
vertex -5.561159610748291 -15.823482513427734 5
endloop
endfacet
facet normal 0 1 0
outer loop
vertex -5.561159610748291 -10.923482894897461 0
vertex -10.111159324645996 -10.923482894897461 3.549999952316284
vertex -5.561159610748291 -10.923482894897461 5
endloop
endfacet
facet normal 1 0 0
outer loop
vertex -0.6611594557762146 -22.79848289489746 5
vertex -0.6611594557762146 -8.698482513427734 0
vertex -0.6611594557762146 -8.698482513427734 5
endloop
endfacet
facet normal -1 0 0
outer loop
vertex -5.561159610748291 -10.923482894897461 0
vertex -5.561159610748291 -10.923482894897461 5
vertex -5.561159610748291 3.1765174865722656 5
endloop
endfacet
facet normal 0 1 0
outer loop
vertex -24.561159133911133 -29.92348289489746 5
vertex -29.111160278320312 -29.92348289489746 3.549999952316284
vertex -34.11116027832031 -29.92348289489746 3.549999952316284
endloop
endfacet
facet normal 0 1 0
outer loop
vertex -24.561159133911133 -29.92348289489746 5
vertex -34.11116027832031 -29.92348289489746 3.549999952316284
vertex -38.66115951538086 -29.92348289489746 5
endloop
endfacet
facet normal 0 -1 0
outer loop
vertex -38.66115951538086 -15.823482513427734 5
vertex -34.11116027832031 -15.823482513427734 3.549999952316284
vertex -29.111160278320312 -15.823482513427734 3.549999952316284
endloop
endfacet
facet normal 0 1 0
outer loop
vertex -24.561159133911133 -10.923482894897461 5
vertex -29.111160278320312 -10.923482894897461 3.549999952316284
vertex -34.11116027832031 -10.923482894897461 3.549999952316284
endloop
endfacet
facet normal 0 1 0
outer loop
vertex -24.561159133911133 -10.923482894897461 5
vertex -34.11116027832031 -10.923482894897461 3.549999952316284
vertex -38.66115951538086 -10.923482894897461 5
endloop
endfacet
facet normal 0 -1 0
outer loop
vertex -38.66115951538086 -15.823482513427734 5
vertex -29.111160278320312 -15.823482513427734 3.549999952316284
vertex -24.561159133911133 -15.823482513427734 5
endloop
endfacet
facet normal 0 1 0
outer loop
vertex -5.561159610748291 -29.92348289489746 5
vertex -10.111159324645996 -29.92348289489746 3.549999952316284
vertex -15.111159324645996 -29.92348289489746 3.549999952316284
endloop
endfacet
facet normal 0 1 0
outer loop
vertex -34.11116027832031 -48.92348098754883 0
vertex -38.66115951538086 -48.92348098754883 0
vertex -34.11116027832031 -48.92348098754883 3.549999952316284
endloop
endfacet
facet normal 0 1 0
outer loop
vertex -34.11116027832031 -29.92348289489746 0
vertex -38.66115951538086 -29.92348289489746 0
vertex -34.11116027832031 -29.92348289489746 3.549999952316284
endloop
endfacet
facet normal 0 1 0
outer loop
vertex -72.11116027832031 -3.798482656478882 0
vertex -76.6611557006836 -3.798482656478882 0
vertex -72.11116027832031 -3.798482656478882 3.549999952316284
endloop
endfacet
facet normal 0 -1 0
outer loop
vertex -19.66115951538086 -15.823482513427734 5
vertex -15.111159324645996 -15.823482513427734 3.549999952316284
vertex -10.111159324645996 -15.823482513427734 3.549999952316284
endloop
endfacet
facet normal 0 -1 0
outer loop
vertex -19.66115951538086 -15.823482513427734 5
vertex -10.111159324645996 -15.823482513427734 3.549999952316284
vertex -5.561159610748291 -15.823482513427734 5
endloop
endfacet
facet normal 0 1 0
outer loop
vertex -5.561159610748291 -10.923482894897461 5
vertex -15.111159324645996 -10.923482894897461 3.549999952316284
vertex -19.66115951538086 -10.923482894897461 5
endloop
endfacet
facet normal 0 -1 0
outer loop
vertex -72.11116027832031 10.301517486572266 0
vertex -72.11116027832031 10.301517486572266 3.549999952316284
vertex -76.6611557006836 10.301517486572266 0
endloop
endfacet
facet normal 0 -1 0
outer loop
vertex -67.11116027832031 -8.698482513427734 0
vertex -62.561161041259766 -8.698482513427734 0
vertex -67.11116027832031 -8.698482513427734 3.549999952316284
endloop
endfacet
facet normal 0 -1 0
outer loop
vertex -67.11116027832031 10.301517486572266 0
vertex -62.561161041259766 10.301517486572266 0
vertex -67.11116027832031 10.301517486572266 3.549999952316284
endloop
endfacet
facet normal 0 1 0
outer loop
vertex -62.561161041259766 -3.798482656478882 0
vertex -67.11116027832031 -3.798482656478882 0
vertex -67.11116027832031 -3.798482656478882 3.549999952316284
endloop
endfacet
facet normal 0 1 0
outer loop
vertex -72.11116027832031 15.201517105102539 0
vertex -76.6611557006836 15.201517105102539 0
vertex -72.11116027832031 15.201517105102539 3.549999952316284
endloop
endfacet
facet normal 0 -1 0
outer loop
vertex 8.888840675354004 10.301517486572266 0
vertex 13.438840866088867 10.301517486572266 0
vertex 8.888840675354004 10.301517486572266 3.549999952316284
endloop
endfacet
facet normal 0 1 0
outer loop
vertex -62.561161041259766 15.201517105102539 0
vertex -67.11116027832031 15.201517105102539 0
vertex -67.11116027832031 15.201517105102539 3.549999952316284
endloop
endfacet
facet normal 0 1 0
outer loop
vertex -5.561159610748291 -48.92348098754883 0
vertex -10.111159324645996 -48.92348098754883 0
vertex -10.111159324645996 -48.92348098754883 3.549999952316284
endloop
endfacet
facet normal 0 1 0
outer loop
vertex -15.111159324645996 -48.92348098754883 0
vertex -19.66115951538086 -48.92348098754883 0
vertex -15.111159324645996 -48.92348098754883 3.549999952316284
endloop
endfacet
facet normal 0 -1 0
outer loop
vertex 3.888840436935425 10.301517486572266 0
vertex 3.888840436935425 10.301517486572266 3.549999952316284
vertex -0.6611594557762146 10.301517486572266 0
endloop
endfacet
facet normal 0 1 0
outer loop
vertex 3.888840436935425 -3.798482656478882 3.549999952316284
vertex -0.6611594557762146 -3.798482656478882 5
vertex 13.438840866088867 -3.798482656478882 5
endloop
endfacet
facet normal 0 -1 0
outer loop
vertex -0.6611594557762146 -8.698482513427734 5
vertex 8.888840675354004 -8.698482513427734 3.549999952316284
vertex 13.438840866088867 -8.698482513427734 5
endloop
endfacet
facet normal 0 1 0
outer loop
vertex 13.438840866088867 -3.798482656478882 5
vertex 8.888840675354004 -3.798482656478882 3.549999952316284
vertex 3.888840436935425 -3.798482656478882 3.549999952316284
endloop
endfacet
facet normal 0 -1 0
outer loop
vertex -0.6611594557762146 -8.698482513427734 5
vertex 3.888840436935425 -8.698482513427734 3.549999952316284
vertex 8.888840675354004 -8.698482513427734 3.549999952316284
endloop
endfacet
facet normal 0 1 0
outer loop
vertex 3.888840436935425 -22.79848289489746 3.549999952316284
vertex -0.6611594557762146 -22.79848289489746 5
vertex 13.438840866088867 -22.79848289489746 5
endloop
endfacet
facet normal 0 1 0
outer loop
vertex -53.11116027832031 -29.92348289489746 0
vertex -57.66115951538086 -29.92348289489746 0
vertex -53.11116027832031 -29.92348289489746 3.549999952316284
endloop
endfacet
facet normal 0 -1 0
outer loop
vertex -57.66115951538086 3.1765174865722656 0
vertex -53.11116027832031 3.1765174865722656 0
vertex -53.11116027832031 3.1765174865722656 3.549999952316284
endloop
endfacet
facet normal 0 1 0
outer loop
vertex -53.11116027832031 8.076517105102539 0
vertex -57.66115951538086 8.076517105102539 0
vertex -53.11116027832031 8.076517105102539 3.549999952316284
endloop
endfacet
facet normal 0 -1 0
outer loop
vertex -43.561161041259766 3.1765174865722656 0
vertex -48.11116027832031 3.1765174865722656 3.549999952316284
vertex -48.11116027832031 3.1765174865722656 0
endloop
endfacet
facet normal 0 1 0
outer loop
vertex -43.561161041259766 -29.92348289489746 0
vertex -48.11116027832031 -29.92348289489746 0
vertex -48.11116027832031 -29.92348289489746 3.549999952316284
endloop
endfacet
facet normal 0 -1 0
outer loop
vertex -0.6611594557762146 -27.698482513427734 5
vertex 8.888840675354004 -27.698482513427734 3.549999952316284
vertex 13.438840866088867 -27.698482513427734 5
endloop
endfacet
facet normal 0 1 0
outer loop
vertex 13.438840866088867 -22.79848289489746 5
vertex 8.888840675354004 -22.79848289489746 3.549999952316284
vertex 3.888840436935425 -22.79848289489746 3.549999952316284
endloop
endfacet
facet normal 0 -1 0
outer loop
vertex -0.6611594557762146 -27.698482513427734 5
vertex 3.888840436935425 -27.698482513427734 3.549999952316284
vertex 8.888840675354004 -27.698482513427734 3.549999952316284
endloop
endfacet
facet normal 0 1 0
outer loop
vertex -43.561161041259766 8.076517105102539 0
vertex -48.11116027832031 8.076517105102539 0
vertex -48.11116027832031 8.076517105102539 3.549999952316284
endloop
endfacet
facet normal 0 -1 0
outer loop
vertex -57.66115951538086 22.176517486572266 0
vertex -53.11116027832031 22.176517486572266 0
vertex -53.11116027832031 22.176517486572266 3.549999952316284
endloop
endfacet
facet normal 0 -1 0
outer loop
vertex -48.11116027832031 22.176517486572266 0
vertex -43.561161041259766 22.176517486572266 0
vertex -48.11116027832031 22.176517486572266 3.549999952316284
endloop
endfacet
facet normal 1 0 0
outer loop
vertex -76.6611557006836 -3.798482656478882 5
vertex -76.6611557006836 -3.798482656478882 0
vertex -76.6611557006836 10.301517486572266 0
endloop
endfacet
facet normal 0 1 0
outer loop
vertex 13.438840866088867 -3.798482656478882 0
vertex 8.888840675354004 -3.798482656478882 3.549999952316284
vertex 13.438840866088867 -3.798482656478882 5
endloop
endfacet
facet normal 0 -1 0
outer loop
vertex 8.888840675354004 -8.698482513427734 3.549999952316284
vertex 13.438840866088867 -8.698482513427734 0
vertex 13.438840866088867 -8.698482513427734 5
endloop
endfacet
facet normal 0 1 0
outer loop
vertex 3.888840436935425 -3.798482656478882 3.549999952316284
vertex -0.6611594557762146 -3.798482656478882 0
vertex -0.6611594557762146 -3.798482656478882 5
endloop
endfacet
facet normal 0 -1 0
outer loop
vertex -0.6611594557762146 -8.698482513427734 5
vertex -0.6611594557762146 -8.698482513427734 0
vertex 3.888840436935425 -8.698482513427734 3.549999952316284
endloop
endfacet
facet normal -1 0 0
outer loop
vertex 13.438840866088867 -8.698482513427734 5
vertex 13.438840866088867 -22.79848289489746 0
vertex 13.438840866088867 -22.79848289489746 5
endloop
endfacet
facet normal 1 0 0
outer loop
vertex -76.6611557006836 15.201517105102539 0
vertex -76.6611557006836 29.301517486572266 0
vertex -76.6611557006836 15.201517105102539 5
endloop
endfacet
facet normal 0 -1 0
outer loop
vertex -57.66115951538086 -15.823482513427734 0
vertex -53.11116027832031 -15.823482513427734 0
vertex -53.11116027832031 -15.823482513427734 3.549999952316284
endloop
endfacet
facet normal 0 1 0
outer loop
vertex -53.11116027832031 -10.923482894897461 0
vertex -57.66115951538086 -10.923482894897461 0
vertex -53.11116027832031 -10.923482894897461 3.549999952316284
endloop
endfacet
facet normal -1 0 0
outer loop
vertex -62.561161041259766 10.301517486572266 0
vertex -62.561161041259766 -3.798482656478882 0
vertex -62.561161041259766 10.301517486572266 5
endloop
endfacet
facet normal -1 0 0
outer loop
vertex -43.561161041259766 -10.923482894897461 0
vertex -43.561161041259766 3.1765174865722656 5
vertex -43.561161041259766 3.1765174865722656 0
endloop
endfacet
facet normal 1 0 0
outer loop
vertex -57.66115951538086 22.176517486572266 0
vertex -57.66115951538086 8.076517105102539 5
vertex -57.66115951538086 8.076517105102539 0
endloop
endfacet
facet normal -1 0 0
outer loop
vertex -62.561161041259766 29.301517486572266 0
vertex -62.561161041259766 15.201517105102539 0
vertex -62.561161041259766 29.301517486572266 5
endloop
endfacet
facet normal -1 0 0
outer loop
vertex -43.561161041259766 8.076517105102539 0
vertex -43.561161041259766 22.176517486572266 5
vertex -43.561161041259766 22.176517486572266 0
endloop
endfacet
facet normal 0 -1 0
outer loop
vertex -72.11116027832031 29.301517486572266 0
vertex -72.11116027832031 29.301517486572266 3.549999952316284
vertex -76.6611557006836 29.301517486572266 0
endloop
endfacet
facet normal 0 -1 0
outer loop
vertex -43.561161041259766 -15.823482513427734 0
vertex -48.11116027832031 -15.823482513427734 3.549999952316284
vertex -48.11116027832031 -15.823482513427734 0
endloop
endfacet
facet normal 0 1 0
outer loop
vertex -43.561161041259766 -10.923482894897461 0
vertex -48.11116027832031 -10.923482894897461 0
vertex -48.11116027832031 -10.923482894897461 3.549999952316284
endloop
endfacet
facet normal 0 -1 0
outer loop
vertex -67.11116027832031 29.301517486572266 0
vertex -62.561161041259766 29.301517486572266 0
vertex -67.11116027832031 29.301517486572266 3.549999952316284
endloop
endfacet
facet normal 1 0 0
outer loop
vertex -76.6611557006836 -22.79848289489746 0
vertex -76.6611557006836 -8.698482513427734 0
vertex -76.6611557006836 -22.79848289489746 5
endloop
endfacet
facet normal 0 -1 0
outer loop
vertex -34.11116027832031 3.1765174865722656 0
vertex -34.11116027832031 3.1765174865722656 3.549999952316284
vertex -38.66115951538086 3.1765174865722656 0
endloop
endfacet
facet normal 0 1 0
outer loop
vertex -34.11116027832031 8.076517105102539 0
vertex -38.66115951538086 8.076517105102539 0
vertex -34.11116027832031 8.076517105102539 3.549999952316284
endloop
endfacet
facet normal 0 -1 0
outer loop
vertex -24.561159133911133 3.1765174865722656 0
vertex -29.111160278320312 3.1765174865722656 3.549999952316284
vertex -29.111160278320312 3.1765174865722656 0
endloop
endfacet
facet normal 0 1 0
outer loop
vertex -24.561159133911133 8.076517105102539 0
vertex -29.111160278320312 8.076517105102539 0
vertex -29.111160278320312 8.076517105102539 3.549999952316284
endloop
endfacet
facet normal 0 -1 0
outer loop
vertex -34.11116027832031 22.176517486572266 0
vertex -34.11116027832031 22.176517486572266 3.549999952316284
vertex -38.66115951538086 22.176517486572266 0
endloop
endfacet
facet normal 0 -1 0
outer loop
vertex -29.111160278320312 22.176517486572266 0
vertex -24.561159133911133 22.176517486572266 0
vertex -29.111160278320312 22.176517486572266 3.549999952316284
endloop
endfacet
facet normal 0 -1 0
outer loop
vertex -19.66115951538086 3.1765174865722656 0
vertex -15.111159324645996 3.1765174865722656 0
vertex -15.111159324645996 3.1765174865722656 3.549999952316284
endloop
endfacet
facet normal 0 -1 0
outer loop
vertex -5.561159610748291 3.1765174865722656 0
vertex -10.111159324645996 3.1765174865722656 3.549999952316284
vertex -10.111159324645996 3.1765174865722656 0
endloop
endfacet
facet normal 0 1 0
outer loop
vertex 13.438840866088867 -22.79848289489746 0
vertex 8.888840675354004 -22.79848289489746 3.549999952316284
vertex 13.438840866088867 -22.79848289489746 5
endloop
endfacet
facet normal 0 -1 0
outer loop
vertex 8.888840675354004 -27.698482513427734 3.549999952316284
vertex 13.438840866088867 -27.698482513427734 0
vertex 13.438840866088867 -27.698482513427734 5
endloop
endfacet
facet normal 0 1 0
outer loop
vertex 3.888840436935425 -22.79848289489746 3.549999952316284
vertex -0.6611594557762146 -22.79848289489746 0
vertex -0.6611594557762146 -22.79848289489746 5
endloop
endfacet
facet normal 0 -1 0
outer loop
vertex -0.6611594557762146 -27.698482513427734 5
vertex -0.6611594557762146 -27.698482513427734 0
vertex 3.888840436935425 -27.698482513427734 3.549999952316284
endloop
endfacet
facet normal -1 0 0
outer loop
vertex -24.561159133911133 3.1765174865722656 0
vertex -24.561159133911133 -10.923482894897461 0
vertex -24.561159133911133 3.1765174865722656 5
endloop
endfacet
facet normal 1 0 0
outer loop
vertex -38.66115951538086 22.176517486572266 0
vertex -38.66115951538086 8.076517105102539 5
vertex -38.66115951538086 8.076517105102539 0
endloop
endfacet
facet normal -1 0 0
outer loop
vertex -24.561159133911133 22.176517486572266 0
vertex -24.561159133911133 8.076517105102539 0
vertex -24.561159133911133 22.176517486572266 5
endloop
endfacet
facet normal -1 0 0
outer loop
vertex -5.561159610748291 3.1765174865722656 0
vertex -5.561159610748291 -10.923482894897461 0
vertex -5.561159610748291 3.1765174865722656 5
endloop
endfacet
facet normal 1 0 0
outer loop
vertex -0.6611594557762146 -3.798482656478882 0
vertex -0.6611594557762146 10.301517486572266 0
vertex -0.6611594557762146 -3.798482656478882 5
endloop
endfacet
facet normal 0 -1 0
outer loop
vertex -76.6611557006836 10.301517486572266 0
vertex -72.11116027832031 10.301517486572266 3.549999952316284
vertex -76.6611557006836 10.301517486572266 5
endloop
endfacet
facet normal -1 0 0
outer loop
vertex -62.561161041259766 -27.698482513427734 0
vertex -62.561161041259766 -41.79848098754883 0
vertex -62.561161041259766 -27.698482513427734 5
endloop
endfacet
facet normal 1 0 0
outer loop
vertex -57.66115951538086 -15.823482513427734 0
vertex -57.66115951538086 -29.92348289489746 5
vertex -57.66115951538086 -29.92348289489746 0
endloop
endfacet
facet normal -1 0 0
outer loop
vertex -43.561161041259766 -29.92348289489746 0
vertex -43.561161041259766 -15.823482513427734 5
vertex -43.561161041259766 -15.823482513427734 0
endloop
endfacet
facet normal 0 -1 0
outer loop
vertex -67.11116027832031 10.301517486572266 3.549999952316284
vertex -62.561161041259766 10.301517486572266 0
vertex -62.561161041259766 10.301517486572266 5
endloop
endfacet
facet normal 1 0 0
outer loop
vertex -76.6611557006836 -3.798482656478882 5
vertex -76.6611557006836 10.301517486572266 0
vertex -76.6611557006836 10.301517486572266 5
endloop
endfacet
facet normal 0 -1 0
outer loop
vertex -24.561159133911133 -34.823482513427734 0
vertex -29.111160278320312 -34.823482513427734 3.549999952316284
vertex -29.111160278320312 -34.823482513427734 0
endloop
endfacet
facet normal -1 0 0
outer loop
vertex -62.561161041259766 -8.698482513427734 0
vertex -62.561161041259766 -22.79848289489746 0
vertex -62.561161041259766 -8.698482513427734 5
endloop
endfacet
facet normal 1 0 0
outer loop
vertex -57.66115951538086 -10.923482894897461 0
vertex -57.66115951538086 3.1765174865722656 0
vertex -57.66115951538086 -10.923482894897461 5
endloop
endfacet
facet normal 0 -1 0
outer loop
vertex -34.11116027832031 -34.823482513427734 0
vertex -34.11116027832031 -34.823482513427734 3.549999952316284
vertex -38.66115951538086 -34.823482513427734 0
endloop
endfacet
facet normal 0 1 0
outer loop
vertex -72.11116027832031 15.201517105102539 3.549999952316284
vertex -76.6611557006836 15.201517105102539 0
vertex -76.6611557006836 15.201517105102539 5
endloop
endfacet
facet normal 0 1 0
outer loop
vertex -62.561161041259766 15.201517105102539 0
vertex -67.11116027832031 15.201517105102539 3.549999952316284
vertex -62.561161041259766 15.201517105102539 5
endloop
endfacet
facet normal 1 0 0
outer loop
vertex -76.6611557006836 15.201517105102539 5
vertex -76.6611557006836 29.301517486572266 0
vertex -76.6611557006836 29.301517486572266 5
endloop
endfacet
facet normal 0 -1 0
outer loop
vertex -57.66115951538086 3.1765174865722656 0
vertex -53.11116027832031 3.1765174865722656 3.549999952316284
vertex -57.66115951538086 3.1765174865722656 5
endloop
endfacet
facet normal 0 1 0
outer loop
vertex -53.11116027832031 8.076517105102539 3.549999952316284
vertex -57.66115951538086 8.076517105102539 0
vertex -57.66115951538086 8.076517105102539 5
endloop
endfacet
facet normal 0 1 0
outer loop
vertex 3.888840436935425 -41.79848098754883 3.549999952316284
vertex -0.6611594557762146 -41.79848098754883 5
vertex 13.438840866088867 -41.79848098754883 5
endloop
endfacet
facet normal 0 1 0
outer loop
vertex 13.438840866088867 -41.79848098754883 5
vertex 8.888840675354004 -41.79848098754883 3.549999952316284
vertex 3.888840436935425 -41.79848098754883 3.549999952316284
endloop
endfacet
facet normal -1 0 0
outer loop
vertex 13.438840866088867 -27.698482513427734 5
vertex 13.438840866088867 -41.79848098754883 0
vertex 13.438840866088867 -41.79848098754883 5
endloop
endfacet
facet normal 0 -1 0
outer loop
vertex -48.11116027832031 3.1765174865722656 3.549999952316284
vertex -43.561161041259766 3.1765174865722656 0
vertex -43.561161041259766 3.1765174865722656 5
endloop
endfacet
facet normal 0 1 0
outer loop
vertex -43.561161041259766 8.076517105102539 0
vertex -48.11116027832031 8.076517105102539 3.549999952316284
vertex -43.561161041259766 8.076517105102539 5
endloop
endfacet
facet normal 0 1 0
outer loop
vertex 13.438840866088867 -41.79848098754883 0
vertex 8.888840675354004 -41.79848098754883 3.549999952316284
vertex 13.438840866088867 -41.79848098754883 5
endloop
endfacet
facet normal 0 1 0
outer loop
vertex 3.888840436935425 -41.79848098754883 3.549999952316284
vertex -0.6611594557762146 -41.79848098754883 0
vertex -0.6611594557762146 -41.79848098754883 5
endloop
endfacet
facet normal -1 0 0
outer loop
vertex -62.561161041259766 10.301517486572266 5
vertex -62.561161041259766 -3.798482656478882 0
vertex -62.561161041259766 -3.798482656478882 5
endloop
endfacet
facet normal 1 0 0
outer loop
vertex -57.66115951538086 3.1765174865722656 5
vertex -57.66115951538086 -10.923482894897461 5
vertex -57.66115951538086 3.1765174865722656 0
endloop
endfacet
facet normal 0 -1 0
outer loop
vertex -57.66115951538086 22.176517486572266 0
vertex -53.11116027832031 22.176517486572266 3.549999952316284
vertex -57.66115951538086 22.176517486572266 5
endloop
endfacet
facet normal 0 -1 0
outer loop
vertex -48.11116027832031 22.176517486572266 3.549999952316284
vertex -43.561161041259766 22.176517486572266 0
vertex -43.561161041259766 22.176517486572266 5
endloop
endfacet
facet normal -1 0 0
outer loop
vertex -62.561161041259766 29.301517486572266 5
vertex -62.561161041259766 15.201517105102539 0
vertex -62.561161041259766 15.201517105102539 5
endloop
endfacet
facet normal 1 0 0
outer loop
vertex -57.66115951538086 8.076517105102539 5
vertex -57.66115951538086 22.176517486572266 0
vertex -57.66115951538086 22.176517486572266 5
endloop
endfacet
facet normal -1 0 0
outer loop
vertex 13.438840866088867 -8.698482513427734 0
vertex 13.438840866088867 -22.79848289489746 0
vertex 13.438840866088867 -8.698482513427734 5
endloop
endfacet
facet normal -1 0 0
outer loop
vertex -43.561161041259766 22.176517486572266 5
vertex -43.561161041259766 8.076517105102539 0
vertex -43.561161041259766 8.076517105102539 5
endloop
endfacet
facet normal 0 -1 0
outer loop
vertex -76.6611557006836 10.301517486572266 5
vertex -72.11116027832031 10.301517486572266 3.549999952316284
vertex -67.11116027832031 10.301517486572266 3.549999952316284
endloop
endfacet
facet normal 0 -1 0
outer loop
vertex -76.6611557006836 10.301517486572266 5
vertex -67.11116027832031 10.301517486572266 3.549999952316284
vertex -62.561161041259766 10.301517486572266 5
endloop
endfacet
facet normal 0 1 0
outer loop
vertex -62.561161041259766 15.201517105102539 5
vertex -67.11116027832031 15.201517105102539 3.549999952316284
vertex -72.11116027832031 15.201517105102539 3.549999952316284
endloop
endfacet
facet normal 0 1 0
outer loop
vertex -62.561161041259766 15.201517105102539 5
vertex -72.11116027832031 15.201517105102539 3.549999952316284
vertex -76.6611557006836 15.201517105102539 5
endloop
endfacet
facet normal 0 -1 0
outer loop
vertex -57.66115951538086 3.1765174865722656 5
vertex -53.11116027832031 3.1765174865722656 3.549999952316284
vertex -48.11116027832031 3.1765174865722656 3.549999952316284
endloop
endfacet
facet normal -1 0 0
outer loop
vertex 13.438840866088867 -27.698482513427734 0
vertex 13.438840866088867 -41.79848098754883 0
vertex 13.438840866088867 -27.698482513427734 5
endloop
endfacet
facet normal 0 1 0
outer loop
vertex 13.438840866088867 -3.798482656478882 0
vertex 8.888840675354004 -3.798482656478882 0
vertex 8.888840675354004 -3.798482656478882 3.549999952316284
endloop
endfacet
facet normal 0 -1 0
outer loop
vertex 13.438840866088867 -8.698482513427734 0
vertex 8.888840675354004 -8.698482513427734 3.549999952316284
vertex 8.888840675354004 -8.698482513427734 0
endloop
endfacet
facet normal 0 1 0
outer loop
vertex -43.561161041259766 8.076517105102539 5
vertex -48.11116027832031 8.076517105102539 3.549999952316284
vertex -53.11116027832031 8.076517105102539 3.549999952316284
endloop
endfacet
facet normal 0 -1 0
outer loop
vertex -57.66115951538086 3.1765174865722656 5
vertex -48.11116027832031 3.1765174865722656 3.549999952316284
vertex -43.561161041259766 3.1765174865722656 5
endloop
endfacet
facet normal 0 1 0
outer loop
vertex -43.561161041259766 8.076517105102539 5
vertex -53.11116027832031 8.076517105102539 3.549999952316284
vertex -57.66115951538086 8.076517105102539 5
endloop
endfacet
facet normal 0 -1 0
outer loop
vertex -57.66115951538086 22.176517486572266 5
vertex -53.11116027832031 22.176517486572266 3.549999952316284
vertex -48.11116027832031 22.176517486572266 3.549999952316284
endloop
endfacet
facet normal 0 -1 0
outer loop
vertex -57.66115951538086 22.176517486572266 5
vertex -48.11116027832031 22.176517486572266 3.549999952316284
vertex -43.561161041259766 22.176517486572266 5
endloop
endfacet
facet normal 0 1 0
outer loop
vertex 3.888840436935425 -3.798482656478882 0
vertex -0.6611594557762146 -3.798482656478882 0
vertex 3.888840436935425 -3.798482656478882 3.549999952316284
endloop
endfacet
facet normal 0 -1 0
outer loop
vertex -76.6611557006836 29.301517486572266 5
vertex -76.6611557006836 29.301517486572266 0
vertex -72.11116027832031 29.301517486572266 3.549999952316284
endloop
endfacet
facet normal 0 -1 0
outer loop
vertex 3.888840436935425 -8.698482513427734 0
vertex 3.888840436935425 -8.698482513427734 3.549999952316284
vertex -0.6611594557762146 -8.698482513427734 0
endloop
endfacet
facet normal 0 1 0
outer loop
vertex 13.438840866088867 -22.79848289489746 0
vertex 8.888840675354004 -22.79848289489746 0
vertex 8.888840675354004 -22.79848289489746 3.549999952316284
endloop
endfacet
facet normal 0 -1 0
outer loop
vertex 8.888840675354004 -27.698482513427734 0
vertex 13.438840866088867 -27.698482513427734 0
vertex 8.888840675354004 -27.698482513427734 3.549999952316284
endloop
endfacet
facet normal 0 -1 0
outer loop
vertex -67.11116027832031 29.301517486572266 3.549999952316284
vertex -62.561161041259766 29.301517486572266 0
vertex -62.561161041259766 29.301517486572266 5
endloop
endfacet
facet normal 0 -1 0
outer loop
vertex -76.6611557006836 29.301517486572266 5
vertex -72.11116027832031 29.301517486572266 3.549999952316284
vertex -67.11116027832031 29.301517486572266 3.549999952316284
endloop
endfacet
facet normal 0 -1 0
outer loop
vertex -76.6611557006836 29.301517486572266 5
vertex -67.11116027832031 29.301517486572266 3.549999952316284
vertex -62.561161041259766 29.301517486572266 5
endloop
endfacet
facet normal 0 1 0
outer loop
vertex 3.888840436935425 -22.79848289489746 0
vertex -0.6611594557762146 -22.79848289489746 0
vertex 3.888840436935425 -22.79848289489746 3.549999952316284
endloop
endfacet
facet normal 0 -1 0
outer loop
vertex -38.66115951538086 3.1765174865722656 0
vertex -34.11116027832031 3.1765174865722656 3.549999952316284
vertex -38.66115951538086 3.1765174865722656 5
endloop
endfacet
facet normal 0 1 0
outer loop
vertex -34.11116027832031 8.076517105102539 3.549999952316284
vertex -38.66115951538086 8.076517105102539 0
vertex -38.66115951538086 8.076517105102539 5
endloop
endfacet
facet normal 0 -1 0
outer loop
vertex -29.111160278320312 3.1765174865722656 3.549999952316284
vertex -24.561159133911133 3.1765174865722656 0
vertex -24.561159133911133 3.1765174865722656 5
endloop
endfacet
facet normal 0 -1 0
outer loop
vertex -0.6611594557762146 -27.698482513427734 0
vertex 3.888840436935425 -27.698482513427734 0
vertex 3.888840436935425 -27.698482513427734 3.549999952316284
endloop
endfacet
facet normal 0 1 0
outer loop
vertex -24.561159133911133 8.076517105102539 0
vertex -29.111160278320312 8.076517105102539 3.549999952316284
vertex -24.561159133911133 8.076517105102539 5
endloop
endfacet
facet normal 1 0 0
outer loop
vertex -38.66115951538086 -10.923482894897461 5
vertex -38.66115951538086 3.1765174865722656 0
vertex -38.66115951538086 3.1765174865722656 5
endloop
endfacet
facet normal 0 -1 0
outer loop
vertex -38.66115951538086 22.176517486572266 0
vertex -34.11116027832031 22.176517486572266 3.549999952316284
vertex -38.66115951538086 22.176517486572266 5
endloop
endfacet
facet normal 0 1 0
outer loop
vertex 13.438840866088867 -41.79848098754883 0
vertex 8.888840675354004 -41.79848098754883 0
vertex 8.888840675354004 -41.79848098754883 3.549999952316284
endloop
endfacet
facet normal 0 -1 0
outer loop
vertex -29.111160278320312 22.176517486572266 3.549999952316284
vertex -24.561159133911133 22.176517486572266 0
vertex -24.561159133911133 22.176517486572266 5
endloop
endfacet
facet normal 1 0 0
outer loop
vertex -38.66115951538086 8.076517105102539 5
vertex -38.66115951538086 22.176517486572266 0
vertex -38.66115951538086 22.176517486572266 5
endloop
endfacet
facet normal -1 0 0
outer loop
vertex -24.561159133911133 22.176517486572266 5
vertex -24.561159133911133 8.076517105102539 0
vertex -24.561159133911133 8.076517105102539 5
endloop
endfacet
facet normal 0 -1 0
outer loop
vertex -19.66115951538086 3.1765174865722656 0
vertex -15.111159324645996 3.1765174865722656 3.549999952316284
vertex -19.66115951538086 3.1765174865722656 5
endloop
endfacet
facet normal 0 -1 0
outer loop
vertex -10.111159324645996 3.1765174865722656 3.549999952316284
vertex -5.561159610748291 3.1765174865722656 0
vertex -5.561159610748291 3.1765174865722656 5
endloop
endfacet
facet normal 1 0 0
outer loop
vertex -19.66115951538086 3.1765174865722656 5
vertex -19.66115951538086 -10.923482894897461 5
vertex -19.66115951538086 3.1765174865722656 0
endloop
endfacet
facet normal 1 0 0
outer loop
vertex -0.6611594557762146 -3.798482656478882 5
vertex -0.6611594557762146 10.301517486572266 0
vertex -0.6611594557762146 10.301517486572266 5
endloop
endfacet
facet normal 0 -1 0
outer loop
vertex -38.66115951538086 3.1765174865722656 5
vertex -34.11116027832031 3.1765174865722656 3.549999952316284
vertex -29.111160278320312 3.1765174865722656 3.549999952316284
endloop
endfacet
facet normal 0 1 0
outer loop
vertex -24.561159133911133 8.076517105102539 5
vertex -29.111160278320312 8.076517105102539 3.549999952316284
vertex -34.11116027832031 8.076517105102539 3.549999952316284
endloop
endfacet
facet normal 0 1 0
outer loop
vertex -24.561159133911133 8.076517105102539 5
vertex -34.11116027832031 8.076517105102539 3.549999952316284
vertex -38.66115951538086 8.076517105102539 5
endloop
endfacet
facet normal 0 -1 0
outer loop
vertex -38.66115951538086 3.1765174865722656 5
vertex -29.111160278320312 3.1765174865722656 3.549999952316284
vertex -24.561159133911133 3.1765174865722656 5
endloop
endfacet
facet normal 0 -1 0
outer loop
vertex -38.66115951538086 22.176517486572266 5
vertex -34.11116027832031 22.176517486572266 3.549999952316284
vertex -29.111160278320312 22.176517486572266 3.549999952316284
endloop
endfacet
facet normal 0 -1 0
outer loop
vertex -38.66115951538086 22.176517486572266 5
vertex -29.111160278320312 22.176517486572266 3.549999952316284
vertex -24.561159133911133 22.176517486572266 5
endloop
endfacet
facet normal 0 -1 0
outer loop
vertex -19.66115951538086 3.1765174865722656 5
vertex -15.111159324645996 3.1765174865722656 3.549999952316284
vertex -10.111159324645996 3.1765174865722656 3.549999952316284
endloop
endfacet
facet normal 0 -1 0
outer loop
vertex -19.66115951538086 3.1765174865722656 5
vertex -10.111159324645996 3.1765174865722656 3.549999952316284
vertex -5.561159610748291 3.1765174865722656 5
endloop
endfacet
facet normal 0 1 0
outer loop
vertex 3.888840436935425 -41.79848098754883 0
vertex -0.6611594557762146 -41.79848098754883 0
vertex 3.888840436935425 -41.79848098754883 3.549999952316284
endloop
endfacet
facet normal 0 1 0
outer loop
vertex -24.561159133911133 -48.92348098754883 0
vertex -29.111160278320312 -48.92348098754883 0
vertex -29.111160278320312 -48.92348098754883 3.549999952316284
endloop
endfacet
facet normal -0.8660252813432607 -0.5000002120739867 5.424074037161613e-7
outer loop
vertex 66.25431823730469 45.82799530029297 5
vertex 71.0293197631836 37.55745315551758 3.549999952316284
vertex 73.3043212890625 33.61703872680664 5
endloop
endfacet
facet normal -0.8660251949157778 -0.5000003617709581 0
outer loop
vertex 54.46131896972656 27.98145294189453 3.549999952316284
vertex 56.73632049560547 24.041038513183594 0
vertex 56.73632049560547 24.041038513183594 5
endloop
endfacet
facet normal -0.8660254386405323 -0.49999993962513045 -0.0000015295887071284995
outer loop
vertex 68.5293197631836 41.88758087158203 3.549999952316284
vertex 71.0293197631836 37.55745315551758 3.549999952316284
vertex 66.25431823730469 45.82799530029297 5
endloop
endfacet
facet normal 0.866025356826988 0.500000081331649 0.0000010161346907576264
outer loop
vertex 29.19236183166504 5.40103816986084 5
vertex 24.417362213134766 13.671581268310547 3.549999952316284
vertex 22.14236068725586 17.611995697021484 5
endloop
endfacet
facet normal 0.8660256627508376 0.49999955145677116 0
outer loop
vertex 44.525360107421875 16.991037368774414 0
vertex 42.250362396240234 20.931453704833984 0
vertex 42.250362396240234 20.931453704833984 3.549999952316284
endloop
endfacet
facet normal -0.8660255579515819 -0.4999997329745803 0
outer loop
vertex 49.68632125854492 36.25199508666992 0
vertex 51.96131896972656 32.311580657958984 0
vertex 51.96131896972656 32.311580657958984 3.549999952316284
endloop
endfacet
facet normal 0.8660256627508376 0.49999955145677116 0
outer loop
vertex 58.818363189697266 30.50745391845703 0
vertex 58.818363189697266 30.50745391845703 3.549999952316284
vertex 61.093360900878906 26.56703758239746 0
endloop
endfacet
facet normal 0.8660254323105024 0.4999999505891852 0.0000014898619863838235
outer loop
vertex 61.093360900878906 26.56703758239746 5
vertex 56.318363189697266 34.837581634521484 3.549999952316284
vertex 54.04336166381836 38.77799606323242 5
endloop
endfacet
facet normal -0.866025398492519 -0.5000000091642411 0.0000012776234005178379
outer loop
vertex 54.46131896972656 27.98145294189453 3.549999952316284
vertex 56.73632049560547 24.041038513183594 5
vertex 49.68632125854492 36.25199508666992 5
endloop
endfacet
facet normal 0.8660254386406888 0.4999999396252208 0.0000014064795232106594
outer loop
vertex 58.818363189697266 30.50745391845703 3.549999952316284
vertex 56.318363189697266 34.837581634521484 3.549999952316284
vertex 61.093360900878906 26.56703758239746 5
endloop
endfacet
facet normal 0.8660251949157779 0.5000003617709581 0
outer loop
vertex 56.318363189697266 34.837581634521484 0
vertex 54.04336166381836 38.77799606323242 0
vertex 56.318363189697266 34.837581634521484 3.549999952316284
endloop
endfacet
facet normal -0.8660251949157779 -0.5000003617709581 0
outer loop
vertex 68.5293197631836 41.88758087158203 0
vertex 68.5293197631836 41.88758087158203 3.549999952316284
vertex 66.25431823730469 45.82799530029297 0
endloop
endfacet
facet normal -0.8660251949157779 -0.5000003617709581 0
outer loop
vertex 71.0293197631836 37.55745315551758 0
vertex 73.3043212890625 33.61703872680664 0
vertex 71.0293197631836 37.55745315551758 3.549999952316284
endloop
endfacet
facet normal 0.5000000091646493 -0.8660253984932259 0
outer loop
vertex 54.04336166381836 38.77799606323242 0
vertex 66.25431823730469 45.82799530029297 0
vertex 54.04336166381836 38.77799606323242 5
endloop
endfacet
facet normal -0.4999999934695503 0.8660254075547955 0
outer loop
vertex 73.3043212890625 33.61703872680664 0
vertex 61.093360900878906 26.56703758239746 0
vertex 73.3043212890625 33.61703872680664 5
endloop
endfacet
facet normal 0.4999999934695503 -0.8660254075547955 0
outer loop
vertex 22.14236068725586 17.611995697021484 0
vertex 34.35332107543945 24.661996841430664 0
vertex 22.14236068725586 17.611995697021484 5
endloop
endfacet
facet normal -0.8660254386413025 -0.4999999396255752 7.487731991500754e-7
outer loop
vertex 49.68632125854492 36.25199508666992 5
vertex 51.96131896972656 32.311580657958984 3.549999952316284
vertex 54.46131896972656 27.98145294189453 3.549999952316284
endloop
endfacet
facet normal -0.8660251949157778 -0.5000003617709581 0
outer loop
vertex 66.25431823730469 45.82799530029297 5
vertex 66.25431823730469 45.82799530029297 0
vertex 68.5293197631836 41.88758087158203 3.549999952316284
endloop
endfacet
facet normal 0.866025428833396 0.49999995661393076 0
outer loop
vertex 29.19236183166504 5.40103816986084 0
vertex 26.917362213134766 9.341453552246094 3.549999952316284
vertex 29.19236183166504 5.40103816986084 5
endloop
endfacet
facet normal -0.5000000013170987 0.8660254030240114 0
outer loop
vertex 41.4033203125 12.451038360595703 5
vertex 29.19236183166504 5.40103816986084 0
vertex 29.19236183166504 5.40103816986084 5
endloop
endfacet
facet normal 0.8660251949157778 0.5000003617709581 0
outer loop
vertex 24.417362213134766 13.671581268310547 3.549999952316284
vertex 22.14236068725586 17.611995697021484 0
vertex 22.14236068725586 17.611995697021484 5
endloop
endfacet
facet normal -0.4999999934695503 0.8660254075547955 0
outer loop
vertex 73.3043212890625 33.61703872680664 5
vertex 61.093360900878906 26.56703758239746 0
vertex 61.093360900878906 26.56703758239746 5
endloop
endfacet
facet normal -0.8660251949157778 -0.5000003617709581 0
outer loop
vertex 71.0293197631836 37.55745315551758 3.549999952316284
vertex 73.3043212890625 33.61703872680664 0
vertex 73.3043212890625 33.61703872680664 5
endloop
endfacet
facet normal -0.8660252997152534 -0.500000180253073 0
outer loop
vertex 39.128318786621094 16.391454696655273 3.549999952316284
vertex 41.4033203125 12.451038360595703 0
vertex 41.4033203125 12.451038360595703 5
endloop
endfacet
facet normal -0.8660256627508376 -0.4999995514567712 0
outer loop
vertex 34.35332107543945 24.661996841430664 0
vertex 36.628318786621094 20.721580505371094 3.549999952316284
vertex 34.35332107543945 24.661996841430664 5
endloop
endfacet
facet normal 0.8660251949157778 0.5000003617709581 0
outer loop
vertex 39.750362396240234 25.261581420898438 3.549999952316284
vertex 37.47536087036133 29.201995849609375 0
vertex 37.47536087036133 29.201995849609375 5
endloop
endfacet
facet normal 0.5000000091646493 -0.8660253984932259 0
outer loop
vertex 54.04336166381836 38.77799606323242 5
vertex 66.25431823730469 45.82799530029297 0
vertex 66.25431823730469 45.82799530029297 5
endloop
endfacet
facet normal -0.5000000013170987 0.8660254030240114 0
outer loop
vertex 41.4033203125 12.451038360595703 0
vertex 29.19236183166504 5.40103816986084 0
vertex 41.4033203125 12.451038360595703 5
endloop
endfacet
facet normal 0.8660251949157779 0.5000003617709581 0
outer loop
vertex 37.47536087036133 29.201995849609375 0
vertex 39.750362396240234 25.261581420898438 3.549999952316284
vertex 39.750362396240234 25.261581420898438 0
endloop
endfacet
facet normal 0.4999999934695503 -0.8660254075547955 0
outer loop
vertex 22.14236068725586 17.611995697021484 5
vertex 34.35332107543945 24.661996841430664 0
vertex 34.35332107543945 24.661996841430664 5
endloop
endfacet
facet normal 0.49999989201484246 -0.8660254661296896 0
outer loop
vertex 37.47536087036133 29.201995849609375 5
vertex 49.68632125854492 36.25199508666992 0
vertex 49.68632125854492 36.25199508666992 5
endloop
endfacet
facet normal 0.8660251949157778 0.5000003617709581 0
outer loop
vertex 56.318363189697266 34.837581634521484 3.549999952316284
vertex 54.04336166381836 38.77799606323242 0
vertex 54.04336166381836 38.77799606323242 5
endloop
endfacet
facet normal -0.8660256627508376 -0.49999955145677116 0
outer loop
vertex 34.35332107543945 24.661996841430664 0
vertex 36.628318786621094 20.721580505371094 0
vertex 36.628318786621094 20.721580505371094 3.549999952316284
endloop
endfacet
facet normal -0.8660252997152534 -0.500000180253073 0
outer loop
vertex 39.128318786621094 16.391454696655273 0
vertex 41.4033203125 12.451038360595703 0
vertex 39.128318786621094 16.391454696655273 3.549999952316284
endloop
endfacet
facet normal 0.8660251949157779 0.5000003617709581 0
outer loop
vertex 22.14236068725586 17.611995697021484 0
vertex 24.417362213134766 13.671581268310547 3.549999952316284
vertex 24.417362213134766 13.671581268310547 0
endloop
endfacet
facet normal -0.8660255579515819 -0.4999997329745802 0
outer loop
vertex 49.68632125854492 36.25199508666992 0
vertex 51.96131896972656 32.311580657958984 3.549999952316284
vertex 49.68632125854492 36.25199508666992 5
endloop
endfacet
facet normal 0.8660254386415437 0.49999993962571443 -6.155459195911908e-8
outer loop
vertex 29.19236183166504 5.40103816986084 5
vertex 26.917362213134766 9.341453552246094 3.549999952316284
vertex 24.417362213134766 13.671581268310547 3.549999952316284
endloop
endfacet
facet normal -0.4999999934695503 0.8660254075547955 0
outer loop
vertex 56.73632049560547 24.041038513183594 0
vertex 44.525360107421875 16.991037368774414 0
vertex 56.73632049560547 24.041038513183594 5
endloop
endfacet
facet normal 0.49999989201484246 -0.8660254661296896 0
outer loop
vertex 49.68632125854492 36.25199508666992 0
vertex 37.47536087036133 29.201995849609375 5
vertex 37.47536087036133 29.201995849609375 0
endloop
endfacet
facet normal -0.8660251949157779 -0.5000003617709581 0
outer loop
vertex 54.46131896972656 27.98145294189453 0
vertex 56.73632049560547 24.041038513183594 0
vertex 54.46131896972656 27.98145294189453 3.549999952316284
endloop
endfacet
facet normal -0.8660253432723602 -0.5000001048059596 0.000002004992338330242
outer loop
vertex 34.35332107543945 24.661996841430664 5
vertex 36.628318786621094 20.721580505371094 3.549999952316284
vertex 39.128318786621094 16.391454696655273 3.549999952316284
endloop
endfacet
facet normal 0.8660254386406888 0.4999999396252208 0.0000014064795232106594
outer loop
vertex 42.250362396240234 20.931453704833984 3.549999952316284
vertex 39.750362396240234 25.261581420898438 3.549999952316284
vertex 44.525360107421875 16.991037368774414 5
endloop
endfacet
facet normal -0.4999999934695503 0.8660254075547955 0
outer loop
vertex 56.73632049560547 24.041038513183594 5
vertex 44.525360107421875 16.991037368774414 0
vertex 44.525360107421875 16.991037368774414 5
endloop
endfacet
facet normal -0.8660254323111637 -0.499999950589567 8.321556479012051e-7
outer loop
vertex 34.35332107543945 24.661996841430664 5
vertex 39.128318786621094 16.391454696655273 3.549999952316284
vertex 41.4033203125 12.451038360595703 5
endloop
endfacet
facet normal 0.8660254323105024 0.4999999505891852 0.0000014898619863838235
outer loop
vertex 37.47536087036133 29.201995849609375 5
vertex 44.525360107421875 16.991037368774414 5
vertex 39.750362396240234 25.261581420898438 3.549999952316284
endloop
endfacet
facet normal 0.8660256627508376 0.4999995514567712 0
outer loop
vertex 44.525360107421875 16.991037368774414 0
vertex 42.250362396240234 20.931453704833984 3.549999952316284
vertex 44.525360107421875 16.991037368774414 5
endloop
endfacet
facet normal 0.8660256627508376 0.4999995514567712 0
outer loop
vertex 61.093360900878906 26.56703758239746 0
vertex 58.818363189697266 30.50745391845703 3.549999952316284
vertex 61.093360900878906 26.56703758239746 5
endloop
endfacet
facet normal 0.866025428833396 0.4999999566139307 0
outer loop
vertex 26.917362213134766 9.341453552246094 0
vertex 26.917362213134766 9.341453552246094 3.549999952316284
vertex 29.19236183166504 5.40103816986084 0
endloop
endfacet
facet normal -1 0 0
outer loop
vertex -10.111159324645996 -34.12348175048828 3.549999952316284
vertex -10.111159324645996 -34.823482513427734 0
vertex -10.111159324645996 -34.823482513427734 3.549999952316284
endloop
endfacet
facet normal 0 -1 0
outer loop
vertex -10.111159324645996 -34.12348175048828 0
vertex -10.111159324645996 -34.12348175048828 3.549999952316284
vertex -15.111159324645996 -34.12348175048828 0
endloop
endfacet
facet normal -1 0 0
outer loop
vertex -10.111159324645996 -34.12348175048828 0
vertex -10.111159324645996 -34.823482513427734 0
vertex -10.111159324645996 -34.12348175048828 3.549999952316284
endloop
endfacet
facet normal 1 0 0
outer loop
vertex -15.111159324645996 -48.92348098754883 0
vertex -15.111159324645996 -49.62348175048828 3.549999952316284
vertex -15.111159324645996 -49.62348175048828 0
endloop
endfacet
facet normal 0 1 0
outer loop
vertex -10.111159324645996 -49.62348175048828 0
vertex -15.111159324645996 -49.62348175048828 0
vertex -15.111159324645996 -49.62348175048828 3.549999952316284
endloop
endfacet
facet normal -1 0 0
outer loop
vertex -10.111159324645996 -48.92348098754883 0
vertex -10.111159324645996 -49.62348175048828 0
vertex -10.111159324645996 -48.92348098754883 3.549999952316284
endloop
endfacet
facet normal 0 0 -1
outer loop
vertex -10.111159324645996 -34.12348175048828 3.549999952316284
vertex -10.111159324645996 -34.823482513427734 3.549999952316284
vertex -15.111159324645996 -34.12348175048828 3.549999952316284
endloop
endfacet
facet normal 0 0 -1
outer loop
vertex -15.111159324645996 -34.12348175048828 3.549999952316284
vertex -10.111159324645996 -34.823482513427734 3.549999952316284
vertex -15.111159324645996 -34.823482513427734 3.549999952316284
endloop
endfacet
facet normal 0 -1 0
outer loop
vertex -15.111159324645996 -34.12348175048828 3.549999952316284
vertex -15.111159324645996 -34.12348175048828 0
vertex -10.111159324645996 -34.12348175048828 3.549999952316284
endloop
endfacet
facet normal 0 0 -1
outer loop
vertex -10.111159324645996 -48.92348098754883 3.549999952316284
vertex -10.111159324645996 -49.62348175048828 3.549999952316284
vertex -15.111159324645996 -48.92348098754883 3.549999952316284
endloop
endfacet
facet normal 0 0 -1
outer loop
vertex -10.111159324645996 -49.62348175048828 3.549999952316284
vertex -15.111159324645996 -49.62348175048828 3.549999952316284
vertex -15.111159324645996 -48.92348098754883 3.549999952316284
endloop
endfacet
facet normal 1 0 0
outer loop
vertex -15.111159324645996 -34.823482513427734 3.549999952316284
vertex -15.111159324645996 -34.12348175048828 0
vertex -15.111159324645996 -34.12348175048828 3.549999952316284
endloop
endfacet
facet normal -1 0 0
outer loop
vertex -10.111159324645996 -48.92348098754883 3.549999952316284
vertex -10.111159324645996 -49.62348175048828 0
vertex -10.111159324645996 -49.62348175048828 3.549999952316284
endloop
endfacet
facet normal 0 1 0
outer loop
vertex -10.111159324645996 -49.62348175048828 0
vertex -15.111159324645996 -49.62348175048828 3.549999952316284
vertex -10.111159324645996 -49.62348175048828 3.549999952316284
endloop
endfacet
facet normal 1 0 0
outer loop
vertex -15.111159324645996 -49.62348175048828 3.549999952316284
vertex -15.111159324645996 -48.92348098754883 0
vertex -15.111159324645996 -48.92348098754883 3.549999952316284
endloop
endfacet
facet normal 1 0 0
outer loop
vertex -15.111159324645996 -34.823482513427734 3.549999952316284
vertex -15.111159324645996 -34.823482513427734 0
vertex -15.111159324645996 -34.12348175048828 0
endloop
endfacet
facet normal -1 0 0
outer loop
vertex -29.111160278320312 -34.12348175048828 0
vertex -29.111160278320312 -34.823482513427734 0
vertex -29.111160278320312 -34.12348175048828 3.549999952316284
endloop
endfacet
facet normal 1 0 0
outer loop
vertex -34.11116027832031 -49.62348175048828 3.549999952316284
vertex -34.11116027832031 -48.92348098754883 0
vertex -34.11116027832031 -48.92348098754883 3.549999952316284
endloop
endfacet
facet normal 0 1 0
outer loop
vertex -29.111160278320312 -49.62348175048828 0
vertex -34.11116027832031 -49.62348175048828 3.549999952316284
vertex -29.111160278320312 -49.62348175048828 3.549999952316284
endloop
endfacet
facet normal -1 0 0
outer loop
vertex -29.111160278320312 -48.92348098754883 3.549999952316284
vertex -29.111160278320312 -49.62348175048828 0
vertex -29.111160278320312 -49.62348175048828 3.549999952316284
endloop
endfacet
facet normal 0 0 -1
outer loop
vertex -29.111160278320312 -34.12348175048828 3.549999952316284
vertex -29.111160278320312 -34.823482513427734 3.549999952316284
vertex -34.11116027832031 -34.12348175048828 3.549999952316284
endloop
endfacet
facet normal 0 0 -1
outer loop
vertex -34.11116027832031 -34.823482513427734 3.549999952316284
vertex -34.11116027832031 -34.12348175048828 3.549999952316284
vertex -29.111160278320312 -34.823482513427734 3.549999952316284
endloop
endfacet
facet normal 1 0 0
outer loop
vertex -34.11116027832031 -48.92348098754883 0
vertex -34.11116027832031 -49.62348175048828 3.549999952316284
vertex -34.11116027832031 -49.62348175048828 0
endloop
endfacet
facet normal 0 0 -1
outer loop
vertex -29.111160278320312 -48.92348098754883 3.549999952316284
vertex -29.111160278320312 -49.62348175048828 3.549999952316284
vertex -34.11116027832031 -48.92348098754883 3.549999952316284
endloop
endfacet
facet normal 1 0 0
outer loop
vertex -34.11116027832031 -34.823482513427734 3.549999952316284
vertex -34.11116027832031 -34.12348175048828 0
vertex -34.11116027832031 -34.12348175048828 3.549999952316284
endloop
endfacet
facet normal 0 -1 0
outer loop
vertex -34.11116027832031 -34.12348175048828 3.549999952316284
vertex -34.11116027832031 -34.12348175048828 0
vertex -29.111160278320312 -34.12348175048828 3.549999952316284
endloop
endfacet
facet normal -1 0 0
outer loop
vertex -29.111160278320312 -34.12348175048828 3.549999952316284
vertex -29.111160278320312 -34.823482513427734 0
vertex -29.111160278320312 -34.823482513427734 3.549999952316284
endloop
endfacet
facet normal 1 0 0
outer loop
vertex -34.11116027832031 -34.823482513427734 3.549999952316284
vertex -34.11116027832031 -34.823482513427734 0
vertex -34.11116027832031 -34.12348175048828 0
endloop
endfacet
facet normal 0 0 -1
outer loop
vertex -29.111160278320312 -49.62348175048828 3.549999952316284
vertex -34.11116027832031 -49.62348175048828 3.549999952316284
vertex -34.11116027832031 -48.92348098754883 3.549999952316284
endloop
endfacet
facet normal 0 1 0
outer loop
vertex -29.111160278320312 -49.62348175048828 0
vertex -34.11116027832031 -49.62348175048828 0
vertex -34.11116027832031 -49.62348175048828 3.549999952316284
endloop
endfacet
facet normal -1 0 0
outer loop
vertex -29.111160278320312 -48.92348098754883 0
vertex -29.111160278320312 -49.62348175048828 0
vertex -29.111160278320312 -48.92348098754883 3.549999952316284
endloop
endfacet
facet normal 0 -1 0
outer loop
vertex -29.111160278320312 -34.12348175048828 0
vertex -29.111160278320312 -34.12348175048828 3.549999952316284
vertex -34.11116027832031 -34.12348175048828 0
endloop
endfacet
facet normal 0 1 0
outer loop
vertex -53.11116027832031 -49.62348175048828 0
vertex -53.11116027832031 -49.62348175048828 3.549999952316284
vertex -48.11116027832031 -49.62348175048828 0
endloop
endfacet
facet normal 1 0 0
outer loop
vertex -53.11116027832031 -48.92348098754883 0
vertex -53.11116027832031 -49.62348175048828 3.549999952316284
vertex -53.11116027832031 -49.62348175048828 0
endloop
endfacet
facet normal 0 0 -1
outer loop
vertex -53.11116027832031 -34.12348175048828 3.549999952316284
vertex -48.11116027832031 -34.823482513427734 3.549999952316284
vertex -53.11116027832031 -34.823482513427734 3.549999952316284
endloop
endfacet
facet normal -1 0 0
outer loop
vertex -48.11116027832031 -34.12348175048828 3.549999952316284
vertex -48.11116027832031 -34.823482513427734 0
vertex -48.11116027832031 -34.823482513427734 3.549999952316284
endloop
endfacet
facet normal 0 -1 0
outer loop
vertex -53.11116027832031 -34.12348175048828 3.549999952316284
vertex -53.11116027832031 -34.12348175048828 0
vertex -48.11116027832031 -34.12348175048828 3.549999952316284
endloop
endfacet
facet normal 1 0 0
outer loop
vertex -53.11116027832031 -34.823482513427734 3.549999952316284
vertex -53.11116027832031 -34.12348175048828 0
vertex -53.11116027832031 -34.12348175048828 3.549999952316284
endloop
endfacet
facet normal -1 0 0
outer loop
vertex -48.11116027832031 -48.92348098754883 3.549999952316284
vertex -48.11116027832031 -49.62348175048828 0
vertex -48.11116027832031 -49.62348175048828 3.549999952316284
endloop
endfacet
facet normal 0 0 -1
outer loop
vertex -48.11116027832031 -48.92348098754883 3.549999952316284
vertex -48.11116027832031 -49.62348175048828 3.549999952316284
vertex -53.11116027832031 -48.92348098754883 3.549999952316284
endloop
endfacet
facet normal 0 1 0
outer loop
vertex -48.11116027832031 -49.62348175048828 0
vertex -53.11116027832031 -49.62348175048828 3.549999952316284
vertex -48.11116027832031 -49.62348175048828 3.549999952316284
endloop
endfacet
facet normal 1 0 0
outer loop
vertex -53.11116027832031 -49.62348175048828 3.549999952316284
vertex -53.11116027832031 -48.92348098754883 0
vertex -53.11116027832031 -48.92348098754883 3.549999952316284
endloop
endfacet
facet normal -1 0 0
outer loop
vertex -48.11116027832031 -34.12348175048828 0
vertex -48.11116027832031 -34.823482513427734 0
vertex -48.11116027832031 -34.12348175048828 3.549999952316284
endloop
endfacet
facet normal 0 -1 0
outer loop
vertex -48.11116027832031 -34.12348175048828 0
vertex -48.11116027832031 -34.12348175048828 3.549999952316284
vertex -53.11116027832031 -34.12348175048828 0
endloop
endfacet
facet normal 1 0 0
outer loop
vertex -53.11116027832031 -34.823482513427734 3.549999952316284
vertex -53.11116027832031 -34.823482513427734 0
vertex -53.11116027832031 -34.12348175048828 0
endloop
endfacet
facet normal 0 0 -1
outer loop
vertex -48.11116027832031 -34.12348175048828 3.549999952316284
vertex -48.11116027832031 -34.823482513427734 3.549999952316284
vertex -53.11116027832031 -34.12348175048828 3.549999952316284
endloop
endfacet
facet normal -1 0 0
outer loop
vertex -48.11116027832031 -48.92348098754883 0
vertex -48.11116027832031 -49.62348175048828 0
vertex -48.11116027832031 -48.92348098754883 3.549999952316284
endloop
endfacet
facet normal 0 0 -1
outer loop
vertex -48.11116027832031 -49.62348175048828 3.549999952316284
vertex -53.11116027832031 -49.62348175048828 3.549999952316284
vertex -53.11116027832031 -48.92348098754883 3.549999952316284
endloop
endfacet
facet normal -1 0 0
outer loop
vertex 8.888840675354004 -26.99848175048828 0
vertex 8.888840675354004 -27.698482513427734 0
vertex 8.888840675354004 -26.99848175048828 3.549999952316284
endloop
endfacet
facet normal 1 0 0
outer loop
vertex 3.888840436935425 -27.698482513427734 3.549999952316284
vertex 3.888840436935425 -27.698482513427734 0
vertex 3.888840436935425 -26.99848175048828 0
endloop
endfacet
facet normal 0 0 -1
outer loop
vertex 3.888840436935425 -26.99848175048828 3.549999952316284
vertex 8.888840675354004 -27.698482513427734 3.549999952316284
vertex 3.888840436935425 -27.698482513427734 3.549999952316284
endloop
endfacet
facet normal 0 0 -1
outer loop
vertex 8.888840675354004 -42.49848175048828 3.549999952316284
vertex 3.888840436935425 -42.49848175048828 3.549999952316284
vertex 3.888840436935425 -41.79848098754883 3.549999952316284
endloop
endfacet
facet normal 1 0 0
outer loop
vertex 3.888840436935425 -27.698482513427734 3.549999952316284
vertex 3.888840436935425 -26.99848175048828 0
vertex 3.888840436935425 -26.99848175048828 3.549999952316284
endloop
endfacet
facet normal -1 0 0
outer loop
vertex 8.888840675354004 -41.79848098754883 0
vertex 8.888840675354004 -42.49848175048828 0
vertex 8.888840675354004 -41.79848098754883 3.549999952316284
endloop
endfacet
facet normal 1 0 0
outer loop
vertex 3.888840436935425 -42.49848175048828 3.549999952316284
vertex 3.888840436935425 -41.79848098754883 0
vertex 3.888840436935425 -41.79848098754883 3.549999952316284
endloop
endfacet
facet normal 1 0 0
outer loop
vertex 3.888840436935425 -41.79848098754883 0
vertex 3.888840436935425 -42.49848175048828 3.549999952316284
vertex 3.888840436935425 -42.49848175048828 0
endloop
endfacet
facet normal 0 1 0
outer loop
vertex 8.888840675354004 -42.49848175048828 0
vertex 3.888840436935425 -42.49848175048828 0
vertex 3.888840436935425 -42.49848175048828 3.549999952316284
endloop
endfacet
facet normal 0 -1 0
outer loop
vertex 3.888840436935425 -26.99848175048828 3.549999952316284
vertex 3.888840436935425 -26.99848175048828 0
vertex 8.888840675354004 -26.99848175048828 3.549999952316284
endloop
endfacet
facet normal -1 0 0
outer loop
vertex 8.888840675354004 -26.99848175048828 3.549999952316284
vertex 8.888840675354004 -27.698482513427734 0
vertex 8.888840675354004 -27.698482513427734 3.549999952316284
endloop
endfacet
facet normal 0 -1 0
outer loop
vertex 8.888840675354004 -26.99848175048828 0
vertex 8.888840675354004 -26.99848175048828 3.549999952316284
vertex 3.888840436935425 -26.99848175048828 0
endloop
endfacet
facet normal 0 1 0
outer loop
vertex 8.888840675354004 -42.49848175048828 0
vertex 3.888840436935425 -42.49848175048828 3.549999952316284
vertex 8.888840675354004 -42.49848175048828 3.549999952316284
endloop
endfacet
facet normal 0 0 -1
outer loop
vertex 8.888840675354004 -41.79848098754883 3.549999952316284
vertex 8.888840675354004 -42.49848175048828 3.549999952316284
vertex 3.888840436935425 -41.79848098754883 3.549999952316284
endloop
endfacet
facet normal -1 0 0
outer loop
vertex 8.888840675354004 -41.79848098754883 3.549999952316284
vertex 8.888840675354004 -42.49848175048828 0
vertex 8.888840675354004 -42.49848175048828 3.549999952316284
endloop
endfacet
facet normal 0 0 -1
outer loop
vertex 8.888840675354004 -26.99848175048828 3.549999952316284
vertex 8.888840675354004 -27.698482513427734 3.549999952316284
vertex 3.888840436935425 -26.99848175048828 3.549999952316284
endloop
endfacet
facet normal 0 1 0
outer loop
vertex -67.11116027832031 -42.49848175048828 0
vertex -72.11116027832031 -42.49848175048828 3.549999952316284
vertex -67.11116027832031 -42.49848175048828 3.549999952316284
endloop
endfacet
facet normal -1 0 0
outer loop
vertex -67.11116027832031 -26.99848175048828 0
vertex -67.11116027832031 -27.698482513427734 0
vertex -67.11116027832031 -26.99848175048828 3.549999952316284
endloop
endfacet
facet normal 0 -1 0
outer loop
vertex -67.11116027832031 -26.99848175048828 0
vertex -67.11116027832031 -26.99848175048828 3.549999952316284
vertex -72.11116027832031 -26.99848175048828 0
endloop
endfacet
facet normal 1 0 0
outer loop
vertex -72.11116027832031 -27.698482513427734 3.549999952316284
vertex -72.11116027832031 -27.698482513427734 0
vertex -72.11116027832031 -26.99848175048828 0
endloop
endfacet
facet normal 1 0 0
outer loop
vertex -72.11116027832031 -42.49848175048828 3.549999952316284
vertex -72.11116027832031 -41.79848098754883 0
vertex -72.11116027832031 -41.79848098754883 3.549999952316284
endloop
endfacet
facet normal -1 0 0
outer loop
vertex -67.11116027832031 -41.79848098754883 3.549999952316284
vertex -67.11116027832031 -42.49848175048828 0
vertex -67.11116027832031 -42.49848175048828 3.549999952316284
endloop
endfacet
facet normal 0 0 -1
outer loop
vertex -67.11116027832031 -26.99848175048828 3.549999952316284
vertex -67.11116027832031 -27.698482513427734 3.549999952316284
vertex -72.11116027832031 -26.99848175048828 3.549999952316284
endloop
endfacet
facet normal 0 -1 0
outer loop
vertex -72.11116027832031 -26.99848175048828 3.549999952316284
vertex -72.11116027832031 -26.99848175048828 0
vertex -67.11116027832031 -26.99848175048828 3.549999952316284
endloop
endfacet
facet normal 0 0 -1
outer loop
vertex -67.11116027832031 -42.49848175048828 3.549999952316284
vertex -72.11116027832031 -42.49848175048828 3.549999952316284
vertex -72.11116027832031 -41.79848098754883 3.549999952316284
endloop
endfacet
facet normal 1 0 0
outer loop
vertex -72.11116027832031 -27.698482513427734 3.549999952316284
vertex -72.11116027832031 -26.99848175048828 0
vertex -72.11116027832031 -26.99848175048828 3.549999952316284
endloop
endfacet
facet normal -1 0 0
outer loop
vertex -67.11116027832031 -41.79848098754883 0
vertex -67.11116027832031 -42.49848175048828 0
vertex -67.11116027832031 -41.79848098754883 3.549999952316284
endloop
endfacet
facet normal 0 1 0
outer loop
vertex -67.11116027832031 -42.49848175048828 0
vertex -72.11116027832031 -42.49848175048828 0
vertex -72.11116027832031 -42.49848175048828 3.549999952316284
endloop
endfacet
facet normal 0 0 -1
outer loop
vertex -67.11116027832031 -41.79848098754883 3.549999952316284
vertex -67.11116027832031 -42.49848175048828 3.549999952316284
vertex -72.11116027832031 -41.79848098754883 3.549999952316284
endloop
endfacet
facet normal -1 0 0
outer loop
vertex -67.11116027832031 -26.99848175048828 3.549999952316284
vertex -67.11116027832031 -27.698482513427734 0
vertex -67.11116027832031 -27.698482513427734 3.549999952316284
endloop
endfacet
facet normal 1 0 0
outer loop
vertex -72.11116027832031 -41.79848098754883 0
vertex -72.11116027832031 -42.49848175048828 3.549999952316284
vertex -72.11116027832031 -42.49848175048828 0
endloop
endfacet
facet normal 0 0 -1
outer loop
vertex -72.11116027832031 -26.99848175048828 3.549999952316284
vertex -67.11116027832031 -27.698482513427734 3.549999952316284
vertex -72.11116027832031 -27.698482513427734 3.549999952316284
endloop
endfacet
facet normal 0 0 -1
outer loop
vertex -15.111159324645996 -15.123482704162598 3.549999952316284
vertex -10.111159324645996 -15.823482513427734 3.549999952316284
vertex -15.111159324645996 -15.823482513427734 3.549999952316284
endloop
endfacet
facet normal 0 0 -1
outer loop
vertex -10.111159324645996 -15.123482704162598 3.549999952316284
vertex -10.111159324645996 -15.823482513427734 3.549999952316284
vertex -15.111159324645996 -15.123482704162598 3.549999952316284
endloop
endfacet
facet normal 0 0 -1
outer loop
vertex -10.111159324645996 -29.92348289489746 3.549999952316284
vertex -10.111159324645996 -30.62348175048828 3.549999952316284
vertex -15.111159324645996 -29.92348289489746 3.549999952316284
endloop
endfacet
facet normal -1 0 0
outer loop
vertex -10.111159324645996 -15.123482704162598 0
vertex -10.111159324645996 -15.823482513427734 0
vertex -10.111159324645996 -15.123482704162598 3.549999952316284
endloop
endfacet
facet normal -1 0 0
outer loop
vertex -10.111159324645996 -15.123482704162598 3.549999952316284
vertex -10.111159324645996 -15.823482513427734 0
vertex -10.111159324645996 -15.823482513427734 3.549999952316284
endloop
endfacet
facet normal 0 -1 0
outer loop
vertex -10.111159324645996 -15.123482704162598 0
vertex -10.111159324645996 -15.123482704162598 3.549999952316284
vertex -15.111159324645996 -15.123482704162598 0
endloop
endfacet
facet normal 0 -1 0
outer loop
vertex -15.111159324645996 -15.123482704162598 3.549999952316284
vertex -15.111159324645996 -15.123482704162598 0
vertex -10.111159324645996 -15.123482704162598 3.549999952316284
endloop
endfacet
facet normal 1 0 0
outer loop
vertex -15.111159324645996 -15.823482513427734 3.549999952316284
vertex -15.111159324645996 -15.123482704162598 0
vertex -15.111159324645996 -15.123482704162598 3.549999952316284
endloop
endfacet
facet normal 0 1 0
outer loop
vertex -10.111159324645996 -30.62348175048828 0
vertex -15.111159324645996 -30.62348175048828 0
vertex -15.111159324645996 -30.62348175048828 3.549999952316284
endloop
endfacet
facet normal 1 0 0
outer loop
vertex -15.111159324645996 -29.92348289489746 0
vertex -15.111159324645996 -30.62348175048828 3.549999952316284
vertex -15.111159324645996 -30.62348175048828 0
endloop
endfacet
facet normal -1 0 0
outer loop
vertex -10.111159324645996 -29.92348289489746 3.549999952316284
vertex -10.111159324645996 -30.62348175048828 0
vertex -10.111159324645996 -30.62348175048828 3.549999952316284
endloop
endfacet
facet normal 0 1 0
outer loop
vertex -10.111159324645996 -30.62348175048828 0
vertex -15.111159324645996 -30.62348175048828 3.549999952316284
vertex -10.111159324645996 -30.62348175048828 3.549999952316284
endloop
endfacet
facet normal 1 0 0
outer loop
vertex -15.111159324645996 -30.62348175048828 3.549999952316284
vertex -15.111159324645996 -29.92348289489746 0
vertex -15.111159324645996 -29.92348289489746 3.549999952316284
endloop
endfacet
facet normal -1 0 0
outer loop
vertex -10.111159324645996 -29.92348289489746 0
vertex -10.111159324645996 -30.62348175048828 0
vertex -10.111159324645996 -29.92348289489746 3.549999952316284
endloop
endfacet
facet normal 0 0 -1
outer loop
vertex -10.111159324645996 -30.62348175048828 3.549999952316284
vertex -15.111159324645996 -30.62348175048828 3.549999952316284
vertex -15.111159324645996 -29.92348289489746 3.549999952316284
endloop
endfacet
facet normal 1 0 0
outer loop
vertex -15.111159324645996 -15.823482513427734 3.549999952316284
vertex -15.111159324645996 -15.823482513427734 0
vertex -15.111159324645996 -15.123482704162598 0
endloop
endfacet
facet normal 0 1 0
outer loop
vertex -29.111160278320312 -30.62348175048828 0
vertex -34.11116027832031 -30.62348175048828 0
vertex -34.11116027832031 -30.62348175048828 3.549999952316284
endloop
endfacet
facet normal 1 0 0
outer loop
vertex -34.11116027832031 -15.823482513427734 3.549999952316284
vertex -34.11116027832031 -15.823482513427734 0
vertex -34.11116027832031 -15.123482704162598 0
endloop
endfacet
facet normal 0 -1 0
outer loop
vertex -29.111160278320312 -15.123482704162598 0
vertex -29.111160278320312 -15.123482704162598 3.549999952316284
vertex -34.11116027832031 -15.123482704162598 0
endloop
endfacet
facet normal -1 0 0
outer loop
vertex -29.111160278320312 -15.123482704162598 0
vertex -29.111160278320312 -15.823482513427734 0
vertex -29.111160278320312 -15.123482704162598 3.549999952316284
endloop
endfacet
facet normal 0 0 -1
outer loop
vertex -29.111160278320312 -30.62348175048828 3.549999952316284
vertex -34.11116027832031 -30.62348175048828 3.549999952316284
vertex -34.11116027832031 -29.92348289489746 3.549999952316284
endloop
endfacet
facet normal 0 0 -1
outer loop
vertex -29.111160278320312 -29.92348289489746 3.549999952316284
vertex -29.111160278320312 -30.62348175048828 3.549999952316284
vertex -34.11116027832031 -29.92348289489746 3.549999952316284
endloop
endfacet
facet normal 0 0 -1
outer loop
vertex -34.11116027832031 -15.823482513427734 3.549999952316284
vertex -34.11116027832031 -15.123482704162598 3.549999952316284
vertex -29.111160278320312 -15.823482513427734 3.549999952316284
endloop
endfacet
facet normal 0 0 -1
outer loop
vertex -29.111160278320312 -15.123482704162598 3.549999952316284
vertex -29.111160278320312 -15.823482513427734 3.549999952316284
vertex -34.11116027832031 -15.123482704162598 3.549999952316284
endloop
endfacet
facet normal 1 0 0
outer loop
vertex -34.11116027832031 -30.62348175048828 3.549999952316284
vertex -34.11116027832031 -29.92348289489746 0
vertex -34.11116027832031 -29.92348289489746 3.549999952316284
endloop
endfacet
facet normal 1 0 0
outer loop
vertex -34.11116027832031 -29.92348289489746 0
vertex -34.11116027832031 -30.62348175048828 3.549999952316284
vertex -34.11116027832031 -30.62348175048828 0
endloop
endfacet
facet normal -1 0 0
outer loop
vertex -29.111160278320312 -29.92348289489746 0
vertex -29.111160278320312 -30.62348175048828 0
vertex -29.111160278320312 -29.92348289489746 3.549999952316284
endloop
endfacet
facet normal 0 1 0
outer loop
vertex -29.111160278320312 -30.62348175048828 0
vertex -34.11116027832031 -30.62348175048828 3.549999952316284
vertex -29.111160278320312 -30.62348175048828 3.549999952316284
endloop
endfacet
facet normal -1 0 0
outer loop
vertex -29.111160278320312 -29.92348289489746 3.549999952316284
vertex -29.111160278320312 -30.62348175048828 0
vertex -29.111160278320312 -30.62348175048828 3.549999952316284
endloop
endfacet
facet normal 1 0 0
outer loop
vertex -34.11116027832031 -15.823482513427734 3.549999952316284
vertex -34.11116027832031 -15.123482704162598 0
vertex -34.11116027832031 -15.123482704162598 3.549999952316284
endloop
endfacet
facet normal 0 -1 0
outer loop
vertex -34.11116027832031 -15.123482704162598 3.549999952316284
vertex -34.11116027832031 -15.123482704162598 0
vertex -29.111160278320312 -15.123482704162598 3.549999952316284
endloop
endfacet
facet normal -1 0 0
outer loop
vertex -29.111160278320312 -15.123482704162598 3.549999952316284
vertex -29.111160278320312 -15.823482513427734 0
vertex -29.111160278320312 -15.823482513427734 3.549999952316284
endloop
endfacet
facet normal 0 0 -1
outer loop
vertex -48.11116027832031 -15.123482704162598 3.549999952316284
vertex -48.11116027832031 -15.823482513427734 3.549999952316284
vertex -53.11116027832031 -15.123482704162598 3.549999952316284
endloop
endfacet
facet normal 1 0 0
outer loop
vertex -53.11116027832031 -15.823482513427734 3.549999952316284
vertex -53.11116027832031 -15.823482513427734 0
vertex -53.11116027832031 -15.123482704162598 0
endloop
endfacet
facet normal -1 0 0
outer loop
vertex -48.11116027832031 -15.123482704162598 3.549999952316284
vertex -48.11116027832031 -15.823482513427734 0
vertex -48.11116027832031 -15.823482513427734 3.549999952316284
endloop
endfacet
facet normal 0 -1 0
outer loop
vertex -53.11116027832031 -15.123482704162598 3.549999952316284
vertex -53.11116027832031 -15.123482704162598 0
vertex -48.11116027832031 -15.123482704162598 3.549999952316284
endloop
endfacet
facet normal -1 0 0
outer loop
vertex -48.11116027832031 -29.92348289489746 3.549999952316284
vertex -48.11116027832031 -30.62348175048828 0
vertex -48.11116027832031 -30.62348175048828 3.549999952316284
endloop
endfacet
facet normal 0 1 0
outer loop
vertex -48.11116027832031 -30.62348175048828 0
vertex -53.11116027832031 -30.62348175048828 3.549999952316284
vertex -48.11116027832031 -30.62348175048828 3.549999952316284
endloop
endfacet
facet normal 1 0 0
outer loop
vertex -53.11116027832031 -15.823482513427734 3.549999952316284
vertex -53.11116027832031 -15.123482704162598 0
vertex -53.11116027832031 -15.123482704162598 3.549999952316284
endloop
endfacet
facet normal 1 0 0
outer loop
vertex -53.11116027832031 -30.62348175048828 3.549999952316284
vertex -53.11116027832031 -29.92348289489746 0
vertex -53.11116027832031 -29.92348289489746 3.549999952316284
endloop
endfacet
facet normal 0 0 -1
outer loop
vertex -53.11116027832031 -15.123482704162598 3.549999952316284
vertex -48.11116027832031 -15.823482513427734 3.549999952316284
vertex -53.11116027832031 -15.823482513427734 3.549999952316284
endloop
endfacet
facet normal 0 0 -1
outer loop
vertex -48.11116027832031 -29.92348289489746 3.549999952316284
vertex -48.11116027832031 -30.62348175048828 3.549999952316284
vertex -53.11116027832031 -29.92348289489746 3.549999952316284
endloop
endfacet
facet normal 0 0 -1
outer loop
vertex -48.11116027832031 -30.62348175048828 3.549999952316284
vertex -53.11116027832031 -30.62348175048828 3.549999952316284
vertex -53.11116027832031 -29.92348289489746 3.549999952316284
endloop
endfacet
facet normal -1 0 0
outer loop
vertex -48.11116027832031 -15.123482704162598 0
vertex -48.11116027832031 -15.823482513427734 0
vertex -48.11116027832031 -15.123482704162598 3.549999952316284
endloop
endfacet
facet normal 0 -1 0
outer loop
vertex -48.11116027832031 -15.123482704162598 0
vertex -48.11116027832031 -15.123482704162598 3.549999952316284
vertex -53.11116027832031 -15.123482704162598 0
endloop
endfacet
facet normal 1 0 0
outer loop
vertex -53.11116027832031 -29.92348289489746 0
vertex -53.11116027832031 -30.62348175048828 3.549999952316284
vertex -53.11116027832031 -30.62348175048828 0
endloop
endfacet
facet normal 0 1 0
outer loop
vertex -48.11116027832031 -30.62348175048828 0
vertex -53.11116027832031 -30.62348175048828 0
vertex -53.11116027832031 -30.62348175048828 3.549999952316284
endloop
endfacet
facet normal -1 0 0
outer loop
vertex -48.11116027832031 -29.92348289489746 0
vertex -48.11116027832031 -30.62348175048828 0
vertex -48.11116027832031 -29.92348289489746 3.549999952316284
endloop
endfacet
facet normal -1 0 0
outer loop
vertex 8.888840675354004 -7.998482704162598 0
vertex 8.888840675354004 -8.698482513427734 0
vertex 8.888840675354004 -7.998482704162598 3.549999952316284
endloop
endfacet
facet normal 0 0 -1
outer loop
vertex 3.888840436935425 -7.998482704162598 3.549999952316284
vertex 8.888840675354004 -8.698482513427734 3.549999952316284
vertex 3.888840436935425 -8.698482513427734 3.549999952316284
endloop
endfacet
facet normal 0 0 -1
outer loop
vertex 8.888840675354004 -22.79848289489746 3.549999952316284
vertex 8.888840675354004 -23.49848175048828 3.549999952316284
vertex 3.888840436935425 -22.79848289489746 3.549999952316284
endloop
endfacet
facet normal 0 0 -1
outer loop
vertex 8.888840675354004 -7.998482704162598 3.549999952316284
vertex 8.888840675354004 -8.698482513427734 3.549999952316284
vertex 3.888840436935425 -7.998482704162598 3.549999952316284
endloop
endfacet
facet normal 1 0 0
outer loop
vertex 3.888840436935425 -8.698482513427734 3.549999952316284
vertex 3.888840436935425 -7.998482704162598 0
vertex 3.888840436935425 -7.998482704162598 3.549999952316284
endloop
endfacet
facet normal -1 0 0
outer loop
vertex 8.888840675354004 -22.79848289489746 3.549999952316284
vertex 8.888840675354004 -23.49848175048828 0
vertex 8.888840675354004 -23.49848175048828 3.549999952316284
endloop
endfacet
facet normal 0 0 -1
outer loop
vertex 8.888840675354004 -23.49848175048828 3.549999952316284
vertex 3.888840436935425 -23.49848175048828 3.549999952316284
vertex 3.888840436935425 -22.79848289489746 3.549999952316284
endloop
endfacet
facet normal 0 -1 0
outer loop
vertex 3.888840436935425 -7.998482704162598 3.549999952316284
vertex 3.888840436935425 -7.998482704162598 0
vertex 8.888840675354004 -7.998482704162598 3.549999952316284
endloop
endfacet
facet normal -1 0 0
outer loop
vertex 8.888840675354004 -7.998482704162598 3.549999952316284
vertex 8.888840675354004 -8.698482513427734 0
vertex 8.888840675354004 -8.698482513427734 3.549999952316284
endloop
endfacet
facet normal 0 1 0
outer loop
vertex 8.888840675354004 -23.49848175048828 0
vertex 3.888840436935425 -23.49848175048828 3.549999952316284
vertex 8.888840675354004 -23.49848175048828 3.549999952316284
endloop
endfacet
facet normal 1 0 0
outer loop
vertex 3.888840436935425 -22.79848289489746 0
vertex 3.888840436935425 -23.49848175048828 3.549999952316284
vertex 3.888840436935425 -23.49848175048828 0
endloop
endfacet
facet normal 1 0 0
outer loop
vertex 3.888840436935425 -23.49848175048828 3.549999952316284
vertex 3.888840436935425 -22.79848289489746 0
vertex 3.888840436935425 -22.79848289489746 3.549999952316284
endloop
endfacet
facet normal -1 0 0
outer loop
vertex 8.888840675354004 -22.79848289489746 0
vertex 8.888840675354004 -23.49848175048828 0
vertex 8.888840675354004 -22.79848289489746 3.549999952316284
endloop
endfacet
facet normal 1 0 0
outer loop
vertex 3.888840436935425 -8.698482513427734 3.549999952316284
vertex 3.888840436935425 -8.698482513427734 0
vertex 3.888840436935425 -7.998482704162598 0
endloop
endfacet
facet normal 0 -1 0
outer loop
vertex 8.888840675354004 -7.998482704162598 0
vertex 8.888840675354004 -7.998482704162598 3.549999952316284
vertex 3.888840436935425 -7.998482704162598 0
endloop
endfacet
facet normal 0 1 0
outer loop
vertex 8.888840675354004 -23.49848175048828 0
vertex 3.888840436935425 -23.49848175048828 0
vertex 3.888840436935425 -23.49848175048828 3.549999952316284
endloop
endfacet
facet normal 0 0 -1
outer loop
vertex -72.11116027832031 -7.998482704162598 3.549999952316284
vertex -67.11116027832031 -8.698482513427734 3.549999952316284
vertex -72.11116027832031 -8.698482513427734 3.549999952316284
endloop
endfacet
facet normal -1 0 0
outer loop
vertex -67.11116027832031 -22.79848289489746 0
vertex -67.11116027832031 -23.49848175048828 0
vertex -67.11116027832031 -22.79848289489746 3.549999952316284
endloop
endfacet
facet normal 1 0 0
outer loop
vertex -72.11116027832031 -8.698482513427734 3.549999952316284
vertex -72.11116027832031 -7.998482704162598 0
vertex -72.11116027832031 -7.998482704162598 3.549999952316284
endloop
endfacet
facet normal -1 0 0
outer loop
vertex -67.11116027832031 -7.998482704162598 3.549999952316284
vertex -67.11116027832031 -8.698482513427734 0
vertex -67.11116027832031 -8.698482513427734 3.549999952316284
endloop
endfacet
facet normal -1 0 0
outer loop
vertex -67.11116027832031 -22.79848289489746 3.549999952316284
vertex -67.11116027832031 -23.49848175048828 0
vertex -67.11116027832031 -23.49848175048828 3.549999952316284
endloop
endfacet
facet normal 0 1 0
outer loop
vertex -67.11116027832031 -23.49848175048828 0
vertex -72.11116027832031 -23.49848175048828 3.549999952316284
vertex -67.11116027832031 -23.49848175048828 3.549999952316284
endloop
endfacet
facet normal 0 0 -1
outer loop
vertex -67.11116027832031 -7.998482704162598 3.549999952316284
vertex -67.11116027832031 -8.698482513427734 3.549999952316284
vertex -72.11116027832031 -7.998482704162598 3.549999952316284
endloop
endfacet
facet normal 1 0 0
outer loop
vertex -72.11116027832031 -23.49848175048828 3.549999952316284
vertex -72.11116027832031 -22.79848289489746 0
vertex -72.11116027832031 -22.79848289489746 3.549999952316284
endloop
endfacet
facet normal -1 0 0
outer loop
vertex -67.11116027832031 -7.998482704162598 0
vertex -67.11116027832031 -8.698482513427734 0
vertex -67.11116027832031 -7.998482704162598 3.549999952316284
endloop
endfacet
facet normal 0 -1 0
outer loop
vertex -67.11116027832031 -7.998482704162598 0
vertex -67.11116027832031 -7.998482704162598 3.549999952316284
vertex -72.11116027832031 -7.998482704162598 0
endloop
endfacet
facet normal 0 0 -1
outer loop
vertex -67.11116027832031 -23.49848175048828 3.549999952316284
vertex -72.11116027832031 -23.49848175048828 3.549999952316284
vertex -72.11116027832031 -22.79848289489746 3.549999952316284
endloop
endfacet
facet normal 1 0 0
outer loop
vertex -72.11116027832031 -8.698482513427734 3.549999952316284
vertex -72.11116027832031 -8.698482513427734 0
vertex -72.11116027832031 -7.998482704162598 0
endloop
endfacet
facet normal 0 0 -1
outer loop
vertex -67.11116027832031 -22.79848289489746 3.549999952316284
vertex -67.11116027832031 -23.49848175048828 3.549999952316284
vertex -72.11116027832031 -22.79848289489746 3.549999952316284
endloop
endfacet
facet normal 1 0 0
outer loop
vertex -72.11116027832031 -22.79848289489746 0
vertex -72.11116027832031 -23.49848175048828 3.549999952316284
vertex -72.11116027832031 -23.49848175048828 0
endloop
endfacet
facet normal 0 1 0
outer loop
vertex -67.11116027832031 -23.49848175048828 0
vertex -72.11116027832031 -23.49848175048828 0
vertex -72.11116027832031 -23.49848175048828 3.549999952316284
endloop
endfacet
facet normal 0 -1 0
outer loop
vertex -72.11116027832031 -7.998482704162598 3.549999952316284
vertex -72.11116027832031 -7.998482704162598 0
vertex -67.11116027832031 -7.998482704162598 3.549999952316284
endloop
endfacet
facet normal -1 0 0
outer loop
vertex -10.111159324645996 -10.923482894897461 3.549999952316284
vertex -10.111159324645996 -11.623482704162598 0
vertex -10.111159324645996 -11.623482704162598 3.549999952316284
endloop
endfacet
facet normal 0 0 -1
outer loop
vertex -10.111159324645996 -11.623482704162598 3.549999952316284
vertex -15.111159324645996 -11.623482704162598 3.549999952316284
vertex -15.111159324645996 -10.923482894897461 3.549999952316284
endloop
endfacet
facet normal 1 0 0
outer loop
vertex -15.111159324645996 -11.623482704162598 3.549999952316284
vertex -15.111159324645996 -10.923482894897461 0
vertex -15.111159324645996 -10.923482894897461 3.549999952316284
endloop
endfacet
facet normal 0 1 0
outer loop
vertex -10.111159324645996 -11.623482704162598 0
vertex -15.111159324645996 -11.623482704162598 3.549999952316284
vertex -10.111159324645996 -11.623482704162598 3.549999952316284
endloop
endfacet
facet normal -1 0 0
outer loop
vertex -10.111159324645996 -10.923482894897461 0
vertex -10.111159324645996 -11.623482704162598 0
vertex -10.111159324645996 -10.923482894897461 3.549999952316284
endloop
endfacet
facet normal -1 0 0
outer loop
vertex -10.111159324645996 3.8765172958374023 0
vertex -10.111159324645996 3.1765174865722656 0
vertex -10.111159324645996 3.8765172958374023 3.549999952316284
endloop
endfacet
facet normal 1 0 0
outer loop
vertex -15.111159324645996 3.1765174865722656 3.549999952316284
vertex -15.111159324645996 3.8765172958374023 0
vertex -15.111159324645996 3.8765172958374023 3.549999952316284
endloop
endfacet
facet normal 0 1 0
outer loop
vertex -10.111159324645996 -11.623482704162598 0
vertex -15.111159324645996 -11.623482704162598 0
vertex -15.111159324645996 -11.623482704162598 3.549999952316284
endloop
endfacet
facet normal 0 0 -1
outer loop
vertex -10.111159324645996 -10.923482894897461 3.549999952316284
vertex -10.111159324645996 -11.623482704162598 3.549999952316284
vertex -15.111159324645996 -10.923482894897461 3.549999952316284
endloop
endfacet
facet normal 0 -1 0
outer loop
vertex -15.111159324645996 3.8765172958374023 3.549999952316284
vertex -15.111159324645996 3.8765172958374023 0
vertex -10.111159324645996 3.8765172958374023 3.549999952316284
endloop
endfacet
facet normal 0 0 -1
outer loop
vertex -15.111159324645996 3.8765172958374023 3.549999952316284
vertex -10.111159324645996 3.1765174865722656 3.549999952316284
vertex -15.111159324645996 3.1765174865722656 3.549999952316284
endloop
endfacet
facet normal 0 0 -1
outer loop
vertex -10.111159324645996 3.8765172958374023 3.549999952316284
vertex -10.111159324645996 3.1765174865722656 3.549999952316284
vertex -15.111159324645996 3.8765172958374023 3.549999952316284
endloop
endfacet
facet normal -1 0 0
outer loop
vertex -10.111159324645996 3.8765172958374023 3.549999952316284
vertex -10.111159324645996 3.1765174865722656 0
vertex -10.111159324645996 3.1765174865722656 3.549999952316284
endloop
endfacet
facet normal 0 -1 0
outer loop
vertex -10.111159324645996 3.8765172958374023 0
vertex -10.111159324645996 3.8765172958374023 3.549999952316284
vertex -15.111159324645996 3.8765172958374023 0
endloop
endfacet
facet normal 1 0 0
outer loop
vertex -15.111159324645996 3.1765174865722656 3.549999952316284
vertex -15.111159324645996 3.1765174865722656 0
vertex -15.111159324645996 3.8765172958374023 0
endloop
endfacet
facet normal 1 0 0
outer loop
vertex -15.111159324645996 -10.923482894897461 0
vertex -15.111159324645996 -11.623482704162598 3.549999952316284
vertex -15.111159324645996 -11.623482704162598 0
endloop
endfacet
facet normal 0 0 -1
outer loop
vertex -29.111160278320312 3.8765172958374023 3.549999952316284
vertex -29.111160278320312 3.1765174865722656 3.549999952316284
vertex -34.11116027832031 3.8765172958374023 3.549999952316284
endloop
endfacet
facet normal -1 0 0
outer loop
vertex -29.111160278320312 3.8765172958374023 0
vertex -29.111160278320312 3.1765174865722656 0
vertex -29.111160278320312 3.8765172958374023 3.549999952316284
endloop
endfacet
facet normal 0 -1 0
outer loop
vertex -29.111160278320312 3.8765172958374023 0
vertex -29.111160278320312 3.8765172958374023 3.549999952316284
vertex -34.11116027832031 3.8765172958374023 0
endloop
endfacet
facet normal 0 1 0
outer loop
vertex -29.111160278320312 -11.623482704162598 0
vertex -34.11116027832031 -11.623482704162598 0
vertex -34.11116027832031 -11.623482704162598 3.549999952316284
endloop
endfacet
facet normal 0 0 -1
outer loop
vertex -34.11116027832031 3.1765174865722656 3.549999952316284
vertex -34.11116027832031 3.8765172958374023 3.549999952316284
vertex -29.111160278320312 3.1765174865722656 3.549999952316284
endloop
endfacet
facet normal 1 0 0
outer loop
vertex -34.11116027832031 -10.923482894897461 0
vertex -34.11116027832031 -11.623482704162598 3.549999952316284
vertex -34.11116027832031 -11.623482704162598 0
endloop
endfacet
facet normal 0 0 -1
outer loop
vertex -29.111160278320312 -10.923482894897461 3.549999952316284
vertex -29.111160278320312 -11.623482704162598 3.549999952316284
vertex -34.11116027832031 -10.923482894897461 3.549999952316284
endloop
endfacet
facet normal 0 0 -1
outer loop
vertex -29.111160278320312 -11.623482704162598 3.549999952316284
vertex -34.11116027832031 -11.623482704162598 3.549999952316284
vertex -34.11116027832031 -10.923482894897461 3.549999952316284
endloop
endfacet
facet normal 1 0 0
outer loop
vertex -34.11116027832031 -11.623482704162598 3.549999952316284
vertex -34.11116027832031 -10.923482894897461 0
vertex -34.11116027832031 -10.923482894897461 3.549999952316284
endloop
endfacet
facet normal 0 1 0
outer loop
vertex -29.111160278320312 -11.623482704162598 0
vertex -34.11116027832031 -11.623482704162598 3.549999952316284
vertex -29.111160278320312 -11.623482704162598 3.549999952316284
endloop
endfacet
facet normal -1 0 0
outer loop
vertex -29.111160278320312 -10.923482894897461 3.549999952316284
vertex -29.111160278320312 -11.623482704162598 0
vertex -29.111160278320312 -11.623482704162598 3.549999952316284
endloop
endfacet
facet normal 1 0 0
outer loop
vertex -34.11116027832031 3.1765174865722656 3.549999952316284
vertex -34.11116027832031 3.1765174865722656 0
vertex -34.11116027832031 3.8765172958374023 0
endloop
endfacet
facet normal -1 0 0
outer loop
vertex -29.111160278320312 -10.923482894897461 0
vertex -29.111160278320312 -11.623482704162598 0
vertex -29.111160278320312 -10.923482894897461 3.549999952316284
endloop
endfacet
facet normal 1 0 0
outer loop
vertex -34.11116027832031 3.1765174865722656 3.549999952316284
vertex -34.11116027832031 3.8765172958374023 0
vertex -34.11116027832031 3.8765172958374023 3.549999952316284
endloop
endfacet
facet normal 0 -1 0
outer loop
vertex -34.11116027832031 3.8765172958374023 3.549999952316284
vertex -34.11116027832031 3.8765172958374023 0
vertex -29.111160278320312 3.8765172958374023 3.549999952316284
endloop
endfacet
facet normal -1 0 0
outer loop
vertex -29.111160278320312 3.8765172958374023 3.549999952316284
vertex -29.111160278320312 3.1765174865722656 0
vertex -29.111160278320312 3.1765174865722656 3.549999952316284
endloop
endfacet
facet normal -1 0 0
outer loop
vertex -48.11116027832031 -10.923482894897461 3.549999952316284
vertex -48.11116027832031 -11.623482704162598 0
vertex -48.11116027832031 -11.623482704162598 3.549999952316284
endloop
endfacet
facet normal 0 0 -1
outer loop
vertex -53.11116027832031 3.8765172958374023 3.549999952316284
vertex -48.11116027832031 3.1765174865722656 3.549999952316284
vertex -53.11116027832031 3.1765174865722656 3.549999952316284
endloop
endfacet
facet normal 0 -1 0
outer loop
vertex -53.11116027832031 3.8765172958374023 3.549999952316284
vertex -53.11116027832031 3.8765172958374023 0
vertex -48.11116027832031 3.8765172958374023 3.549999952316284
endloop
endfacet
facet normal 1 0 0
outer loop
vertex -53.11116027832031 3.1765174865722656 3.549999952316284
vertex -53.11116027832031 3.8765172958374023 0
vertex -53.11116027832031 3.8765172958374023 3.549999952316284
endloop
endfacet
facet normal 1 0 0
outer loop
vertex -53.11116027832031 -10.923482894897461 0
vertex -53.11116027832031 -11.623482704162598 3.549999952316284
vertex -53.11116027832031 -11.623482704162598 0
endloop
endfacet
facet normal 0 1 0
outer loop
vertex -48.11116027832031 -11.623482704162598 0
vertex -53.11116027832031 -11.623482704162598 0
vertex -53.11116027832031 -11.623482704162598 3.549999952316284
endloop
endfacet
facet normal 1 0 0
outer loop
vertex -53.11116027832031 3.1765174865722656 3.549999952316284
vertex -53.11116027832031 3.1765174865722656 0
vertex -53.11116027832031 3.8765172958374023 0
endloop
endfacet
facet normal 0 -1 0
outer loop
vertex -53.11116027832031 3.8765172958374023 0
vertex -48.11116027832031 3.8765172958374023 0
vertex -48.11116027832031 3.8765172958374023 3.549999952316284
endloop
endfacet
facet normal -1 0 0
outer loop
vertex -48.11116027832031 -10.923482894897461 0
vertex -48.11116027832031 -11.623482704162598 0
vertex -48.11116027832031 -10.923482894897461 3.549999952316284
endloop
endfacet
facet normal 0 0 -1
outer loop
vertex -48.11116027832031 -11.623482704162598 3.549999952316284
vertex -53.11116027832031 -11.623482704162598 3.549999952316284
vertex -53.11116027832031 -10.923482894897461 3.549999952316284
endloop
endfacet
facet normal 0 0 -1
outer loop
vertex -48.11116027832031 -10.923482894897461 3.549999952316284
vertex -48.11116027832031 -11.623482704162598 3.549999952316284
vertex -53.11116027832031 -10.923482894897461 3.549999952316284
endloop
endfacet
facet normal 0 1 0
outer loop
vertex -48.11116027832031 -11.623482704162598 0
vertex -53.11116027832031 -11.623482704162598 3.549999952316284
vertex -48.11116027832031 -11.623482704162598 3.549999952316284
endloop
endfacet
facet normal -1 0 0
outer loop
vertex -48.11116027832031 3.8765172958374023 0
vertex -48.11116027832031 3.1765174865722656 0
vertex -48.11116027832031 3.8765172958374023 3.549999952316284
endloop
endfacet
facet normal 0 0 -1
outer loop
vertex -48.11116027832031 3.8765172958374023 3.549999952316284
vertex -48.11116027832031 3.1765174865722656 3.549999952316284
vertex -53.11116027832031 3.8765172958374023 3.549999952316284
endloop
endfacet
facet normal 1 0 0
outer loop
vertex -53.11116027832031 -11.623482704162598 3.549999952316284
vertex -53.11116027832031 -10.923482894897461 0
vertex -53.11116027832031 -10.923482894897461 3.549999952316284
endloop
endfacet
facet normal -1 0 0
outer loop
vertex -48.11116027832031 3.8765172958374023 3.549999952316284
vertex -48.11116027832031 3.1765174865722656 0
vertex -48.11116027832031 3.1765174865722656 3.549999952316284
endloop
endfacet
facet normal 0 0 -1
outer loop
vertex 8.888840675354004 11.001517295837402 3.549999952316284
vertex 8.888840675354004 10.301517486572266 3.549999952316284
vertex 3.888840436935425 11.001517295837402 3.549999952316284
endloop
endfacet
facet normal 0 0 -1
outer loop
vertex 8.888840675354004 -4.498482704162598 3.549999952316284
vertex 3.888840436935425 -4.498482704162598 3.549999952316284
vertex 3.888840436935425 -3.798482656478882 3.549999952316284
endloop
endfacet
facet normal 1 0 0
outer loop
vertex 3.888840436935425 -4.498482704162598 3.549999952316284
vertex 3.888840436935425 -3.798482656478882 0
vertex 3.888840436935425 -3.798482656478882 3.549999952316284
endloop
endfacet
facet normal 0 -1 0
outer loop
vertex 3.888840436935425 11.001517295837402 0
vertex 8.888840675354004 11.001517295837402 0
vertex 8.888840675354004 11.001517295837402 3.549999952316284
endloop
endfacet
facet normal -1 0 0
outer loop
vertex 8.888840675354004 -3.798482656478882 3.549999952316284
vertex 8.888840675354004 -4.498482704162598 0
vertex 8.888840675354004 -4.498482704162598 3.549999952316284
endloop
endfacet
facet normal 0 1 0
outer loop
vertex 8.888840675354004 -4.498482704162598 0
vertex 3.888840436935425 -4.498482704162598 3.549999952316284
vertex 8.888840675354004 -4.498482704162598 3.549999952316284
endloop
endfacet
facet normal 0 0 -1
outer loop
vertex 8.888840675354004 -3.798482656478882 3.549999952316284
vertex 8.888840675354004 -4.498482704162598 3.549999952316284
vertex 3.888840436935425 -3.798482656478882 3.549999952316284
endloop
endfacet
facet normal 1 0 0
outer loop
vertex 3.888840436935425 10.301517486572266 3.549999952316284
vertex 3.888840436935425 11.001517295837402 0
vertex 3.888840436935425 11.001517295837402 3.549999952316284
endloop
endfacet
facet normal 0 1 0
outer loop
vertex 8.888840675354004 -4.498482704162598 0
vertex 3.888840436935425 -4.498482704162598 0
vertex 3.888840436935425 -4.498482704162598 3.549999952316284
endloop
endfacet
facet normal 0 0 -1
outer loop
vertex 3.888840436935425 11.001517295837402 3.549999952316284
vertex 8.888840675354004 10.301517486572266 3.549999952316284
vertex 3.888840436935425 10.301517486572266 3.549999952316284
endloop
endfacet
facet normal 1 0 0
outer loop
vertex 3.888840436935425 -3.798482656478882 0
vertex 3.888840436935425 -4.498482704162598 3.549999952316284
vertex 3.888840436935425 -4.498482704162598 0
endloop
endfacet
facet normal -1 0 0
outer loop
vertex 8.888840675354004 11.001517295837402 3.549999952316284
vertex 8.888840675354004 10.301517486572266 0
vertex 8.888840675354004 10.301517486572266 3.549999952316284
endloop
endfacet
facet normal 1 0 0
outer loop
vertex 3.888840436935425 10.301517486572266 3.549999952316284
vertex 3.888840436935425 10.301517486572266 0
vertex 3.888840436935425 11.001517295837402 0
endloop
endfacet
facet normal -1 0 0
outer loop
vertex 8.888840675354004 -3.798482656478882 0
vertex 8.888840675354004 -4.498482704162598 0
vertex 8.888840675354004 -3.798482656478882 3.549999952316284
endloop
endfacet
facet normal 0 -1 0
outer loop
vertex 3.888840436935425 11.001517295837402 3.549999952316284
vertex 3.888840436935425 11.001517295837402 0
vertex 8.888840675354004 11.001517295837402 3.549999952316284
endloop
endfacet
facet normal -1 0 0
outer loop
vertex 8.888840675354004 11.001517295837402 0
vertex 8.888840675354004 10.301517486572266 0
vertex 8.888840675354004 11.001517295837402 3.549999952316284
endloop
endfacet
facet normal 0 1 0
outer loop
vertex -67.11116027832031 -4.498482704162598 0
vertex -72.11116027832031 -4.498482704162598 3.549999952316284
vertex -67.11116027832031 -4.498482704162598 3.549999952316284
endloop
endfacet
facet normal 0 0 -1
outer loop
vertex -67.11116027832031 -3.798482656478882 3.549999952316284
vertex -67.11116027832031 -4.498482704162598 3.549999952316284
vertex -72.11116027832031 -3.798482656478882 3.549999952316284
endloop
endfacet
facet normal 1 0 0
outer loop
vertex -72.11116027832031 10.301517486572266 3.549999952316284
vertex -72.11116027832031 11.001517295837402 0
vertex -72.11116027832031 11.001517295837402 3.549999952316284
endloop
endfacet
facet normal 0 -1 0
outer loop
vertex -67.11116027832031 11.001517295837402 0
vertex -67.11116027832031 11.001517295837402 3.549999952316284
vertex -72.11116027832031 11.001517295837402 0
endloop
endfacet
facet normal 1 0 0
outer loop
vertex -72.11116027832031 10.301517486572266 3.549999952316284
vertex -72.11116027832031 10.301517486572266 0
vertex -72.11116027832031 11.001517295837402 0
endloop
endfacet
facet normal 1 0 0
outer loop
vertex -72.11116027832031 -4.498482704162598 3.549999952316284
vertex -72.11116027832031 -3.798482656478882 0
vertex -72.11116027832031 -3.798482656478882 3.549999952316284
endloop
endfacet
facet normal 0 1 0
outer loop
vertex -67.11116027832031 -4.498482704162598 0
vertex -72.11116027832031 -4.498482704162598 0
vertex -72.11116027832031 -4.498482704162598 3.549999952316284
endloop
endfacet
facet normal 1 0 0
outer loop
vertex -72.11116027832031 -3.798482656478882 0
vertex -72.11116027832031 -4.498482704162598 3.549999952316284
vertex -72.11116027832031 -4.498482704162598 0
endloop
endfacet
facet normal 0 0 -1
outer loop
vertex -72.11116027832031 11.001517295837402 3.549999952316284
vertex -67.11116027832031 10.301517486572266 3.549999952316284
vertex -72.11116027832031 10.301517486572266 3.549999952316284
endloop
endfacet
facet normal -1 0 0
outer loop
vertex -67.11116027832031 -3.798482656478882 0
vertex -67.11116027832031 -4.498482704162598 0
vertex -67.11116027832031 -3.798482656478882 3.549999952316284
endloop
endfacet
facet normal 0 0 -1
outer loop
vertex -67.11116027832031 -4.498482704162598 3.549999952316284
vertex -72.11116027832031 -4.498482704162598 3.549999952316284
vertex -72.11116027832031 -3.798482656478882 3.549999952316284
endloop
endfacet
facet normal 0 -1 0
outer loop
vertex -72.11116027832031 11.001517295837402 3.549999952316284
vertex -72.11116027832031 11.001517295837402 0
vertex -67.11116027832031 11.001517295837402 3.549999952316284
endloop
endfacet
facet normal -1 0 0
outer loop
vertex -67.11116027832031 11.001517295837402 0
vertex -67.11116027832031 10.301517486572266 0
vertex -67.11116027832031 11.001517295837402 3.549999952316284
endloop
endfacet
facet normal -1 0 0
outer loop
vertex -67.11116027832031 11.001517295837402 3.549999952316284
vertex -67.11116027832031 10.301517486572266 0
vertex -67.11116027832031 10.301517486572266 3.549999952316284
endloop
endfacet
facet normal -1 0 0
outer loop
vertex -67.11116027832031 -3.798482656478882 3.549999952316284
vertex -67.11116027832031 -4.498482704162598 0
vertex -67.11116027832031 -4.498482704162598 3.549999952316284
endloop
endfacet
facet normal 0 0 -1
outer loop
vertex -67.11116027832031 11.001517295837402 3.549999952316284
vertex -67.11116027832031 10.301517486572266 3.549999952316284
vertex -72.11116027832031 11.001517295837402 3.549999952316284
endloop
endfacet
facet normal 0.5000000651753747 -0.8660253661554153 0
outer loop
vertex 23.81114387512207 13.32158088684082 3.549999952316284
vertex 24.417362213134766 13.671581268310547 0
vertex 24.417362213134766 13.671581268310547 3.549999952316284
endloop
endfacet
facet normal -0.8660254386415455 -0.49999993962571543 0
outer loop
vertex 37.23453903198242 21.07158088684082 0
vertex 39.73453903198242 16.741453170776367 0
vertex 39.73453903198242 16.741453170776367 3.549999952316284
endloop
endfacet
facet normal -0.8660254386415455 -0.49999993962571543 0
outer loop
vertex 37.23453903198242 21.07158088684082 0
vertex 39.73453903198242 16.741453170776367 3.549999952316284
vertex 37.23453903198242 21.07158088684082 3.549999952316284
endloop
endfacet
facet normal -0.4999968417244948 0.8660272272079733 0
outer loop
vertex 39.73453903198242 16.741453170776367 3.549999952316284
vertex 39.128318786621094 16.391454696655273 0
vertex 39.128318786621094 16.391454696655273 3.549999952316284
endloop
endfacet
facet normal 0.49999888531274594 -0.8660260473484683 0
outer loop
vertex 36.628318786621094 20.721580505371094 3.549999952316284
vertex 37.23453903198242 21.07158088684082 0
vertex 37.23453903198242 21.07158088684082 3.549999952316284
endloop
endfacet
facet normal -0.4999968417244948 0.8660272272079733 0
outer loop
vertex 39.73453903198242 16.741453170776367 0
vertex 39.128318786621094 16.391454696655273 0
vertex 39.73453903198242 16.741453170776367 3.549999952316284
endloop
endfacet
facet normal -0.4999990433814894 0.8660259560876887 0
outer loop
vertex 26.917362213134766 9.341453552246094 0
vertex 26.31114387512207 8.991454124450684 0
vertex 26.917362213134766 9.341453552246094 3.549999952316284
endloop
endfacet
facet normal 0.49999888531274594 -0.8660260473484683 0
outer loop
vertex 36.628318786621094 20.721580505371094 3.549999952316284
vertex 36.628318786621094 20.721580505371094 0
vertex 37.23453903198242 21.07158088684082 0
endloop
endfacet
facet normal 0 0 -1
outer loop
vertex 37.23453903198242 21.07158088684082 3.549999952316284
vertex 39.73453903198242 16.741453170776367 3.549999952316284
vertex 39.128318786621094 16.391454696655273 3.549999952316284
endloop
endfacet
facet normal 0.5000000651753747 -0.8660253661554153 0
outer loop
vertex 23.81114387512207 13.32158088684082 3.549999952316284
vertex 23.81114387512207 13.32158088684082 0
vertex 24.417362213134766 13.671581268310547 0
endloop
endfacet
facet normal 0.866025390957835 0.5000000222163287 0
outer loop
vertex 26.31114387512207 8.991454124450684 0
vertex 23.81114387512207 13.32158088684082 0
vertex 23.81114387512207 13.32158088684082 3.549999952316284
endloop
endfacet
facet normal 0.866025390957835 0.5000000222163287 0
outer loop
vertex 26.31114387512207 8.991454124450684 0
vertex 23.81114387512207 13.32158088684082 3.549999952316284
vertex 26.31114387512207 8.991454124450684 3.549999952316284
endloop
endfacet
facet normal 0 0 -1
outer loop
vertex 26.917362213134766 9.341453552246094 3.549999952316284
vertex 26.31114387512207 8.991454124450684 3.549999952316284
vertex 24.417362213134766 13.671581268310547 3.549999952316284
endloop
endfacet
facet normal -0.4999990433814894 0.8660259560876887 0
outer loop
vertex 26.917362213134766 9.341453552246094 3.549999952316284
vertex 26.31114387512207 8.991454124450684 0
vertex 26.31114387512207 8.991454124450684 3.549999952316284
endloop
endfacet
facet normal 0 0 -1
outer loop
vertex 24.417362213134766 13.671581268310547 3.549999952316284
vertex 26.31114387512207 8.991454124450684 3.549999952316284
vertex 23.81114387512207 13.32158088684082 3.549999952316284
endloop
endfacet
facet normal 0 0 -1
outer loop
vertex 37.23453903198242 21.07158088684082 3.549999952316284
vertex 39.128318786621094 16.391454696655273 3.549999952316284
vertex 36.628318786621094 20.721580505371094 3.549999952316284
endloop
endfacet
facet normal -1 0 0
outer loop
vertex -29.111160278320312 8.076517105102539 3.549999952316284
vertex -29.111160278320312 7.376517295837402 0
vertex -29.111160278320312 7.376517295837402 3.549999952316284
endloop
endfacet
facet normal 1 0 0
outer loop
vertex -34.11116027832031 8.076517105102539 0
vertex -34.11116027832031 7.376517295837402 3.549999952316284
vertex -34.11116027832031 7.376517295837402 0
endloop
endfacet
facet normal 0 1 0
outer loop
vertex -29.111160278320312 7.376517295837402 0
vertex -34.11116027832031 7.376517295837402 0
vertex -34.11116027832031 7.376517295837402 3.549999952316284
endloop
endfacet
facet normal 0 1 0
outer loop
vertex -29.111160278320312 7.376517295837402 0
vertex -34.11116027832031 7.376517295837402 3.549999952316284
vertex -29.111160278320312 7.376517295837402 3.549999952316284
endloop
endfacet
facet normal 0 0 -1
outer loop
vertex -29.111160278320312 7.376517295837402 3.549999952316284
vertex -34.11116027832031 7.376517295837402 3.549999952316284
vertex -34.11116027832031 8.076517105102539 3.549999952316284
endloop
endfacet
facet normal 1 0 0
outer loop
vertex -34.11116027832031 7.376517295837402 3.549999952316284
vertex -34.11116027832031 8.076517105102539 0
vertex -34.11116027832031 8.076517105102539 3.549999952316284
endloop
endfacet
facet normal 1 0 0
outer loop
vertex -34.11116027832031 22.176517486572266 3.549999952316284
vertex -34.11116027832031 22.87651824951172 0
vertex -34.11116027832031 22.87651824951172 3.549999952316284
endloop
endfacet
facet normal 0 -1 0
outer loop
vertex -34.11116027832031 22.87651824951172 3.549999952316284
vertex -34.11116027832031 22.87651824951172 0
vertex -29.111160278320312 22.87651824951172 3.549999952316284
endloop
endfacet
facet normal 0 0 -1
outer loop
vertex -29.111160278320312 8.076517105102539 3.549999952316284
vertex -29.111160278320312 7.376517295837402 3.549999952316284
vertex -34.11116027832031 8.076517105102539 3.549999952316284
endloop
endfacet
facet normal 0 0 -1
outer loop
vertex -34.11116027832031 22.176517486572266 3.549999952316284
vertex -34.11116027832031 22.87651824951172 3.549999952316284
vertex -29.111160278320312 22.176517486572266 3.549999952316284
endloop
endfacet
facet normal 0 0 -1
outer loop
vertex -29.111160278320312 22.87651824951172 3.549999952316284
vertex -29.111160278320312 22.176517486572266 3.549999952316284
vertex -34.11116027832031 22.87651824951172 3.549999952316284
endloop
endfacet
facet normal -1 0 0
outer loop
vertex -29.111160278320312 22.87651824951172 3.549999952316284
vertex -29.111160278320312 22.176517486572266 0
vertex -29.111160278320312 22.176517486572266 3.549999952316284
endloop
endfacet
facet normal -1 0 0
outer loop
vertex -29.111160278320312 22.87651824951172 0
vertex -29.111160278320312 22.176517486572266 0
vertex -29.111160278320312 22.87651824951172 3.549999952316284
endloop
endfacet
facet normal 0 -1 0
outer loop
vertex -34.11116027832031 22.87651824951172 0
vertex -29.111160278320312 22.87651824951172 0
vertex -29.111160278320312 22.87651824951172 3.549999952316284
endloop
endfacet
facet normal -1 0 0
outer loop
vertex -29.111160278320312 8.076517105102539 0
vertex -29.111160278320312 7.376517295837402 0
vertex -29.111160278320312 8.076517105102539 3.549999952316284
endloop
endfacet
facet normal 1 0 0
outer loop
vertex -34.11116027832031 22.176517486572266 3.549999952316284
vertex -34.11116027832031 22.176517486572266 0
vertex -34.11116027832031 22.87651824951172 0
endloop
endfacet
facet normal 0 -1 0
outer loop
vertex -48.11116027832031 22.87651824951172 0
vertex -48.11116027832031 22.87651824951172 3.549999952316284
vertex -53.11116027832031 22.87651824951172 0
endloop
endfacet
facet normal 1 0 0
outer loop
vertex -53.11116027832031 22.176517486572266 3.549999952316284
vertex -53.11116027832031 22.176517486572266 0
vertex -53.11116027832031 22.87651824951172 0
endloop
endfacet
facet normal -1 0 0
outer loop
vertex -48.11116027832031 22.87651824951172 0
vertex -48.11116027832031 22.176517486572266 0
vertex -48.11116027832031 22.87651824951172 3.549999952316284
endloop
endfacet
facet normal 0 0 -1
outer loop
vertex -48.11116027832031 8.076517105102539 3.549999952316284
vertex -48.11116027832031 7.376517295837402 3.549999952316284
vertex -53.11116027832031 8.076517105102539 3.549999952316284
endloop
endfacet
facet normal -1 0 0
outer loop
vertex -48.11116027832031 8.076517105102539 0
vertex -48.11116027832031 7.376517295837402 0
vertex -48.11116027832031 8.076517105102539 3.549999952316284
endloop
endfacet
facet normal 0 1 0
outer loop
vertex -48.11116027832031 7.376517295837402 0
vertex -53.11116027832031 7.376517295837402 0
vertex -53.11116027832031 7.376517295837402 3.549999952316284
endloop
endfacet
facet normal 1 0 0
outer loop
vertex -53.11116027832031 7.376517295837402 0
vertex -53.11116027832031 8.076517105102539 0
vertex -53.11116027832031 7.376517295837402 3.549999952316284
endloop
endfacet
facet normal 0 0 -1
outer loop
vertex -48.11116027832031 7.376517295837402 3.549999952316284
vertex -53.11116027832031 7.376517295837402 3.549999952316284
vertex -53.11116027832031 8.076517105102539 3.549999952316284
endloop
endfacet
facet normal 0 0 -1
outer loop
vertex -53.11116027832031 22.87651824951172 3.549999952316284
vertex -48.11116027832031 22.176517486572266 3.549999952316284
vertex -53.11116027832031 22.176517486572266 3.549999952316284
endloop
endfacet
facet normal 0 0 -1
outer loop
vertex -48.11116027832031 22.87651824951172 3.549999952316284
vertex -48.11116027832031 22.176517486572266 3.549999952316284
vertex -53.11116027832031 22.87651824951172 3.549999952316284
endloop
endfacet
facet normal -1 0 0
outer loop
vertex -48.11116027832031 22.87651824951172 3.549999952316284
vertex -48.11116027832031 22.176517486572266 0
vertex -48.11116027832031 22.176517486572266 3.549999952316284
endloop
endfacet
facet normal 0 -1 0
outer loop
vertex -53.11116027832031 22.87651824951172 3.549999952316284
vertex -53.11116027832031 22.87651824951172 0
vertex -48.11116027832031 22.87651824951172 3.549999952316284
endloop
endfacet
facet normal 1 0 0
outer loop
vertex -53.11116027832031 22.176517486572266 3.549999952316284
vertex -53.11116027832031 22.87651824951172 0
vertex -53.11116027832031 22.87651824951172 3.549999952316284
endloop
endfacet
facet normal -1 0 0
outer loop
vertex -48.11116027832031 8.076517105102539 3.549999952316284
vertex -48.11116027832031 7.376517295837402 0
vertex -48.11116027832031 7.376517295837402 3.549999952316284
endloop
endfacet
facet normal 0 1 0
outer loop
vertex -48.11116027832031 7.376517295837402 0
vertex -53.11116027832031 7.376517295837402 3.549999952316284
vertex -48.11116027832031 7.376517295837402 3.549999952316284
endloop
endfacet
facet normal 1 0 0
outer loop
vertex -53.11116027832031 7.376517295837402 3.549999952316284
vertex -53.11116027832031 8.076517105102539 0
vertex -53.11116027832031 8.076517105102539 3.549999952316284
endloop
endfacet
facet normal 0 0 -1
outer loop
vertex -67.11116027832031 14.501517295837402 3.549999952316284
vertex -72.11116027832031 14.501517295837402 3.549999952316284
vertex -72.11116027832031 15.201517105102539 3.549999952316284
endloop
endfacet
facet normal 1 0 0
outer loop
vertex -72.11116027832031 15.201517105102539 0
vertex -72.11116027832031 14.501517295837402 3.549999952316284
vertex -72.11116027832031 14.501517295837402 0
endloop
endfacet
facet normal 1 0 0
outer loop
vertex -72.11116027832031 29.301517486572266 3.549999952316284
vertex -72.11116027832031 30.00151824951172 0
vertex -72.11116027832031 30.00151824951172 3.549999952316284
endloop
endfacet
facet normal 0 -1 0
outer loop
vertex -72.11116027832031 30.00151824951172 3.549999952316284
vertex -72.11116027832031 30.00151824951172 0
vertex -67.11116027832031 30.00151824951172 3.549999952316284
endloop
endfacet
facet normal -1 0 0
outer loop
vertex -67.11116027832031 30.00151824951172 3.549999952316284
vertex -67.11116027832031 29.301517486572266 0
vertex -67.11116027832031 29.301517486572266 3.549999952316284
endloop
endfacet
facet normal -1 0 0
outer loop
vertex -67.11116027832031 30.00151824951172 0
vertex -67.11116027832031 29.301517486572266 0
vertex -67.11116027832031 30.00151824951172 3.549999952316284
endloop
endfacet
facet normal 1 0 0
outer loop
vertex -72.11116027832031 29.301517486572266 3.549999952316284
vertex -72.11116027832031 29.301517486572266 0
vertex -72.11116027832031 30.00151824951172 0
endloop
endfacet
facet normal -1 0 0
outer loop
vertex -67.11116027832031 15.201517105102539 3.549999952316284
vertex -67.11116027832031 14.501517295837402 0
vertex -67.11116027832031 14.501517295837402 3.549999952316284
endloop
endfacet
facet normal 0 1 0
outer loop
vertex -67.11116027832031 14.501517295837402 0
vertex -72.11116027832031 14.501517295837402 3.549999952316284
vertex -67.11116027832031 14.501517295837402 3.549999952316284
endloop
endfacet
facet normal 1 0 0
outer loop
vertex -72.11116027832031 14.501517295837402 3.549999952316284
vertex -72.11116027832031 15.201517105102539 0
vertex -72.11116027832031 15.201517105102539 3.549999952316284
endloop
endfacet
facet normal 0 0 -1
outer loop
vertex -72.11116027832031 29.301517486572266 3.549999952316284
vertex -72.11116027832031 30.00151824951172 3.549999952316284
vertex -67.11116027832031 29.301517486572266 3.549999952316284
endloop
endfacet
facet normal -1 0 0
outer loop
vertex -67.11116027832031 15.201517105102539 0
vertex -67.11116027832031 14.501517295837402 0
vertex -67.11116027832031 15.201517105102539 3.549999952316284
endloop
endfacet
facet normal 0 0 -1
outer loop
vertex -67.11116027832031 15.201517105102539 3.549999952316284
vertex -67.11116027832031 14.501517295837402 3.549999952316284
vertex -72.11116027832031 15.201517105102539 3.549999952316284
endloop
endfacet
facet normal 0 1 0
outer loop
vertex -67.11116027832031 14.501517295837402 0
vertex -72.11116027832031 14.501517295837402 0
vertex -72.11116027832031 14.501517295837402 3.549999952316284
endloop
endfacet
facet normal 0 0 -1
outer loop
vertex -67.11116027832031 30.00151824951172 3.549999952316284
vertex -67.11116027832031 29.301517486572266 3.549999952316284
vertex -72.11116027832031 30.00151824951172 3.549999952316284
endloop
endfacet
facet normal 0 -1 0
outer loop
vertex -67.11116027832031 30.00151824951172 0
vertex -67.11116027832031 30.00151824951172 3.549999952316284
vertex -72.11116027832031 30.00151824951172 0
endloop
endfacet
facet normal 0 0 -1
outer loop
vertex 39.144142150878906 24.91158103942871 3.549999952316284
vertex 39.750362396240234 25.261581420898438 3.549999952316284
vertex 41.644142150878906 20.581453323364258 3.549999952316284
endloop
endfacet
facet normal 0.49999888531274594 -0.8660260473484683 0
outer loop
vertex 39.144142150878906 24.91158103942871 3.549999952316284
vertex 39.144142150878906 24.91158103942871 0
vertex 39.750362396240234 25.261581420898438 0
endloop
endfacet
facet normal 0.49999888531274594 -0.8660260473484683 0
outer loop
vertex 39.144142150878906 24.91158103942871 3.549999952316284
vertex 39.750362396240234 25.261581420898438 0
vertex 39.750362396240234 25.261581420898438 3.549999952316284
endloop
endfacet
facet normal -0.49999888531274594 0.8660260473484683 0
outer loop
vertex 55.06753921508789 28.331453323364258 3.549999952316284
vertex 54.46131896972656 27.98145294189453 0
vertex 54.46131896972656 27.98145294189453 3.549999952316284
endloop
endfacet
facet normal -0.8660253432741011 -0.5000001048069647 0
outer loop
vertex 52.56753921508789 32.66157913208008 3.549999952316284
vertex 52.56753921508789 32.66157913208008 0
vertex 55.06753921508789 28.331453323364258 3.549999952316284
endloop
endfacet
facet normal 0 0 -1
outer loop
vertex 52.56753921508789 32.66157913208008 3.549999952316284
vertex 54.46131896972656 27.98145294189453 3.549999952316284
vertex 51.96131896972656 32.311580657958984 3.549999952316284
endloop
endfacet
facet normal -0.49999888531274594 0.8660260473484683 0
outer loop
vertex 42.250362396240234 20.931453704833984 0
vertex 41.644142150878906 20.581453323364258 0
vertex 42.250362396240234 20.931453704833984 3.549999952316284
endloop
endfacet
facet normal 0 0 -1
outer loop
vertex 55.06753921508789 28.331453323364258 3.549999952316284
vertex 54.46131896972656 27.98145294189453 3.549999952316284
vertex 52.56753921508789 32.66157913208008 3.549999952316284
endloop
endfacet
facet normal 0.4999968417244948 -0.8660272272079733 0
outer loop
vertex 51.96131896972656 32.311580657958984 3.549999952316284
vertex 52.56753921508789 32.66157913208008 0
vertex 52.56753921508789 32.66157913208008 3.549999952316284
endloop
endfacet
facet normal 0.4999968417244948 -0.8660272272079733 0
outer loop
vertex 51.96131896972656 32.311580657958984 3.549999952316284
vertex 51.96131896972656 32.311580657958984 0
vertex 52.56753921508789 32.66157913208008 0
endloop
endfacet
facet normal -0.49999888531274594 0.8660260473484683 0
outer loop
vertex 55.06753921508789 28.331453323364258 0
vertex 54.46131896972656 27.98145294189453 0
vertex 55.06753921508789 28.331453323364258 3.549999952316284
endloop
endfacet
facet normal -0.49999888531274594 0.8660260473484683 0
outer loop
vertex 41.644142150878906 20.581453323364258 0
vertex 41.644142150878906 20.581453323364258 3.549999952316284
vertex 42.250362396240234 20.931453704833984 3.549999952316284
endloop
endfacet
facet normal 0.8660254386415455 0.49999993962571543 0
outer loop
vertex 41.644142150878906 20.581453323364258 3.549999952316284
vertex 41.644142150878906 20.581453323364258 0
vertex 39.144142150878906 24.91158103942871 3.549999952316284
endloop
endfacet
facet normal -0.8660253432741011 -0.5000001048069647 0
outer loop
vertex 52.56753921508789 32.66157913208008 0
vertex 55.06753921508789 28.331453323364258 0
vertex 55.06753921508789 28.331453323364258 3.549999952316284
endloop
endfacet
facet normal 0 0 -1
outer loop
vertex 42.250362396240234 20.931453704833984 3.549999952316284
vertex 41.644142150878906 20.581453323364258 3.549999952316284
vertex 39.750362396240234 25.261581420898438 3.549999952316284
endloop
endfacet
facet normal 0.8660254386415455 0.49999993962571543 0
outer loop
vertex 41.644142150878906 20.581453323364258 0
vertex 39.144142150878906 24.91158103942871 0
vertex 39.144142150878906 24.91158103942871 3.549999952316284
endloop
endfacet
facet normal 0.8660253432741011 0.5000001048069647 0
outer loop
vertex 58.21214294433594 30.157453536987305 0
vertex 55.71214294433594 34.487579345703125 3.549999952316284
vertex 58.21214294433594 30.157453536987305 3.549999952316284
endloop
endfacet
facet normal -0.49999888531274594 0.8660260473484683 0
outer loop
vertex 58.818363189697266 30.50745391845703 0
vertex 58.21214294433594 30.157453536987305 0
vertex 58.818363189697266 30.50745391845703 3.549999952316284
endloop
endfacet
facet normal -0.49999888531274594 0.8660260473484683 0
outer loop
vertex 58.818363189697266 30.50745391845703 3.549999952316284
vertex 58.21214294433594 30.157453536987305 0
vertex 58.21214294433594 30.157453536987305 3.549999952316284
endloop
endfacet
facet normal 0.8660253432741011 0.5000001048069647 0
outer loop
vertex 58.21214294433594 30.157453536987305 0
vertex 55.71214294433594 34.487579345703125 0
vertex 55.71214294433594 34.487579345703125 3.549999952316284
endloop
endfacet
facet normal 0 0 -1
outer loop
vertex 71.63553619384766 37.90745544433594 3.549999952316284
vertex 71.0293197631836 37.55745315551758 3.549999952316284
vertex 69.13553619384766 42.237579345703125 3.549999952316284
endloop
endfacet
facet normal 0 0 -1
outer loop
vertex 69.13553619384766 42.237579345703125 3.549999952316284
vertex 71.0293197631836 37.55745315551758 3.549999952316284
vertex 68.5293197631836 41.88758087158203 3.549999952316284
endloop
endfacet
facet normal -0.8660252479065622 -0.5000002699883048 0
outer loop
vertex 69.13553619384766 42.237579345703125 0
vertex 71.63553619384766 37.90745544433594 0
vertex 71.63553619384766 37.90745544433594 3.549999952316284
endloop
endfacet
facet normal -0.5000032886257572 0.8660235050871471 0
outer loop
vertex 71.63553619384766 37.90745544433594 3.549999952316284
vertex 71.0293197631836 37.55745315551758 0
vertex 71.0293197631836 37.55745315551758 3.549999952316284
endloop
endfacet
facet normal 0 0 -1
outer loop
vertex 58.818363189697266 30.50745391845703 3.549999952316284
vertex 58.21214294433594 30.157453536987305 3.549999952316284
vertex 56.318363189697266 34.837581634521484 3.549999952316284
endloop
endfacet
facet normal 0 0 -1
outer loop
vertex 58.21214294433594 30.157453536987305 3.549999952316284
vertex 55.71214294433594 34.487579345703125 3.549999952316284
vertex 56.318363189697266 34.837581634521484 3.549999952316284
endloop
endfacet
facet normal -0.5000032886257572 0.8660235050871471 0
outer loop
vertex 71.63553619384766 37.90745544433594 0
vertex 71.0293197631836 37.55745315551758 0
vertex 71.63553619384766 37.90745544433594 3.549999952316284
endloop
endfacet
facet normal 0.4999992014511777 -0.8660258648263254 0
outer loop
vertex 68.5293197631836 41.88758087158203 3.549999952316284
vertex 68.5293197631836 41.88758087158203 0
vertex 69.13553619384766 42.237579345703125 0
endloop
endfacet
facet normal -0.8660252479065622 -0.5000002699883048 0
outer loop
vertex 69.13553619384766 42.237579345703125 0
vertex 71.63553619384766 37.90745544433594 3.549999952316284
vertex 69.13553619384766 42.237579345703125 3.549999952316284
endloop
endfacet
facet normal 0.4999992014511777 -0.8660258648263254 0
outer loop
vertex 68.5293197631836 41.88758087158203 3.549999952316284
vertex 69.13553619384766 42.237579345703125 0
vertex 69.13553619384766 42.237579345703125 3.549999952316284
endloop
endfacet
facet normal 0.5000009288926446 -0.866024867487356 0
outer loop
vertex 55.71214294433594 34.487579345703125 3.549999952316284
vertex 55.71214294433594 34.487579345703125 0
vertex 56.318363189697266 34.837581634521484 0
endloop
endfacet
facet normal 0.5000009288926446 -0.866024867487356 0
outer loop
vertex 55.71214294433594 34.487579345703125 3.549999952316284
vertex 56.318363189697266 34.837581634521484 0
vertex 56.318363189697266 34.837581634521484 3.549999952316284
endloop
endfacet
facet normal 0 0 -1
outer loop
vertex -21.192960739135742 -51.0552864074707 1.7000000476837158
vertex -21.338951110839844 -51.78922653198242 1.7000000476837158
vertex -21.338951110839844 -50.95773696899414 1.7000000476837158
endloop
endfacet
facet normal 0 0 -1
outer loop
vertex -21.511159896850586 -50.92348098754883 1.7000000476837158
vertex -21.683366775512695 -51.78922653198242 1.7000000476837158
vertex -21.683366775512695 -50.95773696899414 1.7000000476837158
endloop
endfacet
facet normal 0 0 -1
outer loop
vertex -21.192960739135742 -51.0552864074707 1.7000000476837158
vertex -21.095413208007812 -51.20127487182617 1.7000000476837158
vertex -21.192960739135742 -51.691680908203125 1.7000000476837158
endloop
endfacet
facet normal 0 0 -1
outer loop
vertex -21.061159133911133 -51.37348175048828 1.7000000476837158
vertex -21.095413208007812 -51.54568862915039 1.7000000476837158
vertex -21.095413208007812 -51.20127487182617 1.7000000476837158
endloop
endfacet
facet normal 0.9807852845629332 0.19509030110388895 0
outer loop
vertex -21.926904678344727 -51.54568862915039 1.7000000476837158
vertex -21.926904678344727 -51.54568862915039 0
vertex -21.961158752441406 -51.37348175048828 1.7000000476837158
endloop
endfacet
facet normal 0.5555622638012966 0.8314749371087372 0
outer loop
vertex -21.683366775512695 -51.78922653198242 1.7000000476837158
vertex -21.683366775512695 -51.78922653198242 0
vertex -21.829357147216797 -51.691680908203125 1.7000000476837158
endloop
endfacet
facet normal 0.9807852845629332 -0.19509030110388895 0
outer loop
vertex -21.961158752441406 -51.37348175048828 1.7000000476837158
vertex -21.961158752441406 -51.37348175048828 0
vertex -21.926904678344727 -51.20127487182617 1.7000000476837158
endloop
endfacet
facet normal 0 0 -1
outer loop
vertex -21.095413208007812 -51.54568862915039 1.7000000476837158
vertex -21.192960739135742 -51.691680908203125 1.7000000476837158
vertex -21.095413208007812 -51.20127487182617 1.7000000476837158
endloop
endfacet
facet normal -0.9807852845629332 -0.19509030110388895 0
outer loop
vertex -21.095413208007812 -51.20127487182617 1.7000000476837158
vertex -21.095413208007812 -51.20127487182617 0
vertex -21.061159133911133 -51.37348175048828 1.7000000476837158
endloop
endfacet
facet normal -0.5555772839934787 -0.8314649009491799 0
outer loop
vertex -21.338951110839844 -50.95773696899414 1.7000000476837158
vertex -21.338951110839844 -50.95773696899414 0
vertex -21.192960739135742 -51.0552864074707 1.7000000476837158
endloop
endfacet
facet normal -0.8314665660174577 -0.5555747920803612 0
outer loop
vertex -21.192960739135742 -51.0552864074707 1.7000000476837158
vertex -21.192960739135742 -51.0552864074707 0
vertex -21.095413208007812 -51.20127487182617 1.7000000476837158
endloop
endfacet
facet normal -0.9807852845629332 0.19509030110388895 0
outer loop
vertex -21.061159133911133 -51.37348175048828 1.7000000476837158
vertex -21.061159133911133 -51.37348175048828 0
vertex -21.095413208007812 -51.54568862915039 1.7000000476837158
endloop
endfacet
facet normal -0.1950986720690384 0.9807836194374872 0
outer loop
vertex -21.511159896850586 -51.823482513427734 0
vertex -21.511159896850586 -51.823482513427734 1.7000000476837158
vertex -21.338951110839844 -51.78922653198242 0
endloop
endfacet
facet normal -0.8314732719568675 0.5555647559208026 0
outer loop
vertex -21.095413208007812 -51.54568862915039 1.7000000476837158
vertex -21.095413208007812 -51.54568862915039 0
vertex -21.192960739135742 -51.691680908203125 1.7000000476837158
endloop
endfacet
facet normal -0.5555622638012966 0.8314749371087372 0
outer loop
vertex -21.192960739135742 -51.691680908203125 1.7000000476837158
vertex -21.192960739135742 -51.691680908203125 0
vertex -21.338951110839844 -51.78922653198242 1.7000000476837158
endloop
endfacet
facet normal 0.5555622638012966 0.8314749371087372 0
outer loop
vertex -21.829357147216797 -51.691680908203125 0
vertex -21.829357147216797 -51.691680908203125 1.7000000476837158
vertex -21.683366775512695 -51.78922653198242 0
endloop
endfacet
facet normal -0.1950986720690384 0.9807836194374872 0
outer loop
vertex -21.338951110839844 -51.78922653198242 1.7000000476837158
vertex -21.338951110839844 -51.78922653198242 0
vertex -21.511159896850586 -51.823482513427734 1.7000000476837158
endloop
endfacet
facet normal 0.8314732719568675 0.5555647559208026 0
outer loop
vertex -21.829357147216797 -51.691680908203125 0
vertex -21.926904678344727 -51.54568862915039 0
vertex -21.926904678344727 -51.54568862915039 1.7000000476837158
endloop
endfacet
facet normal 0.8314665660174577 -0.5555747920803612 0
outer loop
vertex -21.926904678344727 -51.20127487182617 1.7000000476837158
vertex -21.926904678344727 -51.20127487182617 0
vertex -21.829357147216797 -51.0552864074707 1.7000000476837158
endloop
endfacet
facet normal 0.9807852845629332 -0.19509030110388895 0
outer loop
vertex -21.926904678344727 -51.20127487182617 0
vertex -21.926904678344727 -51.20127487182617 1.7000000476837158
vertex -21.961158752441406 -51.37348175048828 0
endloop
endfacet
facet normal 0.9807852845629332 0.19509030110388895 0
outer loop
vertex -21.961158752441406 -51.37348175048828 0
vertex -21.961158752441406 -51.37348175048828 1.7000000476837158
vertex -21.926904678344727 -51.54568862915039 0
endloop
endfacet
facet normal 0 0 -1
outer loop
vertex -21.338951110839844 -51.78922653198242 1.7000000476837158
vertex -21.511159896850586 -51.823482513427734 1.7000000476837158
vertex -21.338951110839844 -50.95773696899414 1.7000000476837158
endloop
endfacet
facet normal 0 0 -1
outer loop
vertex -21.192960739135742 -51.691680908203125 1.7000000476837158
vertex -21.338951110839844 -51.78922653198242 1.7000000476837158
vertex -21.192960739135742 -51.0552864074707 1.7000000476837158
endloop
endfacet
facet normal 0.1951007507126451 0.9807832059488795 0
outer loop
vertex -21.683366775512695 -51.78922653198242 0
vertex -21.683366775512695 -51.78922653198242 1.7000000476837158
vertex -21.511159896850586 -51.823482513427734 0
endloop
endfacet
facet normal 0.5555772839934787 -0.8314649009491799 0
outer loop
vertex -21.829357147216797 -51.0552864074707 1.7000000476837158
vertex -21.829357147216797 -51.0552864074707 0
vertex -21.683366775512695 -50.95773696899414 1.7000000476837158
endloop
endfacet
facet normal 0.1951007507126451 -0.9807832059488795 0
outer loop
vertex -21.683366775512695 -50.95773696899414 1.7000000476837158
vertex -21.683366775512695 -50.95773696899414 0
vertex -21.511159896850586 -50.92348098754883 1.7000000476837158
endloop
endfacet
facet normal -0.1950986720690384 -0.9807836194374872 0
outer loop
vertex -21.511159896850586 -50.92348098754883 1.7000000476837158
vertex -21.511159896850586 -50.92348098754883 0
vertex -21.338951110839844 -50.95773696899414 1.7000000476837158
endloop
endfacet
facet normal 0.1951007507126451 0.9807832059488795 0
outer loop
vertex -21.511159896850586 -51.823482513427734 1.7000000476837158
vertex -21.511159896850586 -51.823482513427734 0
vertex -21.683366775512695 -51.78922653198242 1.7000000476837158
endloop
endfacet
facet normal 0.8314732719568675 0.5555647559208026 0
outer loop
vertex -21.829357147216797 -51.691680908203125 1.7000000476837158
vertex -21.829357147216797 -51.691680908203125 0
vertex -21.926904678344727 -51.54568862915039 1.7000000476837158
endloop
endfacet
facet normal 0.8314665660174577 -0.5555747920803612 0
outer loop
vertex -21.926904678344727 -51.20127487182617 0
vertex -21.829357147216797 -51.0552864074707 0
vertex -21.829357147216797 -51.0552864074707 1.7000000476837158
endloop
endfacet
facet normal -0.9807852845629332 -0.19509030110388895 0
outer loop
vertex -21.095413208007812 -51.20127487182617 0
vertex -21.061159133911133 -51.37348175048828 0
vertex -21.061159133911133 -51.37348175048828 1.7000000476837158
endloop
endfacet
facet normal -0.5555772839934787 -0.8314649009491799 0
outer loop
vertex -21.192960739135742 -51.0552864074707 0
vertex -21.192960739135742 -51.0552864074707 1.7000000476837158
vertex -21.338951110839844 -50.95773696899414 0
endloop
endfacet
facet normal 0.5555772839934787 -0.8314649009491799 0
outer loop
vertex -21.683366775512695 -50.95773696899414 0
vertex -21.683366775512695 -50.95773696899414 1.7000000476837158
vertex -21.829357147216797 -51.0552864074707 0
endloop
endfacet
facet normal 0.1951007507126451 -0.9807832059488795 0
outer loop
vertex -21.511159896850586 -50.92348098754883 0
vertex -21.511159896850586 -50.92348098754883 1.7000000476837158
vertex -21.683366775512695 -50.95773696899414 0
endloop
endfacet
facet normal 0 0 -1
outer loop
vertex -21.926904678344727 -51.54568862915039 1.7000000476837158
vertex -21.961158752441406 -51.37348175048828 1.7000000476837158
vertex -21.926904678344727 -51.20127487182617 1.7000000476837158
endloop
endfacet
facet normal 0 0 -1
outer loop
vertex -21.829357147216797 -51.691680908203125 1.7000000476837158
vertex -21.926904678344727 -51.54568862915039 1.7000000476837158
vertex -21.829357147216797 -51.0552864074707 1.7000000476837158
endloop
endfacet
facet normal -0.1950986720690384 -0.9807836194374872 0
outer loop
vertex -21.338951110839844 -50.95773696899414 1.7000000476837158
vertex -21.511159896850586 -50.92348098754883 0
vertex -21.338951110839844 -50.95773696899414 0
endloop
endfacet
facet normal -0.8314665660174577 -0.5555747920803612 0
outer loop
vertex -21.192960739135742 -51.0552864074707 0
vertex -21.095413208007812 -51.20127487182617 0
vertex -21.095413208007812 -51.20127487182617 1.7000000476837158
endloop
endfacet
facet normal -0.9807852845629332 0.19509030110388895 0
outer loop
vertex -21.061159133911133 -51.37348175048828 0
vertex -21.095413208007812 -51.54568862915039 0
vertex -21.095413208007812 -51.54568862915039 1.7000000476837158
endloop
endfacet
facet normal -0.8314732719568675 0.5555647559208026 0
outer loop
vertex -21.095413208007812 -51.54568862915039 0
vertex -21.192960739135742 -51.691680908203125 0
vertex -21.192960739135742 -51.691680908203125 1.7000000476837158
endloop
endfacet
facet normal -0.5555622638012966 0.8314749371087372 0
outer loop
vertex -21.192960739135742 -51.691680908203125 0
vertex -21.338951110839844 -51.78922653198242 0
vertex -21.338951110839844 -51.78922653198242 1.7000000476837158
endloop
endfacet
facet normal 0 0 -1
outer loop
vertex -21.683366775512695 -51.78922653198242 1.7000000476837158
vertex -21.829357147216797 -51.691680908203125 1.7000000476837158
vertex -21.683366775512695 -50.95773696899414 1.7000000476837158
endloop
endfacet
facet normal 0 0 -1
outer loop
vertex -21.511159896850586 -51.823482513427734 1.7000000476837158
vertex -21.683366775512695 -51.78922653198242 1.7000000476837158
vertex -21.511159896850586 -50.92348098754883 1.7000000476837158
endloop
endfacet
facet normal 0 0 -1
outer loop
vertex -21.829357147216797 -51.0552864074707 1.7000000476837158
vertex -21.926904678344727 -51.54568862915039 1.7000000476837158
vertex -21.926904678344727 -51.20127487182617 1.7000000476837158
endloop
endfacet
facet normal 0 0 -1
outer loop
vertex -21.683366775512695 -50.95773696899414 1.7000000476837158
vertex -21.829357147216797 -51.691680908203125 1.7000000476837158
vertex -21.829357147216797 -51.0552864074707 1.7000000476837158
endloop
endfacet
facet normal 0 0 -1
outer loop
vertex -21.511159896850586 -51.823482513427734 1.7000000476837158
vertex -21.511159896850586 -50.92348098754883 1.7000000476837158
vertex -21.338951110839844 -50.95773696899414 1.7000000476837158
endloop
endfacet
facet normal -0.19507777299013523 0.9807877764762413 0
outer loop
vertex -21.338951110839844 -50.519229888916016 1.7000000476837158
vertex -21.338951110839844 -50.519229888916016 0
vertex -21.511159896850586 -50.55348205566406 1.7000000476837158
endloop
endfacet
facet normal -0.5555772839934787 -0.8314649009491799 0
outer loop
vertex -21.192960739135742 -49.78528594970703 0
vertex -21.192960739135742 -49.78528594970703 1.7000000476837158
vertex -21.338951110839844 -49.68773651123047 0
endloop
endfacet
facet normal 0 0 -1
outer loop
vertex -21.829357147216797 -50.42168045043945 1.7000000476837158
vertex -21.829357147216797 -49.78528594970703 1.7000000476837158
vertex -21.683366775512695 -49.68773651123047 1.7000000476837158
endloop
endfacet
facet normal 0 0 -1
outer loop
vertex -21.829357147216797 -49.78528594970703 1.7000000476837158
vertex -21.926904678344727 -50.275691986083984 1.7000000476837158
vertex -21.926904678344727 -49.9312744140625 1.7000000476837158
endloop
endfacet
facet normal 0 0 -1
outer loop
vertex -21.926904678344727 -50.275691986083984 1.7000000476837158
vertex -21.961158752441406 -50.10348129272461 1.7000000476837158
vertex -21.926904678344727 -49.9312744140625 1.7000000476837158
endloop
endfacet
facet normal 0 0 -1
outer loop
vertex -21.829357147216797 -50.42168045043945 1.7000000476837158
vertex -21.926904678344727 -50.275691986083984 1.7000000476837158
vertex -21.829357147216797 -49.78528594970703 1.7000000476837158
endloop
endfacet
facet normal 0 0 -1
outer loop
vertex -21.511159896850586 -50.55348205566406 1.7000000476837158
vertex -21.683366775512695 -50.519229888916016 1.7000000476837158
vertex -21.511159896850586 -49.65348434448242 1.7000000476837158
endloop
endfacet
facet normal 0 0 -1
outer loop
vertex -21.511159896850586 -49.65348434448242 1.7000000476837158
vertex -21.683366775512695 -50.519229888916016 1.7000000476837158
vertex -21.683366775512695 -49.68773651123047 1.7000000476837158
endloop
endfacet
facet normal 0 0 -1
outer loop
vertex -21.511159896850586 -50.55348205566406 1.7000000476837158
vertex -21.511159896850586 -49.65348434448242 1.7000000476837158
vertex -21.338951110839844 -49.68773651123047 1.7000000476837158
endloop
endfacet
facet normal 0 0 -1
outer loop
vertex -21.192960739135742 -50.42168045043945 1.7000000476837158
vertex -21.338951110839844 -50.519229888916016 1.7000000476837158
vertex -21.192960739135742 -49.78528594970703 1.7000000476837158
endloop
endfacet
facet normal 0 0 -1
outer loop
vertex -21.338951110839844 -50.519229888916016 1.7000000476837158
vertex -21.511159896850586 -50.55348205566406 1.7000000476837158
vertex -21.338951110839844 -49.68773651123047 1.7000000476837158
endloop
endfacet
facet normal -0.19507777299013523 -0.9807877764762413 0
outer loop
vertex -21.511159896850586 -49.65348434448242 1.7000000476837158
vertex -21.511159896850586 -49.65348434448242 0
vertex -21.338951110839844 -49.68773651123047 1.7000000476837158
endloop
endfacet
facet normal 0.1950798514286955 0.9807873630744628 0
outer loop
vertex -21.511159896850586 -50.55348205566406 0
vertex -21.683366775512695 -50.519229888916016 0
vertex -21.683366775512695 -50.519229888916016 1.7000000476837158
endloop
endfacet
facet normal -0.19507777299013523 0.9807877764762413 0
outer loop
vertex -21.511159896850586 -50.55348205566406 0
vertex -21.511159896850586 -50.55348205566406 1.7000000476837158
vertex -21.338951110839844 -50.519229888916016 0
endloop
endfacet
facet normal 0.5555772839934787 0.8314649009491799 0
outer loop
vertex -21.683366775512695 -50.519229888916016 0
vertex -21.829357147216797 -50.42168045043945 0
vertex -21.829357147216797 -50.42168045043945 1.7000000476837158
endloop
endfacet
facet normal 0.9807861114401027 0.19508614406513386 0
outer loop
vertex -21.961158752441406 -50.10348129272461 0
vertex -21.961158752441406 -50.10348129272461 1.7000000476837158
vertex -21.926904678344727 -50.275691986083984 0
endloop
endfacet
facet normal 0.8314665660174577 0.5555747920803612 0
outer loop
vertex -21.926904678344727 -50.275691986083984 0
vertex -21.926904678344727 -50.275691986083984 1.7000000476837158
vertex -21.829357147216797 -50.42168045043945 0
endloop
endfacet
facet normal -0.5555772839934787 0.8314649009491799 0
outer loop
vertex -21.192960739135742 -50.42168045043945 0
vertex -21.338951110839844 -50.519229888916016 0
vertex -21.338951110839844 -50.519229888916016 1.7000000476837158
endloop
endfacet
facet normal 0 0 -1
outer loop
vertex -21.095413208007812 -50.275691986083984 1.7000000476837158
vertex -21.192960739135742 -50.42168045043945 1.7000000476837158
vertex -21.095413208007812 -49.9312744140625 1.7000000476837158
endloop
endfacet
facet normal 0.1950798514286955 -0.9807873630744628 0
outer loop
vertex -21.683366775512695 -49.68773651123047 1.7000000476837158
vertex -21.683366775512695 -49.68773651123047 0
vertex -21.511159896850586 -49.65348434448242 1.7000000476837158
endloop
endfacet
facet normal 0.5555772839934787 -0.8314649009491799 0
outer loop
vertex -21.829357147216797 -49.78528594970703 1.7000000476837158
vertex -21.829357147216797 -49.78528594970703 0
vertex -21.683366775512695 -49.68773651123047 1.7000000476837158
endloop
endfacet
facet normal 0.8314665660174577 -0.5555747920803612 0
outer loop
vertex -21.926904678344727 -49.9312744140625 1.7000000476837158
vertex -21.926904678344727 -49.9312744140625 0
vertex -21.829357147216797 -49.78528594970703 1.7000000476837158
endloop
endfacet
facet normal 0 0 -1
outer loop
vertex -21.192960739135742 -49.78528594970703 1.7000000476837158
vertex -21.338951110839844 -50.519229888916016 1.7000000476837158
vertex -21.338951110839844 -49.68773651123047 1.7000000476837158
endloop
endfacet
facet normal 0 0 -1
outer loop
vertex -21.192960739135742 -49.78528594970703 1.7000000476837158
vertex -21.095413208007812 -49.9312744140625 1.7000000476837158
vertex -21.192960739135742 -50.42168045043945 1.7000000476837158
endloop
endfacet
facet normal 0 0 -1
outer loop
vertex -21.061159133911133 -50.10348129272461 1.7000000476837158
vertex -21.095413208007812 -50.275691986083984 1.7000000476837158
vertex -21.095413208007812 -49.9312744140625 1.7000000476837158
endloop
endfacet
facet normal 0.9807852845629332 -0.19509030110388895 0
outer loop
vertex -21.961158752441406 -50.10348129272461 1.7000000476837158
vertex -21.961158752441406 -50.10348129272461 0
vertex -21.926904678344727 -49.9312744140625 1.7000000476837158
endloop
endfacet
facet normal 0.8314665660174577 0.5555747920803612 0
outer loop
vertex -21.829357147216797 -50.42168045043945 1.7000000476837158
vertex -21.829357147216797 -50.42168045043945 0
vertex -21.926904678344727 -50.275691986083984 1.7000000476837158
endloop
endfacet
facet normal -0.8314665660174577 0.5555747920803612 0
outer loop
vertex -21.095413208007812 -50.275691986083984 0
vertex -21.192960739135742 -50.42168045043945 0
vertex -21.192960739135742 -50.42168045043945 1.7000000476837158
endloop
endfacet
facet normal -0.9807861114401027 0.19508614406513386 0
outer loop
vertex -21.061159133911133 -50.10348129272461 0
vertex -21.095413208007812 -50.275691986083984 0
vertex -21.095413208007812 -50.275691986083984 1.7000000476837158
endloop
endfacet
facet normal 0.8314665660174577 -0.5555747920803612 0
outer loop
vertex -21.926904678344727 -49.9312744140625 0
vertex -21.829357147216797 -49.78528594970703 0
vertex -21.829357147216797 -49.78528594970703 1.7000000476837158
endloop
endfacet
facet normal 0.9807861114401027 0.19508614406513386 0
outer loop
vertex -21.926904678344727 -50.275691986083984 1.7000000476837158
vertex -21.926904678344727 -50.275691986083984 0
vertex -21.961158752441406 -50.10348129272461 1.7000000476837158
endloop
endfacet
facet normal 0.1950798514286955 0.9807873630744628 0
outer loop
vertex -21.511159896850586 -50.55348205566406 1.7000000476837158
vertex -21.511159896850586 -50.55348205566406 0
vertex -21.683366775512695 -50.519229888916016 1.7000000476837158
endloop
endfacet
facet normal 0.5555772839934787 0.8314649009491799 0
outer loop
vertex -21.683366775512695 -50.519229888916016 1.7000000476837158
vertex -21.683366775512695 -50.519229888916016 0
vertex -21.829357147216797 -50.42168045043945 1.7000000476837158
endloop
endfacet
facet normal -0.9807852845629332 -0.19509030110388895 0
outer loop
vertex -21.061159133911133 -50.10348129272461 0
vertex -21.061159133911133 -50.10348129272461 1.7000000476837158
vertex -21.095413208007812 -49.9312744140625 0
endloop
endfacet
facet normal -0.19507777299013523 -0.9807877764762413 0
outer loop
vertex -21.338951110839844 -49.68773651123047 1.7000000476837158
vertex -21.511159896850586 -49.65348434448242 0
vertex -21.338951110839844 -49.68773651123047 0
endloop
endfacet
facet normal -0.8314665660174577 -0.5555747920803612 0
outer loop
vertex -21.192960739135742 -49.78528594970703 0
vertex -21.095413208007812 -49.9312744140625 0
vertex -21.095413208007812 -49.9312744140625 1.7000000476837158
endloop
endfacet
facet normal 0.1950798514286955 -0.9807873630744628 0
outer loop
vertex -21.511159896850586 -49.65348434448242 0
vertex -21.511159896850586 -49.65348434448242 1.7000000476837158
vertex -21.683366775512695 -49.68773651123047 0
endloop
endfacet
facet normal 0.9807852845629332 -0.19509030110388895 0
outer loop
vertex -21.926904678344727 -49.9312744140625 0
vertex -21.926904678344727 -49.9312744140625 1.7000000476837158
vertex -21.961158752441406 -50.10348129272461 0
endloop
endfacet
facet normal -0.8314665660174577 -0.5555747920803612 0
outer loop
vertex -21.192960739135742 -49.78528594970703 1.7000000476837158
vertex -21.192960739135742 -49.78528594970703 0
vertex -21.095413208007812 -49.9312744140625 1.7000000476837158
endloop
endfacet
facet normal -0.5555772839934787 -0.8314649009491799 0
outer loop
vertex -21.338951110839844 -49.68773651123047 1.7000000476837158
vertex -21.338951110839844 -49.68773651123047 0
vertex -21.192960739135742 -49.78528594970703 1.7000000476837158
endloop
endfacet
facet normal -0.9807852845629332 -0.19509030110388895 0
outer loop
vertex -21.095413208007812 -49.9312744140625 1.7000000476837158
vertex -21.095413208007812 -49.9312744140625 0
vertex -21.061159133911133 -50.10348129272461 1.7000000476837158
endloop
endfacet
facet normal 0.5555772839934787 -0.8314649009491799 0
outer loop
vertex -21.683366775512695 -49.68773651123047 0
vertex -21.683366775512695 -49.68773651123047 1.7000000476837158
vertex -21.829357147216797 -49.78528594970703 0
endloop
endfacet
facet normal -0.9807861114401027 0.19508614406513386 0
outer loop
vertex -21.061159133911133 -50.10348129272461 1.7000000476837158
vertex -21.061159133911133 -50.10348129272461 0
vertex -21.095413208007812 -50.275691986083984 1.7000000476837158
endloop
endfacet
facet normal -0.8314665660174577 0.5555747920803612 0
outer loop
vertex -21.095413208007812 -50.275691986083984 1.7000000476837158
vertex -21.095413208007812 -50.275691986083984 0
vertex -21.192960739135742 -50.42168045043945 1.7000000476837158
endloop
endfacet
facet normal -0.5555772839934787 0.8314649009491799 0
outer loop
vertex -21.192960739135742 -50.42168045043945 1.7000000476837158
vertex -21.192960739135742 -50.42168045043945 0
vertex -21.338951110839844 -50.519229888916016 1.7000000476837158
endloop
endfacet
facet normal 0 0 -1
outer loop
vertex -21.683366775512695 -50.519229888916016 1.7000000476837158
vertex -21.829357147216797 -50.42168045043945 1.7000000476837158
vertex -21.683366775512695 -49.68773651123047 1.7000000476837158
endloop
endfacet
facet normal 0.5555772839934787 0.8314649009491799 0
outer loop
vertex -21.683366775512695 -49.249229431152344 0
vertex -21.829357147216797 -49.15167999267578 0
vertex -21.829357147216797 -49.15167999267578 1.7000000476837158
endloop
endfacet
facet normal -0.5555772839934787 -0.8314649009491799 0
outer loop
vertex -21.338951110839844 -48.4177360534668 1.7000000476837158
vertex -21.338951110839844 -48.4177360534668 0
vertex -21.192960739135742 -48.51528549194336 1.7000000476837158
endloop
endfacet
facet normal -0.19507777299013523 -0.9807877764762413 0
outer loop
vertex -21.511159896850586 -48.38348388671875 1.7000000476837158
vertex -21.511159896850586 -48.38348388671875 0
vertex -21.338951110839844 -48.4177360534668 1.7000000476837158
endloop
endfacet
facet normal 0 0 -1
outer loop
vertex -21.511159896850586 -49.28348159790039 1.7000000476837158
vertex -21.683366775512695 -49.249229431152344 1.7000000476837158
vertex -21.511159896850586 -48.38348388671875 1.7000000476837158
endloop
endfacet
facet normal 0 0 -1
outer loop
vertex -21.926904678344727 -49.00569152832031 1.7000000476837158
vertex -21.961158752441406 -48.83348083496094 1.7000000476837158
vertex -21.926904678344727 -48.66127395629883 1.7000000476837158
endloop
endfacet
facet normal 0 0 -1
outer loop
vertex -21.829357147216797 -49.15167999267578 1.7000000476837158
vertex -21.926904678344727 -49.00569152832031 1.7000000476837158
vertex -21.829357147216797 -48.51528549194336 1.7000000476837158
endloop
endfacet
facet normal 0 0 -1
outer loop
vertex -21.829357147216797 -48.51528549194336 1.7000000476837158
vertex -21.926904678344727 -49.00569152832031 1.7000000476837158
vertex -21.926904678344727 -48.66127395629883 1.7000000476837158
endloop
endfacet
facet normal 0 0 -1
outer loop
vertex -21.829357147216797 -49.15167999267578 1.7000000476837158
vertex -21.829357147216797 -48.51528549194336 1.7000000476837158
vertex -21.683366775512695 -48.4177360534668 1.7000000476837158
endloop
endfacet
facet normal 0 0 -1
outer loop
vertex -21.683366775512695 -49.249229431152344 1.7000000476837158
vertex -21.829357147216797 -49.15167999267578 1.7000000476837158
vertex -21.683366775512695 -48.4177360534668 1.7000000476837158
endloop
endfacet
facet normal 0 0 -1
outer loop
vertex -21.511159896850586 -48.38348388671875 1.7000000476837158
vertex -21.683366775512695 -49.249229431152344 1.7000000476837158
vertex -21.683366775512695 -48.4177360534668 1.7000000476837158
endloop
endfacet
facet normal 0 0 -1
outer loop
vertex -21.511159896850586 -49.28348159790039 1.7000000476837158
vertex -21.511159896850586 -48.38348388671875 1.7000000476837158
vertex -21.338951110839844 -48.4177360534668 1.7000000476837158
endloop
endfacet
facet normal 0.1950798514286955 0.9807873630744628 0
outer loop
vertex -21.511159896850586 -49.28348159790039 0
vertex -21.683366775512695 -49.249229431152344 0
vertex -21.683366775512695 -49.249229431152344 1.7000000476837158
endloop
endfacet
facet normal -0.19507777299013523 0.9807877764762413 0
outer loop
vertex -21.511159896850586 -49.28348159790039 0
vertex -21.511159896850586 -49.28348159790039 1.7000000476837158
vertex -21.338951110839844 -49.249229431152344 0
endloop
endfacet
facet normal 0.9807861114401027 0.19508614406513386 0
outer loop
vertex -21.961158752441406 -48.83348083496094 0
vertex -21.961158752441406 -48.83348083496094 1.7000000476837158
vertex -21.926904678344727 -49.00569152832031 0
endloop
endfacet
facet normal 0.9807852845629332 -0.19509030110388895 0
outer loop
vertex -21.926904678344727 -48.66127395629883 0
vertex -21.926904678344727 -48.66127395629883 1.7000000476837158
vertex -21.961158752441406 -48.83348083496094 0
endloop
endfacet
facet normal 0.8314665660174577 -0.5555747920803612 0
outer loop
vertex -21.926904678344727 -48.66127395629883 0
vertex -21.829357147216797 -48.51528549194336 0
vertex -21.829357147216797 -48.51528549194336 1.7000000476837158
endloop
endfacet
facet normal 0 0 -1
outer loop
vertex -21.061159133911133 -48.83348083496094 1.7000000476837158
vertex -21.095413208007812 -49.00569152832031 1.7000000476837158
vertex -21.095413208007812 -48.66127395629883 1.7000000476837158
endloop
endfacet
facet normal -0.19507777299013523 -0.9807877764762413 0
outer loop
vertex -21.338951110839844 -48.4177360534668 1.7000000476837158
vertex -21.511159896850586 -48.38348388671875 0
vertex -21.338951110839844 -48.4177360534668 0
endloop
endfacet
facet normal 0 0 -1
outer loop
vertex -21.192960739135742 -48.51528549194336 1.7000000476837158
vertex -21.095413208007812 -48.66127395629883 1.7000000476837158
vertex -21.192960739135742 -49.15167999267578 1.7000000476837158
endloop
endfacet
facet normal 0.1950798514286955 -0.9807873630744628 0
outer loop
vertex -21.511159896850586 -48.38348388671875 0
vertex -21.511159896850586 -48.38348388671875 1.7000000476837158
vertex -21.683366775512695 -48.4177360534668 0
endloop
endfacet
facet normal 0 0 -1
outer loop
vertex -21.095413208007812 -49.00569152832031 1.7000000476837158
vertex -21.192960739135742 -49.15167999267578 1.7000000476837158
vertex -21.095413208007812 -48.66127395629883 1.7000000476837158
endloop
endfacet
facet normal 0.5555772839934787 -0.8314649009491799 0
outer loop
vertex -21.683366775512695 -48.4177360534668 1.7000000476837158
vertex -21.829357147216797 -48.51528549194336 0
vertex -21.683366775512695 -48.4177360534668 0
endloop
endfacet
facet normal 0 0 -1
outer loop
vertex -21.338951110839844 -48.4177360534668 1.7000000476837158
vertex -21.192960739135742 -48.51528549194336 1.7000000476837158
vertex -21.338951110839844 -49.249229431152344 1.7000000476837158
endloop
endfacet
facet normal 0 0 -1
outer loop
vertex -21.192960739135742 -49.15167999267578 1.7000000476837158
vertex -21.338951110839844 -49.249229431152344 1.7000000476837158
vertex -21.192960739135742 -48.51528549194336 1.7000000476837158
endloop
endfacet
facet normal 0 0 -1
outer loop
vertex -21.338951110839844 -49.249229431152344 1.7000000476837158
vertex -21.511159896850586 -49.28348159790039 1.7000000476837158
vertex -21.338951110839844 -48.4177360534668 1.7000000476837158
endloop
endfacet
facet normal -0.5555772839934787 0.8314649009491799 0
outer loop
vertex -21.192960739135742 -49.15167999267578 0
vertex -21.338951110839844 -49.249229431152344 0
vertex -21.338951110839844 -49.249229431152344 1.7000000476837158
endloop
endfacet
facet normal -0.8314665660174577 0.5555747920803612 0
outer loop
vertex -21.095413208007812 -49.00569152832031 0
vertex -21.192960739135742 -49.15167999267578 0
vertex -21.192960739135742 -49.15167999267578 1.7000000476837158
endloop
endfacet
facet normal -0.9807861114401027 0.19508614406513386 0
outer loop
vertex -21.061159133911133 -48.83348083496094 0
vertex -21.095413208007812 -49.00569152832031 0
vertex -21.095413208007812 -49.00569152832031 1.7000000476837158
endloop
endfacet
facet normal -0.8314665660174577 -0.5555747920803612 0
outer loop
vertex -21.192960739135742 -48.51528549194336 0
vertex -21.095413208007812 -48.66127395629883 0
vertex -21.095413208007812 -48.66127395629883 1.7000000476837158
endloop
endfacet
facet normal -0.5555772839934787 -0.8314649009491799 0
outer loop
vertex -21.192960739135742 -48.51528549194336 0
vertex -21.192960739135742 -48.51528549194336 1.7000000476837158
vertex -21.338951110839844 -48.4177360534668 0
endloop
endfacet
facet normal -0.9807852845629332 -0.19509030110388895 0
outer loop
vertex -21.061159133911133 -48.83348083496094 0
vertex -21.061159133911133 -48.83348083496094 1.7000000476837158
vertex -21.095413208007812 -48.66127395629883 0
endloop
endfacet
facet normal 0.9807861114401027 0.19508614406513386 0
outer loop
vertex -21.926904678344727 -49.00569152832031 1.7000000476837158
vertex -21.926904678344727 -49.00569152832031 0
vertex -21.961158752441406 -48.83348083496094 1.7000000476837158
endloop
endfacet
facet normal 0.8314665660174577 0.5555747920803612 0
outer loop
vertex -21.829357147216797 -49.15167999267578 1.7000000476837158
vertex -21.829357147216797 -49.15167999267578 0
vertex -21.926904678344727 -49.00569152832031 1.7000000476837158
endloop
endfacet
facet normal 0.1950798514286955 -0.9807873630744628 0
outer loop
vertex -21.683366775512695 -48.4177360534668 1.7000000476837158
vertex -21.683366775512695 -48.4177360534668 0
vertex -21.511159896850586 -48.38348388671875 1.7000000476837158
endloop
endfacet
facet normal 0.1950798514286955 0.9807873630744628 0
outer loop
vertex -21.511159896850586 -49.28348159790039 1.7000000476837158
vertex -21.511159896850586 -49.28348159790039 0
vertex -21.683366775512695 -49.249229431152344 1.7000000476837158
endloop
endfacet
facet normal 0.9807852845629332 -0.19509030110388895 0
outer loop
vertex -21.961158752441406 -48.83348083496094 1.7000000476837158
vertex -21.961158752441406 -48.83348083496094 0
vertex -21.926904678344727 -48.66127395629883 1.7000000476837158
endloop
endfacet
facet normal 0.8314665660174577 -0.5555747920803612 0
outer loop
vertex -21.926904678344727 -48.66127395629883 1.7000000476837158
vertex -21.926904678344727 -48.66127395629883 0
vertex -21.829357147216797 -48.51528549194336 1.7000000476837158
endloop
endfacet
facet normal 0.5555772839934787 -0.8314649009491799 0
outer loop
vertex -21.829357147216797 -48.51528549194336 1.7000000476837158
vertex -21.829357147216797 -48.51528549194336 0
vertex -21.683366775512695 -48.4177360534668 1.7000000476837158
endloop
endfacet
facet normal -0.19507777299013523 0.9807877764762413 0
outer loop
vertex -21.338951110839844 -49.249229431152344 1.7000000476837158
vertex -21.338951110839844 -49.249229431152344 0
vertex -21.511159896850586 -49.28348159790039 1.7000000476837158
endloop
endfacet
facet normal -0.5555772839934787 0.8314649009491799 0
outer loop
vertex -21.192960739135742 -49.15167999267578 1.7000000476837158
vertex -21.192960739135742 -49.15167999267578 0
vertex -21.338951110839844 -49.249229431152344 1.7000000476837158
endloop
endfacet
facet normal -0.8314665660174577 0.5555747920803612 0
outer loop
vertex -21.095413208007812 -49.00569152832031 1.7000000476837158
vertex -21.095413208007812 -49.00569152832031 0
vertex -21.192960739135742 -49.15167999267578 1.7000000476837158
endloop
endfacet
facet normal -0.8314665660174577 -0.5555747920803612 0
outer loop
vertex -21.192960739135742 -48.51528549194336 1.7000000476837158
vertex -21.192960739135742 -48.51528549194336 0
vertex -21.095413208007812 -48.66127395629883 1.7000000476837158
endloop
endfacet
facet normal -0.9807861114401027 0.19508614406513386 0
outer loop
vertex -21.061159133911133 -48.83348083496094 1.7000000476837158
vertex -21.061159133911133 -48.83348083496094 0
vertex -21.095413208007812 -49.00569152832031 1.7000000476837158
endloop
endfacet
facet normal -0.9807852845629332 -0.19509030110388895 0
outer loop
vertex -21.095413208007812 -48.66127395629883 1.7000000476837158
vertex -21.095413208007812 -48.66127395629883 0
vertex -21.061159133911133 -48.83348083496094 1.7000000476837158
endloop
endfacet
facet normal 0.8314665660174577 0.5555747920803612 0
outer loop
vertex -21.829357147216797 -49.15167999267578 0
vertex -21.926904678344727 -49.00569152832031 0
vertex -21.926904678344727 -49.00569152832031 1.7000000476837158
endloop
endfacet
facet normal 0.5555772839934787 0.8314649009491799 0
outer loop
vertex -21.683366775512695 -49.249229431152344 1.7000000476837158
vertex -21.683366775512695 -49.249229431152344 0
vertex -21.829357147216797 -49.15167999267578 1.7000000476837158
endloop
endfacet
facet normal 0 0 -1
outer loop
vertex -21.683366775512695 -47.147735595703125 1.7000000476837158
vertex -21.829357147216797 -47.88167953491211 1.7000000476837158
vertex -21.829357147216797 -47.24528503417969 1.7000000476837158
endloop
endfacet
facet normal 0 0 -1
outer loop
vertex -21.511159896850586 -47.11348342895508 1.7000000476837158
vertex -21.683366775512695 -47.97922897338867 1.7000000476837158
vertex -21.683366775512695 -47.147735595703125 1.7000000476837158
endloop
endfacet
facet normal 0 0 -1
outer loop
vertex -21.511159896850586 -48.01348114013672 1.7000000476837158
vertex -21.511159896850586 -47.11348342895508 1.7000000476837158
vertex -21.338951110839844 -47.147735595703125 1.7000000476837158
endloop
endfacet
facet normal 0 0 -1
outer loop
vertex -21.926904678344727 -47.73569107055664 1.7000000476837158
vertex -21.961158752441406 -47.56348419189453 1.7000000476837158
vertex -21.926904678344727 -47.391273498535156 1.7000000476837158
endloop
endfacet
facet normal 0 0 -1
outer loop
vertex -21.829357147216797 -47.88167953491211 1.7000000476837158
vertex -21.926904678344727 -47.73569107055664 1.7000000476837158
vertex -21.829357147216797 -47.24528503417969 1.7000000476837158
endloop
endfacet
facet normal 0 0 -1
outer loop
vertex -21.683366775512695 -47.97922897338867 1.7000000476837158
vertex -21.829357147216797 -47.88167953491211 1.7000000476837158
vertex -21.683366775512695 -47.147735595703125 1.7000000476837158
endloop
endfacet
facet normal -0.19507777299013523 0.9807877764762413 0
outer loop
vertex -21.338951110839844 -47.97922897338867 1.7000000476837158
vertex -21.338951110839844 -47.97922897338867 0
vertex -21.511159896850586 -48.01348114013672 1.7000000476837158
endloop
endfacet
facet normal 0.1950798514286955 0.9807873630744628 0
outer loop
vertex -21.511159896850586 -48.01348114013672 1.7000000476837158
vertex -21.511159896850586 -48.01348114013672 0
vertex -21.683366775512695 -47.97922897338867 1.7000000476837158
endloop
endfacet
facet normal 0.8314665660174577 0.5555747920803612 0
outer loop
vertex -21.829357147216797 -47.88167953491211 1.7000000476837158
vertex -21.829357147216797 -47.88167953491211 0
vertex -21.926904678344727 -47.73569107055664 1.7000000476837158
endloop
endfacet
facet normal 0.9807852845629332 0.19509030110388895 0
outer loop
vertex -21.926904678344727 -47.73569107055664 1.7000000476837158
vertex -21.926904678344727 -47.73569107055664 0
vertex -21.961158752441406 -47.56348419189453 1.7000000476837158
endloop
endfacet
facet normal -0.5555772839934787 0.8314649009491799 0
outer loop
vertex -21.192960739135742 -47.88167953491211 1.7000000476837158
vertex -21.192960739135742 -47.88167953491211 0
vertex -21.338951110839844 -47.97922897338867 1.7000000476837158
endloop
endfacet
facet normal -0.8314665660174577 0.5555747920803612 0
outer loop
vertex -21.095413208007812 -47.73569107055664 1.7000000476837158
vertex -21.095413208007812 -47.73569107055664 0
vertex -21.192960739135742 -47.88167953491211 1.7000000476837158
endloop
endfacet
facet normal -0.9807852845629332 0.19509030110388895 0
outer loop
vertex -21.061159133911133 -47.56348419189453 1.7000000476837158
vertex -21.061159133911133 -47.56348419189453 0
vertex -21.095413208007812 -47.73569107055664 1.7000000476837158
endloop
endfacet
facet normal -0.8314665660174577 -0.5555747920803612 0
outer loop
vertex -21.192960739135742 -47.24528503417969 1.7000000476837158
vertex -21.192960739135742 -47.24528503417969 0
vertex -21.095413208007812 -47.391273498535156 1.7000000476837158
endloop
endfacet
facet normal -0.5555772839934787 -0.8314649009491799 0
outer loop
vertex -21.338951110839844 -47.147735595703125 1.7000000476837158
vertex -21.338951110839844 -47.147735595703125 0
vertex -21.192960739135742 -47.24528503417969 1.7000000476837158
endloop
endfacet
facet normal -0.9807861114401027 -0.19508614406513386 0
outer loop
vertex -21.095413208007812 -47.391273498535156 1.7000000476837158
vertex -21.095413208007812 -47.391273498535156 0
vertex -21.061159133911133 -47.56348419189453 1.7000000476837158
endloop
endfacet
facet normal 0 0 -1
outer loop
vertex -21.511159896850586 -48.01348114013672 1.7000000476837158
vertex -21.683366775512695 -47.97922897338867 1.7000000476837158
vertex -21.511159896850586 -47.11348342895508 1.7000000476837158
endloop
endfacet
facet normal 0 0 -1
outer loop
vertex -21.829357147216797 -47.24528503417969 1.7000000476837158
vertex -21.926904678344727 -47.73569107055664 1.7000000476837158
vertex -21.926904678344727 -47.391273498535156 1.7000000476837158
endloop
endfacet
facet normal 0.1950798514286955 -0.9807873630744628 0
outer loop
vertex -21.511159896850586 -47.11348342895508 0
vertex -21.511159896850586 -47.11348342895508 1.7000000476837158
vertex -21.683366775512695 -47.147735595703125 0
endloop
endfacet
facet normal 0 0 -1
outer loop
vertex -21.192960739135742 -47.24528503417969 1.7000000476837158
vertex -21.095413208007812 -47.391273498535156 1.7000000476837158
vertex -21.192960739135742 -47.88167953491211 1.7000000476837158
endloop
endfacet
facet normal 0 0 -1
outer loop
vertex -21.192960739135742 -47.24528503417969 1.7000000476837158
vertex -21.338951110839844 -47.97922897338867 1.7000000476837158
vertex -21.338951110839844 -47.147735595703125 1.7000000476837158
endloop
endfacet
facet normal 0 0 -1
outer loop
vertex -21.061159133911133 -47.56348419189453 1.7000000476837158
vertex -21.095413208007812 -47.73569107055664 1.7000000476837158
vertex -21.095413208007812 -47.391273498535156 1.7000000476837158
endloop
endfacet
facet normal 0 0 -1
outer loop
vertex -21.095413208007812 -47.73569107055664 1.7000000476837158
vertex -21.192960739135742 -47.88167953491211 1.7000000476837158
vertex -21.095413208007812 -47.391273498535156 1.7000000476837158
endloop
endfacet
facet normal 0 0 -1
outer loop
vertex -21.192960739135742 -47.88167953491211 1.7000000476837158
vertex -21.338951110839844 -47.97922897338867 1.7000000476837158
vertex -21.192960739135742 -47.24528503417969 1.7000000476837158
endloop
endfacet
facet normal 0 0 -1
outer loop
vertex -21.338951110839844 -47.97922897338867 1.7000000476837158
vertex -21.511159896850586 -48.01348114013672 1.7000000476837158
vertex -21.338951110839844 -47.147735595703125 1.7000000476837158
endloop
endfacet
facet normal 0.5555772839934787 -0.8314649009491799 0
outer loop
vertex -21.683366775512695 -47.147735595703125 0
vertex -21.683366775512695 -47.147735595703125 1.7000000476837158
vertex -21.829357147216797 -47.24528503417969 0
endloop
endfacet
facet normal 0.5555772839934787 0.8314649009491799 0
outer loop
vertex -21.683366775512695 -47.97922897338867 1.7000000476837158
vertex -21.683366775512695 -47.97922897338867 0
vertex -21.829357147216797 -47.88167953491211 1.7000000476837158
endloop
endfacet
facet normal 0.9807861114401027 -0.19508614406513386 0
outer loop
vertex -21.961158752441406 -47.56348419189453 1.7000000476837158
vertex -21.961158752441406 -47.56348419189453 0
vertex -21.926904678344727 -47.391273498535156 1.7000000476837158
endloop
endfacet
facet normal 0.8314665660174577 -0.5555747920803612 0
outer loop
vertex -21.926904678344727 -47.391273498535156 1.7000000476837158
vertex -21.926904678344727 -47.391273498535156 0
vertex -21.829357147216797 -47.24528503417969 1.7000000476837158
endloop
endfacet
facet normal 0.5555772839934787 -0.8314649009491799 0
outer loop
vertex -21.829357147216797 -47.24528503417969 1.7000000476837158
vertex -21.829357147216797 -47.24528503417969 0
vertex -21.683366775512695 -47.147735595703125 1.7000000476837158
endloop
endfacet
facet normal 0.1950798514286955 -0.9807873630744628 0
outer loop
vertex -21.683366775512695 -47.147735595703125 1.7000000476837158
vertex -21.683366775512695 -47.147735595703125 0
vertex -21.511159896850586 -47.11348342895508 1.7000000476837158
endloop
endfacet
facet normal -0.19507777299013523 -0.9807877764762413 0
outer loop
vertex -21.511159896850586 -47.11348342895508 1.7000000476837158
vertex -21.511159896850586 -47.11348342895508 0
vertex -21.338951110839844 -47.147735595703125 1.7000000476837158
endloop
endfacet
facet normal 0.8314665660174577 -0.5555747920803612 0
outer loop
vertex -21.926904678344727 -47.391273498535156 0
vertex -21.829357147216797 -47.24528503417969 0
vertex -21.829357147216797 -47.24528503417969 1.7000000476837158
endloop
endfacet
facet normal -0.5555772839934787 0.8314649009491799 0
outer loop
vertex -21.192960739135742 -47.88167953491211 0
vertex -21.338951110839844 -47.97922897338867 0
vertex -21.338951110839844 -47.97922897338867 1.7000000476837158
endloop
endfacet
facet normal 0.9807861114401027 -0.19508614406513386 0
outer loop
vertex -21.926904678344727 -47.391273498535156 0
vertex -21.926904678344727 -47.391273498535156 1.7000000476837158
vertex -21.961158752441406 -47.56348419189453 0
endloop
endfacet
facet normal 0.1950798514286955 0.9807873630744628 0
outer loop
vertex -21.683366775512695 -47.97922897338867 0
vertex -21.683366775512695 -47.97922897338867 1.7000000476837158
vertex -21.511159896850586 -48.01348114013672 0
endloop
endfacet
facet normal 0.9807852845629332 0.19509030110388895 0
outer loop
vertex -21.961158752441406 -47.56348419189453 0
vertex -21.961158752441406 -47.56348419189453 1.7000000476837158
vertex -21.926904678344727 -47.73569107055664 0
endloop
endfacet
facet normal 0.8314665660174577 0.5555747920803612 0
outer loop
vertex -21.926904678344727 -47.73569107055664 0
vertex -21.926904678344727 -47.73569107055664 1.7000000476837158
vertex -21.829357147216797 -47.88167953491211 0
endloop
endfacet
facet normal 0.5555772839934787 0.8314649009491799 0
outer loop
vertex -21.683366775512695 -47.97922897338867 0
vertex -21.829357147216797 -47.88167953491211 0
vertex -21.829357147216797 -47.88167953491211 1.7000000476837158
endloop
endfacet
facet normal -0.19507777299013523 0.9807877764762413 0
outer loop
vertex -21.511159896850586 -48.01348114013672 0
vertex -21.511159896850586 -48.01348114013672 1.7000000476837158
vertex -21.338951110839844 -47.97922897338867 0
endloop
endfacet
facet normal -0.8314665660174577 0.5555747920803612 0
outer loop
vertex -21.095413208007812 -47.73569107055664 0
vertex -21.192960739135742 -47.88167953491211 0
vertex -21.192960739135742 -47.88167953491211 1.7000000476837158
endloop
endfacet
facet normal -0.9807852845629332 0.19509030110388895 0
outer loop
vertex -21.061159133911133 -47.56348419189453 0
vertex -21.095413208007812 -47.73569107055664 0
vertex -21.095413208007812 -47.73569107055664 1.7000000476837158
endloop
endfacet
facet normal -0.8314665660174577 -0.5555747920803612 0
outer loop
vertex -21.192960739135742 -47.24528503417969 0
vertex -21.095413208007812 -47.391273498535156 0
vertex -21.095413208007812 -47.391273498535156 1.7000000476837158
endloop
endfacet
facet normal -0.19507777299013523 -0.9807877764762413 0
outer loop
vertex -21.338951110839844 -47.147735595703125 1.7000000476837158
vertex -21.511159896850586 -47.11348342895508 0
vertex -21.338951110839844 -47.147735595703125 0
endloop
endfacet
facet normal -0.5555772839934787 -0.8314649009491799 0
outer loop
vertex -21.192960739135742 -47.24528503417969 0
vertex -21.192960739135742 -47.24528503417969 1.7000000476837158
vertex -21.338951110839844 -47.147735595703125 0
endloop
endfacet
facet normal -0.9807861114401027 -0.19508614406513386 0
outer loop
vertex -21.095413208007812 -47.391273498535156 0
vertex -21.061159133911133 -47.56348419189453 0
vertex -21.061159133911133 -47.56348419189453 1.7000000476837158
endloop
endfacet
facet normal -0.19507777299013523 -0.9807877764762413 0
outer loop
vertex -21.511159896850586 -45.843482971191406 1.7000000476837158
vertex -21.511159896850586 -45.843482971191406 0
vertex -21.338951110839844 -45.87773513793945 1.7000000476837158
endloop
endfacet
facet normal 0 0 -1
outer loop
vertex -21.683366775512695 -46.709228515625 1.7000000476837158
vertex -21.829357147216797 -46.61167907714844 1.7000000476837158
vertex -21.683366775512695 -45.87773513793945 1.7000000476837158
endloop
endfacet
facet normal 0.5555772839934787 -0.8314649009491799 0
outer loop
vertex -21.829357147216797 -45.975284576416016 1.7000000476837158
vertex -21.829357147216797 -45.975284576416016 0
vertex -21.683366775512695 -45.87773513793945 1.7000000476837158
endloop
endfacet
facet normal -0.5555772839934787 0.8314649009491799 0
outer loop
vertex -21.192960739135742 -46.61167907714844 0
vertex -21.338951110839844 -46.709228515625 0
vertex -21.338951110839844 -46.709228515625 1.7000000476837158
endloop
endfacet
facet normal -0.8314665660174577 0.5555747920803612 0
outer loop
vertex -21.095413208007812 -46.46569061279297 0
vertex -21.192960739135742 -46.61167907714844 0
vertex -21.192960739135742 -46.61167907714844 1.7000000476837158
endloop
endfacet
facet normal -0.9807852845629332 0.19509030110388895 0
outer loop
vertex -21.061159133911133 -46.29348373413086 0
vertex -21.095413208007812 -46.46569061279297 0
vertex -21.095413208007812 -46.46569061279297 1.7000000476837158
endloop
endfacet
facet normal -0.9807852845629332 -0.19509030110388895 0
outer loop
vertex -21.061159133911133 -46.29348373413086 0
vertex -21.061159133911133 -46.29348373413086 1.7000000476837158
vertex -21.095413208007812 -46.12127685546875 0
endloop
endfacet
facet normal -0.19507777299013523 -0.9807877764762413 0
outer loop
vertex -21.338951110839844 -45.87773513793945 1.7000000476837158
vertex -21.511159896850586 -45.843482971191406 0
vertex -21.338951110839844 -45.87773513793945 0
endloop
endfacet
facet normal -0.8314732719568675 -0.5555647559208026 0
outer loop
vertex -21.192960739135742 -45.975284576416016 0
vertex -21.095413208007812 -46.12127685546875 0
vertex -21.095413208007812 -46.12127685546875 1.7000000476837158
endloop
endfacet
facet normal 0.8314732719568675 -0.5555647559208026 0
outer loop
vertex -21.926904678344727 -46.12127685546875 1.7000000476837158
vertex -21.926904678344727 -46.12127685546875 0
vertex -21.829357147216797 -45.975284576416016 1.7000000476837158
endloop
endfacet
facet normal 0.9807852845629332 -0.19509030110388895 0
outer loop
vertex -21.961158752441406 -46.29348373413086 1.7000000476837158
vertex -21.961158752441406 -46.29348373413086 0
vertex -21.926904678344727 -46.12127685546875 1.7000000476837158
endloop
endfacet
facet normal 0.9807852845629332 0.19509030110388895 0
outer loop
vertex -21.926904678344727 -46.46569061279297 1.7000000476837158
vertex -21.926904678344727 -46.46569061279297 0
vertex -21.961158752441406 -46.29348373413086 1.7000000476837158
endloop
endfacet
facet normal 0.1951007507126451 0.9807832059488795 0
outer loop
vertex -21.511159896850586 -46.74348449707031 1.7000000476837158
vertex -21.511159896850586 -46.74348449707031 0
vertex -21.683366775512695 -46.709228515625 1.7000000476837158
endloop
endfacet
facet normal 0.5555772839934787 0.8314649009491799 0
outer loop
vertex -21.683366775512695 -46.709228515625 1.7000000476837158
vertex -21.683366775512695 -46.709228515625 0
vertex -21.829357147216797 -46.61167907714844 1.7000000476837158
endloop
endfacet
facet normal 0.8314665660174577 0.5555747920803612 0
outer loop
vertex -21.829357147216797 -46.61167907714844 1.7000000476837158
vertex -21.829357147216797 -46.61167907714844 0
vertex -21.926904678344727 -46.46569061279297 1.7000000476837158
endloop
endfacet
facet normal -0.5555772839934787 -0.8314649009491799 0
outer loop
vertex -21.192960739135742 -45.975284576416016 0
vertex -21.192960739135742 -45.975284576416016 1.7000000476837158
vertex -21.338951110839844 -45.87773513793945 0
endloop
endfacet
facet normal -0.8314732719568675 -0.5555647559208026 0
outer loop
vertex -21.192960739135742 -45.975284576416016 1.7000000476837158
vertex -21.192960739135742 -45.975284576416016 0
vertex -21.095413208007812 -46.12127685546875 1.7000000476837158
endloop
endfacet
facet normal -0.5555772839934787 -0.8314649009491799 0
outer loop
vertex -21.338951110839844 -45.87773513793945 1.7000000476837158
vertex -21.338951110839844 -45.87773513793945 0
vertex -21.192960739135742 -45.975284576416016 1.7000000476837158
endloop
endfacet
facet normal -0.9807852845629332 -0.19509030110388895 0
outer loop
vertex -21.095413208007812 -46.12127685546875 1.7000000476837158
vertex -21.095413208007812 -46.12127685546875 0
vertex -21.061159133911133 -46.29348373413086 1.7000000476837158
endloop
endfacet
facet normal -0.9807852845629332 0.19509030110388895 0
outer loop
vertex -21.061159133911133 -46.29348373413086 1.7000000476837158
vertex -21.061159133911133 -46.29348373413086 0
vertex -21.095413208007812 -46.46569061279297 1.7000000476837158
endloop
endfacet
facet normal -0.8314665660174577 0.5555747920803612 0
outer loop
vertex -21.095413208007812 -46.46569061279297 1.7000000476837158
vertex -21.095413208007812 -46.46569061279297 0
vertex -21.192960739135742 -46.61167907714844 1.7000000476837158
endloop
endfacet
facet normal -0.5555772839934787 0.8314649009491799 0
outer loop
vertex -21.192960739135742 -46.61167907714844 1.7000000476837158
vertex -21.192960739135742 -46.61167907714844 0
vertex -21.338951110839844 -46.709228515625 1.7000000476837158
endloop
endfacet
facet normal -0.1950986720690384 0.9807836194374872 0
outer loop
vertex -21.338951110839844 -46.709228515625 1.7000000476837158
vertex -21.338951110839844 -46.709228515625 0
vertex -21.511159896850586 -46.74348449707031 1.7000000476837158
endloop
endfacet
facet normal 0 0 -1
outer loop
vertex -21.511159896850586 -46.74348449707031 1.7000000476837158
vertex -21.511159896850586 -45.843482971191406 1.7000000476837158
vertex -21.338951110839844 -45.87773513793945 1.7000000476837158
endloop
endfacet
facet normal 0.5555772839934787 0.8314649009491799 0
outer loop
vertex -21.683366775512695 -46.709228515625 0
vertex -21.829357147216797 -46.61167907714844 0
vertex -21.829357147216797 -46.61167907714844 1.7000000476837158
endloop
endfacet
facet normal 0 0 -1
outer loop
vertex -21.338951110839844 -46.709228515625 1.7000000476837158
vertex -21.511159896850586 -46.74348449707031 1.7000000476837158
vertex -21.338951110839844 -45.87773513793945 1.7000000476837158
endloop
endfacet
facet normal 0 0 -1
outer loop
vertex -21.192960739135742 -46.61167907714844 1.7000000476837158
vertex -21.338951110839844 -46.709228515625 1.7000000476837158
vertex -21.192960739135742 -45.975284576416016 1.7000000476837158
endloop
endfacet
facet normal 0 0 -1
outer loop
vertex -21.095413208007812 -46.46569061279297 1.7000000476837158
vertex -21.192960739135742 -46.61167907714844 1.7000000476837158
vertex -21.095413208007812 -46.12127685546875 1.7000000476837158
endloop
endfacet
facet normal 0 0 -1
outer loop
vertex -21.192960739135742 -45.975284576416016 1.7000000476837158
vertex -21.338951110839844 -46.709228515625 1.7000000476837158
vertex -21.338951110839844 -45.87773513793945 1.7000000476837158
endloop
endfacet
facet normal 0.1950798514286955 -0.9807873630744628 0
outer loop
vertex -21.511159896850586 -45.843482971191406 0
vertex -21.511159896850586 -45.843482971191406 1.7000000476837158
vertex -21.683366775512695 -45.87773513793945 0
endloop
endfacet
facet normal 0.5555772839934787 -0.8314649009491799 0
outer loop
vertex -21.683366775512695 -45.87773513793945 0
vertex -21.683366775512695 -45.87773513793945 1.7000000476837158
vertex -21.829357147216797 -45.975284576416016 0
endloop
endfacet
facet normal 0.8314732719568675 -0.5555647559208026 0
outer loop
vertex -21.926904678344727 -46.12127685546875 0
vertex -21.829357147216797 -45.975284576416016 0
vertex -21.829357147216797 -45.975284576416016 1.7000000476837158
endloop
endfacet
facet normal 0 0 -1
outer loop
vertex -21.192960739135742 -45.975284576416016 1.7000000476837158
vertex -21.095413208007812 -46.12127685546875 1.7000000476837158
vertex -21.192960739135742 -46.61167907714844 1.7000000476837158
endloop
endfacet
facet normal 0 0 -1
outer loop
vertex -21.061159133911133 -46.29348373413086 1.7000000476837158
vertex -21.095413208007812 -46.46569061279297 1.7000000476837158
vertex -21.095413208007812 -46.12127685546875 1.7000000476837158
endloop
endfacet
facet normal 0 0 -1
outer loop
vertex -21.511159896850586 -45.843482971191406 1.7000000476837158
vertex -21.683366775512695 -46.709228515625 1.7000000476837158
vertex -21.683366775512695 -45.87773513793945 1.7000000476837158
endloop
endfacet
facet normal 0.9807852845629332 -0.19509030110388895 0
outer loop
vertex -21.926904678344727 -46.12127685546875 0
vertex -21.926904678344727 -46.12127685546875 1.7000000476837158
vertex -21.961158752441406 -46.29348373413086 0
endloop
endfacet
facet normal 0 0 -1
outer loop
vertex -21.511159896850586 -46.74348449707031 1.7000000476837158
vertex -21.683366775512695 -46.709228515625 1.7000000476837158
vertex -21.511159896850586 -45.843482971191406 1.7000000476837158
endloop
endfacet
facet normal 0 0 -1
outer loop
vertex -21.829357147216797 -45.975284576416016 1.7000000476837158
vertex -21.926904678344727 -46.46569061279297 1.7000000476837158
vertex -21.926904678344727 -46.12127685546875 1.7000000476837158
endloop
endfacet
facet normal 0.8314665660174577 0.5555747920803612 0
outer loop
vertex -21.926904678344727 -46.46569061279297 0
vertex -21.926904678344727 -46.46569061279297 1.7000000476837158
vertex -21.829357147216797 -46.61167907714844 0
endloop
endfacet
facet normal 0 0 -1
outer loop
vertex -21.926904678344727 -46.46569061279297 1.7000000476837158
vertex -21.961158752441406 -46.29348373413086 1.7000000476837158
vertex -21.926904678344727 -46.12127685546875 1.7000000476837158
endloop
endfacet
facet normal 0.9807852845629332 0.19509030110388895 0
outer loop
vertex -21.961158752441406 -46.29348373413086 0
vertex -21.961158752441406 -46.29348373413086 1.7000000476837158
vertex -21.926904678344727 -46.46569061279297 0
endloop
endfacet
facet normal -0.1950986720690384 0.9807836194374872 0
outer loop
vertex -21.511159896850586 -46.74348449707031 0
vertex -21.511159896850586 -46.74348449707031 1.7000000476837158
vertex -21.338951110839844 -46.709228515625 0
endloop
endfacet
facet normal 0 0 -1
outer loop
vertex -21.829357147216797 -46.61167907714844 1.7000000476837158
vertex -21.926904678344727 -46.46569061279297 1.7000000476837158
vertex -21.829357147216797 -45.975284576416016 1.7000000476837158
endloop
endfacet
facet normal 0 0 -1
outer loop
vertex -21.829357147216797 -46.61167907714844 1.7000000476837158
vertex -21.829357147216797 -45.975284576416016 1.7000000476837158
vertex -21.683366775512695 -45.87773513793945 1.7000000476837158
endloop
endfacet
facet normal 0.1951007507126451 0.9807832059488795 0
outer loop
vertex -21.511159896850586 -46.74348449707031 0
vertex -21.683366775512695 -46.709228515625 0
vertex -21.683366775512695 -46.709228515625 1.7000000476837158
endloop
endfacet
facet normal 0.1950798514286955 -0.9807873630744628 0
outer loop
vertex -21.683366775512695 -45.87773513793945 1.7000000476837158
vertex -21.683366775512695 -45.87773513793945 0
vertex -21.511159896850586 -45.843482971191406 1.7000000476837158
endloop
endfacet
facet normal 0.8314732719568675 -0.5555647559208026 0
outer loop
vertex -21.926904678344727 -44.85127639770508 1.7000000476837158
vertex -21.926904678344727 -44.85127639770508 0
vertex -21.829357147216797 -44.705284118652344 1.7000000476837158
endloop
endfacet
facet normal 0.5555622638012966 -0.8314749371087372 0
outer loop
vertex -21.829357147216797 -44.705284118652344 1.7000000476837158
vertex -21.829357147216797 -44.705284118652344 0
vertex -21.683366775512695 -44.60773849487305 1.7000000476837158
endloop
endfacet
facet normal 0.8314732719568675 0.5555647559208026 0
outer loop
vertex -21.829357147216797 -45.34168243408203 0
vertex -21.926904678344727 -45.1956901550293 0
vertex -21.926904678344727 -45.1956901550293 1.7000000476837158
endloop
endfacet
facet normal 0.1951007507126451 0.9807832059488795 0
outer loop
vertex -21.511159896850586 -45.47348403930664 0
vertex -21.683366775512695 -45.43922805786133 0
vertex -21.683366775512695 -45.43922805786133 1.7000000476837158
endloop
endfacet
facet normal -0.1950986720690384 0.9807836194374872 0
outer loop
vertex -21.338951110839844 -45.43922805786133 0
vertex -21.511159896850586 -45.47348403930664 0
vertex -21.511159896850586 -45.47348403930664 1.7000000476837158
endloop
endfacet
facet normal 0.9807852845629332 0.19509030110388895 0
outer loop
vertex -21.961158752441406 -45.02348327636719 0
vertex -21.961158752441406 -45.02348327636719 1.7000000476837158
vertex -21.926904678344727 -45.1956901550293 0
endloop
endfacet
facet normal 0.9807852845629332 -0.19509030110388895 0
outer loop
vertex -21.926904678344727 -44.85127639770508 0
vertex -21.926904678344727 -44.85127639770508 1.7000000476837158
vertex -21.961158752441406 -45.02348327636719 0
endloop
endfacet
facet normal 0.8314732719568675 -0.5555647559208026 0
outer loop
vertex -21.926904678344727 -44.85127639770508 0
vertex -21.829357147216797 -44.705284118652344 0
vertex -21.829357147216797 -44.705284118652344 1.7000000476837158
endloop
endfacet
facet normal 0.5555622638012966 -0.8314749371087372 0
outer loop
vertex -21.683366775512695 -44.60773849487305 0
vertex -21.683366775512695 -44.60773849487305 1.7000000476837158
vertex -21.829357147216797 -44.705284118652344 0
endloop
endfacet
facet normal 0.1951007507126451 -0.9807832059488795 0
outer loop
vertex -21.511159896850586 -44.573482513427734 0
vertex -21.511159896850586 -44.573482513427734 1.7000000476837158
vertex -21.683366775512695 -44.60773849487305 0
endloop
endfacet
facet normal 0 0 -1
outer loop
vertex -21.926904678344727 -45.1956901550293 1.7000000476837158
vertex -21.961158752441406 -45.02348327636719 1.7000000476837158
vertex -21.926904678344727 -44.85127639770508 1.7000000476837158
endloop
endfacet
facet normal 0 0 -1
outer loop
vertex -21.829357147216797 -45.34168243408203 1.7000000476837158
vertex -21.926904678344727 -45.1956901550293 1.7000000476837158
vertex -21.829357147216797 -44.705284118652344 1.7000000476837158
endloop
endfacet
facet normal 0 0 -1
outer loop
vertex -21.829357147216797 -44.705284118652344 1.7000000476837158
vertex -21.926904678344727 -45.1956901550293 1.7000000476837158
vertex -21.926904678344727 -44.85127639770508 1.7000000476837158
endloop
endfacet
facet normal 0 0 -1
outer loop
vertex -21.683366775512695 -44.60773849487305 1.7000000476837158
vertex -21.829357147216797 -45.34168243408203 1.7000000476837158
vertex -21.829357147216797 -44.705284118652344 1.7000000476837158
endloop
endfacet
facet normal 0 0 -1
outer loop
vertex -21.511159896850586 -44.573482513427734 1.7000000476837158
vertex -21.683366775512695 -45.43922805786133 1.7000000476837158
vertex -21.683366775512695 -44.60773849487305 1.7000000476837158
endloop
endfacet
facet normal 0 0 -1
outer loop
vertex -21.511159896850586 -45.47348403930664 1.7000000476837158
vertex -21.511159896850586 -44.573482513427734 1.7000000476837158
vertex -21.338951110839844 -44.60773849487305 1.7000000476837158
endloop
endfacet
facet normal 0.5555622638012966 0.8314749371087372 0
outer loop
vertex -21.683366775512695 -45.43922805786133 0
vertex -21.829357147216797 -45.34168243408203 0
vertex -21.829357147216797 -45.34168243408203 1.7000000476837158
endloop
endfacet
facet normal 0.9807852845629332 0.19509030110388895 0
outer loop
vertex -21.926904678344727 -45.1956901550293 1.7000000476837158
vertex -21.926904678344727 -45.1956901550293 0
vertex -21.961158752441406 -45.02348327636719 1.7000000476837158
endloop
endfacet
facet normal 0.8314732719568675 0.5555647559208026 0
outer loop
vertex -21.829357147216797 -45.34168243408203 1.7000000476837158
vertex -21.829357147216797 -45.34168243408203 0
vertex -21.926904678344727 -45.1956901550293 1.7000000476837158
endloop
endfacet
facet normal 0.5555622638012966 0.8314749371087372 0
outer loop
vertex -21.683366775512695 -45.43922805786133 1.7000000476837158
vertex -21.683366775512695 -45.43922805786133 0
vertex -21.829357147216797 -45.34168243408203 1.7000000476837158
endloop
endfacet
facet normal 0.1951007507126451 0.9807832059488795 0
outer loop
vertex -21.511159896850586 -45.47348403930664 1.7000000476837158
vertex -21.511159896850586 -45.47348403930664 0
vertex -21.683366775512695 -45.43922805786133 1.7000000476837158
endloop
endfacet
facet normal 0.9807852845629332 -0.19509030110388895 0
outer loop
vertex -21.961158752441406 -45.02348327636719 1.7000000476837158
vertex -21.961158752441406 -45.02348327636719 0
vertex -21.926904678344727 -44.85127639770508 1.7000000476837158
endloop
endfacet
facet normal 0 0 -1
outer loop
vertex -21.338951110839844 -45.43922805786133 1.7000000476837158
vertex -21.511159896850586 -45.47348403930664 1.7000000476837158
vertex -21.338951110839844 -44.60773849487305 1.7000000476837158
endloop
endfacet
facet normal 0 0 -1
outer loop
vertex -21.192960739135742 -45.34168243408203 1.7000000476837158
vertex -21.338951110839844 -45.43922805786133 1.7000000476837158
vertex -21.192960739135742 -44.705284118652344 1.7000000476837158
endloop
endfacet
facet normal 0 0 -1
outer loop
vertex -21.095413208007812 -45.1956901550293 1.7000000476837158
vertex -21.192960739135742 -45.34168243408203 1.7000000476837158
vertex -21.095413208007812 -44.85127639770508 1.7000000476837158
endloop
endfacet
facet normal 0 0 -1
outer loop
vertex -21.338951110839844 -44.60773849487305 1.7000000476837158
vertex -21.192960739135742 -44.705284118652344 1.7000000476837158
vertex -21.338951110839844 -45.43922805786133 1.7000000476837158
endloop
endfacet
facet normal 0 0 -1
outer loop
vertex -21.192960739135742 -44.705284118652344 1.7000000476837158
vertex -21.095413208007812 -44.85127639770508 1.7000000476837158
vertex -21.192960739135742 -45.34168243408203 1.7000000476837158
endloop
endfacet
facet normal 0 0 -1
outer loop
vertex -21.061159133911133 -45.02348327636719 1.7000000476837158
vertex -21.095413208007812 -45.1956901550293 1.7000000476837158
vertex -21.095413208007812 -44.85127639770508 1.7000000476837158
endloop
endfacet
facet normal -0.5555622638012966 -0.8314749371087372 0
outer loop
vertex -21.338951110839844 -44.60773849487305 1.7000000476837158
vertex -21.338951110839844 -44.60773849487305 0
vertex -21.192960739135742 -44.705284118652344 1.7000000476837158
endloop
endfacet
facet normal -0.9807852845629332 -0.19509030110388895 0
outer loop
vertex -21.095413208007812 -44.85127639770508 1.7000000476837158
vertex -21.095413208007812 -44.85127639770508 0
vertex -21.061159133911133 -45.02348327636719 1.7000000476837158
endloop
endfacet
facet normal -0.9807852845629332 0.19509030110388895 0
outer loop
vertex -21.061159133911133 -45.02348327636719 1.7000000476837158
vertex -21.061159133911133 -45.02348327636719 0
vertex -21.095413208007812 -45.1956901550293 1.7000000476837158
endloop
endfacet
facet normal -0.8314732719568675 -0.5555647559208026 0
outer loop
vertex -21.192960739135742 -44.705284118652344 1.7000000476837158
vertex -21.192960739135742 -44.705284118652344 0
vertex -21.095413208007812 -44.85127639770508 1.7000000476837158
endloop
endfacet
facet normal -0.8314732719568675 0.5555647559208026 0
outer loop
vertex -21.095413208007812 -45.1956901550293 1.7000000476837158
vertex -21.095413208007812 -45.1956901550293 0
vertex -21.192960739135742 -45.34168243408203 1.7000000476837158
endloop
endfacet
facet normal -0.1950986720690384 -0.9807836194374872 0
outer loop
vertex -21.511159896850586 -44.573482513427734 1.7000000476837158
vertex -21.511159896850586 -44.573482513427734 0
vertex -21.338951110839844 -44.60773849487305 1.7000000476837158
endloop
endfacet
facet normal -0.5555622638012966 0.8314749371087372 0
outer loop
vertex -21.192960739135742 -45.34168243408203 1.7000000476837158
vertex -21.192960739135742 -45.34168243408203 0
vertex -21.338951110839844 -45.43922805786133 1.7000000476837158
endloop
endfacet
facet normal -0.1950986720690384 0.9807836194374872 0
outer loop
vertex -21.338951110839844 -45.43922805786133 1.7000000476837158
vertex -21.338951110839844 -45.43922805786133 0
vertex -21.511159896850586 -45.47348403930664 1.7000000476837158
endloop
endfacet
facet normal 0 0 -1
outer loop
vertex -21.683366775512695 -45.43922805786133 1.7000000476837158
vertex -21.829357147216797 -45.34168243408203 1.7000000476837158
vertex -21.683366775512695 -44.60773849487305 1.7000000476837158
endloop
endfacet
facet normal -0.5555622638012966 0.8314749371087372 0
outer loop
vertex -21.192960739135742 -45.34168243408203 0
vertex -21.338951110839844 -45.43922805786133 0
vertex -21.338951110839844 -45.43922805786133 1.7000000476837158
endloop
endfacet
facet normal -0.8314732719568675 0.5555647559208026 0
outer loop
vertex -21.095413208007812 -45.1956901550293 0
vertex -21.192960739135742 -45.34168243408203 0
vertex -21.192960739135742 -45.34168243408203 1.7000000476837158
endloop
endfacet
facet normal -0.9807852845629332 0.19509030110388895 0
outer loop
vertex -21.061159133911133 -45.02348327636719 0
vertex -21.095413208007812 -45.1956901550293 0
vertex -21.095413208007812 -45.1956901550293 1.7000000476837158
endloop
endfacet
facet normal -0.8314732719568675 -0.5555647559208026 0
outer loop
vertex -21.192960739135742 -44.705284118652344 0
vertex -21.095413208007812 -44.85127639770508 0
vertex -21.095413208007812 -44.85127639770508 1.7000000476837158
endloop
endfacet
facet normal -0.5555622638012966 -0.8314749371087372 0
outer loop
vertex -21.338951110839844 -44.60773849487305 0
vertex -21.192960739135742 -44.705284118652344 0
vertex -21.192960739135742 -44.705284118652344 1.7000000476837158
endloop
endfacet
facet normal -0.9807852845629332 -0.19509030110388895 0
outer loop
vertex -21.061159133911133 -45.02348327636719 0
vertex -21.061159133911133 -45.02348327636719 1.7000000476837158
vertex -21.095413208007812 -44.85127639770508 0
endloop
endfacet
facet normal -0.1950986720690384 -0.9807836194374872 0
outer loop
vertex -21.338951110839844 -44.60773849487305 1.7000000476837158
vertex -21.511159896850586 -44.573482513427734 0
vertex -21.338951110839844 -44.60773849487305 0
endloop
endfacet
facet normal 0.1951007507126451 -0.9807832059488795 0
outer loop
vertex -21.683366775512695 -44.60773849487305 1.7000000476837158
vertex -21.683366775512695 -44.60773849487305 0
vertex -21.511159896850586 -44.573482513427734 1.7000000476837158
endloop
endfacet
facet normal 0 0 -1
outer loop
vertex -21.511159896850586 -45.47348403930664 1.7000000476837158
vertex -21.683366775512695 -45.43922805786133 1.7000000476837158
vertex -21.511159896850586 -44.573482513427734 1.7000000476837158
endloop
endfacet
facet normal 0 0 -1
outer loop
vertex -21.338951110839844 -44.169227600097656 1.7000000476837158
vertex -21.511159896850586 -44.20348358154297 1.7000000476837158
vertex -21.338951110839844 -43.337738037109375 1.7000000476837158
endloop
endfacet
facet normal 0.1951007507126451 0.9807832059488795 0
outer loop
vertex -21.683366775512695 -44.169227600097656 0
vertex -21.683366775512695 -44.169227600097656 1.7000000476837158
vertex -21.511159896850586 -44.20348358154297 0
endloop
endfacet
facet normal -0.1950986720690384 0.9807836194374872 0
outer loop
vertex -21.511159896850586 -44.20348358154297 0
vertex -21.511159896850586 -44.20348358154297 1.7000000476837158
vertex -21.338951110839844 -44.169227600097656 0
endloop
endfacet
facet normal 0.5555622638012966 0.8314749371087372 0
outer loop
vertex -21.683366775512695 -44.169227600097656 0
vertex -21.829357147216797 -44.07168197631836 0
vertex -21.829357147216797 -44.07168197631836 1.7000000476837158
endloop
endfacet
facet normal 0.8314732719568675 0.5555647559208026 0
outer loop
vertex -21.829357147216797 -44.07168197631836 0
vertex -21.926904678344727 -43.925689697265625 0
vertex -21.926904678344727 -43.925689697265625 1.7000000476837158
endloop
endfacet
facet normal 0.9807852845629332 0.19509030110388895 0
outer loop
vertex -21.961158752441406 -43.753482818603516 0
vertex -21.961158752441406 -43.753482818603516 1.7000000476837158
vertex -21.926904678344727 -43.925689697265625 0
endloop
endfacet
facet normal 0.9807852845629332 -0.19509030110388895 0
outer loop
vertex -21.926904678344727 -43.581275939941406 0
vertex -21.926904678344727 -43.581275939941406 1.7000000476837158
vertex -21.961158752441406 -43.753482818603516 0
endloop
endfacet
facet normal 0 0 -1
outer loop
vertex -21.926904678344727 -43.925689697265625 1.7000000476837158
vertex -21.961158752441406 -43.753482818603516 1.7000000476837158
vertex -21.926904678344727 -43.581275939941406 1.7000000476837158
endloop
endfacet
facet normal 0 0 -1
outer loop
vertex -21.829357147216797 -44.07168197631836 1.7000000476837158
vertex -21.926904678344727 -43.925689697265625 1.7000000476837158
vertex -21.829357147216797 -43.43528366088867 1.7000000476837158
endloop
endfacet
facet normal 0 0 -1
outer loop
vertex -21.683366775512695 -44.169227600097656 1.7000000476837158
vertex -21.829357147216797 -44.07168197631836 1.7000000476837158
vertex -21.683366775512695 -43.337738037109375 1.7000000476837158
endloop
endfacet
facet normal 0 0 -1
outer loop
vertex -21.511159896850586 -44.20348358154297 1.7000000476837158
vertex -21.683366775512695 -44.169227600097656 1.7000000476837158
vertex -21.511159896850586 -43.30348205566406 1.7000000476837158
endloop
endfacet
facet normal 0 0 -1
outer loop
vertex -21.829357147216797 -43.43528366088867 1.7000000476837158
vertex -21.926904678344727 -43.925689697265625 1.7000000476837158
vertex -21.926904678344727 -43.581275939941406 1.7000000476837158
endloop
endfacet
facet normal 0 0 -1
outer loop
vertex -21.683366775512695 -43.337738037109375 1.7000000476837158
vertex -21.829357147216797 -44.07168197631836 1.7000000476837158
vertex -21.829357147216797 -43.43528366088867 1.7000000476837158
endloop
endfacet
facet normal 0 0 -1
outer loop
vertex -21.511159896850586 -43.30348205566406 1.7000000476837158
vertex -21.683366775512695 -44.169227600097656 1.7000000476837158
vertex -21.683366775512695 -43.337738037109375 1.7000000476837158
endloop
endfacet
facet normal 0 0 -1
outer loop
vertex -21.511159896850586 -44.20348358154297 1.7000000476837158
vertex -21.511159896850586 -43.30348205566406 1.7000000476837158
vertex -21.338951110839844 -43.337738037109375 1.7000000476837158
endloop
endfacet
facet normal -0.5555622638012966 -0.8314749371087372 0
outer loop
vertex -21.192960739135742 -43.43528366088867 0
vertex -21.192960739135742 -43.43528366088867 1.7000000476837158
vertex -21.338951110839844 -43.337738037109375 0
endloop
endfacet
facet normal -0.1950986720690384 -0.9807836194374872 0
outer loop
vertex -21.338951110839844 -43.337738037109375 1.7000000476837158
vertex -21.511159896850586 -43.30348205566406 0
vertex -21.338951110839844 -43.337738037109375 0
endloop
endfacet
facet normal -0.8314732719568675 -0.5555647559208026 0
outer loop
vertex -21.192960739135742 -43.43528366088867 0
vertex -21.095413208007812 -43.581275939941406 0
vertex -21.095413208007812 -43.581275939941406 1.7000000476837158
endloop
endfacet
facet normal -0.9807852845629332 -0.19509030110388895 0
outer loop
vertex -21.095413208007812 -43.581275939941406 0
vertex -21.061159133911133 -43.753482818603516 0
vertex -21.061159133911133 -43.753482818603516 1.7000000476837158
endloop
endfacet
facet normal -0.9807852845629332 0.19509030110388895 0
outer loop
vertex -21.061159133911133 -43.753482818603516 0
vertex -21.095413208007812 -43.925689697265625 0
vertex -21.095413208007812 -43.925689697265625 1.7000000476837158
endloop
endfacet
facet normal -0.8314732719568675 0.5555647559208026 0
outer loop
vertex -21.095413208007812 -43.925689697265625 0
vertex -21.192960739135742 -44.07168197631836 0
vertex -21.192960739135742 -44.07168197631836 1.7000000476837158
endloop
endfacet
facet normal -0.5555622638012966 0.8314749371087372 0
outer loop
vertex -21.192960739135742 -44.07168197631836 0
vertex -21.338951110839844 -44.169227600097656 0
vertex -21.338951110839844 -44.169227600097656 1.7000000476837158
endloop
endfacet
facet normal 0.8314732719568675 -0.5555647559208026 0
outer loop
vertex -21.926904678344727 -43.581275939941406 0
vertex -21.829357147216797 -43.43528366088867 0
vertex -21.829357147216797 -43.43528366088867 1.7000000476837158
endloop
endfacet
facet normal 0.9807852845629332 -0.19509030110388895 0
outer loop
vertex -21.961158752441406 -43.753482818603516 1.7000000476837158
vertex -21.961158752441406 -43.753482818603516 0
vertex -21.926904678344727 -43.581275939941406 1.7000000476837158
endloop
endfacet
facet normal 0.5555622638012966 -0.8314749371087372 0
outer loop
vertex -21.683366775512695 -43.337738037109375 0
vertex -21.683366775512695 -43.337738037109375 1.7000000476837158
vertex -21.829357147216797 -43.43528366088867 0
endloop
endfacet
facet normal 0.1951007507126451 -0.9807832059488795 0
outer loop
vertex -21.511159896850586 -43.30348205566406 0
vertex -21.511159896850586 -43.30348205566406 1.7000000476837158
vertex -21.683366775512695 -43.337738037109375 0
endloop
endfacet
facet normal 0.9807852845629332 0.19509030110388895 0
outer loop
vertex -21.926904678344727 -43.925689697265625 1.7000000476837158
vertex -21.926904678344727 -43.925689697265625 0
vertex -21.961158752441406 -43.753482818603516 1.7000000476837158
endloop
endfacet
facet normal 0.8314732719568675 0.5555647559208026 0
outer loop
vertex -21.829357147216797 -44.07168197631836 1.7000000476837158
vertex -21.829357147216797 -44.07168197631836 0
vertex -21.926904678344727 -43.925689697265625 1.7000000476837158
endloop
endfacet
facet normal 0.1951007507126451 0.9807832059488795 0
outer loop
vertex -21.511159896850586 -44.20348358154297 1.7000000476837158
vertex -21.511159896850586 -44.20348358154297 0
vertex -21.683366775512695 -44.169227600097656 1.7000000476837158
endloop
endfacet
facet normal -0.1950986720690384 0.9807836194374872 0
outer loop
vertex -21.338951110839844 -44.169227600097656 1.7000000476837158
vertex -21.338951110839844 -44.169227600097656 0
vertex -21.511159896850586 -44.20348358154297 1.7000000476837158
endloop
endfacet
facet normal -0.5555622638012966 0.8314749371087372 0
outer loop
vertex -21.192960739135742 -44.07168197631836 1.7000000476837158
vertex -21.192960739135742 -44.07168197631836 0
vertex -21.338951110839844 -44.169227600097656 1.7000000476837158
endloop
endfacet
facet normal -0.8314732719568675 0.5555647559208026 0
outer loop
vertex -21.095413208007812 -43.925689697265625 1.7000000476837158
vertex -21.095413208007812 -43.925689697265625 0
vertex -21.192960739135742 -44.07168197631836 1.7000000476837158
endloop
endfacet
facet normal -0.9807852845629332 0.19509030110388895 0
outer loop
vertex -21.061159133911133 -43.753482818603516 1.7000000476837158
vertex -21.061159133911133 -43.753482818603516 0
vertex -21.095413208007812 -43.925689697265625 1.7000000476837158
endloop
endfacet
facet normal -0.8314732719568675 -0.5555647559208026 0
outer loop
vertex -21.192960739135742 -43.43528366088867 1.7000000476837158
vertex -21.192960739135742 -43.43528366088867 0
vertex -21.095413208007812 -43.581275939941406 1.7000000476837158
endloop
endfacet
facet normal -0.5555622638012966 -0.8314749371087372 0
outer loop
vertex -21.338951110839844 -43.337738037109375 1.7000000476837158
vertex -21.338951110839844 -43.337738037109375 0
vertex -21.192960739135742 -43.43528366088867 1.7000000476837158
endloop
endfacet
facet normal -0.9807852845629332 -0.19509030110388895 0
outer loop
vertex -21.095413208007812 -43.581275939941406 1.7000000476837158
vertex -21.095413208007812 -43.581275939941406 0
vertex -21.061159133911133 -43.753482818603516 1.7000000476837158
endloop
endfacet
facet normal 0.5555622638012966 0.8314749371087372 0
outer loop
vertex -21.683366775512695 -44.169227600097656 1.7000000476837158
vertex -21.683366775512695 -44.169227600097656 0
vertex -21.829357147216797 -44.07168197631836 1.7000000476837158
endloop
endfacet
facet normal 0 0 -1
outer loop
vertex -21.192960739135742 -43.43528366088867 1.7000000476837158
vertex -21.338951110839844 -44.169227600097656 1.7000000476837158
vertex -21.338951110839844 -43.337738037109375 1.7000000476837158
endloop
endfacet
facet normal -0.1950986720690384 -0.9807836194374872 0
outer loop
vertex -21.511159896850586 -43.30348205566406 1.7000000476837158
vertex -21.511159896850586 -43.30348205566406 0
vertex -21.338951110839844 -43.337738037109375 1.7000000476837158
endloop
endfacet
facet normal 0.1951007507126451 -0.9807832059488795 0
outer loop
vertex -21.683366775512695 -43.337738037109375 1.7000000476837158
vertex -21.683366775512695 -43.337738037109375 0
vertex -21.511159896850586 -43.30348205566406 1.7000000476837158
endloop
endfacet
facet normal 0.5555622638012966 -0.8314749371087372 0
outer loop
vertex -21.829357147216797 -43.43528366088867 1.7000000476837158
vertex -21.829357147216797 -43.43528366088867 0
vertex -21.683366775512695 -43.337738037109375 1.7000000476837158
endloop
endfacet
facet normal 0.8314732719568675 -0.5555647559208026 0
outer loop
vertex -21.926904678344727 -43.581275939941406 1.7000000476837158
vertex -21.926904678344727 -43.581275939941406 0
vertex -21.829357147216797 -43.43528366088867 1.7000000476837158
endloop
endfacet
facet normal 0 0 -1
outer loop
vertex -21.061159133911133 -43.753482818603516 1.7000000476837158
vertex -21.095413208007812 -43.925689697265625 1.7000000476837158
vertex -21.095413208007812 -43.581275939941406 1.7000000476837158
endloop
endfacet
facet normal 0 0 -1
outer loop
vertex -21.192960739135742 -43.43528366088867 1.7000000476837158
vertex -21.095413208007812 -43.581275939941406 1.7000000476837158
vertex -21.192960739135742 -44.07168197631836 1.7000000476837158
endloop
endfacet
facet normal 0 0 -1
outer loop
vertex -21.095413208007812 -43.925689697265625 1.7000000476837158
vertex -21.192960739135742 -44.07168197631836 1.7000000476837158
vertex -21.095413208007812 -43.581275939941406 1.7000000476837158
endloop
endfacet
facet normal 0 0 -1
outer loop
vertex -21.192960739135742 -44.07168197631836 1.7000000476837158
vertex -21.338951110839844 -44.169227600097656 1.7000000476837158
vertex -21.192960739135742 -43.43528366088867 1.7000000476837158
endloop
endfacet
facet normal -0.5555622638012966 -0.8314749371087372 0
outer loop
vertex -21.192960739135742 -42.165283203125 0
vertex -21.192960739135742 -42.165283203125 1.7000000476837158
vertex -21.338951110839844 -42.0677375793457 0
endloop
endfacet
facet normal -0.1950986720690384 -0.9807836194374872 0
outer loop
vertex -21.338951110839844 -42.0677375793457 1.7000000476837158
vertex -21.511159896850586 -42.03348159790039 0
vertex -21.338951110839844 -42.0677375793457 0
endloop
endfacet
facet normal 0.5555622638012966 -0.8314749371087372 0
outer loop
vertex -21.683366775512695 -42.0677375793457 0
vertex -21.683366775512695 -42.0677375793457 1.7000000476837158
vertex -21.829357147216797 -42.165283203125 0
endloop
endfacet
facet normal 0.8314732719568675 -0.5555647559208026 0
outer loop
vertex -21.926904678344727 -42.311275482177734 0
vertex -21.829357147216797 -42.165283203125 0
vertex -21.829357147216797 -42.165283203125 1.7000000476837158
endloop
endfacet
facet normal 0.9807852845629332 -0.19509030110388895 0
outer loop
vertex -21.926904678344727 -42.311275482177734 0
vertex -21.926904678344727 -42.311275482177734 1.7000000476837158
vertex -21.961158752441406 -42.483482360839844 0
endloop
endfacet
facet normal 0.8314732719568675 0.5555647559208026 0
outer loop
vertex -21.829357147216797 -42.80168151855469 0
vertex -21.926904678344727 -42.65568923950195 0
vertex -21.926904678344727 -42.65568923950195 1.7000000476837158
endloop
endfacet
facet normal 0.9807852845629332 0.19509030110388895 0
outer loop
vertex -21.961158752441406 -42.483482360839844 0
vertex -21.961158752441406 -42.483482360839844 1.7000000476837158
vertex -21.926904678344727 -42.65568923950195 0
endloop
endfacet
facet normal 0.8314732719568675 0.5555647559208026 0
outer loop
vertex -21.829357147216797 -42.80168151855469 1.7000000476837158
vertex -21.829357147216797 -42.80168151855469 0
vertex -21.926904678344727 -42.65568923950195 1.7000000476837158
endloop
endfacet
facet normal 0.5555622638012966 0.8314749371087372 0
outer loop
vertex -21.683366775512695 -42.899227142333984 1.7000000476837158
vertex -21.683366775512695 -42.899227142333984 0
vertex -21.829357147216797 -42.80168151855469 1.7000000476837158
endloop
endfacet
facet normal 0 0 -1
outer loop
vertex -21.338951110839844 -42.899227142333984 1.7000000476837158
vertex -21.511159896850586 -42.9334831237793 1.7000000476837158
vertex -21.338951110839844 -42.0677375793457 1.7000000476837158
endloop
endfacet
facet normal 0 0 -1
outer loop
vertex -21.192960739135742 -42.80168151855469 1.7000000476837158
vertex -21.338951110839844 -42.899227142333984 1.7000000476837158
vertex -21.192960739135742 -42.165283203125 1.7000000476837158
endloop
endfacet
facet normal 0 0 -1
outer loop
vertex -21.095413208007812 -42.65568923950195 1.7000000476837158
vertex -21.192960739135742 -42.80168151855469 1.7000000476837158
vertex -21.095413208007812 -42.311275482177734 1.7000000476837158
endloop
endfacet
facet normal 0 0 -1
outer loop
vertex -21.192960739135742 -42.165283203125 1.7000000476837158
vertex -21.338951110839844 -42.899227142333984 1.7000000476837158
vertex -21.338951110839844 -42.0677375793457 1.7000000476837158
endloop
endfacet
facet normal 0 0 -1
outer loop
vertex -21.192960739135742 -42.165283203125 1.7000000476837158
vertex -21.095413208007812 -42.311275482177734 1.7000000476837158
vertex -21.192960739135742 -42.80168151855469 1.7000000476837158
endloop
endfacet
facet normal 0 0 -1
outer loop
vertex -21.061159133911133 -42.483482360839844 1.7000000476837158
vertex -21.095413208007812 -42.65568923950195 1.7000000476837158
vertex -21.095413208007812 -42.311275482177734 1.7000000476837158
endloop
endfacet
facet normal -0.8314732719568675 -0.5555647559208026 0
outer loop
vertex -21.192960739135742 -42.165283203125 1.7000000476837158
vertex -21.192960739135742 -42.165283203125 0
vertex -21.095413208007812 -42.311275482177734 1.7000000476837158
endloop
endfacet
facet normal -0.5555622638012966 -0.8314749371087372 0
outer loop
vertex -21.338951110839844 -42.0677375793457 1.7000000476837158
vertex -21.338951110839844 -42.0677375793457 0
vertex -21.192960739135742 -42.165283203125 1.7000000476837158
endloop
endfacet
facet normal -0.9807852845629332 -0.19509030110388895 0
outer loop
vertex -21.095413208007812 -42.311275482177734 1.7000000476837158
vertex -21.095413208007812 -42.311275482177734 0
vertex -21.061159133911133 -42.483482360839844 1.7000000476837158
endloop
endfacet
facet normal -0.9807852845629332 0.19509030110388895 0
outer loop
vertex -21.061159133911133 -42.483482360839844 1.7000000476837158
vertex -21.061159133911133 -42.483482360839844 0
vertex -21.095413208007812 -42.65568923950195 1.7000000476837158
endloop
endfacet
facet normal -0.8314732719568675 0.5555647559208026 0
outer loop
vertex -21.095413208007812 -42.65568923950195 1.7000000476837158
vertex -21.095413208007812 -42.65568923950195 0
vertex -21.192960739135742 -42.80168151855469 1.7000000476837158
endloop
endfacet
facet normal -0.5555622638012966 0.8314749371087372 0
outer loop
vertex -21.192960739135742 -42.80168151855469 1.7000000476837158
vertex -21.192960739135742 -42.80168151855469 0
vertex -21.338951110839844 -42.899227142333984 1.7000000476837158
endloop
endfacet
facet normal -0.1950986720690384 0.9807836194374872 0
outer loop
vertex -21.338951110839844 -42.899227142333984 1.7000000476837158
vertex -21.338951110839844 -42.899227142333984 0
vertex -21.511159896850586 -42.9334831237793 1.7000000476837158
endloop
endfacet
facet normal 0.1951007507126451 0.9807832059488795 0
outer loop
vertex -21.511159896850586 -42.9334831237793 1.7000000476837158
vertex -21.511159896850586 -42.9334831237793 0
vertex -21.683366775512695 -42.899227142333984 1.7000000476837158
endloop
endfacet
facet normal 0.9807852845629332 0.19509030110388895 0
outer loop
vertex -21.926904678344727 -42.65568923950195 1.7000000476837158
vertex -21.926904678344727 -42.65568923950195 0
vertex -21.961158752441406 -42.483482360839844 1.7000000476837158
endloop
endfacet
facet normal 0.9807852845629332 -0.19509030110388895 0
outer loop
vertex -21.961158752441406 -42.483482360839844 1.7000000476837158
vertex -21.961158752441406 -42.483482360839844 0
vertex -21.926904678344727 -42.311275482177734 1.7000000476837158
endloop
endfacet
facet normal 0.8314732719568675 -0.5555647559208026 0
outer loop
vertex -21.926904678344727 -42.311275482177734 1.7000000476837158
vertex -21.926904678344727 -42.311275482177734 0
vertex -21.829357147216797 -42.165283203125 1.7000000476837158
endloop
endfacet
facet normal 0.5555622638012966 -0.8314749371087372 0
outer loop
vertex -21.829357147216797 -42.165283203125 1.7000000476837158
vertex -21.829357147216797 -42.165283203125 0
vertex -21.683366775512695 -42.0677375793457 1.7000000476837158
endloop
endfacet
facet normal 0.1951007507126451 -0.9807832059488795 0
outer loop
vertex -21.683366775512695 -42.0677375793457 1.7000000476837158
vertex -21.683366775512695 -42.0677375793457 0
vertex -21.511159896850586 -42.03348159790039 1.7000000476837158
endloop
endfacet
facet normal -0.1950986720690384 -0.9807836194374872 0
outer loop
vertex -21.511159896850586 -42.03348159790039 1.7000000476837158
vertex -21.511159896850586 -42.03348159790039 0
vertex -21.338951110839844 -42.0677375793457 1.7000000476837158
endloop
endfacet
facet normal -0.1950986720690384 0.9807836194374872 0
outer loop
vertex -21.511159896850586 -42.9334831237793 0
vertex -21.511159896850586 -42.9334831237793 1.7000000476837158
vertex -21.338951110839844 -42.899227142333984 0
endloop
endfacet
facet normal 0.1951007507126451 0.9807832059488795 0
outer loop
vertex -21.511159896850586 -42.9334831237793 0
vertex -21.683366775512695 -42.899227142333984 0
vertex -21.683366775512695 -42.899227142333984 1.7000000476837158
endloop
endfacet
facet normal 0.5555622638012966 0.8314749371087372 0
outer loop
vertex -21.683366775512695 -42.899227142333984 0
vertex -21.829357147216797 -42.80168151855469 0
vertex -21.829357147216797 -42.80168151855469 1.7000000476837158
endloop
endfacet
facet normal 0 0 -1
outer loop
vertex -21.511159896850586 -42.9334831237793 1.7000000476837158
vertex -21.511159896850586 -42.03348159790039 1.7000000476837158
vertex -21.338951110839844 -42.0677375793457 1.7000000476837158
endloop
endfacet
facet normal 0 0 -1
outer loop
vertex -21.511159896850586 -42.03348159790039 1.7000000476837158
vertex -21.683366775512695 -42.899227142333984 1.7000000476837158
vertex -21.683366775512695 -42.0677375793457 1.7000000476837158
endloop
endfacet
facet normal 0 0 -1
outer loop
vertex -21.511159896850586 -42.9334831237793 1.7000000476837158
vertex -21.683366775512695 -42.899227142333984 1.7000000476837158
vertex -21.511159896850586 -42.03348159790039 1.7000000476837158
endloop
endfacet
facet normal 0 0 -1
outer loop
vertex -21.683366775512695 -42.899227142333984 1.7000000476837158
vertex -21.829357147216797 -42.80168151855469 1.7000000476837158
vertex -21.683366775512695 -42.0677375793457 1.7000000476837158
endloop
endfacet
facet normal 0 0 -1
outer loop
vertex -21.829357147216797 -42.80168151855469 1.7000000476837158
vertex -21.829357147216797 -42.165283203125 1.7000000476837158
vertex -21.683366775512695 -42.0677375793457 1.7000000476837158
endloop
endfacet
facet normal 0 0 -1
outer loop
vertex -21.829357147216797 -42.165283203125 1.7000000476837158
vertex -21.926904678344727 -42.65568923950195 1.7000000476837158
vertex -21.926904678344727 -42.311275482177734 1.7000000476837158
endloop
endfacet
facet normal 0 0 -1
outer loop
vertex -21.926904678344727 -42.65568923950195 1.7000000476837158
vertex -21.961158752441406 -42.483482360839844 1.7000000476837158
vertex -21.926904678344727 -42.311275482177734 1.7000000476837158
endloop
endfacet
facet normal 0 0 -1
outer loop
vertex -21.829357147216797 -42.80168151855469 1.7000000476837158
vertex -21.926904678344727 -42.65568923950195 1.7000000476837158
vertex -21.829357147216797 -42.165283203125 1.7000000476837158
endloop
endfacet
facet normal -0.5555622638012966 0.8314749371087372 0
outer loop
vertex -21.192960739135742 -42.80168151855469 0
vertex -21.338951110839844 -42.899227142333984 0
vertex -21.338951110839844 -42.899227142333984 1.7000000476837158
endloop
endfacet
facet normal -0.8314732719568675 0.5555647559208026 0
outer loop
vertex -21.095413208007812 -42.65568923950195 0
vertex -21.192960739135742 -42.80168151855469 0
vertex -21.192960739135742 -42.80168151855469 1.7000000476837158
endloop
endfacet
facet normal -0.8314732719568675 -0.5555647559208026 0
outer loop
vertex -21.192960739135742 -42.165283203125 0
vertex -21.095413208007812 -42.311275482177734 0
vertex -21.095413208007812 -42.311275482177734 1.7000000476837158
endloop
endfacet
facet normal -0.9807852845629332 0.19509030110388895 0
outer loop
vertex -21.061159133911133 -42.483482360839844 0
vertex -21.095413208007812 -42.65568923950195 0
vertex -21.095413208007812 -42.65568923950195 1.7000000476837158
endloop
endfacet
facet normal -0.9807852845629332 -0.19509030110388895 0
outer loop
vertex -21.061159133911133 -42.483482360839844 0
vertex -21.061159133911133 -42.483482360839844 1.7000000476837158
vertex -21.095413208007812 -42.311275482177734 0
endloop
endfacet
facet normal 0.1951007507126451 -0.9807832059488795 0
outer loop
vertex -21.511159896850586 -42.03348159790039 0
vertex -21.511159896850586 -42.03348159790039 1.7000000476837158
vertex -21.683366775512695 -42.0677375793457 0
endloop
endfacet
facet normal 0.5555622638012966 -0.8314749371087372 0
outer loop
vertex -21.683366775512695 -40.79773712158203 0
vertex -21.683366775512695 -40.79773712158203 1.7000000476837158
vertex -21.829357147216797 -40.89528274536133 0
endloop
endfacet
facet normal -0.1950986720690384 0.9807836194374872 0
outer loop
vertex -21.338951110839844 -41.62922668457031 1.7000000476837158
vertex -21.338951110839844 -41.62922668457031 0
vertex -21.511159896850586 -41.663482666015625 1.7000000476837158
endloop
endfacet
facet normal -0.8314732719568675 0.5555647559208026 0
outer loop
vertex -21.095413208007812 -41.38568878173828 0
vertex -21.192960739135742 -41.531681060791016 0
vertex -21.192960739135742 -41.531681060791016 1.7000000476837158
endloop
endfacet
facet normal -0.9807852845629332 0.19509030110388895 0
outer loop
vertex -21.061159133911133 -41.21348190307617 0
vertex -21.095413208007812 -41.38568878173828 0
vertex -21.095413208007812 -41.38568878173828 1.7000000476837158
endloop
endfacet
facet normal -0.8314732719568675 -0.5555647559208026 0
outer loop
vertex -21.095413208007812 -41.04127502441406 0
vertex -21.095413208007812 -41.04127502441406 1.7000000476837158
vertex -21.192960739135742 -40.89528274536133 0
endloop
endfacet
facet normal -0.5555622638012966 -0.8314749371087372 0
outer loop
vertex -21.338951110839844 -40.79773712158203 0
vertex -21.192960739135742 -40.89528274536133 0
vertex -21.192960739135742 -40.89528274536133 1.7000000476837158
endloop
endfacet
facet normal -0.9807852845629332 -0.19509030110388895 0
outer loop
vertex -21.061159133911133 -41.21348190307617 0
vertex -21.061159133911133 -41.21348190307617 1.7000000476837158
vertex -21.095413208007812 -41.04127502441406 0
endloop
endfacet
facet normal 0 0 -1
outer loop
vertex -21.683366775512695 -41.62922668457031 1.7000000476837158
vertex -21.829357147216797 -41.531681060791016 1.7000000476837158
vertex -21.683366775512695 -40.79773712158203 1.7000000476837158
endloop
endfacet
facet normal 0 0 -1
outer loop
vertex -21.511159896850586 -41.663482666015625 1.7000000476837158
vertex -21.683366775512695 -41.62922668457031 1.7000000476837158
vertex -21.511159896850586 -40.76348114013672 1.7000000476837158
endloop
endfacet
facet normal 0.8314732719568675 -0.5555647559208026 0
outer loop
vertex -21.926904678344727 -41.04127502441406 0
vertex -21.829357147216797 -40.89528274536133 0
vertex -21.829357147216797 -40.89528274536133 1.7000000476837158
endloop
endfacet
facet normal -0.1950986720690384 -0.9807836194374872 0
outer loop
vertex -21.338951110839844 -40.79773712158203 1.7000000476837158
vertex -21.511159896850586 -40.76348114013672 0
vertex -21.338951110839844 -40.79773712158203 0
endloop
endfacet
facet normal 0 0 -1
outer loop
vertex -21.926904678344727 -41.38568878173828 1.7000000476837158
vertex -21.961158752441406 -41.21348190307617 1.7000000476837158
vertex -21.926904678344727 -41.04127502441406 1.7000000476837158
endloop
endfacet
facet normal 0 0 -1
outer loop
vertex -21.829357147216797 -41.531681060791016 1.7000000476837158
vertex -21.926904678344727 -41.38568878173828 1.7000000476837158
vertex -21.829357147216797 -40.89528274536133 1.7000000476837158
endloop
endfacet
facet normal 0 0 -1
outer loop
vertex -21.829357147216797 -40.89528274536133 1.7000000476837158
vertex -21.926904678344727 -41.38568878173828 1.7000000476837158
vertex -21.926904678344727 -41.04127502441406 1.7000000476837158
endloop
endfacet
facet normal 0 0 -1
outer loop
vertex -21.683366775512695 -40.79773712158203 1.7000000476837158
vertex -21.829357147216797 -41.531681060791016 1.7000000476837158
vertex -21.829357147216797 -40.89528274536133 1.7000000476837158
endloop
endfacet
facet normal 0 0 -1
outer loop
vertex -21.511159896850586 -41.663482666015625 1.7000000476837158
vertex -21.511159896850586 -40.76348114013672 1.7000000476837158
vertex -21.338951110839844 -40.79773712158203 1.7000000476837158
endloop
endfacet
facet normal 0 0 -1
outer loop
vertex -21.511159896850586 -40.76348114013672 1.7000000476837158
vertex -21.683366775512695 -41.62922668457031 1.7000000476837158
vertex -21.683366775512695 -40.79773712158203 1.7000000476837158
endloop
endfacet
facet normal -0.1950986720690384 -0.9807836194374872 0
outer loop
vertex -21.511159896850586 -40.76348114013672 1.7000000476837158
vertex -21.511159896850586 -40.76348114013672 0
vertex -21.338951110839844 -40.79773712158203 1.7000000476837158
endloop
endfacet
facet normal 0.1951007507126451 -0.9807832059488795 0
outer loop
vertex -21.683366775512695 -40.79773712158203 1.7000000476837158
vertex -21.683366775512695 -40.79773712158203 0
vertex -21.511159896850586 -40.76348114013672 1.7000000476837158
endloop
endfacet
facet normal 0.5555622638012966 -0.8314749371087372 0
outer loop
vertex -21.829357147216797 -40.89528274536133 1.7000000476837158
vertex -21.829357147216797 -40.89528274536133 0
vertex -21.683366775512695 -40.79773712158203 1.7000000476837158
endloop
endfacet
facet normal 0.8314732719568675 -0.5555647559208026 0
outer loop
vertex -21.926904678344727 -41.04127502441406 1.7000000476837158
vertex -21.926904678344727 -41.04127502441406 0
vertex -21.829357147216797 -40.89528274536133 1.7000000476837158
endloop
endfacet
facet normal 0.9807852845629332 -0.19509030110388895 0
outer loop
vertex -21.961158752441406 -41.21348190307617 1.7000000476837158
vertex -21.961158752441406 -41.21348190307617 0
vertex -21.926904678344727 -41.04127502441406 1.7000000476837158
endloop
endfacet
facet normal -0.5555622638012966 0.8314749371087372 0
outer loop
vertex -21.192960739135742 -41.531681060791016 0
vertex -21.338951110839844 -41.62922668457031 0
vertex -21.338951110839844 -41.62922668457031 1.7000000476837158
endloop
endfacet
facet normal 0.5555622638012966 0.8314749371087372 0
outer loop
vertex -21.683366775512695 -41.62922668457031 1.7000000476837158
vertex -21.683366775512695 -41.62922668457031 0
vertex -21.829357147216797 -41.531681060791016 1.7000000476837158
endloop
endfacet
facet normal 0.8314732719568675 0.5555647559208026 0
outer loop
vertex -21.829357147216797 -41.531681060791016 1.7000000476837158
vertex -21.829357147216797 -41.531681060791016 0
vertex -21.926904678344727 -41.38568878173828 1.7000000476837158
endloop
endfacet
facet normal 0.9807852845629332 0.19509030110388895 0
outer loop
vertex -21.926904678344727 -41.38568878173828 1.7000000476837158
vertex -21.926904678344727 -41.38568878173828 0
vertex -21.961158752441406 -41.21348190307617 1.7000000476837158
endloop
endfacet
facet normal 0.9807852845629332 0.19509030110388895 0
outer loop
vertex -21.961158752441406 -41.21348190307617 0
vertex -21.961158752441406 -41.21348190307617 1.7000000476837158
vertex -21.926904678344727 -41.38568878173828 0
endloop
endfacet
facet normal -0.1950986720690384 0.9807836194374872 0
outer loop
vertex -21.511159896850586 -41.663482666015625 0
vertex -21.511159896850586 -41.663482666015625 1.7000000476837158
vertex -21.338951110839844 -41.62922668457031 0
endloop
endfacet
facet normal 0.1951007507126451 0.9807832059488795 0
outer loop
vertex -21.511159896850586 -41.663482666015625 0
vertex -21.683366775512695 -41.62922668457031 0
vertex -21.683366775512695 -41.62922668457031 1.7000000476837158
endloop
endfacet
facet normal 0.8314732719568675 0.5555647559208026 0
outer loop
vertex -21.829357147216797 -41.531681060791016 0
vertex -21.926904678344727 -41.38568878173828 0
vertex -21.926904678344727 -41.38568878173828 1.7000000476837158
endloop
endfacet
facet normal 0.5555622638012966 0.8314749371087372 0
outer loop
vertex -21.683366775512695 -41.62922668457031 0
vertex -21.829357147216797 -41.531681060791016 0
vertex -21.829357147216797 -41.531681060791016 1.7000000476837158
endloop
endfacet
facet normal 0 0 -1
outer loop
vertex -21.061159133911133 -41.21348190307617 1.7000000476837158
vertex -21.095413208007812 -41.38568878173828 1.7000000476837158
vertex -21.095413208007812 -41.04127502441406 1.7000000476837158
endloop
endfacet
facet normal 0.9807852845629332 -0.19509030110388895 0
outer loop
vertex -21.926904678344727 -41.04127502441406 0
vertex -21.926904678344727 -41.04127502441406 1.7000000476837158
vertex -21.961158752441406 -41.21348190307617 0
endloop
endfacet
facet normal 0 0 -1
outer loop
vertex -21.192960739135742 -40.89528274536133 1.7000000476837158
vertex -21.095413208007812 -41.04127502441406 1.7000000476837158
vertex -21.192960739135742 -41.531681060791016 1.7000000476837158
endloop
endfacet
facet normal 0 0 -1
outer loop
vertex -21.338951110839844 -41.62922668457031 1.7000000476837158
vertex -21.511159896850586 -41.663482666015625 1.7000000476837158
vertex -21.338951110839844 -40.79773712158203 1.7000000476837158
endloop
endfacet
facet normal 0 0 -1
outer loop
vertex -21.192960739135742 -41.531681060791016 1.7000000476837158
vertex -21.338951110839844 -41.62922668457031 1.7000000476837158
vertex -21.192960739135742 -40.89528274536133 1.7000000476837158
endloop
endfacet
facet normal 0 0 -1
outer loop
vertex -21.095413208007812 -41.38568878173828 1.7000000476837158
vertex -21.192960739135742 -41.531681060791016 1.7000000476837158
vertex -21.095413208007812 -41.04127502441406 1.7000000476837158
endloop
endfacet
facet normal 0 0 -1
outer loop
vertex -21.338951110839844 -40.79773712158203 1.7000000476837158
vertex -21.192960739135742 -40.89528274536133 1.7000000476837158
vertex -21.338951110839844 -41.62922668457031 1.7000000476837158
endloop
endfacet
facet normal 0.1951007507126451 -0.9807832059488795 0
outer loop
vertex -21.511159896850586 -40.76348114013672 0
vertex -21.511159896850586 -40.76348114013672 1.7000000476837158
vertex -21.683366775512695 -40.79773712158203 0
endloop
endfacet
facet normal -0.9807852845629332 -0.19509030110388895 0
outer loop
vertex -21.095413208007812 -41.04127502441406 1.7000000476837158
vertex -21.095413208007812 -41.04127502441406 0
vertex -21.061159133911133 -41.21348190307617 1.7000000476837158
endloop
endfacet
facet normal -0.9807852845629332 0.19509030110388895 0
outer loop
vertex -21.061159133911133 -41.21348190307617 1.7000000476837158
vertex -21.061159133911133 -41.21348190307617 0
vertex -21.095413208007812 -41.38568878173828 1.7000000476837158
endloop
endfacet
facet normal -0.8314732719568675 -0.5555647559208026 0
outer loop
vertex -21.192960739135742 -40.89528274536133 1.7000000476837158
vertex -21.192960739135742 -40.89528274536133 0
vertex -21.095413208007812 -41.04127502441406 1.7000000476837158
endloop
endfacet
facet normal -0.5555622638012966 -0.8314749371087372 0
outer loop
vertex -21.338951110839844 -40.79773712158203 1.7000000476837158
vertex -21.338951110839844 -40.79773712158203 0
vertex -21.192960739135742 -40.89528274536133 1.7000000476837158
endloop
endfacet
facet normal -0.8314732719568675 0.5555647559208026 0
outer loop
vertex -21.095413208007812 -41.38568878173828 1.7000000476837158
vertex -21.095413208007812 -41.38568878173828 0
vertex -21.192960739135742 -41.531681060791016 1.7000000476837158
endloop
endfacet
facet normal -0.5555622638012966 0.8314749371087372 0
outer loop
vertex -21.192960739135742 -41.531681060791016 1.7000000476837158
vertex -21.192960739135742 -41.531681060791016 0
vertex -21.338951110839844 -41.62922668457031 1.7000000476837158
endloop
endfacet
facet normal 0.1951007507126451 0.9807832059488795 0
outer loop
vertex -21.511159896850586 -41.663482666015625 1.7000000476837158
vertex -21.511159896850586 -41.663482666015625 0
vertex -21.683366775512695 -41.62922668457031 1.7000000476837158
endloop
endfacet
facet normal 0.5555622638012966 -0.8314749371087372 0
outer loop
vertex -2.683659076690674 -40.79773712158203 0
vertex -2.683659076690674 -40.79773712158203 1.7000000476837158
vertex -2.8296494483947754 -40.89528274536133 0
endloop
endfacet
facet normal 0 0 -1
outer loop
vertex -2.8296494483947754 -41.531681060791016 1.7000000476837158
vertex -2.927197217941284 -41.38568878173828 1.7000000476837158
vertex -2.8296494483947754 -40.89528274536133 1.7000000476837158
endloop
endfacet
facet normal 0 0 -1
outer loop
vertex -2.3392438888549805 -41.62922668457031 1.7000000476837158
vertex -2.511451482772827 -41.663482666015625 1.7000000476837158
vertex -2.3392438888549805 -40.79773712158203 1.7000000476837158
endloop
endfacet
facet normal 0 0 -1
outer loop
vertex -2.511451482772827 -41.663482666015625 1.7000000476837158
vertex -2.683659076690674 -41.62922668457031 1.7000000476837158
vertex -2.511451482772827 -40.76348114013672 1.7000000476837158
endloop
endfacet
facet normal 0 0 -1
outer loop
vertex -2.683659076690674 -41.62922668457031 1.7000000476837158
vertex -2.8296494483947754 -41.531681060791016 1.7000000476837158
vertex -2.683659076690674 -40.79773712158203 1.7000000476837158
endloop
endfacet
facet normal 0.19509997121620473 -0.9807833610086563 0
outer loop
vertex -2.511451482772827 -40.76348114013672 0
vertex -2.511451482772827 -40.76348114013672 1.7000000476837158
vertex -2.683659076690674 -40.79773712158203 0
endloop
endfacet
facet normal -0.19509997121620473 -0.9807833610086563 0
outer loop
vertex -2.3392438888549805 -40.79773712158203 0
vertex -2.3392438888549805 -40.79773712158203 1.7000000476837158
vertex -2.511451482772827 -40.76348114013672 0
endloop
endfacet
facet normal -0.5555622638012966 -0.8314749371087372 0
outer loop
vertex -2.193253517150879 -40.89528274536133 0
vertex -2.193253517150879 -40.89528274536133 1.7000000476837158
vertex -2.3392438888549805 -40.79773712158203 0
endloop
endfacet
facet normal -0.19509997121620473 -0.9807833610086563 0
outer loop
vertex -2.511451482772827 -40.76348114013672 1.7000000476837158
vertex -2.511451482772827 -40.76348114013672 0
vertex -2.3392438888549805 -40.79773712158203 1.7000000476837158
endloop
endfacet
facet normal 0.19509997121620473 -0.9807833610086563 0
outer loop
vertex -2.683659076690674 -40.79773712158203 1.7000000476837158
vertex -2.683659076690674 -40.79773712158203 0
vertex -2.511451482772827 -40.76348114013672 1.7000000476837158
endloop
endfacet
facet normal -0.83147264470564 -0.5555656946808436 0
outer loop
vertex -2.09570574760437 -41.04127502441406 0
vertex -2.09570574760437 -41.04127502441406 1.7000000476837158
vertex -2.193253517150879 -40.89528274536133 0
endloop
endfacet
facet normal -0.9807850247417832 -0.1950916073086168 0
outer loop
vertex -2.09570574760437 -41.04127502441406 0
vertex -2.0614514350891113 -41.21348190307617 0
vertex -2.0614514350891113 -41.21348190307617 1.7000000476837158
endloop
endfacet
facet normal -0.83147264470564 -0.5555656946808436 0
outer loop
vertex -2.193253517150879 -40.89528274536133 1.7000000476837158
vertex -2.193253517150879 -40.89528274536133 0
vertex -2.09570574760437 -41.04127502441406 1.7000000476837158
endloop
endfacet
facet normal -0.9807850247417832 -0.1950916073086168 0
outer loop
vertex -2.09570574760437 -41.04127502441406 1.7000000476837158
vertex -2.09570574760437 -41.04127502441406 0
vertex -2.0614514350891113 -41.21348190307617 1.7000000476837158
endloop
endfacet
facet normal -0.9807850247417832 0.1950916073086168 0
outer loop
vertex -2.0614514350891113 -41.21348190307617 1.7000000476837158
vertex -2.0614514350891113 -41.21348190307617 0
vertex -2.09570574760437 -41.38568878173828 1.7000000476837158
endloop
endfacet
facet normal -0.83147264470564 0.5555656946808436 0
outer loop
vertex -2.09570574760437 -41.38568878173828 1.7000000476837158
vertex -2.09570574760437 -41.38568878173828 0
vertex -2.193253517150879 -41.531681060791016 1.7000000476837158
endloop
endfacet
facet normal -0.5555622638012966 0.8314749371087372 0
outer loop
vertex -2.193253517150879 -41.531681060791016 1.7000000476837158
vertex -2.193253517150879 -41.531681060791016 0
vertex -2.3392438888549805 -41.62922668457031 1.7000000476837158
endloop
endfacet
facet normal -0.5555622638012966 -0.8314749371087372 0
outer loop
vertex -2.3392438888549805 -40.79773712158203 1.7000000476837158
vertex -2.3392438888549805 -40.79773712158203 0
vertex -2.193253517150879 -40.89528274536133 1.7000000476837158
endloop
endfacet
facet normal 0.5555622638012966 -0.8314749371087372 0
outer loop
vertex -2.8296494483947754 -40.89528274536133 1.7000000476837158
vertex -2.8296494483947754 -40.89528274536133 0
vertex -2.683659076690674 -40.79773712158203 1.7000000476837158
endloop
endfacet
facet normal 0.83147264470564 -0.5555656946808436 0
outer loop
vertex -2.927197217941284 -41.04127502441406 1.7000000476837158
vertex -2.927197217941284 -41.04127502441406 0
vertex -2.8296494483947754 -40.89528274536133 1.7000000476837158
endloop
endfacet
facet normal -0.19509997121620473 0.9807833610086563 0
outer loop
vertex -2.3392438888549805 -41.62922668457031 1.7000000476837158
vertex -2.3392438888549805 -41.62922668457031 0
vertex -2.511451482772827 -41.663482666015625 1.7000000476837158
endloop
endfacet
facet normal 0.19509997121620473 0.9807833610086563 0
outer loop
vertex -2.511451482772827 -41.663482666015625 1.7000000476837158
vertex -2.511451482772827 -41.663482666015625 0
vertex -2.683659076690674 -41.62922668457031 1.7000000476837158
endloop
endfacet
facet normal 0.83147264470564 0.5555656946808436 0
outer loop
vertex -2.8296494483947754 -41.531681060791016 1.7000000476837158
vertex -2.8296494483947754 -41.531681060791016 0
vertex -2.927197217941284 -41.38568878173828 1.7000000476837158
endloop
endfacet
facet normal 0.5555622638012966 0.8314749371087372 0
outer loop
vertex -2.683659076690674 -41.62922668457031 1.7000000476837158
vertex -2.683659076690674 -41.62922668457031 0
vertex -2.8296494483947754 -41.531681060791016 1.7000000476837158
endloop
endfacet
facet normal 0 0 -1
outer loop
vertex -2.8296494483947754 -40.89528274536133 1.7000000476837158
vertex -2.927197217941284 -41.38568878173828 1.7000000476837158
vertex -2.927197217941284 -41.04127502441406 1.7000000476837158
endloop
endfacet
facet normal -0.9807850247417832 0.1950916073086168 0
outer loop
vertex -2.0614514350891113 -41.21348190307617 0
vertex -2.09570574760437 -41.38568878173828 0
vertex -2.09570574760437 -41.38568878173828 1.7000000476837158
endloop
endfacet
facet normal -0.83147264470564 0.5555656946808436 0
outer loop
vertex -2.09570574760437 -41.38568878173828 0
vertex -2.193253517150879 -41.531681060791016 0
vertex -2.193253517150879 -41.531681060791016 1.7000000476837158
endloop
endfacet
facet normal 0.5555622638012966 0.8314749371087372 0
outer loop
vertex -2.8296494483947754 -41.531681060791016 0
vertex -2.8296494483947754 -41.531681060791016 1.7000000476837158
vertex -2.683659076690674 -41.62922668457031 0
endloop
endfacet
facet normal 0 0 -1
outer loop
vertex -2.511451482772827 -40.76348114013672 1.7000000476837158
vertex -2.683659076690674 -41.62922668457031 1.7000000476837158
vertex -2.683659076690674 -40.79773712158203 1.7000000476837158
endloop
endfacet
facet normal 0.19509997121620473 0.9807833610086563 0
outer loop
vertex -2.511451482772827 -41.663482666015625 0
vertex -2.683659076690674 -41.62922668457031 0
vertex -2.683659076690674 -41.62922668457031 1.7000000476837158
endloop
endfacet
facet normal 0 0 -1
outer loop
vertex -2.683659076690674 -40.79773712158203 1.7000000476837158
vertex -2.8296494483947754 -41.531681060791016 1.7000000476837158
vertex -2.8296494483947754 -40.89528274536133 1.7000000476837158
endloop
endfacet
facet normal 0.9807850247417832 -0.1950916073086168 0
outer loop
vertex -2.927197217941284 -41.04127502441406 0
vertex -2.927197217941284 -41.04127502441406 1.7000000476837158
vertex -2.961451530456543 -41.21348190307617 0
endloop
endfacet
facet normal 0.9807850247417832 0.1950916073086168 0
outer loop
vertex -2.961451530456543 -41.21348190307617 0
vertex -2.961451530456543 -41.21348190307617 1.7000000476837158
vertex -2.927197217941284 -41.38568878173828 0
endloop
endfacet
facet normal 0 0 -1
outer loop
vertex -2.3392438888549805 -40.79773712158203 1.7000000476837158
vertex -2.511451482772827 -41.663482666015625 1.7000000476837158
vertex -2.511451482772827 -40.76348114013672 1.7000000476837158
endloop
endfacet
facet normal 0.9807850247417832 -0.1950916073086168 0
outer loop
vertex -2.961451530456543 -41.21348190307617 1.7000000476837158
vertex -2.961451530456543 -41.21348190307617 0
vertex -2.927197217941284 -41.04127502441406 1.7000000476837158
endloop
endfacet
facet normal 0.9807850247417832 0.1950916073086168 0
outer loop
vertex -2.927197217941284 -41.38568878173828 1.7000000476837158
vertex -2.927197217941284 -41.38568878173828 0
vertex -2.961451530456543 -41.21348190307617 1.7000000476837158
endloop
endfacet
facet normal 0 0 -1
outer loop
vertex -2.3392438888549805 -40.79773712158203 1.7000000476837158
vertex -2.193253517150879 -40.89528274536133 1.7000000476837158
vertex -2.3392438888549805 -41.62922668457031 1.7000000476837158
endloop
endfacet
facet normal 0.83147264470564 0.5555656946808436 0
outer loop
vertex -2.927197217941284 -41.38568878173828 0
vertex -2.927197217941284 -41.38568878173828 1.7000000476837158
vertex -2.8296494483947754 -41.531681060791016 0
endloop
endfacet
facet normal 0 0 -1
outer loop
vertex -2.193253517150879 -41.531681060791016 1.7000000476837158
vertex -2.3392438888549805 -41.62922668457031 1.7000000476837158
vertex -2.193253517150879 -40.89528274536133 1.7000000476837158
endloop
endfacet
facet normal 0 0 -1
outer loop
vertex -2.09570574760437 -41.38568878173828 1.7000000476837158
vertex -2.193253517150879 -41.531681060791016 1.7000000476837158
vertex -2.09570574760437 -41.04127502441406 1.7000000476837158
endloop
endfacet
facet normal 0 0 -1
outer loop
vertex -2.927197217941284 -41.38568878173828 1.7000000476837158
vertex -2.961451530456543 -41.21348190307617 1.7000000476837158
vertex -2.927197217941284 -41.04127502441406 1.7000000476837158
endloop
endfacet
facet normal 0 0 -1
outer loop
vertex -2.09570574760437 -41.04127502441406 1.7000000476837158
vertex -2.193253517150879 -41.531681060791016 1.7000000476837158
vertex -2.193253517150879 -40.89528274536133 1.7000000476837158
endloop
endfacet
facet normal 0 0 -1
outer loop
vertex -2.0614514350891113 -41.21348190307617 1.7000000476837158
vertex -2.09570574760437 -41.38568878173828 1.7000000476837158
vertex -2.09570574760437 -41.04127502441406 1.7000000476837158
endloop
endfacet
facet normal -0.19509997121620473 0.9807833610086563 0
outer loop
vertex -2.3392438888549805 -41.62922668457031 0
vertex -2.511451482772827 -41.663482666015625 0
vertex -2.511451482772827 -41.663482666015625 1.7000000476837158
endloop
endfacet
facet normal -0.5555622638012966 0.8314749371087372 0
outer loop
vertex -2.193253517150879 -41.531681060791016 0
vertex -2.3392438888549805 -41.62922668457031 0
vertex -2.3392438888549805 -41.62922668457031 1.7000000476837158
endloop
endfacet
facet normal 0.83147264470564 -0.5555656946808436 0
outer loop
vertex -2.8296494483947754 -40.89528274536133 0
vertex -2.8296494483947754 -40.89528274536133 1.7000000476837158
vertex -2.927197217941284 -41.04127502441406 0
endloop
endfacet
facet normal 0.83147264470564 0.5555656946808436 0
outer loop
vertex -2.927197217941284 -42.65568923950195 0
vertex -2.927197217941284 -42.65568923950195 1.7000000476837158
vertex -2.8296494483947754 -42.80168151855469 0
endloop
endfacet
facet normal -0.9807850247417832 0.1950916073086168 0
outer loop
vertex -2.0614514350891113 -42.483482360839844 1.7000000476837158
vertex -2.0614514350891113 -42.483482360839844 0
vertex -2.09570574760437 -42.65568923950195 1.7000000476837158
endloop
endfacet
facet normal 0.83147264470564 -0.5555656946808436 0
outer loop
vertex -2.8296494483947754 -42.165283203125 0
vertex -2.8296494483947754 -42.165283203125 1.7000000476837158
vertex -2.927197217941284 -42.311275482177734 0
endloop
endfacet
facet normal 0 0 -1
outer loop
vertex -2.927197217941284 -42.65568923950195 1.7000000476837158
vertex -2.961451530456543 -42.483482360839844 1.7000000476837158
vertex -2.927197217941284 -42.311275482177734 1.7000000476837158
endloop
endfacet
facet normal 0.5555622638012966 -0.8314749371087372 0
outer loop
vertex -2.683659076690674 -42.0677375793457 0
vertex -2.683659076690674 -42.0677375793457 1.7000000476837158
vertex -2.8296494483947754 -42.165283203125 0
endloop
endfacet
facet normal 0 0 -1
outer loop
vertex -2.0614514350891113 -42.483482360839844 1.7000000476837158
vertex -2.09570574760437 -42.65568923950195 1.7000000476837158
vertex -2.09570574760437 -42.311275482177734 1.7000000476837158
endloop
endfacet
facet normal 0 0 -1
outer loop
vertex -2.193253517150879 -42.165283203125 1.7000000476837158
vertex -2.09570574760437 -42.311275482177734 1.7000000476837158
vertex -2.193253517150879 -42.80168151855469 1.7000000476837158
endloop
endfacet
facet normal 0 0 -1
outer loop
vertex -2.09570574760437 -42.65568923950195 1.7000000476837158
vertex -2.193253517150879 -42.80168151855469 1.7000000476837158
vertex -2.09570574760437 -42.311275482177734 1.7000000476837158
endloop
endfacet
facet normal 0 0 -1
outer loop
vertex -2.193253517150879 -42.80168151855469 1.7000000476837158
vertex -2.3392438888549805 -42.899227142333984 1.7000000476837158
vertex -2.193253517150879 -42.165283203125 1.7000000476837158
endloop
endfacet
facet normal 0 0 -1
outer loop
vertex -2.3392438888549805 -42.899227142333984 1.7000000476837158
vertex -2.3392438888549805 -42.0677375793457 1.7000000476837158
vertex -2.193253517150879 -42.165283203125 1.7000000476837158
endloop
endfacet
facet normal 0 0 -1
outer loop
vertex -2.3392438888549805 -42.0677375793457 1.7000000476837158
vertex -2.511451482772827 -42.9334831237793 1.7000000476837158
vertex -2.511451482772827 -42.03348159790039 1.7000000476837158
endloop
endfacet
facet normal 0 0 -1
outer loop
vertex -2.3392438888549805 -42.899227142333984 1.7000000476837158
vertex -2.511451482772827 -42.9334831237793 1.7000000476837158
vertex -2.3392438888549805 -42.0677375793457 1.7000000476837158
endloop
endfacet
facet normal 0 0 -1
outer loop
vertex -2.511451482772827 -42.9334831237793 1.7000000476837158
vertex -2.683659076690674 -42.899227142333984 1.7000000476837158
vertex -2.511451482772827 -42.03348159790039 1.7000000476837158
endloop
endfacet
facet normal 0.9807850247417832 0.1950916073086168 0
outer loop
vertex -2.927197217941284 -42.65568923950195 1.7000000476837158
vertex -2.927197217941284 -42.65568923950195 0
vertex -2.961451530456543 -42.483482360839844 1.7000000476837158
endloop
endfacet
facet normal 0.9807850247417832 -0.1950916073086168 0
outer loop
vertex -2.961451530456543 -42.483482360839844 1.7000000476837158
vertex -2.961451530456543 -42.483482360839844 0
vertex -2.927197217941284 -42.311275482177734 1.7000000476837158
endloop
endfacet
facet normal 0 0 -1
outer loop
vertex -2.683659076690674 -42.899227142333984 1.7000000476837158
vertex -2.683659076690674 -42.0677375793457 1.7000000476837158
vertex -2.511451482772827 -42.03348159790039 1.7000000476837158
endloop
endfacet
facet normal 0.9807850247417832 0.1950916073086168 0
outer loop
vertex -2.927197217941284 -42.65568923950195 0
vertex -2.961451530456543 -42.483482360839844 0
vertex -2.961451530456543 -42.483482360839844 1.7000000476837158
endloop
endfacet
facet normal 0.9807850247417832 -0.1950916073086168 0
outer loop
vertex -2.927197217941284 -42.311275482177734 0
vertex -2.927197217941284 -42.311275482177734 1.7000000476837158
vertex -2.961451530456543 -42.483482360839844 0
endloop
endfacet
facet normal 0 0 -1
outer loop
vertex -2.683659076690674 -42.0677375793457 1.7000000476837158
vertex -2.8296494483947754 -42.80168151855469 1.7000000476837158
vertex -2.8296494483947754 -42.165283203125 1.7000000476837158
endloop
endfacet
facet normal 0 0 -1
outer loop
vertex -2.8296494483947754 -42.165283203125 1.7000000476837158
vertex -2.927197217941284 -42.65568923950195 1.7000000476837158
vertex -2.927197217941284 -42.311275482177734 1.7000000476837158
endloop
endfacet
facet normal 0 0 -1
outer loop
vertex -2.683659076690674 -42.899227142333984 1.7000000476837158
vertex -2.8296494483947754 -42.80168151855469 1.7000000476837158
vertex -2.683659076690674 -42.0677375793457 1.7000000476837158
endloop
endfacet
facet normal 0 0 -1
outer loop
vertex -2.8296494483947754 -42.80168151855469 1.7000000476837158
vertex -2.927197217941284 -42.65568923950195 1.7000000476837158
vertex -2.8296494483947754 -42.165283203125 1.7000000476837158
endloop
endfacet
facet normal -0.83147264470564 0.5555656946808436 0
outer loop
vertex -2.09570574760437 -42.65568923950195 0
vertex -2.193253517150879 -42.80168151855469 0
vertex -2.193253517150879 -42.80168151855469 1.7000000476837158
endloop
endfacet
facet normal 0.19509997121620473 -0.9807833610086563 0
outer loop
vertex -2.511451482772827 -42.03348159790039 0
vertex -2.511451482772827 -42.03348159790039 1.7000000476837158
vertex -2.683659076690674 -42.0677375793457 0
endloop
endfacet
facet normal -0.19509997121620473 -0.9807833610086563 0
outer loop
vertex -2.3392438888549805 -42.0677375793457 0
vertex -2.3392438888549805 -42.0677375793457 1.7000000476837158
vertex -2.511451482772827 -42.03348159790039 0
endloop
endfacet
facet normal -0.9807850247417832 0.1950916073086168 0
outer loop
vertex -2.0614514350891113 -42.483482360839844 0
vertex -2.09570574760437 -42.65568923950195 0
vertex -2.09570574760437 -42.65568923950195 1.7000000476837158
endloop
endfacet
facet normal -0.83147264470564 -0.5555656946808436 0
outer loop
vertex -2.193253517150879 -42.165283203125 0
vertex -2.09570574760437 -42.311275482177734 0
vertex -2.09570574760437 -42.311275482177734 1.7000000476837158
endloop
endfacet
facet normal -0.9807850247417832 -0.1950916073086168 0
outer loop
vertex -2.09570574760437 -42.311275482177734 0
vertex -2.0614514350891113 -42.483482360839844 0
vertex -2.0614514350891113 -42.483482360839844 1.7000000476837158
endloop
endfacet
facet normal -0.5555622638012966 -0.8314749371087372 0
outer loop
vertex -2.193253517150879 -42.165283203125 0
vertex -2.193253517150879 -42.165283203125 1.7000000476837158
vertex -2.3392438888549805 -42.0677375793457 0
endloop
endfacet
facet normal -0.5555622638012966 0.8314749371087372 0
outer loop
vertex -2.193253517150879 -42.80168151855469 0
vertex -2.3392438888549805 -42.899227142333984 0
vertex -2.3392438888549805 -42.899227142333984 1.7000000476837158
endloop
endfacet
facet normal -0.19509997121620473 0.9807833610086563 0
outer loop
vertex -2.3392438888549805 -42.899227142333984 0
vertex -2.511451482772827 -42.9334831237793 0
vertex -2.511451482772827 -42.9334831237793 1.7000000476837158
endloop
endfacet
facet normal 0.19509997121620473 0.9807833610086563 0
outer loop
vertex -2.511451482772827 -42.9334831237793 0
vertex -2.683659076690674 -42.899227142333984 0
vertex -2.683659076690674 -42.899227142333984 1.7000000476837158
endloop
endfacet
facet normal 0.83147264470564 0.5555656946808436 0
outer loop
vertex -2.8296494483947754 -42.80168151855469 1.7000000476837158
vertex -2.8296494483947754 -42.80168151855469 0
vertex -2.927197217941284 -42.65568923950195 1.7000000476837158
endloop
endfacet
facet normal 0.5555622638012966 0.8314749371087372 0
outer loop
vertex -2.683659076690674 -42.899227142333984 1.7000000476837158
vertex -2.683659076690674 -42.899227142333984 0
vertex -2.8296494483947754 -42.80168151855469 1.7000000476837158
endloop
endfacet
facet normal 0.19509997121620473 0.9807833610086563 0
outer loop
vertex -2.511451482772827 -42.9334831237793 1.7000000476837158
vertex -2.511451482772827 -42.9334831237793 0
vertex -2.683659076690674 -42.899227142333984 1.7000000476837158
endloop
endfacet
facet normal -0.19509997121620473 0.9807833610086563 0
outer loop
vertex -2.3392438888549805 -42.899227142333984 1.7000000476837158
vertex -2.3392438888549805 -42.899227142333984 0
vertex -2.511451482772827 -42.9334831237793 1.7000000476837158
endloop
endfacet
facet normal 0.5555622638012966 0.8314749371087372 0
outer loop
vertex -2.683659076690674 -42.899227142333984 0
vertex -2.8296494483947754 -42.80168151855469 0
vertex -2.8296494483947754 -42.80168151855469 1.7000000476837158
endloop
endfacet
facet normal -0.83147264470564 -0.5555656946808436 0
outer loop
vertex -2.193253517150879 -42.165283203125 1.7000000476837158
vertex -2.193253517150879 -42.165283203125 0
vertex -2.09570574760437 -42.311275482177734 1.7000000476837158
endloop
endfacet
facet normal -0.5555622638012966 0.8314749371087372 0
outer loop
vertex -2.193253517150879 -42.80168151855469 1.7000000476837158
vertex -2.193253517150879 -42.80168151855469 0
vertex -2.3392438888549805 -42.899227142333984 1.7000000476837158
endloop
endfacet
facet normal 0.83147264470564 -0.5555656946808436 0
outer loop
vertex -2.927197217941284 -42.311275482177734 1.7000000476837158
vertex -2.927197217941284 -42.311275482177734 0
vertex -2.8296494483947754 -42.165283203125 1.7000000476837158
endloop
endfacet
facet normal 0.5555622638012966 -0.8314749371087372 0
outer loop
vertex -2.8296494483947754 -42.165283203125 1.7000000476837158
vertex -2.8296494483947754 -42.165283203125 0
vertex -2.683659076690674 -42.0677375793457 1.7000000476837158
endloop
endfacet
facet normal 0.19509997121620473 -0.9807833610086563 0
outer loop
vertex -2.683659076690674 -42.0677375793457 1.7000000476837158
vertex -2.683659076690674 -42.0677375793457 0
vertex -2.511451482772827 -42.03348159790039 1.7000000476837158
endloop
endfacet
facet normal -0.19509997121620473 -0.9807833610086563 0
outer loop
vertex -2.511451482772827 -42.03348159790039 1.7000000476837158
vertex -2.511451482772827 -42.03348159790039 0
vertex -2.3392438888549805 -42.0677375793457 1.7000000476837158
endloop
endfacet
facet normal -0.5555622638012966 -0.8314749371087372 0
outer loop
vertex -2.3392438888549805 -42.0677375793457 1.7000000476837158
vertex -2.3392438888549805 -42.0677375793457 0
vertex -2.193253517150879 -42.165283203125 1.7000000476837158
endloop
endfacet
facet normal -0.83147264470564 0.5555656946808436 0
outer loop
vertex -2.09570574760437 -42.65568923950195 1.7000000476837158
vertex -2.09570574760437 -42.65568923950195 0
vertex -2.193253517150879 -42.80168151855469 1.7000000476837158
endloop
endfacet
facet normal -0.9807850247417832 -0.1950916073086168 0
outer loop
vertex -2.09570574760437 -42.311275482177734 1.7000000476837158
vertex -2.09570574760437 -42.311275482177734 0
vertex -2.0614514350891113 -42.483482360839844 1.7000000476837158
endloop
endfacet
facet normal 0 0 -1
outer loop
vertex -2.683659076690674 -44.169227600097656 1.7000000476837158
vertex -2.8296494483947754 -44.07168197631836 1.7000000476837158
vertex -2.683659076690674 -43.337738037109375 1.7000000476837158
endloop
endfacet
facet normal 0.5555622638012966 0.8314749371087372 0
outer loop
vertex -2.683659076690674 -44.169227600097656 1.7000000476837158
vertex -2.683659076690674 -44.169227600097656 0
vertex -2.8296494483947754 -44.07168197631836 1.7000000476837158
endloop
endfacet
facet normal -0.5555622638012966 0.8314749371087372 0
outer loop
vertex -2.193253517150879 -44.07168197631836 0
vertex -2.3392438888549805 -44.169227600097656 0
vertex -2.3392438888549805 -44.169227600097656 1.7000000476837158
endloop
endfacet
facet normal -0.83147264470564 0.5555656946808436 0
outer loop
vertex -2.09570574760437 -43.925689697265625 0
vertex -2.193253517150879 -44.07168197631836 0
vertex -2.193253517150879 -44.07168197631836 1.7000000476837158
endloop
endfacet
facet normal -0.9807850247417832 0.1950916073086168 0
outer loop
vertex -2.0614514350891113 -43.753482818603516 0
vertex -2.09570574760437 -43.925689697265625 0
vertex -2.09570574760437 -43.925689697265625 1.7000000476837158
endloop
endfacet
facet normal -0.9807850247417832 -0.1950916073086168 0
outer loop
vertex -2.09570574760437 -43.581275939941406 0
vertex -2.0614514350891113 -43.753482818603516 0
vertex -2.0614514350891113 -43.753482818603516 1.7000000476837158
endloop
endfacet
facet normal 0.83147264470564 -0.5555656946808436 0
outer loop
vertex -2.8296494483947754 -43.43528366088867 0
vertex -2.8296494483947754 -43.43528366088867 1.7000000476837158
vertex -2.927197217941284 -43.581275939941406 0
endloop
endfacet
facet normal 0.5555622638012966 -0.8314749371087372 0
outer loop
vertex -2.683659076690674 -43.337738037109375 0
vertex -2.683659076690674 -43.337738037109375 1.7000000476837158
vertex -2.8296494483947754 -43.43528366088867 0
endloop
endfacet
facet normal 0.19509997121620473 -0.9807833610086563 0
outer loop
vertex -2.511451482772827 -43.30348205566406 0
vertex -2.511451482772827 -43.30348205566406 1.7000000476837158
vertex -2.683659076690674 -43.337738037109375 0
endloop
endfacet
facet normal -0.19509997121620473 -0.9807833610086563 0
outer loop
vertex -2.3392438888549805 -43.337738037109375 0
vertex -2.3392438888549805 -43.337738037109375 1.7000000476837158
vertex -2.511451482772827 -43.30348205566406 0
endloop
endfacet
facet normal -0.83147264470564 -0.5555656946808436 0
outer loop
vertex -2.193253517150879 -43.43528366088867 1.7000000476837158
vertex -2.193253517150879 -43.43528366088867 0
vertex -2.09570574760437 -43.581275939941406 1.7000000476837158
endloop
endfacet
facet normal -0.5555622638012966 -0.8314749371087372 0
outer loop
vertex -2.3392438888549805 -43.337738037109375 1.7000000476837158
vertex -2.3392438888549805 -43.337738037109375 0
vertex -2.193253517150879 -43.43528366088867 1.7000000476837158
endloop
endfacet
facet normal -0.19509997121620473 -0.9807833610086563 0
outer loop
vertex -2.511451482772827 -43.30348205566406 1.7000000476837158
vertex -2.511451482772827 -43.30348205566406 0
vertex -2.3392438888549805 -43.337738037109375 1.7000000476837158
endloop
endfacet
facet normal 0.19509997121620473 -0.9807833610086563 0
outer loop
vertex -2.683659076690674 -43.337738037109375 1.7000000476837158
vertex -2.683659076690674 -43.337738037109375 0
vertex -2.511451482772827 -43.30348205566406 1.7000000476837158
endloop
endfacet
facet normal -0.83147264470564 -0.5555656946808436 0
outer loop
vertex -2.193253517150879 -43.43528366088867 0
vertex -2.09570574760437 -43.581275939941406 0
vertex -2.09570574760437 -43.581275939941406 1.7000000476837158
endloop
endfacet
facet normal 0.5555622638012966 -0.8314749371087372 0
outer loop
vertex -2.8296494483947754 -43.43528366088867 1.7000000476837158
vertex -2.8296494483947754 -43.43528366088867 0
vertex -2.683659076690674 -43.337738037109375 1.7000000476837158
endloop
endfacet
facet normal 0.83147264470564 -0.5555656946808436 0
outer loop
vertex -2.927197217941284 -43.581275939941406 1.7000000476837158
vertex -2.927197217941284 -43.581275939941406 0
vertex -2.8296494483947754 -43.43528366088867 1.7000000476837158
endloop
endfacet
facet normal -0.9807850247417832 0.1950916073086168 0
outer loop
vertex -2.0614514350891113 -43.753482818603516 1.7000000476837158
vertex -2.0614514350891113 -43.753482818603516 0
vertex -2.09570574760437 -43.925689697265625 1.7000000476837158
endloop
endfacet
facet normal -0.83147264470564 0.5555656946808436 0
outer loop
vertex -2.09570574760437 -43.925689697265625 1.7000000476837158
vertex -2.09570574760437 -43.925689697265625 0
vertex -2.193253517150879 -44.07168197631836 1.7000000476837158
endloop
endfacet
facet normal -0.5555622638012966 -0.8314749371087372 0
outer loop
vertex -2.193253517150879 -43.43528366088867 0
vertex -2.193253517150879 -43.43528366088867 1.7000000476837158
vertex -2.3392438888549805 -43.337738037109375 0
endloop
endfacet
facet normal 0.83147264470564 0.5555656946808436 0
outer loop
vertex -2.927197217941284 -43.925689697265625 0
vertex -2.927197217941284 -43.925689697265625 1.7000000476837158
vertex -2.8296494483947754 -44.07168197631836 0
endloop
endfacet
facet normal 0 0 -1
outer loop
vertex -2.0614514350891113 -43.753482818603516 1.7000000476837158
vertex -2.09570574760437 -43.925689697265625 1.7000000476837158
vertex -2.09570574760437 -43.581275939941406 1.7000000476837158
endloop
endfacet
facet normal 0.19509997121620473 0.9807833610086563 0
outer loop
vertex -2.683659076690674 -44.169227600097656 0
vertex -2.683659076690674 -44.169227600097656 1.7000000476837158
vertex -2.511451482772827 -44.20348358154297 0
endloop
endfacet
facet normal 0 0 -1
outer loop
vertex -2.8296494483947754 -43.43528366088867 1.7000000476837158
vertex -2.927197217941284 -43.925689697265625 1.7000000476837158
vertex -2.927197217941284 -43.581275939941406 1.7000000476837158
endloop
endfacet
facet normal 0 0 -1
outer loop
vertex -2.683659076690674 -43.337738037109375 1.7000000476837158
vertex -2.8296494483947754 -44.07168197631836 1.7000000476837158
vertex -2.8296494483947754 -43.43528366088867 1.7000000476837158
endloop
endfacet
facet normal 0 0 -1
outer loop
vertex -2.511451482772827 -43.30348205566406 1.7000000476837158
vertex -2.683659076690674 -44.169227600097656 1.7000000476837158
vertex -2.683659076690674 -43.337738037109375 1.7000000476837158
endloop
endfacet
facet normal 0 0 -1
outer loop
vertex -2.3392438888549805 -43.337738037109375 1.7000000476837158
vertex -2.511451482772827 -44.20348358154297 1.7000000476837158
vertex -2.511451482772827 -43.30348205566406 1.7000000476837158
endloop
endfacet
facet normal 0 0 -1
outer loop
vertex -2.193253517150879 -43.43528366088867 1.7000000476837158
vertex -2.3392438888549805 -44.169227600097656 1.7000000476837158
vertex -2.3392438888549805 -43.337738037109375 1.7000000476837158
endloop
endfacet
facet normal -0.19509997121620473 0.9807833610086563 0
outer loop
vertex -2.3392438888549805 -44.169227600097656 1.7000000476837158
vertex -2.3392438888549805 -44.169227600097656 0
vertex -2.511451482772827 -44.20348358154297 1.7000000476837158
endloop
endfacet
facet normal 0.19509997121620473 0.9807833610086563 0
outer loop
vertex -2.511451482772827 -44.20348358154297 1.7000000476837158
vertex -2.511451482772827 -44.20348358154297 0
vertex -2.683659076690674 -44.169227600097656 1.7000000476837158
endloop
endfacet
facet normal 0.5555622638012966 0.8314749371087372 0
outer loop
vertex -2.683659076690674 -44.169227600097656 0
vertex -2.8296494483947754 -44.07168197631836 0
vertex -2.8296494483947754 -44.07168197631836 1.7000000476837158
endloop
endfacet
facet normal -0.19509997121620473 0.9807833610086563 0
outer loop
vertex -2.3392438888549805 -44.169227600097656 0
vertex -2.511451482772827 -44.20348358154297 0
vertex -2.511451482772827 -44.20348358154297 1.7000000476837158
endloop
endfacet
facet normal 0.9807850247417832 -0.1950916073086168 0
outer loop
vertex -2.927197217941284 -43.581275939941406 0
vertex -2.927197217941284 -43.581275939941406 1.7000000476837158
vertex -2.961451530456543 -43.753482818603516 0
endloop
endfacet
facet normal 0.9807850247417832 -0.1950916073086168 0
outer loop
vertex -2.961451530456543 -43.753482818603516 1.7000000476837158
vertex -2.961451530456543 -43.753482818603516 0
vertex -2.927197217941284 -43.581275939941406 1.7000000476837158
endloop
endfacet
facet normal 0.9807850247417832 0.1950916073086168 0
outer loop
vertex -2.927197217941284 -43.925689697265625 1.7000000476837158
vertex -2.927197217941284 -43.925689697265625 0
vertex -2.961451530456543 -43.753482818603516 1.7000000476837158
endloop
endfacet
facet normal 0 0 -1
outer loop
vertex -2.193253517150879 -43.43528366088867 1.7000000476837158
vertex -2.09570574760437 -43.581275939941406 1.7000000476837158
vertex -2.193253517150879 -44.07168197631836 1.7000000476837158
endloop
endfacet
facet normal 0 0 -1
outer loop
vertex -2.09570574760437 -43.925689697265625 1.7000000476837158
vertex -2.193253517150879 -44.07168197631836 1.7000000476837158
vertex -2.09570574760437 -43.581275939941406 1.7000000476837158
endloop
endfacet
facet normal 0.9807850247417832 0.1950916073086168 0
outer loop
vertex -2.927197217941284 -43.925689697265625 0
vertex -2.961451530456543 -43.753482818603516 0
vertex -2.961451530456543 -43.753482818603516 1.7000000476837158
endloop
endfacet
facet normal 0 0 -1
outer loop
vertex -2.927197217941284 -43.925689697265625 1.7000000476837158
vertex -2.961451530456543 -43.753482818603516 1.7000000476837158
vertex -2.927197217941284 -43.581275939941406 1.7000000476837158
endloop
endfacet
facet normal 0 0 -1
outer loop
vertex -2.193253517150879 -44.07168197631836 1.7000000476837158
vertex -2.3392438888549805 -44.169227600097656 1.7000000476837158
vertex -2.193253517150879 -43.43528366088867 1.7000000476837158
endloop
endfacet
facet normal 0 0 -1
outer loop
vertex -2.3392438888549805 -44.169227600097656 1.7000000476837158
vertex -2.511451482772827 -44.20348358154297 1.7000000476837158
vertex -2.3392438888549805 -43.337738037109375 1.7000000476837158
endloop
endfacet
facet normal 0 0 -1
outer loop
vertex -2.511451482772827 -44.20348358154297 1.7000000476837158
vertex -2.683659076690674 -44.169227600097656 1.7000000476837158
vertex -2.511451482772827 -43.30348205566406 1.7000000476837158
endloop
endfacet
facet normal 0 0 -1
outer loop
vertex -2.8296494483947754 -44.07168197631836 1.7000000476837158
vertex -2.927197217941284 -43.925689697265625 1.7000000476837158
vertex -2.8296494483947754 -43.43528366088867 1.7000000476837158
endloop
endfacet
facet normal -0.5555622638012966 0.8314749371087372 0
outer loop
vertex -2.193253517150879 -44.07168197631836 1.7000000476837158
vertex -2.193253517150879 -44.07168197631836 0
vertex -2.3392438888549805 -44.169227600097656 1.7000000476837158
endloop
endfacet
facet normal 0.83147264470564 0.5555656946808436 0
outer loop
vertex -2.8296494483947754 -44.07168197631836 1.7000000476837158
vertex -2.8296494483947754 -44.07168197631836 0
vertex -2.927197217941284 -43.925689697265625 1.7000000476837158
endloop
endfacet
facet normal -0.9807850247417832 -0.1950916073086168 0
outer loop
vertex -2.09570574760437 -43.581275939941406 1.7000000476837158
vertex -2.09570574760437 -43.581275939941406 0
vertex -2.0614514350891113 -43.753482818603516 1.7000000476837158
endloop
endfacet
facet normal 0.5555622638012966 -0.8314749371087372 0
outer loop
vertex -2.683659076690674 -44.60773849487305 0
vertex -2.683659076690674 -44.60773849487305 1.7000000476837158
vertex -2.8296494483947754 -44.705284118652344 0
endloop
endfacet
facet normal -0.5555622638012966 -0.8314749371087372 0
outer loop
vertex -2.3392438888549805 -44.60773849487305 1.7000000476837158
vertex -2.3392438888549805 -44.60773849487305 0
vertex -2.193253517150879 -44.705284118652344 1.7000000476837158
endloop
endfacet
facet normal 0.9807850247417832 -0.1950916073086168 0
outer loop
vertex -2.961451530456543 -45.02348327636719 1.7000000476837158
vertex -2.961451530456543 -45.02348327636719 0
vertex -2.927197217941284 -44.85127639770508 1.7000000476837158
endloop
endfacet
facet normal 0.9807850247417832 0.1950916073086168 0
outer loop
vertex -2.927197217941284 -45.1956901550293 1.7000000476837158
vertex -2.927197217941284 -45.1956901550293 0
vertex -2.961451530456543 -45.02348327636719 1.7000000476837158
endloop
endfacet
facet normal -0.19509997121620473 -0.9807833610086563 0
outer loop
vertex -2.3392438888549805 -44.60773849487305 0
vertex -2.3392438888549805 -44.60773849487305 1.7000000476837158
vertex -2.511451482772827 -44.573482513427734 0
endloop
endfacet
facet normal -0.5555622638012966 -0.8314749371087372 0
outer loop
vertex -2.3392438888549805 -44.60773849487305 0
vertex -2.193253517150879 -44.705284118652344 0
vertex -2.193253517150879 -44.705284118652344 1.7000000476837158
endloop
endfacet
facet normal 0.9807850247417832 0.1950916073086168 0
outer loop
vertex -2.927197217941284 -45.1956901550293 0
vertex -2.961451530456543 -45.02348327636719 0
vertex -2.961451530456543 -45.02348327636719 1.7000000476837158
endloop
endfacet
facet normal 0.9807850247417832 -0.1950916073086168 0
outer loop
vertex -2.927197217941284 -44.85127639770508 0
vertex -2.927197217941284 -44.85127639770508 1.7000000476837158
vertex -2.961451530456543 -45.02348327636719 0
endloop
endfacet
facet normal 0.5555622638012966 0.8314749371087372 0
outer loop
vertex -2.683659076690674 -45.43922805786133 1.7000000476837158
vertex -2.683659076690674 -45.43922805786133 0
vertex -2.8296494483947754 -45.34168243408203 1.7000000476837158
endloop
endfacet
facet normal 0.83147264470564 0.5555656946808436 0
outer loop
vertex -2.8296494483947754 -45.34168243408203 1.7000000476837158
vertex -2.8296494483947754 -45.34168243408203 0
vertex -2.927197217941284 -45.1956901550293 1.7000000476837158
endloop
endfacet
facet normal 0.19509997121620473 0.9807833610086563 0
outer loop
vertex -2.511451482772827 -45.47348403930664 1.7000000476837158
vertex -2.511451482772827 -45.47348403930664 0
vertex -2.683659076690674 -45.43922805786133 1.7000000476837158
endloop
endfacet
facet normal -0.19509997121620473 0.9807833610086563 0
outer loop
vertex -2.3392438888549805 -45.43922805786133 1.7000000476837158
vertex -2.3392438888549805 -45.43922805786133 0
vertex -2.511451482772827 -45.47348403930664 1.7000000476837158
endloop
endfacet
facet normal 0.83147264470564 -0.5555656946808436 0
outer loop
vertex -2.927197217941284 -44.85127639770508 1.7000000476837158
vertex -2.927197217941284 -44.85127639770508 0
vertex -2.8296494483947754 -44.705284118652344 1.7000000476837158
endloop
endfacet
facet normal 0.5555622638012966 -0.8314749371087372 0
outer loop
vertex -2.8296494483947754 -44.705284118652344 1.7000000476837158
vertex -2.8296494483947754 -44.705284118652344 0
vertex -2.683659076690674 -44.60773849487305 1.7000000476837158
endloop
endfacet
facet normal -0.5555622638012966 0.8314749371087372 0
outer loop
vertex -2.193253517150879 -45.34168243408203 1.7000000476837158
vertex -2.193253517150879 -45.34168243408203 0
vertex -2.3392438888549805 -45.43922805786133 1.7000000476837158
endloop
endfacet
facet normal -0.83147264470564 0.5555656946808436 0
outer loop
vertex -2.09570574760437 -45.1956901550293 1.7000000476837158
vertex -2.09570574760437 -45.1956901550293 0
vertex -2.193253517150879 -45.34168243408203 1.7000000476837158
endloop
endfacet
facet normal -0.9807850247417832 0.1950916073086168 0
outer loop
vertex -2.0614514350891113 -45.02348327636719 1.7000000476837158
vertex -2.0614514350891113 -45.02348327636719 0
vertex -2.09570574760437 -45.1956901550293 1.7000000476837158
endloop
endfacet
facet normal -0.9807850247417832 -0.1950916073086168 0
outer loop
vertex -2.09570574760437 -44.85127639770508 1.7000000476837158
vertex -2.09570574760437 -44.85127639770508 0
vertex -2.0614514350891113 -45.02348327636719 1.7000000476837158
endloop
endfacet
facet normal -0.83147264470564 -0.5555656946808436 0
outer loop
vertex -2.193253517150879 -44.705284118652344 1.7000000476837158
vertex -2.193253517150879 -44.705284118652344 0
vertex -2.09570574760437 -44.85127639770508 1.7000000476837158
endloop
endfacet
facet normal 0 0 -1
outer loop
vertex -2.927197217941284 -45.1956901550293 1.7000000476837158
vertex -2.961451530456543 -45.02348327636719 1.7000000476837158
vertex -2.927197217941284 -44.85127639770508 1.7000000476837158
endloop
endfacet
facet normal 0 0 -1
outer loop
vertex -2.683659076690674 -45.43922805786133 1.7000000476837158
vertex -2.8296494483947754 -45.34168243408203 1.7000000476837158
vertex -2.683659076690674 -44.60773849487305 1.7000000476837158
endloop
endfacet
facet normal 0 0 -1
outer loop
vertex -2.511451482772827 -45.47348403930664 1.7000000476837158
vertex -2.683659076690674 -45.43922805786133 1.7000000476837158
vertex -2.511451482772827 -44.573482513427734 1.7000000476837158
endloop
endfacet
facet normal 0 0 -1
outer loop
vertex -2.3392438888549805 -45.43922805786133 1.7000000476837158
vertex -2.511451482772827 -45.47348403930664 1.7000000476837158
vertex -2.3392438888549805 -44.60773849487305 1.7000000476837158
endloop
endfacet
facet normal 0 0 -1
outer loop
vertex -2.8296494483947754 -45.34168243408203 1.7000000476837158
vertex -2.927197217941284 -45.1956901550293 1.7000000476837158
vertex -2.8296494483947754 -44.705284118652344 1.7000000476837158
endloop
endfacet
facet normal 0 0 -1
outer loop
vertex -2.8296494483947754 -44.705284118652344 1.7000000476837158
vertex -2.927197217941284 -45.1956901550293 1.7000000476837158
vertex -2.927197217941284 -44.85127639770508 1.7000000476837158
endloop
endfacet
facet normal 0 0 -1
outer loop
vertex -2.683659076690674 -44.60773849487305 1.7000000476837158
vertex -2.8296494483947754 -45.34168243408203 1.7000000476837158
vertex -2.8296494483947754 -44.705284118652344 1.7000000476837158
endloop
endfacet
facet normal 0 0 -1
outer loop
vertex -2.511451482772827 -44.573482513427734 1.7000000476837158
vertex -2.683659076690674 -45.43922805786133 1.7000000476837158
vertex -2.683659076690674 -44.60773849487305 1.7000000476837158
endloop
endfacet
facet normal 0 0 -1
outer loop
vertex -2.3392438888549805 -44.60773849487305 1.7000000476837158
vertex -2.193253517150879 -44.705284118652344 1.7000000476837158
vertex -2.3392438888549805 -45.43922805786133 1.7000000476837158
endloop
endfacet
facet normal 0 0 -1
outer loop
vertex -2.3392438888549805 -44.60773849487305 1.7000000476837158
vertex -2.511451482772827 -45.47348403930664 1.7000000476837158
vertex -2.511451482772827 -44.573482513427734 1.7000000476837158
endloop
endfacet
facet normal 0 0 -1
outer loop
vertex -2.193253517150879 -45.34168243408203 1.7000000476837158
vertex -2.3392438888549805 -45.43922805786133 1.7000000476837158
vertex -2.193253517150879 -44.705284118652344 1.7000000476837158
endloop
endfacet
facet normal 0 0 -1
outer loop
vertex -2.09570574760437 -45.1956901550293 1.7000000476837158
vertex -2.193253517150879 -45.34168243408203 1.7000000476837158
vertex -2.09570574760437 -44.85127639770508 1.7000000476837158
endloop
endfacet
facet normal 0 0 -1
outer loop
vertex -2.09570574760437 -44.85127639770508 1.7000000476837158
vertex -2.193253517150879 -45.34168243408203 1.7000000476837158
vertex -2.193253517150879 -44.705284118652344 1.7000000476837158
endloop
endfacet
facet normal 0 0 -1
outer loop
vertex -2.0614514350891113 -45.02348327636719 1.7000000476837158
vertex -2.09570574760437 -45.1956901550293 1.7000000476837158
vertex -2.09570574760437 -44.85127639770508 1.7000000476837158
endloop
endfacet
facet normal -0.83147264470564 -0.5555656946808436 0
outer loop
vertex -2.09570574760437 -44.85127639770508 0
vertex -2.09570574760437 -44.85127639770508 1.7000000476837158
vertex -2.193253517150879 -44.705284118652344 0
endloop
endfacet
facet normal -0.9807850247417832 -0.1950916073086168 0
outer loop
vertex -2.09570574760437 -44.85127639770508 0
vertex -2.0614514350891113 -45.02348327636719 0
vertex -2.0614514350891113 -45.02348327636719 1.7000000476837158
endloop
endfacet
facet normal 0.19509997121620473 -0.9807833610086563 0
outer loop
vertex -2.683659076690674 -44.60773849487305 1.7000000476837158
vertex -2.683659076690674 -44.60773849487305 0
vertex -2.511451482772827 -44.573482513427734 1.7000000476837158
endloop
endfacet
facet normal 0.5555622638012966 0.8314749371087372 0
outer loop
vertex -2.8296494483947754 -45.34168243408203 0
vertex -2.8296494483947754 -45.34168243408203 1.7000000476837158
vertex -2.683659076690674 -45.43922805786133 0
endloop
endfacet
facet normal 0.19509997121620473 0.9807833610086563 0
outer loop
vertex -2.511451482772827 -45.47348403930664 0
vertex -2.683659076690674 -45.43922805786133 0
vertex -2.683659076690674 -45.43922805786133 1.7000000476837158
endloop
endfacet
facet normal 0.19509997121620473 -0.9807833610086563 0
outer loop
vertex -2.511451482772827 -44.573482513427734 0
vertex -2.511451482772827 -44.573482513427734 1.7000000476837158
vertex -2.683659076690674 -44.60773849487305 0
endloop
endfacet
facet normal 0.83147264470564 0.5555656946808436 0
outer loop
vertex -2.927197217941284 -45.1956901550293 0
vertex -2.927197217941284 -45.1956901550293 1.7000000476837158
vertex -2.8296494483947754 -45.34168243408203 0
endloop
endfacet
facet normal -0.19509997121620473 0.9807833610086563 0
outer loop
vertex -2.3392438888549805 -45.43922805786133 0
vertex -2.511451482772827 -45.47348403930664 0
vertex -2.511451482772827 -45.47348403930664 1.7000000476837158
endloop
endfacet
facet normal -0.5555622638012966 0.8314749371087372 0
outer loop
vertex -2.193253517150879 -45.34168243408203 0
vertex -2.3392438888549805 -45.43922805786133 0
vertex -2.3392438888549805 -45.43922805786133 1.7000000476837158
endloop
endfacet
facet normal 0.83147264470564 -0.5555656946808436 0
outer loop
vertex -2.8296494483947754 -44.705284118652344 0
vertex -2.8296494483947754 -44.705284118652344 1.7000000476837158
vertex -2.927197217941284 -44.85127639770508 0
endloop
endfacet
facet normal -0.83147264470564 0.5555656946808436 0
outer loop
vertex -2.09570574760437 -45.1956901550293 0
vertex -2.193253517150879 -45.34168243408203 0
vertex -2.193253517150879 -45.34168243408203 1.7000000476837158
endloop
endfacet
facet normal -0.9807850247417832 0.1950916073086168 0
outer loop
vertex -2.0614514350891113 -45.02348327636719 0
vertex -2.09570574760437 -45.1956901550293 0
vertex -2.09570574760437 -45.1956901550293 1.7000000476837158
endloop
endfacet
facet normal -0.19509997121620473 -0.9807833610086563 0
outer loop
vertex -2.511451482772827 -44.573482513427734 1.7000000476837158
vertex -2.511451482772827 -44.573482513427734 0
vertex -2.3392438888549805 -44.60773849487305 1.7000000476837158
endloop
endfacet
facet normal 0 0 -1
outer loop
vertex -2.3392438888549805 -46.709228515625 1.7000000476837158
vertex -2.511451482772827 -46.74348449707031 1.7000000476837158
vertex -2.3392438888549805 -45.87773513793945 1.7000000476837158
endloop
endfacet
facet normal -0.5555772839934787 -0.8314649009491799 0
outer loop
vertex -2.193253517150879 -45.975284576416016 0
vertex -2.193253517150879 -45.975284576416016 1.7000000476837158
vertex -2.3392438888549805 -45.87773513793945 0
endloop
endfacet
facet normal -0.83147264470564 -0.5555656946808436 0
outer loop
vertex -2.193253517150879 -45.975284576416016 0
vertex -2.09570574760437 -46.12127685546875 0
vertex -2.09570574760437 -46.12127685546875 1.7000000476837158
endloop
endfacet
facet normal -0.9807850247417832 -0.1950916073086168 0
outer loop
vertex -2.09570574760437 -46.12127685546875 0
vertex -2.0614514350891113 -46.29348373413086 0
vertex -2.0614514350891113 -46.29348373413086 1.7000000476837158
endloop
endfacet
facet normal -0.9807850247417832 0.1950916073086168 0
outer loop
vertex -2.0614514350891113 -46.29348373413086 0
vertex -2.09570574760437 -46.46569061279297 0
vertex -2.09570574760437 -46.46569061279297 1.7000000476837158
endloop
endfacet
facet normal -0.19507907200914795 -0.9807875181016781 0
outer loop
vertex -2.3392438888549805 -45.87773513793945 0
vertex -2.3392438888549805 -45.87773513793945 1.7000000476837158
vertex -2.511451482772827 -45.843482971191406 0
endloop
endfacet
facet normal 0.19507907200914795 -0.9807875181016781 0
outer loop
vertex -2.511451482772827 -45.843482971191406 0
vertex -2.511451482772827 -45.843482971191406 1.7000000476837158
vertex -2.683659076690674 -45.87773513793945 0
endloop
endfacet
facet normal 0.5555772839934787 -0.8314649009491799 0
outer loop
vertex -2.683659076690674 -45.87773513793945 0
vertex -2.683659076690674 -45.87773513793945 1.7000000476837158
vertex -2.8296494483947754 -45.975284576416016 0
endloop
endfacet
facet normal 0.83147264470564 -0.5555656946808436 0
outer loop
vertex -2.8296494483947754 -45.975284576416016 0
vertex -2.8296494483947754 -45.975284576416016 1.7000000476837158
vertex -2.927197217941284 -46.12127685546875 0
endloop
endfacet
facet normal 0.8314659387486268 0.555575730842218 0
outer loop
vertex -2.927197217941284 -46.46569061279297 0
vertex -2.927197217941284 -46.46569061279297 1.7000000476837158
vertex -2.8296494483947754 -46.61167907714844 0
endloop
endfacet
facet normal -0.8314659387486268 0.555575730842218 0
outer loop
vertex -2.09570574760437 -46.46569061279297 0
vertex -2.193253517150879 -46.61167907714844 0
vertex -2.193253517150879 -46.61167907714844 1.7000000476837158
endloop
endfacet
facet normal -0.19507907200914795 -0.9807875181016781 0
outer loop
vertex -2.511451482772827 -45.843482971191406 1.7000000476837158
vertex -2.511451482772827 -45.843482971191406 0
vertex -2.3392438888549805 -45.87773513793945 1.7000000476837158
endloop
endfacet
facet normal 0.19507907200914795 -0.9807875181016781 0
outer loop
vertex -2.683659076690674 -45.87773513793945 1.7000000476837158
vertex -2.683659076690674 -45.87773513793945 0
vertex -2.511451482772827 -45.843482971191406 1.7000000476837158
endloop
endfacet
facet normal 0.5555772839934787 -0.8314649009491799 0
outer loop
vertex -2.8296494483947754 -45.975284576416016 1.7000000476837158
vertex -2.8296494483947754 -45.975284576416016 0
vertex -2.683659076690674 -45.87773513793945 1.7000000476837158
endloop
endfacet
facet normal -0.5555772839934787 0.8314649009491799 0
outer loop
vertex -2.193253517150879 -46.61167907714844 0
vertex -2.3392438888549805 -46.709228515625 0
vertex -2.3392438888549805 -46.709228515625 1.7000000476837158
endloop
endfacet
facet normal -0.19509997121620473 0.9807833610086563 0
outer loop
vertex -2.3392438888549805 -46.709228515625 0
vertex -2.511451482772827 -46.74348449707031 0
vertex -2.511451482772827 -46.74348449707031 1.7000000476837158
endloop
endfacet
facet normal 0.19509997121620473 0.9807833610086563 0
outer loop
vertex -2.511451482772827 -46.74348449707031 0
vertex -2.683659076690674 -46.709228515625 0
vertex -2.683659076690674 -46.709228515625 1.7000000476837158
endloop
endfacet
facet normal 0 0 -1
outer loop
vertex -2.0614514350891113 -46.29348373413086 1.7000000476837158
vertex -2.09570574760437 -46.46569061279297 1.7000000476837158
vertex -2.09570574760437 -46.12127685546875 1.7000000476837158
endloop
endfacet
facet normal 0 0 -1
outer loop
vertex -2.193253517150879 -45.975284576416016 1.7000000476837158
vertex -2.09570574760437 -46.12127685546875 1.7000000476837158
vertex -2.193253517150879 -46.61167907714844 1.7000000476837158
endloop
endfacet
facet normal 0 0 -1
outer loop
vertex -2.09570574760437 -46.46569061279297 1.7000000476837158
vertex -2.193253517150879 -46.61167907714844 1.7000000476837158
vertex -2.09570574760437 -46.12127685546875 1.7000000476837158
endloop
endfacet
facet normal 0 0 -1
outer loop
vertex -2.193253517150879 -46.61167907714844 1.7000000476837158
vertex -2.3392438888549805 -46.709228515625 1.7000000476837158
vertex -2.193253517150879 -45.975284576416016 1.7000000476837158
endloop
endfacet
facet normal 0 0 -1
outer loop
vertex -2.3392438888549805 -46.709228515625 1.7000000476837158
vertex -2.3392438888549805 -45.87773513793945 1.7000000476837158
vertex -2.193253517150879 -45.975284576416016 1.7000000476837158
endloop
endfacet
facet normal -0.8314659387486268 0.555575730842218 0
outer loop
vertex -2.09570574760437 -46.46569061279297 1.7000000476837158
vertex -2.09570574760437 -46.46569061279297 0
vertex -2.193253517150879 -46.61167907714844 1.7000000476837158
endloop
endfacet
facet normal -0.9807850247417832 -0.1950916073086168 0
outer loop
vertex -2.09570574760437 -46.12127685546875 1.7000000476837158
vertex -2.09570574760437 -46.12127685546875 0
vertex -2.0614514350891113 -46.29348373413086 1.7000000476837158
endloop
endfacet
facet normal -0.5555772839934787 -0.8314649009491799 0
outer loop
vertex -2.3392438888549805 -45.87773513793945 1.7000000476837158
vertex -2.3392438888549805 -45.87773513793945 0
vertex -2.193253517150879 -45.975284576416016 1.7000000476837158
endloop
endfacet
facet normal 0 0 -1
outer loop
vertex -2.683659076690674 -46.709228515625 1.7000000476837158
vertex -2.683659076690674 -45.87773513793945 1.7000000476837158
vertex -2.511451482772827 -45.843482971191406 1.7000000476837158
endloop
endfacet
facet normal 0 0 -1
outer loop
vertex -2.683659076690674 -45.87773513793945 1.7000000476837158
vertex -2.8296494483947754 -46.61167907714844 1.7000000476837158
vertex -2.8296494483947754 -45.975284576416016 1.7000000476837158
endloop
endfacet
facet normal 0 0 -1
outer loop
vertex -2.8296494483947754 -45.975284576416016 1.7000000476837158
vertex -2.927197217941284 -46.46569061279297 1.7000000476837158
vertex -2.927197217941284 -46.12127685546875 1.7000000476837158
endloop
endfacet
facet normal 0 0 -1
outer loop
vertex -2.683659076690674 -46.709228515625 1.7000000476837158
vertex -2.8296494483947754 -46.61167907714844 1.7000000476837158
vertex -2.683659076690674 -45.87773513793945 1.7000000476837158
endloop
endfacet
facet normal 0 0 -1
outer loop
vertex -2.8296494483947754 -46.61167907714844 1.7000000476837158
vertex -2.927197217941284 -46.46569061279297 1.7000000476837158
vertex -2.8296494483947754 -45.975284576416016 1.7000000476837158
endloop
endfacet
facet normal 0.83147264470564 -0.5555656946808436 0
outer loop
vertex -2.927197217941284 -46.12127685546875 1.7000000476837158
vertex -2.927197217941284 -46.12127685546875 0
vertex -2.8296494483947754 -45.975284576416016 1.7000000476837158
endloop
endfacet
facet normal -0.5555772839934787 0.8314649009491799 0
outer loop
vertex -2.193253517150879 -46.61167907714844 1.7000000476837158
vertex -2.193253517150879 -46.61167907714844 0
vertex -2.3392438888549805 -46.709228515625 1.7000000476837158
endloop
endfacet
facet normal -0.19509997121620473 0.9807833610086563 0
outer loop
vertex -2.3392438888549805 -46.709228515625 1.7000000476837158
vertex -2.3392438888549805 -46.709228515625 0
vertex -2.511451482772827 -46.74348449707031 1.7000000476837158
endloop
endfacet
facet normal 0.19509997121620473 0.9807833610086563 0
outer loop
vertex -2.511451482772827 -46.74348449707031 1.7000000476837158
vertex -2.511451482772827 -46.74348449707031 0
vertex -2.683659076690674 -46.709228515625 1.7000000476837158
endloop
endfacet
facet normal 0.5555772839934787 0.8314649009491799 0
outer loop
vertex -2.683659076690674 -46.709228515625 1.7000000476837158
vertex -2.683659076690674 -46.709228515625 0
vertex -2.8296494483947754 -46.61167907714844 1.7000000476837158
endloop
endfacet
facet normal 0.8314659387486268 0.555575730842218 0
outer loop
vertex -2.8296494483947754 -46.61167907714844 1.7000000476837158
vertex -2.8296494483947754 -46.61167907714844 0
vertex -2.927197217941284 -46.46569061279297 1.7000000476837158
endloop
endfacet
facet normal 0 0 -1
outer loop
vertex -2.3392438888549805 -45.87773513793945 1.7000000476837158
vertex -2.511451482772827 -46.74348449707031 1.7000000476837158
vertex -2.511451482772827 -45.843482971191406 1.7000000476837158
endloop
endfacet
facet normal 0 0 -1
outer loop
vertex -2.511451482772827 -46.74348449707031 1.7000000476837158
vertex -2.683659076690674 -46.709228515625 1.7000000476837158
vertex -2.511451482772827 -45.843482971191406 1.7000000476837158
endloop
endfacet
facet normal 0.9807850247417832 -0.1950916073086168 0
outer loop
vertex -2.961451530456543 -46.29348373413086 1.7000000476837158
vertex -2.961451530456543 -46.29348373413086 0
vertex -2.927197217941284 -46.12127685546875 1.7000000476837158
endloop
endfacet
facet normal 0.9807850247417832 0.1950916073086168 0
outer loop
vertex -2.927197217941284 -46.46569061279297 1.7000000476837158
vertex -2.927197217941284 -46.46569061279297 0
vertex -2.961451530456543 -46.29348373413086 1.7000000476837158
endloop
endfacet
facet normal 0.9807850247417832 0.1950916073086168 0
outer loop
vertex -2.927197217941284 -46.46569061279297 0
vertex -2.961451530456543 -46.29348373413086 0
vertex -2.961451530456543 -46.29348373413086 1.7000000476837158
endloop
endfacet
facet normal 0.9807850247417832 -0.1950916073086168 0
outer loop
vertex -2.927197217941284 -46.12127685546875 0
vertex -2.927197217941284 -46.12127685546875 1.7000000476837158
vertex -2.961451530456543 -46.29348373413086 0
endloop
endfacet
facet normal 0 0 -1
outer loop
vertex -2.927197217941284 -46.46569061279297 1.7000000476837158
vertex -2.961451530456543 -46.29348373413086 1.7000000476837158
vertex -2.927197217941284 -46.12127685546875 1.7000000476837158
endloop
endfacet
facet normal 0.5555772839934787 0.8314649009491799 0
outer loop
vertex -2.683659076690674 -46.709228515625 0
vertex -2.8296494483947754 -46.61167907714844 0
vertex -2.8296494483947754 -46.61167907714844 1.7000000476837158
endloop
endfacet
facet normal -0.83147264470564 -0.5555656946808436 0
outer loop
vertex -2.193253517150879 -45.975284576416016 1.7000000476837158
vertex -2.193253517150879 -45.975284576416016 0
vertex -2.09570574760437 -46.12127685546875 1.7000000476837158
endloop
endfacet
facet normal -0.9807850247417832 0.1950916073086168 0
outer loop
vertex -2.0614514350891113 -46.29348373413086 1.7000000476837158
vertex -2.0614514350891113 -46.29348373413086 0
vertex -2.09570574760437 -46.46569061279297 1.7000000476837158
endloop
endfacet
facet normal 0.19507907200914795 -0.9807875181016781 0
outer loop
vertex -2.511451482772827 -47.11348342895508 0
vertex -2.511451482772827 -47.11348342895508 1.7000000476837158
vertex -2.683659076690674 -47.147735595703125 0
endloop
endfacet
facet normal 0.8314659387486268 -0.555575730842218 0
outer loop
vertex -2.8296494483947754 -47.24528503417969 0
vertex -2.8296494483947754 -47.24528503417969 1.7000000476837158
vertex -2.927197217941284 -47.391273498535156 0
endloop
endfacet
facet normal -0.9807850247417832 0.1950916073086168 0
outer loop
vertex -2.0614514350891113 -47.56348419189453 0
vertex -2.09570574760437 -47.73569107055664 0
vertex -2.09570574760437 -47.73569107055664 1.7000000476837158
endloop
endfacet
facet normal -0.8314659387486268 0.555575730842218 0
outer loop
vertex -2.09570574760437 -47.73569107055664 0
vertex -2.193253517150879 -47.88167953491211 0
vertex -2.193253517150879 -47.88167953491211 1.7000000476837158
endloop
endfacet
facet normal -0.5555772839934787 0.8314649009491799 0
outer loop
vertex -2.193253517150879 -47.88167953491211 0
vertex -2.3392438888549805 -47.97922897338867 0
vertex -2.3392438888549805 -47.97922897338867 1.7000000476837158
endloop
endfacet
facet normal 0.19507907200914795 0.9807875181016781 0
outer loop
vertex -2.683659076690674 -47.97922897338867 0
vertex -2.683659076690674 -47.97922897338867 1.7000000476837158
vertex -2.511451482772827 -48.01348114013672 0
endloop
endfacet
facet normal 0.8314659387486268 0.555575730842218 0
outer loop
vertex -2.927197217941284 -47.73569107055664 0
vertex -2.927197217941284 -47.73569107055664 1.7000000476837158
vertex -2.8296494483947754 -47.88167953491211 0
endloop
endfacet
facet normal 0.5555772839934787 0.8314649009491799 0
outer loop
vertex -2.683659076690674 -47.97922897338867 0
vertex -2.8296494483947754 -47.88167953491211 0
vertex -2.8296494483947754 -47.88167953491211 1.7000000476837158
endloop
endfacet
facet normal -0.19507907200914795 0.9807875181016781 0
outer loop
vertex -2.3392438888549805 -47.97922897338867 0
vertex -2.511451482772827 -48.01348114013672 0
vertex -2.511451482772827 -48.01348114013672 1.7000000476837158
endloop
endfacet
facet normal -0.19507907200914795 -0.9807875181016781 0
outer loop
vertex -2.511451482772827 -47.11348342895508 0
vertex -2.3392438888549805 -47.147735595703125 0
vertex -2.3392438888549805 -47.147735595703125 1.7000000476837158
endloop
endfacet
facet normal 0 0 -1
outer loop
vertex -2.8296494483947754 -47.88167953491211 1.7000000476837158
vertex -2.927197217941284 -47.73569107055664 1.7000000476837158
vertex -2.8296494483947754 -47.24528503417969 1.7000000476837158
endloop
endfacet
facet normal 0 0 -1
outer loop
vertex -2.927197217941284 -47.73569107055664 1.7000000476837158
vertex -2.961451530456543 -47.56348419189453 1.7000000476837158
vertex -2.927197217941284 -47.391273498535156 1.7000000476837158
endloop
endfacet
facet normal 0 0 -1
outer loop
vertex -2.683659076690674 -47.97922897338867 1.7000000476837158
vertex -2.8296494483947754 -47.88167953491211 1.7000000476837158
vertex -2.683659076690674 -47.147735595703125 1.7000000476837158
endloop
endfacet
facet normal 0 0 -1
outer loop
vertex -2.511451482772827 -48.01348114013672 1.7000000476837158
vertex -2.683659076690674 -47.97922897338867 1.7000000476837158
vertex -2.511451482772827 -47.11348342895508 1.7000000476837158
endloop
endfacet
facet normal 0.9807850247417832 0.1950916073086168 0
outer loop
vertex -2.927197217941284 -47.73569107055664 1.7000000476837158
vertex -2.927197217941284 -47.73569107055664 0
vertex -2.961451530456543 -47.56348419189453 1.7000000476837158
endloop
endfacet
facet normal 0.9807858516298064 -0.1950874502442312 0
outer loop
vertex -2.961451530456543 -47.56348419189453 1.7000000476837158
vertex -2.961451530456543 -47.56348419189453 0
vertex -2.927197217941284 -47.391273498535156 1.7000000476837158
endloop
endfacet
facet normal 0 0 -1
outer loop
vertex -2.3392438888549805 -47.97922897338867 1.7000000476837158
vertex -2.511451482772827 -48.01348114013672 1.7000000476837158
vertex -2.3392438888549805 -47.147735595703125 1.7000000476837158
endloop
endfacet
facet normal 0 0 -1
outer loop
vertex -2.193253517150879 -47.88167953491211 1.7000000476837158
vertex -2.3392438888549805 -47.97922897338867 1.7000000476837158
vertex -2.193253517150879 -47.24528503417969 1.7000000476837158
endloop
endfacet
facet normal 0 0 -1
outer loop
vertex -2.09570574760437 -47.73569107055664 1.7000000476837158
vertex -2.193253517150879 -47.88167953491211 1.7000000476837158
vertex -2.09570574760437 -47.391273498535156 1.7000000476837158
endloop
endfacet
facet normal 0 0 -1
outer loop
vertex -2.0614514350891113 -47.56348419189453 1.7000000476837158
vertex -2.09570574760437 -47.73569107055664 1.7000000476837158
vertex -2.09570574760437 -47.391273498535156 1.7000000476837158
endloop
endfacet
facet normal 0.19507907200914795 0.9807875181016781 0
outer loop
vertex -2.511451482772827 -48.01348114013672 1.7000000476837158
vertex -2.511451482772827 -48.01348114013672 0
vertex -2.683659076690674 -47.97922897338867 1.7000000476837158
endloop
endfacet
facet normal 0.8314659387486268 0.555575730842218 0
outer loop
vertex -2.8296494483947754 -47.88167953491211 1.7000000476837158
vertex -2.8296494483947754 -47.88167953491211 0
vertex -2.927197217941284 -47.73569107055664 1.7000000476837158
endloop
endfacet
facet normal 0.5555772839934787 0.8314649009491799 0
outer loop
vertex -2.683659076690674 -47.97922897338867 1.7000000476837158
vertex -2.683659076690674 -47.97922897338867 0
vertex -2.8296494483947754 -47.88167953491211 1.7000000476837158
endloop
endfacet
facet normal -0.19507907200914795 0.9807875181016781 0
outer loop
vertex -2.3392438888549805 -47.97922897338867 1.7000000476837158
vertex -2.3392438888549805 -47.97922897338867 0
vertex -2.511451482772827 -48.01348114013672 1.7000000476837158
endloop
endfacet
facet normal -0.5555772839934787 0.8314649009491799 0
outer loop
vertex -2.193253517150879 -47.88167953491211 1.7000000476837158
vertex -2.193253517150879 -47.88167953491211 0
vertex -2.3392438888549805 -47.97922897338867 1.7000000476837158
endloop
endfacet
facet normal -0.8314659387486268 0.555575730842218 0
outer loop
vertex -2.09570574760437 -47.73569107055664 1.7000000476837158
vertex -2.09570574760437 -47.73569107055664 0
vertex -2.193253517150879 -47.88167953491211 1.7000000476837158
endloop
endfacet
facet normal -0.9807850247417832 0.1950916073086168 0
outer loop
vertex -2.0614514350891113 -47.56348419189453 1.7000000476837158
vertex -2.0614514350891113 -47.56348419189453 0
vertex -2.09570574760437 -47.73569107055664 1.7000000476837158
endloop
endfacet
facet normal 0.8314659387486268 -0.555575730842218 0
outer loop
vertex -2.927197217941284 -47.391273498535156 1.7000000476837158
vertex -2.927197217941284 -47.391273498535156 0
vertex -2.8296494483947754 -47.24528503417969 1.7000000476837158
endloop
endfacet
facet normal 0.5555772839934787 -0.8314649009491799 0
outer loop
vertex -2.8296494483947754 -47.24528503417969 1.7000000476837158
vertex -2.8296494483947754 -47.24528503417969 0
vertex -2.683659076690674 -47.147735595703125 1.7000000476837158
endloop
endfacet
facet normal 0.19507907200914795 -0.9807875181016781 0
outer loop
vertex -2.683659076690674 -47.147735595703125 1.7000000476837158
vertex -2.683659076690674 -47.147735595703125 0
vertex -2.511451482772827 -47.11348342895508 1.7000000476837158
endloop
endfacet
facet normal -0.19507907200914795 -0.9807875181016781 0
outer loop
vertex -2.511451482772827 -47.11348342895508 1.7000000476837158
vertex -2.511451482772827 -47.11348342895508 0
vertex -2.3392438888549805 -47.147735595703125 1.7000000476837158
endloop
endfacet
facet normal -0.5555772839934787 -0.8314649009491799 0
outer loop
vertex -2.3392438888549805 -47.147735595703125 1.7000000476837158
vertex -2.3392438888549805 -47.147735595703125 0
vertex -2.193253517150879 -47.24528503417969 1.7000000476837158
endloop
endfacet
facet normal 0 0 -1
outer loop
vertex -2.8296494483947754 -47.24528503417969 1.7000000476837158
vertex -2.927197217941284 -47.73569107055664 1.7000000476837158
vertex -2.927197217941284 -47.391273498535156 1.7000000476837158
endloop
endfacet
facet normal 0 0 -1
outer loop
vertex -2.683659076690674 -47.147735595703125 1.7000000476837158
vertex -2.8296494483947754 -47.88167953491211 1.7000000476837158
vertex -2.8296494483947754 -47.24528503417969 1.7000000476837158
endloop
endfacet
facet normal 0 0 -1
outer loop
vertex -2.511451482772827 -47.11348342895508 1.7000000476837158
vertex -2.683659076690674 -47.97922897338867 1.7000000476837158
vertex -2.683659076690674 -47.147735595703125 1.7000000476837158
endloop
endfacet
facet normal 0 0 -1
outer loop
vertex -2.3392438888549805 -47.147735595703125 1.7000000476837158
vertex -2.511451482772827 -48.01348114013672 1.7000000476837158
vertex -2.511451482772827 -47.11348342895508 1.7000000476837158
endloop
endfacet
facet normal -0.8314659387486268 -0.555575730842218 0
outer loop
vertex -2.193253517150879 -47.24528503417969 1.7000000476837158
vertex -2.193253517150879 -47.24528503417969 0
vertex -2.09570574760437 -47.391273498535156 1.7000000476837158
endloop
endfacet
facet normal -0.9807858516298064 -0.1950874502442312 0
outer loop
vertex -2.09570574760437 -47.391273498535156 1.7000000476837158
vertex -2.09570574760437 -47.391273498535156 0
vertex -2.0614514350891113 -47.56348419189453 1.7000000476837158
endloop
endfacet
facet normal 0 0 -1
outer loop
vertex -2.193253517150879 -47.24528503417969 1.7000000476837158
vertex -2.3392438888549805 -47.97922897338867 1.7000000476837158
vertex -2.3392438888549805 -47.147735595703125 1.7000000476837158
endloop
endfacet
facet normal 0 0 -1
outer loop
vertex -2.193253517150879 -47.24528503417969 1.7000000476837158
vertex -2.09570574760437 -47.391273498535156 1.7000000476837158
vertex -2.193253517150879 -47.88167953491211 1.7000000476837158
endloop
endfacet
facet normal -0.8314659387486268 -0.555575730842218 0
outer loop
vertex -2.193253517150879 -47.24528503417969 0
vertex -2.09570574760437 -47.391273498535156 0
vertex -2.09570574760437 -47.391273498535156 1.7000000476837158
endloop
endfacet
facet normal -0.9807858516298064 -0.1950874502442312 0
outer loop
vertex -2.09570574760437 -47.391273498535156 0
vertex -2.0614514350891113 -47.56348419189453 0
vertex -2.0614514350891113 -47.56348419189453 1.7000000476837158
endloop
endfacet
facet normal -0.5555772839934787 -0.8314649009491799 0
outer loop
vertex -2.193253517150879 -47.24528503417969 0
vertex -2.193253517150879 -47.24528503417969 1.7000000476837158
vertex -2.3392438888549805 -47.147735595703125 0
endloop
endfacet
facet normal 0.9807858516298064 -0.1950874502442312 0
outer loop
vertex -2.927197217941284 -47.391273498535156 0
vertex -2.927197217941284 -47.391273498535156 1.7000000476837158
vertex -2.961451530456543 -47.56348419189453 0
endloop
endfacet
facet normal 0.9807850247417832 0.1950916073086168 0
outer loop
vertex -2.927197217941284 -47.73569107055664 0
vertex -2.961451530456543 -47.56348419189453 0
vertex -2.961451530456543 -47.56348419189453 1.7000000476837158
endloop
endfacet
facet normal 0.5555772839934787 -0.8314649009491799 0
outer loop
vertex -2.683659076690674 -47.147735595703125 0
vertex -2.683659076690674 -47.147735595703125 1.7000000476837158
vertex -2.8296494483947754 -47.24528503417969 0
endloop
endfacet
facet normal 0.8314659387486268 0.555575730842218 0
outer loop
vertex -2.8296494483947754 -49.15167999267578 1.7000000476837158
vertex -2.8296494483947754 -49.15167999267578 0
vertex -2.927197217941284 -49.00569152832031 1.7000000476837158
endloop
endfacet
facet normal 0 0 -1
outer loop
vertex -2.927197217941284 -49.00569152832031 1.7000000476837158
vertex -2.961451530456543 -48.83348083496094 1.7000000476837158
vertex -2.927197217941284 -48.66127395629883 1.7000000476837158
endloop
endfacet
facet normal 0 0 -1
outer loop
vertex -2.193253517150879 -49.15167999267578 1.7000000476837158
vertex -2.3392438888549805 -49.249229431152344 1.7000000476837158
vertex -2.193253517150879 -48.51528549194336 1.7000000476837158
endloop
endfacet
facet normal 0 0 -1
outer loop
vertex -2.09570574760437 -49.00569152832031 1.7000000476837158
vertex -2.193253517150879 -49.15167999267578 1.7000000476837158
vertex -2.09570574760437 -48.66127395629883 1.7000000476837158
endloop
endfacet
facet normal 0 0 -1
outer loop
vertex -2.09570574760437 -48.66127395629883 1.7000000476837158
vertex -2.193253517150879 -49.15167999267578 1.7000000476837158
vertex -2.193253517150879 -48.51528549194336 1.7000000476837158
endloop
endfacet
facet normal 0 0 -1
outer loop
vertex -2.0614514350891113 -48.83348083496094 1.7000000476837158
vertex -2.09570574760437 -49.00569152832031 1.7000000476837158
vertex -2.09570574760437 -48.66127395629883 1.7000000476837158
endloop
endfacet
facet normal 0 0 -1
outer loop
vertex -2.3392438888549805 -48.4177360534668 1.7000000476837158
vertex -2.193253517150879 -48.51528549194336 1.7000000476837158
vertex -2.3392438888549805 -49.249229431152344 1.7000000476837158
endloop
endfacet
facet normal 0.19507907200914795 0.9807875181016781 0
outer loop
vertex -2.511451482772827 -49.28348159790039 1.7000000476837158
vertex -2.511451482772827 -49.28348159790039 0
vertex -2.683659076690674 -49.249229431152344 1.7000000476837158
endloop
endfacet
facet normal 0 0 -1
outer loop
vertex -2.683659076690674 -48.4177360534668 1.7000000476837158
vertex -2.8296494483947754 -49.15167999267578 1.7000000476837158
vertex -2.8296494483947754 -48.51528549194336 1.7000000476837158
endloop
endfacet
facet normal 0 0 -1
outer loop
vertex -2.683659076690674 -49.249229431152344 1.7000000476837158
vertex -2.8296494483947754 -49.15167999267578 1.7000000476837158
vertex -2.683659076690674 -48.4177360534668 1.7000000476837158
endloop
endfacet
facet normal 0 0 -1
outer loop
vertex -2.8296494483947754 -48.51528549194336 1.7000000476837158
vertex -2.927197217941284 -49.00569152832031 1.7000000476837158
vertex -2.927197217941284 -48.66127395629883 1.7000000476837158
endloop
endfacet
facet normal 0 0 -1
outer loop
vertex -2.8296494483947754 -49.15167999267578 1.7000000476837158
vertex -2.927197217941284 -49.00569152832031 1.7000000476837158
vertex -2.8296494483947754 -48.51528549194336 1.7000000476837158
endloop
endfacet
facet normal 0 0 -1
outer loop
vertex -2.3392438888549805 -49.249229431152344 1.7000000476837158
vertex -2.511451482772827 -49.28348159790039 1.7000000476837158
vertex -2.3392438888549805 -48.4177360534668 1.7000000476837158
endloop
endfacet
facet normal 0 0 -1
outer loop
vertex -2.511451482772827 -49.28348159790039 1.7000000476837158
vertex -2.683659076690674 -49.249229431152344 1.7000000476837158
vertex -2.511451482772827 -48.38348388671875 1.7000000476837158
endloop
endfacet
facet normal -0.9807858516298064 0.1950874502442312 0
outer loop
vertex -2.0614514350891113 -48.83348083496094 1.7000000476837158
vertex -2.0614514350891113 -48.83348083496094 0
vertex -2.09570574760437 -49.00569152832031 1.7000000476837158
endloop
endfacet
facet normal -0.9807858516298064 0.1950874502442312 0
outer loop
vertex -2.0614514350891113 -48.83348083496094 0
vertex -2.09570574760437 -49.00569152832031 0
vertex -2.09570574760437 -49.00569152832031 1.7000000476837158
endloop
endfacet
facet normal -0.8314659387486268 0.555575730842218 0
outer loop
vertex -2.09570574760437 -49.00569152832031 0
vertex -2.193253517150879 -49.15167999267578 0
vertex -2.193253517150879 -49.15167999267578 1.7000000476837158
endloop
endfacet
facet normal 0.8314659387486268 -0.555575730842218 0
outer loop
vertex -2.8296494483947754 -48.51528549194336 0
vertex -2.8296494483947754 -48.51528549194336 1.7000000476837158
vertex -2.927197217941284 -48.66127395629883 0
endloop
endfacet
facet normal -0.5555772839934787 0.8314649009491799 0
outer loop
vertex -2.193253517150879 -49.15167999267578 0
vertex -2.3392438888549805 -49.249229431152344 0
vertex -2.3392438888549805 -49.249229431152344 1.7000000476837158
endloop
endfacet
facet normal -0.19507907200914795 0.9807875181016781 0
outer loop
vertex -2.3392438888549805 -49.249229431152344 0
vertex -2.511451482772827 -49.28348159790039 0
vertex -2.511451482772827 -49.28348159790039 1.7000000476837158
endloop
endfacet
facet normal 0.8314659387486268 0.555575730842218 0
outer loop
vertex -2.927197217941284 -49.00569152832031 0
vertex -2.927197217941284 -49.00569152832031 1.7000000476837158
vertex -2.8296494483947754 -49.15167999267578 0
endloop
endfacet
facet normal 0.5555772839934787 0.8314649009491799 0
outer loop
vertex -2.8296494483947754 -49.15167999267578 0
vertex -2.8296494483947754 -49.15167999267578 1.7000000476837158
vertex -2.683659076690674 -49.249229431152344 0
endloop
endfacet
facet normal 0.19507907200914795 0.9807875181016781 0
outer loop
vertex -2.511451482772827 -49.28348159790039 0
vertex -2.683659076690674 -49.249229431152344 0
vertex -2.683659076690674 -49.249229431152344 1.7000000476837158
endloop
endfacet
facet normal 0.5555772839934787 -0.8314649009491799 0
outer loop
vertex -2.8296494483947754 -48.51528549194336 1.7000000476837158
vertex -2.8296494483947754 -48.51528549194336 0
vertex -2.683659076690674 -48.4177360534668 1.7000000476837158
endloop
endfacet
facet normal 0.8314659387486268 -0.555575730842218 0
outer loop
vertex -2.927197217941284 -48.66127395629883 1.7000000476837158
vertex -2.927197217941284 -48.66127395629883 0
vertex -2.8296494483947754 -48.51528549194336 1.7000000476837158
endloop
endfacet
facet normal 0.5555772839934787 0.8314649009491799 0
outer loop
vertex -2.683659076690674 -49.249229431152344 1.7000000476837158
vertex -2.683659076690674 -49.249229431152344 0
vertex -2.8296494483947754 -49.15167999267578 1.7000000476837158
endloop
endfacet
facet normal -0.19507907200914795 0.9807875181016781 0
outer loop
vertex -2.3392438888549805 -49.249229431152344 1.7000000476837158
vertex -2.3392438888549805 -49.249229431152344 0
vertex -2.511451482772827 -49.28348159790039 1.7000000476837158
endloop
endfacet
facet normal 0 0 -1
outer loop
vertex -2.511451482772827 -48.38348388671875 1.7000000476837158
vertex -2.683659076690674 -49.249229431152344 1.7000000476837158
vertex -2.683659076690674 -48.4177360534668 1.7000000476837158
endloop
endfacet
facet normal 0 0 -1
outer loop
vertex -2.3392438888549805 -48.4177360534668 1.7000000476837158
vertex -2.511451482772827 -49.28348159790039 1.7000000476837158
vertex -2.511451482772827 -48.38348388671875 1.7000000476837158
endloop
endfacet
facet normal 0.9807850247417832 -0.1950916073086168 0
outer loop
vertex -2.961451530456543 -48.83348083496094 1.7000000476837158
vertex -2.961451530456543 -48.83348083496094 0
vertex -2.927197217941284 -48.66127395629883 1.7000000476837158
endloop
endfacet
facet normal 0.5555772839934787 -0.8314649009491799 0
outer loop
vertex -2.683659076690674 -48.4177360534668 1.7000000476837158
vertex -2.8296494483947754 -48.51528549194336 0
vertex -2.683659076690674 -48.4177360534668 0
endloop
endfacet
facet normal 0.19507907200914795 -0.9807875181016781 0
outer loop
vertex -2.511451482772827 -48.38348388671875 0
vertex -2.511451482772827 -48.38348388671875 1.7000000476837158
vertex -2.683659076690674 -48.4177360534668 0
endloop
endfacet
facet normal -0.19507907200914795 -0.9807875181016781 0
outer loop
vertex -2.511451482772827 -48.38348388671875 0
vertex -2.3392438888549805 -48.4177360534668 0
vertex -2.3392438888549805 -48.4177360534668 1.7000000476837158
endloop
endfacet
facet normal -0.5555772839934787 -0.8314649009491799 0
outer loop
vertex -2.3392438888549805 -48.4177360534668 1.7000000476837158
vertex -2.3392438888549805 -48.4177360534668 0
vertex -2.193253517150879 -48.51528549194336 1.7000000476837158
endloop
endfacet
facet normal -0.19507907200914795 -0.9807875181016781 0
outer loop
vertex -2.511451482772827 -48.38348388671875 1.7000000476837158
vertex -2.511451482772827 -48.38348388671875 0
vertex -2.3392438888549805 -48.4177360534668 1.7000000476837158
endloop
endfacet
facet normal 0.19507907200914795 -0.9807875181016781 0
outer loop
vertex -2.683659076690674 -48.4177360534668 1.7000000476837158
vertex -2.683659076690674 -48.4177360534668 0
vertex -2.511451482772827 -48.38348388671875 1.7000000476837158
endloop
endfacet
facet normal 0.9807858516298064 0.1950874502442312 0
outer loop
vertex -2.927197217941284 -49.00569152832031 1.7000000476837158
vertex -2.927197217941284 -49.00569152832031 0
vertex -2.961451530456543 -48.83348083496094 1.7000000476837158
endloop
endfacet
facet normal 0.9807850247417832 -0.1950916073086168 0
outer loop
vertex -2.927197217941284 -48.66127395629883 0
vertex -2.927197217941284 -48.66127395629883 1.7000000476837158
vertex -2.961451530456543 -48.83348083496094 0
endloop
endfacet
facet normal 0.9807858516298064 0.1950874502442312 0
outer loop
vertex -2.927197217941284 -49.00569152832031 0
vertex -2.961451530456543 -48.83348083496094 0
vertex -2.961451530456543 -48.83348083496094 1.7000000476837158
endloop
endfacet
facet normal -0.5555772839934787 -0.8314649009491799 0
outer loop
vertex -2.193253517150879 -48.51528549194336 0
vertex -2.193253517150879 -48.51528549194336 1.7000000476837158
vertex -2.3392438888549805 -48.4177360534668 0
endloop
endfacet
facet normal -0.8314659387486268 -0.555575730842218 0
outer loop
vertex -2.09570574760437 -48.66127395629883 0
vertex -2.09570574760437 -48.66127395629883 1.7000000476837158
vertex -2.193253517150879 -48.51528549194336 0
endloop
endfacet
facet normal -0.9807850247417832 -0.1950916073086168 0
outer loop
vertex -2.0614514350891113 -48.83348083496094 0
vertex -2.0614514350891113 -48.83348083496094 1.7000000476837158
vertex -2.09570574760437 -48.66127395629883 0
endloop
endfacet
facet normal -0.9807850247417832 -0.1950916073086168 0
outer loop
vertex -2.09570574760437 -48.66127395629883 1.7000000476837158
vertex -2.09570574760437 -48.66127395629883 0
vertex -2.0614514350891113 -48.83348083496094 1.7000000476837158
endloop
endfacet
facet normal -0.8314659387486268 -0.555575730842218 0
outer loop
vertex -2.193253517150879 -48.51528549194336 1.7000000476837158
vertex -2.193253517150879 -48.51528549194336 0
vertex -2.09570574760437 -48.66127395629883 1.7000000476837158
endloop
endfacet
facet normal -0.5555772839934787 0.8314649009491799 0
outer loop
vertex -2.193253517150879 -49.15167999267578 1.7000000476837158
vertex -2.193253517150879 -49.15167999267578 0
vertex -2.3392438888549805 -49.249229431152344 1.7000000476837158
endloop
endfacet
facet normal -0.8314659387486268 0.555575730842218 0
outer loop
vertex -2.09570574760437 -49.00569152832031 1.7000000476837158
vertex -2.09570574760437 -49.00569152832031 0
vertex -2.193253517150879 -49.15167999267578 1.7000000476837158
endloop
endfacet
facet normal 0.5555772839934787 0.8314649009491799 0
outer loop
vertex -2.683659076690674 -50.519229888916016 1.7000000476837158
vertex -2.683659076690674 -50.519229888916016 0
vertex -2.8296494483947754 -50.42168045043945 1.7000000476837158
endloop
endfacet
facet normal 0.19507907200914795 0.9807875181016781 0
outer loop
vertex -2.511451482772827 -50.55348205566406 1.7000000476837158
vertex -2.511451482772827 -50.55348205566406 0
vertex -2.683659076690674 -50.519229888916016 1.7000000476837158
endloop
endfacet
facet normal -0.19507907200914795 0.9807875181016781 0
outer loop
vertex -2.3392438888549805 -50.519229888916016 1.7000000476837158
vertex -2.3392438888549805 -50.519229888916016 0
vertex -2.511451482772827 -50.55348205566406 1.7000000476837158
endloop
endfacet
facet normal -0.5555772839934787 0.8314649009491799 0
outer loop
vertex -2.193253517150879 -50.42168045043945 1.7000000476837158
vertex -2.193253517150879 -50.42168045043945 0
vertex -2.3392438888549805 -50.519229888916016 1.7000000476837158
endloop
endfacet
facet normal 0.9807858516298064 0.1950874502442312 0
outer loop
vertex -2.927197217941284 -50.275691986083984 0
vertex -2.961451530456543 -50.10348129272461 0
vertex -2.961451530456543 -50.10348129272461 1.7000000476837158
endloop
endfacet
facet normal 0.9807850247417832 -0.1950916073086168 0
outer loop
vertex -2.927197217941284 -49.9312744140625 0
vertex -2.927197217941284 -49.9312744140625 1.7000000476837158
vertex -2.961451530456543 -50.10348129272461 0
endloop
endfacet
facet normal 0.9807858516298064 0.1950874502442312 0
outer loop
vertex -2.927197217941284 -50.275691986083984 1.7000000476837158
vertex -2.927197217941284 -50.275691986083984 0
vertex -2.961451530456543 -50.10348129272461 1.7000000476837158
endloop
endfacet
facet normal 0.9807850247417832 -0.1950916073086168 0
outer loop
vertex -2.961451530456543 -50.10348129272461 1.7000000476837158
vertex -2.961451530456543 -50.10348129272461 0
vertex -2.927197217941284 -49.9312744140625 1.7000000476837158
endloop
endfacet
facet normal 0.8314659387486268 0.555575730842218 0
outer loop
vertex -2.8296494483947754 -50.42168045043945 1.7000000476837158
vertex -2.8296494483947754 -50.42168045043945 0
vertex -2.927197217941284 -50.275691986083984 1.7000000476837158
endloop
endfacet
facet normal 0.8314659387486268 -0.555575730842218 0
outer loop
vertex -2.927197217941284 -49.9312744140625 1.7000000476837158
vertex -2.927197217941284 -49.9312744140625 0
vertex -2.8296494483947754 -49.78528594970703 1.7000000476837158
endloop
endfacet
facet normal 0.5555772839934787 -0.8314649009491799 0
outer loop
vertex -2.8296494483947754 -49.78528594970703 1.7000000476837158
vertex -2.8296494483947754 -49.78528594970703 0
vertex -2.683659076690674 -49.68773651123047 1.7000000476837158
endloop
endfacet
facet normal 0.19507907200914795 -0.9807875181016781 0
outer loop
vertex -2.683659076690674 -49.68773651123047 1.7000000476837158
vertex -2.683659076690674 -49.68773651123047 0
vertex -2.511451482772827 -49.65348434448242 1.7000000476837158
endloop
endfacet
facet normal -0.19507907200914795 -0.9807875181016781 0
outer loop
vertex -2.511451482772827 -49.65348434448242 1.7000000476837158
vertex -2.511451482772827 -49.65348434448242 0
vertex -2.3392438888549805 -49.68773651123047 1.7000000476837158
endloop
endfacet
facet normal -0.5555772839934787 -0.8314649009491799 0
outer loop
vertex -2.3392438888549805 -49.68773651123047 1.7000000476837158
vertex -2.3392438888549805 -49.68773651123047 0
vertex -2.193253517150879 -49.78528594970703 1.7000000476837158
endloop
endfacet
facet normal -0.8314659387486268 0.555575730842218 0
outer loop
vertex -2.09570574760437 -50.275691986083984 1.7000000476837158
vertex -2.09570574760437 -50.275691986083984 0
vertex -2.193253517150879 -50.42168045043945 1.7000000476837158
endloop
endfacet
facet normal -0.9807858516298064 0.1950874502442312 0
outer loop
vertex -2.0614514350891113 -50.10348129272461 1.7000000476837158
vertex -2.0614514350891113 -50.10348129272461 0
vertex -2.09570574760437 -50.275691986083984 1.7000000476837158
endloop
endfacet
facet normal -0.9807850247417832 -0.1950916073086168 0
outer loop
vertex -2.09570574760437 -49.9312744140625 1.7000000476837158
vertex -2.09570574760437 -49.9312744140625 0
vertex -2.0614514350891113 -50.10348129272461 1.7000000476837158
endloop
endfacet
facet normal -0.8314659387486268 -0.555575730842218 0
outer loop
vertex -2.193253517150879 -49.78528594970703 1.7000000476837158
vertex -2.193253517150879 -49.78528594970703 0
vertex -2.09570574760437 -49.9312744140625 1.7000000476837158
endloop
endfacet
facet normal 0 0 -1
outer loop
vertex -2.8296494483947754 -50.42168045043945 1.7000000476837158
vertex -2.927197217941284 -50.275691986083984 1.7000000476837158
vertex -2.8296494483947754 -49.78528594970703 1.7000000476837158
endloop
endfacet
facet normal 0.5555772839934787 0.8314649009491799 0
outer loop
vertex -2.683659076690674 -50.519229888916016 0
vertex -2.8296494483947754 -50.42168045043945 0
vertex -2.8296494483947754 -50.42168045043945 1.7000000476837158
endloop
endfacet
facet normal 0.19507907200914795 0.9807875181016781 0
outer loop
vertex -2.511451482772827 -50.55348205566406 0
vertex -2.683659076690674 -50.519229888916016 0
vertex -2.683659076690674 -50.519229888916016 1.7000000476837158
endloop
endfacet
facet normal -0.19507907200914795 0.9807875181016781 0
outer loop
vertex -2.3392438888549805 -50.519229888916016 0
vertex -2.511451482772827 -50.55348205566406 0
vertex -2.511451482772827 -50.55348205566406 1.7000000476837158
endloop
endfacet
facet normal -0.5555772839934787 0.8314649009491799 0
outer loop
vertex -2.193253517150879 -50.42168045043945 0
vertex -2.3392438888549805 -50.519229888916016 0
vertex -2.3392438888549805 -50.519229888916016 1.7000000476837158
endloop
endfacet
facet normal 0 0 -1
outer loop
vertex -2.683659076690674 -50.519229888916016 1.7000000476837158
vertex -2.8296494483947754 -50.42168045043945 1.7000000476837158
vertex -2.683659076690674 -49.68773651123047 1.7000000476837158
endloop
endfacet
facet normal 0 0 -1
outer loop
vertex -2.8296494483947754 -49.78528594970703 1.7000000476837158
vertex -2.927197217941284 -50.275691986083984 1.7000000476837158
vertex -2.927197217941284 -49.9312744140625 1.7000000476837158
endloop
endfacet
facet normal 0 0 -1
outer loop
vertex -2.683659076690674 -49.68773651123047 1.7000000476837158
vertex -2.8296494483947754 -50.42168045043945 1.7000000476837158
vertex -2.8296494483947754 -49.78528594970703 1.7000000476837158
endloop
endfacet
facet normal 0.8314659387486268 0.555575730842218 0
outer loop
vertex -2.927197217941284 -50.275691986083984 0
vertex -2.927197217941284 -50.275691986083984 1.7000000476837158
vertex -2.8296494483947754 -50.42168045043945 0
endloop
endfacet
facet normal 0.8314659387486268 -0.555575730842218 0
outer loop
vertex -2.8296494483947754 -49.78528594970703 0
vertex -2.8296494483947754 -49.78528594970703 1.7000000476837158
vertex -2.927197217941284 -49.9312744140625 0
endloop
endfacet
facet normal 0.5555772839934787 -0.8314649009491799 0
outer loop
vertex -2.683659076690674 -49.68773651123047 0
vertex -2.683659076690674 -49.68773651123047 1.7000000476837158
vertex -2.8296494483947754 -49.78528594970703 0
endloop
endfacet
facet normal 0.19507907200914795 -0.9807875181016781 0
outer loop
vertex -2.511451482772827 -49.65348434448242 0
vertex -2.511451482772827 -49.65348434448242 1.7000000476837158
vertex -2.683659076690674 -49.68773651123047 0
endloop
endfacet
facet normal -0.19507907200914795 -0.9807875181016781 0
outer loop
vertex -2.511451482772827 -49.65348434448242 0
vertex -2.3392438888549805 -49.68773651123047 0
vertex -2.3392438888549805 -49.68773651123047 1.7000000476837158
endloop
endfacet
facet normal -0.8314659387486268 0.555575730842218 0
outer loop
vertex -2.193253517150879 -50.42168045043945 0
vertex -2.193253517150879 -50.42168045043945 1.7000000476837158
vertex -2.09570574760437 -50.275691986083984 0
endloop
endfacet
facet normal -0.9807858516298064 0.1950874502442312 0
outer loop
vertex -2.09570574760437 -50.275691986083984 0
vertex -2.09570574760437 -50.275691986083984 1.7000000476837158
vertex -2.0614514350891113 -50.10348129272461 0
endloop
endfacet
facet normal -0.9807850247417832 -0.1950916073086168 0
outer loop
vertex -2.0614514350891113 -50.10348129272461 0
vertex -2.0614514350891113 -50.10348129272461 1.7000000476837158
vertex -2.09570574760437 -49.9312744140625 0
endloop
endfacet
facet normal -0.8314659387486268 -0.555575730842218 0
outer loop
vertex -2.09570574760437 -49.9312744140625 0
vertex -2.09570574760437 -49.9312744140625 1.7000000476837158
vertex -2.193253517150879 -49.78528594970703 0
endloop
endfacet
facet normal -0.5555772839934787 -0.8314649009491799 0
outer loop
vertex -2.193253517150879 -49.78528594970703 0
vertex -2.193253517150879 -49.78528594970703 1.7000000476837158
vertex -2.3392438888549805 -49.68773651123047 0
endloop
endfacet
facet normal 0 0 -1
outer loop
vertex -2.683659076690674 -50.519229888916016 1.7000000476837158
vertex -2.683659076690674 -49.68773651123047 1.7000000476837158
vertex -2.511451482772827 -49.65348434448242 1.7000000476837158
endloop
endfacet
facet normal 0 0 -1
outer loop
vertex -2.511451482772827 -50.55348205566406 1.7000000476837158
vertex -2.683659076690674 -50.519229888916016 1.7000000476837158
vertex -2.511451482772827 -49.65348434448242 1.7000000476837158
endloop
endfacet
facet normal 0 0 -1
outer loop
vertex -2.3392438888549805 -50.519229888916016 1.7000000476837158
vertex -2.511451482772827 -50.55348205566406 1.7000000476837158
vertex -2.3392438888549805 -49.68773651123047 1.7000000476837158
endloop
endfacet
facet normal 0 0 -1
outer loop
vertex -2.511451482772827 -49.65348434448242 1.7000000476837158
vertex -2.3392438888549805 -49.68773651123047 1.7000000476837158
vertex -2.511451482772827 -50.55348205566406 1.7000000476837158
endloop
endfacet
facet normal 0 0 -1
outer loop
vertex -2.3392438888549805 -50.519229888916016 1.7000000476837158
vertex -2.3392438888549805 -49.68773651123047 1.7000000476837158
vertex -2.193253517150879 -49.78528594970703 1.7000000476837158
endloop
endfacet
facet normal 0 0 -1
outer loop
vertex -2.193253517150879 -50.42168045043945 1.7000000476837158
vertex -2.3392438888549805 -50.519229888916016 1.7000000476837158
vertex -2.193253517150879 -49.78528594970703 1.7000000476837158
endloop
endfacet
facet normal 0 0 -1
outer loop
vertex -2.09570574760437 -50.275691986083984 1.7000000476837158
vertex -2.193253517150879 -50.42168045043945 1.7000000476837158
vertex -2.09570574760437 -49.9312744140625 1.7000000476837158
endloop
endfacet
facet normal 0 0 -1
outer loop
vertex -2.193253517150879 -49.78528594970703 1.7000000476837158
vertex -2.09570574760437 -49.9312744140625 1.7000000476837158
vertex -2.193253517150879 -50.42168045043945 1.7000000476837158
endloop
endfacet
facet normal 0 0 -1
outer loop
vertex -2.0614514350891113 -50.10348129272461 1.7000000476837158
vertex -2.09570574760437 -50.275691986083984 1.7000000476837158
vertex -2.09570574760437 -49.9312744140625 1.7000000476837158
endloop
endfacet
facet normal 0 0 -1
outer loop
vertex -2.927197217941284 -50.275691986083984 1.7000000476837158
vertex -2.961451530456543 -50.10348129272461 1.7000000476837158
vertex -2.927197217941284 -49.9312744140625 1.7000000476837158
endloop
endfacet
facet normal -0.8314659387486268 -0.555575730842218 0
outer loop
vertex -2.09570574760437 -51.20127487182617 0
vertex -2.09570574760437 -51.20127487182617 1.7000000476837158
vertex -2.193253517150879 -51.0552864074707 0
endloop
endfacet
facet normal -0.83147264470564 0.5555656946808436 0
outer loop
vertex -2.09570574760437 -51.54568862915039 1.7000000476837158
vertex -2.09570574760437 -51.54568862915039 0
vertex -2.193253517150879 -51.691680908203125 1.7000000476837158
endloop
endfacet
facet normal -0.9807850247417832 -0.1950916073086168 0
outer loop
vertex -2.0614514350891113 -51.37348175048828 0
vertex -2.0614514350891113 -51.37348175048828 1.7000000476837158
vertex -2.09570574760437 -51.20127487182617 0
endloop
endfacet
facet normal -0.19509997121620473 -0.9807833610086563 0
outer loop
vertex -2.511451482772827 -50.92348098754883 0
vertex -2.3392438888549805 -50.95773696899414 0
vertex -2.3392438888549805 -50.95773696899414 1.7000000476837158
endloop
endfacet
facet normal 0.19509997121620473 -0.9807833610086563 0
outer loop
vertex -2.511451482772827 -50.92348098754883 0
vertex -2.511451482772827 -50.92348098754883 1.7000000476837158
vertex -2.683659076690674 -50.95773696899414 0
endloop
endfacet
facet normal 0.5555772839934787 -0.8314649009491799 0
outer loop
vertex -2.683659076690674 -50.95773696899414 0
vertex -2.683659076690674 -50.95773696899414 1.7000000476837158
vertex -2.8296494483947754 -51.0552864074707 0
endloop
endfacet
facet normal 0.8314659387486268 -0.555575730842218 0
outer loop
vertex -2.8296494483947754 -51.0552864074707 0
vertex -2.8296494483947754 -51.0552864074707 1.7000000476837158
vertex -2.927197217941284 -51.20127487182617 0
endloop
endfacet
facet normal -0.9807850247417832 0.1950916073086168 0
outer loop
vertex -2.09570574760437 -51.54568862915039 0
vertex -2.09570574760437 -51.54568862915039 1.7000000476837158
vertex -2.0614514350891113 -51.37348175048828 0
endloop
endfacet
facet normal -0.83147264470564 0.5555656946808436 0
outer loop
vertex -2.193253517150879 -51.691680908203125 0
vertex -2.193253517150879 -51.691680908203125 1.7000000476837158
vertex -2.09570574760437 -51.54568862915039 0
endloop
endfacet
facet normal -0.5555622638012966 0.8314749371087372 0
outer loop
vertex -2.3392438888549805 -51.78922653198242 0
vertex -2.3392438888549805 -51.78922653198242 1.7000000476837158
vertex -2.193253517150879 -51.691680908203125 0
endloop
endfacet
facet normal 0.19509997121620473 0.9807833610086563 0
outer loop
vertex -2.683659076690674 -51.78922653198242 0
vertex -2.683659076690674 -51.78922653198242 1.7000000476837158
vertex -2.511451482772827 -51.823482513427734 0
endloop
endfacet
facet normal 0.83147264470564 0.5555656946808436 0
outer loop
vertex -2.927197217941284 -51.54568862915039 0
vertex -2.927197217941284 -51.54568862915039 1.7000000476837158
vertex -2.8296494483947754 -51.691680908203125 0
endloop
endfacet
facet normal 0.5555622638012966 0.8314749371087372 0
outer loop
vertex -2.683659076690674 -51.78922653198242 0
vertex -2.8296494483947754 -51.691680908203125 0
vertex -2.8296494483947754 -51.691680908203125 1.7000000476837158
endloop
endfacet
facet normal -0.19509997121620473 0.9807833610086563 0
outer loop
vertex -2.511451482772827 -51.823482513427734 0
vertex -2.511451482772827 -51.823482513427734 1.7000000476837158
vertex -2.3392438888549805 -51.78922653198242 0
endloop
endfacet
facet normal 0.9807850247417832 -0.1950916073086168 0
outer loop
vertex -2.927197217941284 -51.20127487182617 0
vertex -2.927197217941284 -51.20127487182617 1.7000000476837158
vertex -2.961451530456543 -51.37348175048828 0
endloop
endfacet
facet normal -0.9807850247417832 -0.1950916073086168 0
outer loop
vertex -2.09570574760437 -51.20127487182617 1.7000000476837158
vertex -2.09570574760437 -51.20127487182617 0
vertex -2.0614514350891113 -51.37348175048828 1.7000000476837158
endloop
endfacet
facet normal -0.8314659387486268 -0.555575730842218 0
outer loop
vertex -2.193253517150879 -51.0552864074707 1.7000000476837158
vertex -2.193253517150879 -51.0552864074707 0
vertex -2.09570574760437 -51.20127487182617 1.7000000476837158
endloop
endfacet
facet normal 0.9807850247417832 0.1950916073086168 0
outer loop
vertex -2.927197217941284 -51.54568862915039 0
vertex -2.961451530456543 -51.37348175048828 0
vertex -2.961451530456543 -51.37348175048828 1.7000000476837158
endloop
endfacet
facet normal 0 0 -1
outer loop
vertex -2.927197217941284 -51.54568862915039 1.7000000476837158
vertex -2.961451530456543 -51.37348175048828 1.7000000476837158
vertex -2.927197217941284 -51.20127487182617 1.7000000476837158
endloop
endfacet
facet normal 0 0 -1
outer loop
vertex -2.8296494483947754 -51.691680908203125 1.7000000476837158
vertex -2.927197217941284 -51.54568862915039 1.7000000476837158
vertex -2.8296494483947754 -51.0552864074707 1.7000000476837158
endloop
endfacet
facet normal -0.5555772839934787 -0.8314649009491799 0
outer loop
vertex -2.3392438888549805 -50.95773696899414 1.7000000476837158
vertex -2.3392438888549805 -50.95773696899414 0
vertex -2.193253517150879 -51.0552864074707 1.7000000476837158
endloop
endfacet
facet normal -0.19509997121620473 -0.9807833610086563 0
outer loop
vertex -2.511451482772827 -50.92348098754883 1.7000000476837158
vertex -2.511451482772827 -50.92348098754883 0
vertex -2.3392438888549805 -50.95773696899414 1.7000000476837158
endloop
endfacet
facet normal 0.19509997121620473 -0.9807833610086563 0
outer loop
vertex -2.683659076690674 -50.95773696899414 1.7000000476837158
vertex -2.683659076690674 -50.95773696899414 0
vertex -2.511451482772827 -50.92348098754883 1.7000000476837158
endloop
endfacet
facet normal 0.5555772839934787 -0.8314649009491799 0
outer loop
vertex -2.8296494483947754 -51.0552864074707 1.7000000476837158
vertex -2.8296494483947754 -51.0552864074707 0
vertex -2.683659076690674 -50.95773696899414 1.7000000476837158
endloop
endfacet
facet normal 0.8314659387486268 -0.555575730842218 0
outer loop
vertex -2.927197217941284 -51.20127487182617 1.7000000476837158
vertex -2.927197217941284 -51.20127487182617 0
vertex -2.8296494483947754 -51.0552864074707 1.7000000476837158
endloop
endfacet
facet normal -0.9807850247417832 0.1950916073086168 0
outer loop
vertex -2.0614514350891113 -51.37348175048828 1.7000000476837158
vertex -2.0614514350891113 -51.37348175048828 0
vertex -2.09570574760437 -51.54568862915039 1.7000000476837158
endloop
endfacet
facet normal 0 0 -1
outer loop
vertex -2.683659076690674 -51.78922653198242 1.7000000476837158
vertex -2.8296494483947754 -51.691680908203125 1.7000000476837158
vertex -2.683659076690674 -50.95773696899414 1.7000000476837158
endloop
endfacet
facet normal 0 0 -1
outer loop
vertex -2.511451482772827 -51.823482513427734 1.7000000476837158
vertex -2.683659076690674 -51.78922653198242 1.7000000476837158
vertex -2.511451482772827 -50.92348098754883 1.7000000476837158
endloop
endfacet
facet normal 0 0 -1
outer loop
vertex -2.3392438888549805 -51.78922653198242 1.7000000476837158
vertex -2.511451482772827 -51.823482513427734 1.7000000476837158
vertex -2.3392438888549805 -50.95773696899414 1.7000000476837158
endloop
endfacet
facet normal 0.9807850247417832 0.1950916073086168 0
outer loop
vertex -2.927197217941284 -51.54568862915039 1.7000000476837158
vertex -2.927197217941284 -51.54568862915039 0
vertex -2.961451530456543 -51.37348175048828 1.7000000476837158
endloop
endfacet
facet normal 0.9807850247417832 -0.1950916073086168 0
outer loop
vertex -2.961451530456543 -51.37348175048828 1.7000000476837158
vertex -2.961451530456543 -51.37348175048828 0
vertex -2.927197217941284 -51.20127487182617 1.7000000476837158
endloop
endfacet
facet normal 0 0 -1
outer loop
vertex -2.193253517150879 -51.691680908203125 1.7000000476837158
vertex -2.3392438888549805 -51.78922653198242 1.7000000476837158
vertex -2.193253517150879 -51.0552864074707 1.7000000476837158
endloop
endfacet
facet normal 0 0 -1
outer loop
vertex -2.09570574760437 -51.54568862915039 1.7000000476837158
vertex -2.193253517150879 -51.691680908203125 1.7000000476837158
vertex -2.09570574760437 -51.20127487182617 1.7000000476837158
endloop
endfacet
facet normal 0 0 -1
outer loop
vertex -2.0614514350891113 -51.37348175048828 1.7000000476837158
vertex -2.09570574760437 -51.54568862915039 1.7000000476837158
vertex -2.09570574760437 -51.20127487182617 1.7000000476837158
endloop
endfacet
facet normal 0 0 -1
outer loop
vertex -2.8296494483947754 -51.0552864074707 1.7000000476837158
vertex -2.927197217941284 -51.54568862915039 1.7000000476837158
vertex -2.927197217941284 -51.20127487182617 1.7000000476837158
endloop
endfacet
facet normal 0 0 -1
outer loop
vertex -2.683659076690674 -50.95773696899414 1.7000000476837158
vertex -2.8296494483947754 -51.691680908203125 1.7000000476837158
vertex -2.8296494483947754 -51.0552864074707 1.7000000476837158
endloop
endfacet
facet normal 0 0 -1
outer loop
vertex -2.511451482772827 -50.92348098754883 1.7000000476837158
vertex -2.683659076690674 -51.78922653198242 1.7000000476837158
vertex -2.683659076690674 -50.95773696899414 1.7000000476837158
endloop
endfacet
facet normal 0 0 -1
outer loop
vertex -2.3392438888549805 -50.95773696899414 1.7000000476837158
vertex -2.511451482772827 -51.823482513427734 1.7000000476837158
vertex -2.511451482772827 -50.92348098754883 1.7000000476837158
endloop
endfacet
facet normal 0.19509997121620473 0.9807833610086563 0
outer loop
vertex -2.511451482772827 -51.823482513427734 1.7000000476837158
vertex -2.511451482772827 -51.823482513427734 0
vertex -2.683659076690674 -51.78922653198242 1.7000000476837158
endloop
endfacet
facet normal 0.83147264470564 0.5555656946808436 0
outer loop
vertex -2.8296494483947754 -51.691680908203125 1.7000000476837158
vertex -2.8296494483947754 -51.691680908203125 0
vertex -2.927197217941284 -51.54568862915039 1.7000000476837158
endloop
endfacet
facet normal 0.5555622638012966 0.8314749371087372 0
outer loop
vertex -2.683659076690674 -51.78922653198242 1.7000000476837158
vertex -2.683659076690674 -51.78922653198242 0
vertex -2.8296494483947754 -51.691680908203125 1.7000000476837158
endloop
endfacet
facet normal 0 0 -1
outer loop
vertex -2.193253517150879 -51.0552864074707 1.7000000476837158
vertex -2.3392438888549805 -51.78922653198242 1.7000000476837158
vertex -2.3392438888549805 -50.95773696899414 1.7000000476837158
endloop
endfacet
facet normal 0 0 -1
outer loop
vertex -2.193253517150879 -51.0552864074707 1.7000000476837158
vertex -2.09570574760437 -51.20127487182617 1.7000000476837158
vertex -2.193253517150879 -51.691680908203125 1.7000000476837158
endloop
endfacet
facet normal -0.19509997121620473 0.9807833610086563 0
outer loop
vertex -2.3392438888549805 -51.78922653198242 1.7000000476837158
vertex -2.3392438888549805 -51.78922653198242 0
vertex -2.511451482772827 -51.823482513427734 1.7000000476837158
endloop
endfacet
facet normal -0.5555622638012966 0.8314749371087372 0
outer loop
vertex -2.193253517150879 -51.691680908203125 1.7000000476837158
vertex -2.193253517150879 -51.691680908203125 0
vertex -2.3392438888549805 -51.78922653198242 1.7000000476837158
endloop
endfacet
facet normal -0.5555772839934787 -0.8314649009491799 0
outer loop
vertex -2.193253517150879 -51.0552864074707 0
vertex -2.193253517150879 -51.0552864074707 1.7000000476837158
vertex -2.3392438888549805 -50.95773696899414 0
endloop
endfacet
facet normal 0 0 -1
outer loop
vertex -24.561159133911133 -15.823482513427734 0
vertex -29.111160278320312 -15.123482704162598 0
vertex -29.111160278320312 -11.623482704162598 0
endloop
endfacet
facet normal 0 0 -1
outer loop
vertex 29.19236183166504 5.40103816986084 0
vertex 41.4033203125 12.451038360595703 0
vertex 24.81777000427246 -3.191453695297241 0
endloop
endfacet
facet normal 0 0 -1
outer loop
vertex -38.66115951538086 -29.92348289489746 0
vertex -43.561161041259766 -29.92348289489746 0
vertex -38.66115951538086 -15.823482513427734 0
endloop
endfacet
facet normal 0 0 -1
outer loop
vertex -38.66115951538086 -15.823482513427734 0
vertex -43.561161041259766 -29.92348289489746 0
vertex -43.561161041259766 -15.823482513427734 0
endloop
endfacet
facet normal 0 0 -1
outer loop
vertex -29.111160278320312 -30.62348175048828 0
vertex -29.111160278320312 -34.12348175048828 0
vertex -34.11116027832031 -30.62348175048828 0
endloop
endfacet
facet normal 0 0 -1
outer loop
vertex -29.111160278320312 -30.62348175048828 0
vertex -29.111160278320312 -29.92348289489746 0
vertex -24.561159133911133 -29.92348289489746 0
endloop
endfacet
facet normal 0 0 -1
outer loop
vertex -24.561159133911133 -34.823482513427734 0
vertex -29.111160278320312 -30.62348175048828 0
vertex -24.561159133911133 -29.92348289489746 0
endloop
endfacet
facet normal 0 0 -1
outer loop
vertex -24.561159133911133 -34.823482513427734 0
vertex -24.561159133911133 -29.92348289489746 0
vertex -19.66115951538086 -29.92348289489746 0
endloop
endfacet
facet normal 0 0 -1
outer loop
vertex -24.561159133911133 -29.92348289489746 0
vertex -24.561159133911133 -15.823482513427734 0
vertex -19.66115951538086 -15.823482513427734 0
endloop
endfacet
facet normal 0 0 -1
outer loop
vertex -34.11116027832031 -30.62348175048828 0
vertex -38.66115951538086 -29.92348289489746 0
vertex -34.11116027832031 -29.92348289489746 0
endloop
endfacet
facet normal 0 0 -1
outer loop
vertex -34.11116027832031 -34.12348175048828 0
vertex -38.66115951538086 -29.92348289489746 0
vertex -34.11116027832031 -30.62348175048828 0
endloop
endfacet
facet normal 0 0 -1
outer loop
vertex -34.11116027832031 -34.12348175048828 0
vertex -38.66115951538086 -34.823482513427734 0
vertex -38.66115951538086 -29.92348289489746 0
endloop
endfacet
facet normal 0 0 -1
outer loop
vertex -38.66115951538086 -34.823482513427734 0
vertex -43.561161041259766 -29.92348289489746 0
vertex -38.66115951538086 -29.92348289489746 0
endloop
endfacet
facet normal 0 0 1
outer loop
vertex 67.2189712524414 56.46102523803711 5
vertex 68.30291748046875 57.08182907104492 5
vertex 64.77992248535156 58.48516845703125 5
endloop
endfacet
facet normal 0 0 -1
outer loop
vertex -38.66115951538086 -15.823482513427734 0
vertex -43.561161041259766 -15.823482513427734 0
vertex -43.561161041259766 -10.923482894897461 0
endloop
endfacet
facet normal 0 0 -1
outer loop
vertex -38.66115951538086 -15.823482513427734 0
vertex -43.561161041259766 -10.923482894897461 0
vertex -38.66115951538086 -10.923482894897461 0
endloop
endfacet
facet normal 0 0 -1
outer loop
vertex -38.66115951538086 -15.823482513427734 0
vertex -34.11116027832031 -15.123482704162598 0
vertex -34.11116027832031 -15.823482513427734 0
endloop
endfacet
facet normal 0 0 -1
outer loop
vertex -34.11116027832031 -15.123482704162598 0
vertex -38.66115951538086 -15.823482513427734 0
vertex -38.66115951538086 -10.923482894897461 0
endloop
endfacet
facet normal 0 0 -1
outer loop
vertex -34.11116027832031 -15.123482704162598 0
vertex -38.66115951538086 -10.923482894897461 0
vertex -34.11116027832031 -11.623482704162598 0
endloop
endfacet
facet normal 0 0 -1
outer loop
vertex -34.11116027832031 -11.623482704162598 0
vertex -38.66115951538086 -10.923482894897461 0
vertex -34.11116027832031 -10.923482894897461 0
endloop
endfacet
facet normal 0 0 -1
outer loop
vertex -34.11116027832031 -15.123482704162598 0
vertex -34.11116027832031 -11.623482704162598 0
vertex -29.111160278320312 -15.123482704162598 0
endloop
endfacet
facet normal 0 0 -1
outer loop
vertex -38.66115951538086 -10.923482894897461 0
vertex -43.561161041259766 -10.923482894897461 0
vertex -38.66115951538086 3.1765174865722656 0
endloop
endfacet
facet normal 0 0 -1
outer loop
vertex -29.111160278320312 -15.823482513427734 0
vertex -29.111160278320312 -15.123482704162598 0
vertex -24.561159133911133 -15.823482513427734 0
endloop
endfacet
facet normal 0 0 -1
outer loop
vertex -83.76100158691406 -61.16970443725586 0
vertex -84.05348205566406 -60.46359634399414 0
vertex -82.8111572265625 -60.46359634399414 0
endloop
endfacet
facet normal 0 0 1
outer loop
vertex 67.7426986694336 57.53528594970703 5
vertex 64.77992248535156 58.48516845703125 5
vertex 68.30291748046875 57.08182907104492 5
endloop
endfacet
facet normal 0 0 -1
outer loop
vertex -29.111160278320312 -11.623482704162598 0
vertex -29.111160278320312 -10.923482894897461 0
vertex -24.561159133911133 -10.923482894897461 0
endloop
endfacet
facet normal 0 0 -1
outer loop
vertex -24.561159133911133 -15.823482513427734 0
vertex -29.111160278320312 -11.623482704162598 0
vertex -24.561159133911133 -10.923482894897461 0
endloop
endfacet
facet normal 0 0 -1
outer loop
vertex -24.561159133911133 -15.823482513427734 0
vertex -24.561159133911133 -10.923482894897461 0
vertex -19.66115951538086 -10.923482894897461 0
endloop
endfacet
facet normal 0 0 -1
outer loop
vertex -19.66115951538086 -10.923482894897461 0
vertex -24.561159133911133 -10.923482894897461 0
vertex -24.561159133911133 3.1765174865722656 0
endloop
endfacet
facet normal 0.6291533118295548 0.777281229809329 0
outer loop
vertex 68.30291748046875 57.08182907104492 5
vertex 68.30291748046875 57.08182907104492 4.5
vertex 67.7426986694336 57.53528594970703 5
endloop
endfacet
facet normal 0 0 1
outer loop
vertex 64.77992248535156 58.48516845703125 5
vertex 66.25431823730469 45.82799530029297 5
vertex 67.2189712524414 56.46102523803711 5
endloop
endfacet
facet normal 0 0 1
outer loop
vertex 67.2189712524414 56.46102523803711 5
vertex 73.3043212890625 33.61703872680664 5
vertex 76.6617660522461 39.97364807128906 5
endloop
endfacet
facet normal 0 0 1
outer loop
vertex 66.25431823730469 45.82799530029297 5
vertex 73.3043212890625 33.61703872680664 5
vertex 67.2189712524414 56.46102523803711 5
endloop
endfacet
facet normal 0.8677566832253961 0.4969892742481064 0
outer loop
vertex 77.78985595703125 40.61973190307617 5
vertex 84.12109375 29.56521987915039 5
vertex 77.78985595703125 40.61973190307617 4.5
endloop
endfacet
facet normal 0 0 1
outer loop
vertex 73.3043212890625 33.61703872680664 5
vertex 77.78985595703125 40.61973190307617 5
vertex 76.6617660522461 39.97364807128906 5
endloop
endfacet
facet normal 0 0 1
outer loop
vertex 84.12109375 29.56521987915039 5
vertex 77.78985595703125 40.61973190307617 5
vertex 73.3043212890625 33.61703872680664 5
endloop
endfacet
facet normal -0.9238791069161851 -0.38268445984094035 0
outer loop
vertex -84.05348205566406 -60.46359634399414 0
vertex -83.76100158691406 -61.16970443725586 0
vertex -84.05348205566406 -60.46359634399414 0.20000000298023224
endloop
endfacet
facet normal 0 0 1
outer loop
vertex 73.3043212890625 33.61703872680664 5
vertex 61.093360900878906 26.56703758239746 5
vertex 84.12109375 29.56521987915039 5
endloop
endfacet
facet normal 0 0 -1
outer loop
vertex -29.111160278320312 -15.123482704162598 0
vertex -34.11116027832031 -11.623482704162598 0
vertex -29.111160278320312 -11.623482704162598 0
endloop
endfacet
facet normal 0 0 -1
outer loop
vertex -24.561159133911133 -34.823482513427734 0
vertex -19.66115951538086 -29.92348289489746 0
vertex -15.111159324645996 -30.62348175048828 0
endloop
endfacet
facet normal 0 0 -1
outer loop
vertex -10.111159324645996 -30.62348175048828 0
vertex -24.561159133911133 -34.823482513427734 0
vertex -15.111159324645996 -30.62348175048828 0
endloop
endfacet
facet normal 0 0 -1
outer loop
vertex -15.111159324645996 -30.62348175048828 0
vertex -19.66115951538086 -29.92348289489746 0
vertex -15.111159324645996 -29.92348289489746 0
endloop
endfacet
facet normal 0 0 -1
outer loop
vertex -10.111159324645996 -30.62348175048828 0
vertex -10.111159324645996 -34.12348175048828 0
vertex -15.111159324645996 -34.12348175048828 0
endloop
endfacet
facet normal 0 0 -1
outer loop
vertex -19.66115951538086 -29.92348289489746 0
vertex -24.561159133911133 -29.92348289489746 0
vertex -19.66115951538086 -15.823482513427734 0
endloop
endfacet
facet normal 0 0 -1
outer loop
vertex -10.111159324645996 -30.62348175048828 0
vertex -10.111159324645996 -29.92348289489746 0
vertex -5.561159610748291 -29.92348289489746 0
endloop
endfacet
facet normal 0 0 -1
outer loop
vertex -5.561159610748291 -29.92348289489746 0
vertex -5.561159610748291 -34.823482513427734 0
vertex -10.111159324645996 -30.62348175048828 0
endloop
endfacet
facet normal 0 0 -1
outer loop
vertex -5.561159610748291 -29.92348289489746 0
vertex -5.561159610748291 -15.823482513427734 0
vertex -0.6611594557762146 -41.79848098754883 0
endloop
endfacet
facet normal 0 0 -1
outer loop
vertex -0.6611594557762146 -27.698482513427734 0
vertex -0.6611594557762146 -41.79848098754883 0
vertex -5.561159610748291 -15.823482513427734 0
endloop
endfacet
facet normal 0 0 -1
outer loop
vertex -0.6611594557762146 -27.698482513427734 0
vertex -5.561159610748291 -15.823482513427734 0
vertex -0.6611594557762146 -22.79848289489746 0
endloop
endfacet
facet normal 0 0 1
outer loop
vertex 64.77992248535156 58.48516845703125 5
vertex 63.81513595581055 58.383033752441406 5
vertex 49.68632125854492 36.25199508666992 5
endloop
endfacet
facet normal 0 0 1
outer loop
vertex 64.77992248535156 58.48516845703125 5
vertex 54.04336166381836 38.77799606323242 5
vertex 66.25431823730469 45.82799530029297 5
endloop
endfacet
facet normal 0 0 1
outer loop
vertex 49.68632125854492 36.25199508666992 5
vertex 54.04336166381836 38.77799606323242 5
vertex 64.77992248535156 58.48516845703125 5
endloop
endfacet
facet normal 0 0 1
outer loop
vertex 63.81513595581055 58.383033752441406 5
vertex 28.060056686401367 37.854339599609375 5
vertex 49.68632125854492 36.25199508666992 5
endloop
endfacet
facet normal 0 0 1
outer loop
vertex 49.68632125854492 36.25199508666992 5
vertex 56.73632049560547 24.041038513183594 5
vertex 54.04336166381836 38.77799606323242 5
endloop
endfacet
facet normal 0 0 -1
outer loop
vertex -19.66115951538086 -15.823482513427734 0
vertex -24.561159133911133 -15.823482513427734 0
vertex -19.66115951538086 -10.923482894897461 0
endloop
endfacet
facet normal 0 0 -1
outer loop
vertex -19.66115951538086 -15.823482513427734 0
vertex -15.111159324645996 -15.123482704162598 0
vertex -15.111159324645996 -15.823482513427734 0
endloop
endfacet
facet normal 0 0 -1
outer loop
vertex -15.111159324645996 -15.123482704162598 0
vertex -19.66115951538086 -15.823482513427734 0
vertex -19.66115951538086 -10.923482894897461 0
endloop
endfacet
facet normal 0 0 -1
outer loop
vertex -15.111159324645996 -15.123482704162598 0
vertex -19.66115951538086 -10.923482894897461 0
vertex -15.111159324645996 -11.623482704162598 0
endloop
endfacet
facet normal 0 0 -1
outer loop
vertex -15.111159324645996 -11.623482704162598 0
vertex -19.66115951538086 -10.923482894897461 0
vertex -15.111159324645996 -10.923482894897461 0
endloop
endfacet
facet normal 0 0 -1
outer loop
vertex -15.111159324645996 -11.623482704162598 0
vertex -10.111159324645996 -11.623482704162598 0
vertex -15.111159324645996 -15.123482704162598 0
endloop
endfacet
facet normal 0 0 -1
outer loop
vertex -15.111159324645996 -15.123482704162598 0
vertex -10.111159324645996 -11.623482704162598 0
vertex -10.111159324645996 -15.123482704162598 0
endloop
endfacet
facet normal 0 0 -1
outer loop
vertex -10.111159324645996 -15.823482513427734 0
vertex -10.111159324645996 -15.123482704162598 0
vertex -5.561159610748291 -15.823482513427734 0
endloop
endfacet
facet normal 0 0 -1
outer loop
vertex -5.561159610748291 -15.823482513427734 0
vertex -10.111159324645996 -15.123482704162598 0
vertex -10.111159324645996 -11.623482704162598 0
endloop
endfacet
facet normal 0 0 -1
outer loop
vertex -10.111159324645996 -11.623482704162598 0
vertex -10.111159324645996 -10.923482894897461 0
vertex -5.561159610748291 -10.923482894897461 0
endloop
endfacet
facet normal 0 0 -1
outer loop
vertex -5.561159610748291 -15.823482513427734 0
vertex -10.111159324645996 -11.623482704162598 0
vertex -5.561159610748291 -10.923482894897461 0
endloop
endfacet
facet normal 0 0 -1
outer loop
vertex -5.561159610748291 -15.823482513427734 0
vertex -5.561159610748291 -10.923482894897461 0
vertex -0.6611594557762146 -22.79848289489746 0
endloop
endfacet
facet normal 0 0 -1
outer loop
vertex -5.561159610748291 -10.923482894897461 0
vertex -5.561159610748291 3.1765174865722656 0
vertex -0.6611594557762146 -22.79848289489746 0
endloop
endfacet
facet normal 0 0 -1
outer loop
vertex -0.6611594557762146 -22.79848289489746 0
vertex -5.561159610748291 3.1765174865722656 0
vertex -0.6611594557762146 -8.698482513427734 0
endloop
endfacet
facet normal 0 0 -1
outer loop
vertex -0.6611594557762146 -8.698482513427734 0
vertex -5.561159610748291 3.1765174865722656 0
vertex -0.6611594557762146 -3.798482656478882 0
endloop
endfacet
facet normal 0 0 1
outer loop
vertex 61.093360900878906 26.56703758239746 5
vertex 54.04336166381836 38.77799606323242 5
vertex 56.73632049560547 24.041038513183594 5
endloop
endfacet
facet normal 0 0 -1
outer loop
vertex -83.76100158691406 -61.16970443725586 0
vertex -82.8111572265625 -60.46359634399414 0
vertex -81.53237915039062 -63.3983268737793 0
endloop
endfacet
facet normal 0.30529876277665624 0.9522566174341047 0
outer loop
vertex 67.7426986694336 57.53528594970703 5
vertex 64.77992248535156 58.48516845703125 0
vertex 64.77992248535156 58.48516845703125 5
endloop
endfacet
facet normal -0.1052742366156856 0.9944432286988457 0
outer loop
vertex 64.77992248535156 58.48516845703125 5
vertex 63.81513595581055 58.383033752441406 0
vertex 63.81513595581055 58.383033752441406 5
endloop
endfacet
facet normal 0.6291533118295548 0.777281229809329 0
outer loop
vertex 68.30291748046875 57.08182907104492 4.5
vertex 67.7426986694336 57.53528594970703 0
vertex 67.7426986694336 57.53528594970703 5
endloop
endfacet
facet normal -0.4969896710081771 0.8677564559893427 0
outer loop
vertex 69.2029800415039 57.02112579345703 4.5
vertex 68.59555053710938 56.67323303222656 0.20000000298023224
vertex 68.59555053710938 56.67323303222656 4.5
endloop
endfacet
facet normal 0.8677591326774136 0.49698499741435154 0
outer loop
vertex 68.59555053710938 56.67323303222656 4.5
vertex 68.41220092773438 56.993370056152344 0.20000000298023224
vertex 68.41220092773438 56.993370056152344 4.5
endloop
endfacet
facet normal 0.8677564294966601 0.4969897172650608 5.345895813635634e-8
outer loop
vertex 72.10208892822266 51.95920944213867 4.5
vertex 69.5608139038086 56.396339416503906 0.20000000298023224
vertex 69.2029800415039 57.02112579345703 4.5
endloop
endfacet
facet normal 0.629161544155738 0.7772745662587254 -0.0000016963415208856367
outer loop
vertex 68.41220092773438 56.993370056152344 4.5
vertex 67.7426986694336 57.53528594970703 0
vertex 68.30291748046875 57.08182907104492 4.5
endloop
endfacet
facet normal 0.8677567724922884 0.4969891183850789 -7.672281453799028e-7
outer loop
vertex 78.14878845214844 41.40150451660156 4.5
vertex 69.5608139038086 56.396339416503906 0.20000000298023224
vertex 72.10208892822266 51.95920944213867 4.5
endloop
endfacet
facet normal 0.8677566832253961 0.4969892742481064 0
outer loop
vertex 84.12109375 29.56521987915039 5
vertex 77.78985595703125 40.61973190307617 0.20000000298023224
vertex 77.78985595703125 40.61973190307617 4.5
endloop
endfacet
facet normal 0.9945034034157725 0.10470425299120155 0
outer loop
vertex 84.22254943847656 28.601572036743164 5
vertex 84.12109375 29.56521987915039 0
vertex 84.12109375 29.56521987915039 5
endloop
endfacet
facet normal 0 0 -1
outer loop
vertex -81.53237915039062 -63.3983268737793 0
vertex -67.11116027832031 -42.49848175048828 0
vertex -80.6870346069336 -63.74848175048828 0
endloop
endfacet
facet normal 0.4969896710081771 -0.8677564559893427 0
outer loop
vertex 77.5413589477539 41.053611755371094 4.5
vertex 78.14878845214844 41.40150451660156 0.20000000298023224
vertex 78.14878845214844 41.40150451660156 4.5
endloop
endfacet
facet normal 0.8677553834438969 0.49699154369479537 0
outer loop
vertex 77.78985595703125 40.61973190307617 0.20000000298023224
vertex 77.5413589477539 41.053611755371094 4.5
vertex 77.78985595703125 40.61973190307617 4.5
endloop
endfacet
facet normal 0 0 -1
outer loop
vertex -81.53237915039062 -63.3983268737793 0
vertex -82.8111572265625 -60.46359634399414 0
vertex -67.11116027832031 -42.49848175048828 0
endloop
endfacet
facet normal 0 0 -1
outer loop
vertex -5.561159610748291 -34.823482513427734 0
vertex -5.561159610748291 -29.92348289489746 0
vertex -0.6611594557762146 -41.79848098754883 0
endloop
endfacet
facet normal 0 0 -1
outer loop
vertex -0.6611594557762146 -41.79848098754883 0
vertex -2.193253517150879 -40.89528274536133 0
vertex -5.561159610748291 -34.823482513427734 0
endloop
endfacet
facet normal 0 0 -1
outer loop
vertex -2.193253517150879 -40.89528274536133 0
vertex -2.3392438888549805 -40.79773712158203 0
vertex -5.561159610748291 -34.823482513427734 0
endloop
endfacet
facet normal 0 0 -1
outer loop
vertex -2.511451482772827 -40.76348114013672 0
vertex -5.561159610748291 -34.823482513427734 0
vertex -2.3392438888549805 -40.79773712158203 0
endloop
endfacet
facet normal 0 0 -1
outer loop
vertex -2.683659076690674 -40.79773712158203 0
vertex -5.561159610748291 -34.823482513427734 0
vertex -2.511451482772827 -40.76348114013672 0
endloop
endfacet
facet normal 0 0 -1
outer loop
vertex -2.683659076690674 -40.79773712158203 0
vertex -2.8296494483947754 -40.89528274536133 0
vertex -5.561159610748291 -34.823482513427734 0
endloop
endfacet
facet normal 0 0 -1
outer loop
vertex -2.8296494483947754 -40.89528274536133 0
vertex -2.927197217941284 -41.04127502441406 0
vertex -5.561159610748291 -34.823482513427734 0
endloop
endfacet
facet normal 0 0 -1
outer loop
vertex -2.927197217941284 -41.04127502441406 0
vertex -2.961451530456543 -41.21348190307617 0
vertex -5.561159610748291 -34.823482513427734 0
endloop
endfacet
facet normal 0 0 -1
outer loop
vertex -2.961451530456543 -41.21348190307617 0
vertex -2.927197217941284 -41.38568878173828 0
vertex -5.561159610748291 -34.823482513427734 0
endloop
endfacet
facet normal 0 0 -1
outer loop
vertex -2.927197217941284 -41.38568878173828 0
vertex -2.683659076690674 -42.0677375793457 0
vertex -5.561159610748291 -34.823482513427734 0
endloop
endfacet
facet normal 0 0 -1
outer loop
vertex -2.683659076690674 -42.0677375793457 0
vertex -2.8296494483947754 -42.165283203125 0
vertex -5.561159610748291 -34.823482513427734 0
endloop
endfacet
facet normal 0 0 -1
outer loop
vertex -2.8296494483947754 -42.165283203125 0
vertex -2.927197217941284 -42.311275482177734 0
vertex -5.561159610748291 -34.823482513427734 0
endloop
endfacet
facet normal 0 0 -1
outer loop
vertex -2.927197217941284 -42.311275482177734 0
vertex -2.961451530456543 -42.483482360839844 0
vertex -5.561159610748291 -34.823482513427734 0
endloop
endfacet
facet normal 0 0 -1
outer loop
vertex -5.561159610748291 -34.823482513427734 0
vertex -10.111159324645996 -34.12348175048828 0
vertex -10.111159324645996 -30.62348175048828 0
endloop
endfacet
facet normal 0 0 -1
outer loop
vertex -10.111159324645996 -34.823482513427734 0
vertex -10.111159324645996 -34.12348175048828 0
vertex -5.561159610748291 -34.823482513427734 0
endloop
endfacet
facet normal 0 0 -1
outer loop
vertex -0.6611594557762146 -41.79848098754883 0
vertex -2.0614514350891113 -41.21348190307617 0
vertex -2.09570574760437 -41.04127502441406 0
endloop
endfacet
facet normal 0 0 -1
outer loop
vertex -0.6611594557762146 -41.79848098754883 0
vertex -2.0614514350891113 -42.483482360839844 0
vertex -2.0614514350891113 -41.21348190307617 0
endloop
endfacet
facet normal 0 0 -1
outer loop
vertex -0.6611594557762146 -41.79848098754883 0
vertex -2.0614514350891113 -43.753482818603516 0
vertex -2.0614514350891113 -42.483482360839844 0
endloop
endfacet
facet normal 0 0 -1
outer loop
vertex -2.193253517150879 -40.89528274536133 0
vertex -0.6611594557762146 -41.79848098754883 0
vertex -2.09570574760437 -41.04127502441406 0
endloop
endfacet
facet normal -0.9238724560392052 -0.38270051602182903 0.0000029517001975691915
outer loop
vertex -84.11116027832031 -60.32435607910156 4.5
vertex -83.76100158691406 -61.16970443725586 0
vertex -84.05348205566406 -60.46359634399414 4.5
endloop
endfacet
facet normal 0 -1 0
outer loop
vertex -84.8111572265625 -59.96359634399414 4.5
vertex -84.11116027832031 -59.96359634399414 0.20000000298023224
vertex -84.11116027832031 -59.96359634399414 4.5
endloop
endfacet
facet normal -1 0 0
outer loop
vertex -84.11116027832031 -59.96359634399414 4.5
vertex -84.11116027832031 -60.32435607910156 0.20000000298023224
vertex -84.11116027832031 -60.32435607910156 4.5
endloop
endfacet
facet normal -1 0 0
outer loop
vertex -84.8111572265625 -59.96359634399414 4.5
vertex -84.8111572265625 -54.13026428222656 4.5
vertex -84.8111572265625 -59.243595123291016 0.20000000298023224
endloop
endfacet
facet normal -1 0 0
outer loop
vertex -84.8111572265625 -41.96359634399414 4.5
vertex -84.8111572265625 -59.243595123291016 0.20000000298023224
vertex -84.8111572265625 -54.13026428222656 4.5
endloop
endfacet
facet normal -0.923879106916185 -0.38268445984094035 0
outer loop
vertex -84.05348205566406 -60.46359634399414 4.5
vertex -83.76100158691406 -61.16970443725586 0
vertex -83.76100158691406 -61.16970443725586 5
endloop
endfacet
facet normal -0.7071067811865475 -0.7071067811865475 0
outer loop
vertex -83.76100158691406 -61.16970443725586 5
vertex -81.53237915039062 -63.3983268737793 0
vertex -81.53237915039062 -63.3983268737793 5
endloop
endfacet
facet normal -0.38268502001143 -0.9238788748850422 0
outer loop
vertex -81.53237915039062 -63.3983268737793 5
vertex -80.6870346069336 -63.74848175048828 0
vertex -80.6870346069336 -63.74848175048828 5
endloop
endfacet
facet normal 0 1 0
outer loop
vertex -84.11116027832031 -41.96359634399414 4.5
vertex -84.8111572265625 -41.96359634399414 0.20000000298023224
vertex -84.8111572265625 -41.96359634399414 4.5
endloop
endfacet
facet normal -1 0 0
outer loop
vertex -84.11116027832031 -41.96359634399414 0.20000000298023224
vertex -84.11116027832031 -41.96359634399414 4.5
vertex -84.11116027832031 -41.46359634399414 4.5
endloop
endfacet
facet normal 0 0 -1
outer loop
vertex -2.0614514350891113 -42.483482360839844 0
vertex -2.09570574760437 -41.38568878173828 0
vertex -2.0614514350891113 -41.21348190307617 0
endloop
endfacet
facet normal -1 0 0
outer loop
vertex -84.11116027832031 -35.53709030151367 4.5
vertex -84.11116027832031 -41.96359634399414 0.20000000298023224
vertex -84.11116027832031 -41.46359634399414 4.5
endloop
endfacet
facet normal -1 0 0
outer loop
vertex -84.11116027832031 -35.53709030151367 4.5
vertex -84.11116027832031 -35.03709030151367 4.5
vertex -84.11116027832031 -35.03709030151367 0.20000000298023224
endloop
endfacet
facet normal 0 -1 0
outer loop
vertex -84.8111572265625 -35.03709030151367 4.5
vertex -84.11116027832031 -35.03709030151367 0.20000000298023224
vertex -84.11116027832031 -35.03709030151367 4.5
endloop
endfacet
facet normal 0 0 -1
outer loop
vertex -2.09570574760437 -41.38568878173828 0
vertex -2.09570574760437 -42.311275482177734 0
vertex -2.193253517150879 -41.531681060791016 0
endloop
endfacet
facet normal 0 0 -1
outer loop
vertex -2.193253517150879 -41.531681060791016 0
vertex -2.193253517150879 -42.165283203125 0
vertex -2.3392438888549805 -41.62922668457031 0
endloop
endfacet
facet normal 0 0 -1
outer loop
vertex -2.511451482772827 -41.663482666015625 0
vertex -2.511451482772827 -42.03348159790039 0
vertex -2.683659076690674 -41.62922668457031 0
endloop
endfacet
facet normal 0 0 -1
outer loop
vertex -2.683659076690674 -41.62922668457031 0
vertex -2.683659076690674 -42.0677375793457 0
vertex -2.8296494483947754 -41.531681060791016 0
endloop
endfacet
facet normal 0 0 -1
outer loop
vertex -2.683659076690674 -42.0677375793457 0
vertex -2.927197217941284 -41.38568878173828 0
vertex -2.8296494483947754 -41.531681060791016 0
endloop
endfacet
facet normal 0 0 -1
outer loop
vertex -2.09570574760437 -42.311275482177734 0
vertex -2.193253517150879 -42.165283203125 0
vertex -2.193253517150879 -41.531681060791016 0
endloop
endfacet
facet normal 0 0 -1
outer loop
vertex -2.0614514350891113 -42.483482360839844 0
vertex -2.09570574760437 -42.311275482177734 0
vertex -2.09570574760437 -41.38568878173828 0
endloop
endfacet
facet normal 0 0 -1
outer loop
vertex -2.3392438888549805 -41.62922668457031 0
vertex -2.3392438888549805 -42.0677375793457 0
vertex -2.511451482772827 -41.663482666015625 0
endloop
endfacet
facet normal 0 0 -1
outer loop
vertex -2.3392438888549805 -42.0677375793457 0
vertex -2.3392438888549805 -41.62922668457031 0
vertex -2.193253517150879 -42.165283203125 0
endloop
endfacet
facet normal 0 0 -1
outer loop
vertex -2.511451482772827 -42.03348159790039 0
vertex -2.511451482772827 -41.663482666015625 0
vertex -2.3392438888549805 -42.0677375793457 0
endloop
endfacet
facet normal 0 0 -1
outer loop
vertex -2.683659076690674 -42.0677375793457 0
vertex -2.683659076690674 -41.62922668457031 0
vertex -2.511451482772827 -42.03348159790039 0
endloop
endfacet
facet normal 0 0 -1
outer loop
vertex -0.6611594557762146 -41.79848098754883 0
vertex -2.0614514350891113 -45.02348327636719 0
vertex -2.0614514350891113 -43.753482818603516 0
endloop
endfacet
facet normal 0 0 -1
outer loop
vertex -0.6611594557762146 -41.79848098754883 0
vertex -2.09570574760437 -45.1956901550293 0
vertex -2.0614514350891113 -45.02348327636719 0
endloop
endfacet
facet normal 0 0 -1
outer loop
vertex -2.0614514350891113 -43.753482818603516 0
vertex -2.09570574760437 -42.65568923950195 0
vertex -2.0614514350891113 -42.483482360839844 0
endloop
endfacet
facet normal 0 0 -1
outer loop
vertex -67.11116027832031 -42.49848175048828 0
vertex -82.8111572265625 -60.46359634399414 0
vertex -72.11116027832031 -42.49848175048828 0
endloop
endfacet
facet normal 0 0 -1
outer loop
vertex -80.6870346069336 -63.74848175048828 0
vertex -57.66115951538086 -48.92348098754883 0
vertex -53.11116027832031 -49.62348175048828 0
endloop
endfacet
facet normal 0 0 -1
outer loop
vertex -57.66115951538086 -48.92348098754883 0
vertex -80.6870346069336 -63.74848175048828 0
vertex -67.11116027832031 -42.49848175048828 0
endloop
endfacet
facet normal 0 0 -1
outer loop
vertex -82.8111572265625 -41.46359634399414 0
vertex -76.6611557006836 -41.79848098754883 0
vertex -82.8111572265625 -60.46359634399414 0
endloop
endfacet
facet normal 0 0 1
outer loop
vertex 84.12109375 29.56521987915039 5
vertex 24.81777000427246 -3.191453695297241 5
vertex 84.22254943847656 28.601572036743164 5
endloop
endfacet
facet normal -0.923879106916185 -0.38268445984094035 0
outer loop
vertex -84.05348205566406 -60.46359634399414 5
vertex -84.05348205566406 -60.46359634399414 4.5
vertex -83.76100158691406 -61.16970443725586 5
endloop
endfacet
facet normal 0 0 1
outer loop
vertex 24.81777000427246 -3.191453695297241 5
vertex 83.27313232421875 25.640939712524414 5
vertex 84.22254943847656 28.601572036743164 5
endloop
endfacet
facet normal 0 0 1
outer loop
vertex -84.05348205566406 -60.46359634399414 5
vertex -83.76100158691406 -61.16970443725586 5
vertex -82.8111572265625 -60.46359634399414 5
endloop
endfacet
facet normal 0 0 1
outer loop
vertex -82.8111572265625 -60.46359634399414 5
vertex -83.76100158691406 -61.16970443725586 5
vertex -81.53237915039062 -63.3983268737793 5
endloop
endfacet
facet normal 0 0 1
outer loop
vertex -81.53237915039062 -63.3983268737793 5
vertex -80.6870346069336 -63.74848175048828 5
vertex -76.6611557006836 -41.79848098754883 5
endloop
endfacet
facet normal 0 0 1
outer loop
vertex 24.81777000427246 -3.191453695297241 5
vertex 82.733154296875 24.97266960144043 5
vertex 83.27313232421875 25.640939712524414 5
endloop
endfacet
facet normal 0 0 1
outer loop
vertex 56.73632049560547 24.041038513183594 5
vertex 41.4033203125 12.451038360595703 5
vertex 61.093360900878906 26.56703758239746 5
endloop
endfacet
facet normal 0 0 1
outer loop
vertex -82.8111572265625 -60.46359634399414 5
vertex -81.53237915039062 -63.3983268737793 5
vertex -76.6611557006836 -41.79848098754883 5
endloop
endfacet
facet normal 0 0 1
outer loop
vertex -76.6611557006836 -41.79848098754883 5
vertex -80.6870346069336 -63.74848175048828 5
vertex -62.561161041259766 -41.79848098754883 5
endloop
endfacet
facet normal 0 0 1
outer loop
vertex -62.561161041259766 -41.79848098754883 5
vertex -80.6870346069336 -63.74848175048828 5
vertex -57.66115951538086 -48.92348098754883 5
endloop
endfacet
facet normal 0 0 -1
outer loop
vertex -2.09570574760437 -42.65568923950195 0
vertex -2.09570574760437 -43.581275939941406 0
vertex -2.193253517150879 -42.80168151855469 0
endloop
endfacet
facet normal 0 0 1
outer loop
vertex 61.093360900878906 26.56703758239746 5
vertex 24.81777000427246 -3.191453695297241 5
vertex 84.12109375 29.56521987915039 5
endloop
endfacet
facet normal 0 0 1
outer loop
vertex 44.525360107421875 16.991037368774414 5
vertex 41.4033203125 12.451038360595703 5
vertex 56.73632049560547 24.041038513183594 5
endloop
endfacet
facet normal 0 0 1
outer loop
vertex 41.4033203125 12.451038360595703 5
vertex 24.81777000427246 -3.191453695297241 5
vertex 61.093360900878906 26.56703758239746 5
endloop
endfacet
facet normal 0 0 1
outer loop
vertex 82.733154296875 24.97266960144043 5
vertex 26.541048049926758 -4.257218837738037 5
vertex 30.444875717163086 -5.0969157218933105 5
endloop
endfacet
facet normal 0 0 1
outer loop
vertex 82.733154296875 24.97266960144043 5
vertex 25.216291427612305 -3.23195481300354 5
vertex 26.541048049926758 -4.257218837738037 5
endloop
endfacet
facet normal 0 0 1
outer loop
vertex -82.8111572265625 -41.46359634399414 5
vertex -82.8111572265625 -60.46359634399414 5
vertex -76.6611557006836 -41.79848098754883 5
endloop
endfacet
facet normal 0 0 1
outer loop
vertex 24.81777000427246 -3.191453695297241 5
vertex 25.216291427612305 -3.23195481300354 5
vertex 82.733154296875 24.97266960144043 5
endloop
endfacet
facet normal -1 0 0
outer loop
vertex -84.11116027832031 -35.53709030151367 4.5
vertex -84.11116027832031 -41.46359634399414 4.5
vertex -84.11116027832031 -41.46359634399414 5
endloop
endfacet
facet normal 0.9522358625007866 -0.3053634918705622 0
outer loop
vertex 83.27313232421875 25.640939712524414 5
vertex 84.22254943847656 28.601572036743164 0
vertex 84.22254943847656 28.601572036743164 5
endloop
endfacet
facet normal 0.7778152024901677 -0.6284930475153879 0
outer loop
vertex 82.733154296875 24.97266960144043 5
vertex 83.27313232421875 25.640939712524414 0
vertex 83.27313232421875 25.640939712524414 5
endloop
endfacet
facet normal 0.498518782594495 -0.866878897770907 0
outer loop
vertex 30.444875717163086 -5.0969157218933105 5
vertex 82.733154296875 24.97266960144043 0
vertex 82.733154296875 24.97266960144043 5
endloop
endfacet
facet normal -1 0 0
outer loop
vertex -84.11116027832031 -35.53709030151367 4.5
vertex -84.11116027832031 -41.46359634399414 5
vertex -84.11116027832031 -35.53709030151367 5
endloop
endfacet
facet normal 0 0 1
outer loop
vertex -84.11116027832031 -35.53709030151367 5
vertex -84.11116027832031 -41.46359634399414 5
vertex -82.8111572265625 -41.46359634399414 5
endloop
endfacet
facet normal 0 0 1
outer loop
vertex -84.11116027832031 -35.53709030151367 5
vertex -82.8111572265625 -41.46359634399414 5
vertex -82.8111572265625 -35.53709030151367 5
endloop
endfacet
facet normal 0 0 -1
outer loop
vertex -82.8111572265625 -60.46359634399414 0
vertex -76.6611557006836 -41.79848098754883 0
vertex -72.11116027832031 -41.79848098754883 0
endloop
endfacet
facet normal 0 0 1
outer loop
vertex -82.8111572265625 -35.53709030151367 5
vertex -82.8111572265625 -41.46359634399414 5
vertex -76.6611557006836 -27.698482513427734 5
endloop
endfacet
facet normal 0 0 1
outer loop
vertex -76.6611557006836 -27.698482513427734 5
vertex -82.8111572265625 -41.46359634399414 5
vertex -76.6611557006836 -41.79848098754883 5
endloop
endfacet
facet normal 0 0 -1
outer loop
vertex -2.193253517150879 -43.43528366088867 0
vertex -2.3392438888549805 -42.899227142333984 0
vertex -2.193253517150879 -42.80168151855469 0
endloop
endfacet
facet normal 0 0 -1
outer loop
vertex -2.0614514350891113 -43.753482818603516 0
vertex -2.09570574760437 -43.581275939941406 0
vertex -2.09570574760437 -42.65568923950195 0
endloop
endfacet
facet normal 0 0 1
outer loop
vertex -57.66115951538086 -48.92348098754883 5
vertex -80.6870346069336 -63.74848175048828 5
vertex -43.561161041259766 -48.92348098754883 5
endloop
endfacet
facet normal 0 0 1
outer loop
vertex -43.561161041259766 -48.92348098754883 5
vertex -80.6870346069336 -63.74848175048828 5
vertex -20.967350006103516 -57.51239013671875 5
endloop
endfacet
facet normal 0 0 -1
outer loop
vertex -2.09570574760437 -43.581275939941406 0
vertex -2.193253517150879 -43.43528366088867 0
vertex -2.193253517150879 -42.80168151855469 0
endloop
endfacet
facet normal 0 0 -1
outer loop
vertex -2.3392438888549805 -42.899227142333984 0
vertex -2.3392438888549805 -43.337738037109375 0
vertex -2.511451482772827 -42.9334831237793 0
endloop
endfacet
facet normal 0 0 1
outer loop
vertex -62.561161041259766 -41.79848098754883 5
vertex -57.66115951538086 -48.92348098754883 5
vertex -57.66115951538086 -34.823482513427734 5
endloop
endfacet
facet normal 0 0 1
outer loop
vertex -62.561161041259766 -27.698482513427734 5
vertex -62.561161041259766 -41.79848098754883 5
vertex -57.66115951538086 -34.823482513427734 5
endloop
endfacet
facet normal 0 0 -1
outer loop
vertex -2.511451482772827 -42.9334831237793 0
vertex -2.511451482772827 -43.30348205566406 0
vertex -2.683659076690674 -42.899227142333984 0
endloop
endfacet
facet normal 0 0 1
outer loop
vertex -57.66115951538086 -34.823482513427734 5
vertex -43.561161041259766 -34.823482513427734 5
vertex -43.561161041259766 -29.92348289489746 5
endloop
endfacet
facet normal -1 0 0
outer loop
vertex -84.8111572265625 -35.03709030151367 4.5
vertex -84.8111572265625 -29.203758239746094 4.5
vertex -84.8111572265625 -34.31708908081055 0.20000000298023224
endloop
endfacet
facet normal -1 0 0
outer loop
vertex -84.8111572265625 -17.037090301513672 4.5
vertex -84.8111572265625 -34.31708908081055 0.20000000298023224
vertex -84.8111572265625 -29.203758239746094 4.5
endloop
endfacet
facet normal 0 0 -1
outer loop
vertex -2.511451482772827 -43.30348205566406 0
vertex -2.511451482772827 -42.9334831237793 0
vertex -2.3392438888549805 -43.337738037109375 0
endloop
endfacet
facet normal 0 0 -1
outer loop
vertex -2.8296494483947754 -42.80168151855469 0
vertex -2.8296494483947754 -43.43528366088867 0
vertex -2.927197217941284 -42.65568923950195 0
endloop
endfacet
facet normal 0 0 -1
outer loop
vertex -2.683659076690674 -42.899227142333984 0
vertex -2.683659076690674 -43.337738037109375 0
vertex -2.8296494483947754 -42.80168151855469 0
endloop
endfacet
facet normal 0 0 -1
outer loop
vertex -2.683659076690674 -43.337738037109375 0
vertex -2.683659076690674 -42.899227142333984 0
vertex -2.511451482772827 -43.30348205566406 0
endloop
endfacet
facet normal 0 0 -1
outer loop
vertex -2.8296494483947754 -43.43528366088867 0
vertex -2.8296494483947754 -42.80168151855469 0
vertex -2.683659076690674 -43.337738037109375 0
endloop
endfacet
facet normal 0 0 -1
outer loop
vertex -2.3392438888549805 -43.337738037109375 0
vertex -2.3392438888549805 -42.899227142333984 0
vertex -2.193253517150879 -43.43528366088867 0
endloop
endfacet
facet normal 0 0 -1
outer loop
vertex -2.927197217941284 -43.581275939941406 0
vertex -2.927197217941284 -42.65568923950195 0
vertex -2.8296494483947754 -43.43528366088867 0
endloop
endfacet
facet normal 0 0 -1
outer loop
vertex -0.6611594557762146 -41.79848098754883 0
vertex -2.09570574760437 -46.12127685546875 0
vertex -2.09570574760437 -45.1956901550293 0
endloop
endfacet
facet normal 0 0 -1
outer loop
vertex -2.0614514350891113 -45.02348327636719 0
vertex -2.09570574760437 -43.925689697265625 0
vertex -2.0614514350891113 -43.753482818603516 0
endloop
endfacet
facet normal 0 1 0
outer loop
vertex -84.11116027832031 -17.037090301513672 4.5
vertex -84.8111572265625 -17.037090301513672 0.20000000298023224
vertex -84.8111572265625 -17.037090301513672 4.5
endloop
endfacet
facet normal -1 0 0
outer loop
vertex -84.11116027832031 -17.037090301513672 0.20000000298023224
vertex -84.11116027832031 -17.037090301513672 4.5
vertex -84.11116027832031 -16.537090301513672 4.5
endloop
endfacet
facet normal -1 0 0
outer loop
vertex -84.11116027832031 -10.61058521270752 4.5
vertex -84.11116027832031 -17.037090301513672 0.20000000298023224
vertex -84.11116027832031 -16.537090301513672 4.5
endloop
endfacet
facet normal -1 0 0
outer loop
vertex -84.11116027832031 -10.61058521270752 4.5
vertex -84.11116027832031 -10.11058521270752 4.5
vertex -84.11116027832031 -10.11058521270752 0.20000000298023224
endloop
endfacet
facet normal 0 -1 0
outer loop
vertex -84.8111572265625 -10.11058521270752 4.5
vertex -84.11116027832031 -10.11058521270752 0.20000000298023224
vertex -84.11116027832031 -10.11058521270752 4.5
endloop
endfacet
facet normal -1 0 0
outer loop
vertex -84.8111572265625 6.089414596557617 4.5
vertex -84.8111572265625 -10.11058521270752 0.20000000298023224
vertex -84.8111572265625 -10.11058521270752 4.5
endloop
endfacet
facet normal 0 0 -1
outer loop
vertex -2.09570574760437 -43.925689697265625 0
vertex -2.09570574760437 -44.85127639770508 0
vertex -2.193253517150879 -44.07168197631836 0
endloop
endfacet
facet normal 0 0 -1
outer loop
vertex -2.193253517150879 -44.07168197631836 0
vertex -2.193253517150879 -44.705284118652344 0
vertex -2.3392438888549805 -44.169227600097656 0
endloop
endfacet
facet normal 0 0 -1
outer loop
vertex -2.0614514350891113 -45.02348327636719 0
vertex -2.09570574760437 -44.85127639770508 0
vertex -2.09570574760437 -43.925689697265625 0
endloop
endfacet
facet normal 0 0 -1
outer loop
vertex -2.193253517150879 -44.705284118652344 0
vertex -2.193253517150879 -44.07168197631836 0
vertex -2.09570574760437 -44.85127639770508 0
endloop
endfacet
facet normal 0 0 -1
outer loop
vertex -2.3392438888549805 -44.169227600097656 0
vertex -2.3392438888549805 -44.60773849487305 0
vertex -2.511451482772827 -44.20348358154297 0
endloop
endfacet
facet normal 0 0 -1
outer loop
vertex -2.193253517150879 -44.705284118652344 0
vertex -2.3392438888549805 -44.60773849487305 0
vertex -2.3392438888549805 -44.169227600097656 0
endloop
endfacet
facet normal 0 0 -1
outer loop
vertex -2.511451482772827 -44.573482513427734 0
vertex -2.511451482772827 -44.20348358154297 0
vertex -2.3392438888549805 -44.60773849487305 0
endloop
endfacet
facet normal 0 0 -1
outer loop
vertex -2.683659076690674 -44.60773849487305 0
vertex -2.511451482772827 -44.20348358154297 0
vertex -2.511451482772827 -44.573482513427734 0
endloop
endfacet
facet normal 0 0 -1
outer loop
vertex -2.683659076690674 -44.169227600097656 0
vertex -2.683659076690674 -44.60773849487305 0
vertex -2.8296494483947754 -44.07168197631836 0
endloop
endfacet
facet normal 0 0 -1
outer loop
vertex -2.683659076690674 -44.60773849487305 0
vertex -2.683659076690674 -44.169227600097656 0
vertex -2.511451482772827 -44.20348358154297 0
endloop
endfacet
facet normal 0 0 -1
outer loop
vertex -2.8296494483947754 -44.07168197631836 0
vertex -2.8296494483947754 -44.705284118652344 0
vertex -2.927197217941284 -43.925689697265625 0
endloop
endfacet
facet normal 0 0 -1
outer loop
vertex -2.8296494483947754 -44.705284118652344 0
vertex -2.8296494483947754 -44.07168197631836 0
vertex -2.683659076690674 -44.60773849487305 0
endloop
endfacet
facet normal 0 0 -1
outer loop
vertex -2.927197217941284 -44.85127639770508 0
vertex -2.927197217941284 -43.925689697265625 0
vertex -2.8296494483947754 -44.705284118652344 0
endloop
endfacet
facet normal 0 0 -1
outer loop
vertex -2.961451530456543 -42.483482360839844 0
vertex -5.561159610748291 -48.92348098754883 0
vertex -5.561159610748291 -34.823482513427734 0
endloop
endfacet
facet normal 0 0 -1
outer loop
vertex -2.927197217941284 -43.581275939941406 0
vertex -2.961451530456543 -42.483482360839844 0
vertex -2.927197217941284 -42.65568923950195 0
endloop
endfacet
facet normal 0 0 -1
outer loop
vertex -2.961451530456543 -43.753482818603516 0
vertex -2.961451530456543 -42.483482360839844 0
vertex -2.927197217941284 -43.581275939941406 0
endloop
endfacet
facet normal 0 0 -1
outer loop
vertex -2.927197217941284 -44.85127639770508 0
vertex -2.961451530456543 -43.753482818603516 0
vertex -2.927197217941284 -43.925689697265625 0
endloop
endfacet
facet normal 0 0 -1
outer loop
vertex -2.961451530456543 -45.02348327636719 0
vertex -2.961451530456543 -43.753482818603516 0
vertex -2.927197217941284 -44.85127639770508 0
endloop
endfacet
facet normal 0 0 -1
outer loop
vertex -0.6611594557762146 -41.79848098754883 0
vertex -2.0614514350891113 -46.29348373413086 0
vertex -2.09570574760437 -46.12127685546875 0
endloop
endfacet
facet normal 0 0 -1
outer loop
vertex -0.6611594557762146 -41.79848098754883 0
vertex -2.0614514350891113 -47.56348419189453 0
vertex -2.0614514350891113 -46.29348373413086 0
endloop
endfacet
facet normal 0 0 -1
outer loop
vertex -0.6611594557762146 -41.79848098754883 0
vertex -2.0614514350891113 -48.83348083496094 0
vertex -2.0614514350891113 -47.56348419189453 0
endloop
endfacet
facet normal 0 0 -1
outer loop
vertex -2.09570574760437 -45.1956901550293 0
vertex -2.193253517150879 -45.975284576416016 0
vertex -2.193253517150879 -45.34168243408203 0
endloop
endfacet
facet normal 0 0 -1
outer loop
vertex -2.193253517150879 -45.975284576416016 0
vertex -2.3392438888549805 -45.43922805786133 0
vertex -2.193253517150879 -45.34168243408203 0
endloop
endfacet
facet normal 0 0 -1
outer loop
vertex -2.09570574760437 -46.12127685546875 0
vertex -2.193253517150879 -45.975284576416016 0
vertex -2.09570574760437 -45.1956901550293 0
endloop
endfacet
facet normal 0 0 -1
outer loop
vertex -2.3392438888549805 -45.43922805786133 0
vertex -2.3392438888549805 -45.87773513793945 0
vertex -2.511451482772827 -45.843482971191406 0
endloop
endfacet
facet normal 0 0 -1
outer loop
vertex -2.3392438888549805 -45.87773513793945 0
vertex -2.3392438888549805 -45.43922805786133 0
vertex -2.193253517150879 -45.975284576416016 0
endloop
endfacet
facet normal 0 0 -1
outer loop
vertex -2.683659076690674 -45.87773513793945 0
vertex -2.3392438888549805 -45.43922805786133 0
vertex -2.511451482772827 -45.843482971191406 0
endloop
endfacet
facet normal 0 0 -1
outer loop
vertex -72.11116027832031 -42.49848175048828 0
vertex -82.8111572265625 -60.46359634399414 0
vertex -72.11116027832031 -41.79848098754883 0
endloop
endfacet
facet normal 0 0 1
outer loop
vertex 28.060056686401367 37.854339599609375 5
vertex 37.47536087036133 29.201995849609375 5
vertex 49.68632125854492 36.25199508666992 5
endloop
endfacet
facet normal 0 0 1
outer loop
vertex 28.060056686401367 37.854339599609375 5
vertex 34.35332107543945 24.661996841430664 5
vertex 37.47536087036133 29.201995849609375 5
endloop
endfacet
facet normal 0 0 1
outer loop
vertex -82.8111572265625 -35.53709030151367 5
vertex -76.6611557006836 -27.698482513427734 5
vertex -76.6611557006836 -22.79848289489746 5
endloop
endfacet
facet normal 0 0 1
outer loop
vertex 28.060056686401367 37.854339599609375 5
vertex 27.52235984802246 37.19428253173828 5
vertex 34.35332107543945 24.661996841430664 5
endloop
endfacet
facet normal 0 0 1
outer loop
vertex 26.607568740844727 34.41129684448242 5
vertex 26.554353713989258 32.675167083740234 5
vertex 27.52235984802246 37.19428253173828 5
endloop
endfacet
facet normal 0 0 1
outer loop
vertex 26.554353713989258 32.675167083740234 5
vertex 34.35332107543945 24.661996841430664 5
vertex 27.52235984802246 37.19428253173828 5
endloop
endfacet
facet normal 0 0 1
outer loop
vertex -82.8111572265625 -16.537090301513672 5
vertex -82.8111572265625 -35.53709030151367 5
vertex -76.6611557006836 -22.79848289489746 5
endloop
endfacet
facet normal 0 0 -1
outer loop
vertex -2.8296494483947754 -45.975284576416016 0
vertex -2.511451482772827 -45.47348403930664 0
vertex -2.3392438888549805 -45.43922805786133 0
endloop
endfacet
facet normal 0 0 1
outer loop
vertex -76.6611557006836 -22.79848289489746 5
vertex -76.6611557006836 -27.698482513427734 5
vertex -62.561161041259766 -27.698482513427734 5
endloop
endfacet
facet normal 0 0 -1
outer loop
vertex -2.8296494483947754 -45.975284576416016 0
vertex -2.3392438888549805 -45.43922805786133 0
vertex -2.683659076690674 -45.87773513793945 0
endloop
endfacet
facet normal 0 0 1
outer loop
vertex -62.561161041259766 -22.79848289489746 5
vertex -76.6611557006836 -22.79848289489746 5
vertex -62.561161041259766 -27.698482513427734 5
endloop
endfacet
facet normal 0 0 -1
outer loop
vertex -2.0614514350891113 -48.83348083496094 0
vertex -0.6611594557762146 -41.79848098754883 0
vertex -2.193253517150879 -49.78528594970703 0
endloop
endfacet
facet normal 0 0 -1
outer loop
vertex -2.0614514350891113 -47.56348419189453 0
vertex -2.09570574760437 -46.46569061279297 0
vertex -2.0614514350891113 -46.29348373413086 0
endloop
endfacet
facet normal 0 0 1
outer loop
vertex 26.554353713989258 32.675167083740234 5
vertex 26.504104614257812 32.50351333618164 5
vertex 34.35332107543945 24.661996841430664 5
endloop
endfacet
facet normal 0 0 1
outer loop
vertex 26.504104614257812 32.50351333618164 5
vertex 25.61246109008789 31.012371063232422 5
vertex 34.35332107543945 24.661996841430664 5
endloop
endfacet
facet normal -1 0 0
outer loop
vertex -84.11116027832031 -10.61058521270752 4.5
vertex -84.11116027832031 -16.537090301513672 4.5
vertex -84.11116027832031 -16.537090301513672 5
endloop
endfacet
facet normal 0 0 1
outer loop
vertex 25.485023498535156 30.886871337890625 5
vertex 34.35332107543945 24.661996841430664 5
vertex 25.61246109008789 31.012371063232422 5
endloop
endfacet
facet normal -0.49791549808378904 0.867225551265628 0
outer loop
vertex 63.81513595581055 58.383033752441406 5
vertex 28.060056686401367 37.854339599609375 0
vertex 28.060056686401367 37.854339599609375 5
endloop
endfacet
facet normal -0.7753082832441736 0.6315829842015792 0
outer loop
vertex 28.060056686401367 37.854339599609375 5
vertex 27.52235984802246 37.19428253173828 0
vertex 27.52235984802246 37.19428253173828 5
endloop
endfacet
facet normal 0 0 1
outer loop
vertex -84.11116027832031 -16.537090301513672 5
vertex -82.8111572265625 -16.537090301513672 5
vertex -84.11116027832031 -10.61058521270752 5
endloop
endfacet
facet normal -1 0 0
outer loop
vertex -84.11116027832031 -10.61058521270752 5
vertex -84.11116027832031 -10.61058521270752 4.5
vertex -84.11116027832031 -16.537090301513672 5
endloop
endfacet
facet normal -0.9499931195126876 0.31227083257735194 0
outer loop
vertex 27.52235984802246 37.19428253173828 5
vertex 26.607568740844727 34.41129684448242 0
vertex 26.607568740844727 34.41129684448242 5
endloop
endfacet
facet normal 0 0 1
outer loop
vertex -84.11116027832031 -10.61058521270752 5
vertex -82.8111572265625 -16.537090301513672 5
vertex -82.8111572265625 -10.61058521270752 5
endloop
endfacet
facet normal 0 0 1
outer loop
vertex -82.8111572265625 -10.61058521270752 5
vertex -82.8111572265625 -16.537090301513672 5
vertex -76.6611557006836 -8.698482513427734 5
endloop
endfacet
facet normal 0 0 1
outer loop
vertex -82.8111572265625 -16.537090301513672 5
vertex -76.6611557006836 -22.79848289489746 5
vertex -76.6611557006836 -8.698482513427734 5
endloop
endfacet
facet normal -0.9995305727206385 0.030637137541753987 0
outer loop
vertex 26.607568740844727 34.41129684448242 5
vertex 26.554353713989258 32.675167083740234 0
vertex 26.554353713989258 32.675167083740234 5
endloop
endfacet
facet normal -0.9597238727481279 0.2809449911946023 0
outer loop
vertex 26.554353713989258 32.675167083740234 5
vertex 26.504104614257812 32.50351333618164 0
vertex 26.504104614257812 32.50351333618164 5
endloop
endfacet
facet normal -0.8582643742748317 0.5132078174098985 0
outer loop
vertex 26.504104614257812 32.50351333618164 5
vertex 25.61246109008789 31.012371063232422 0
vertex 25.61246109008789 31.012371063232422 5
endloop
endfacet
facet normal 0 0 1
outer loop
vertex -82.8111572265625 -10.61058521270752 5
vertex -76.6611557006836 -8.698482513427734 5
vertex -76.6611557006836 -3.798482656478882 5
endloop
endfacet
facet normal 0 0 -1
outer loop
vertex -2.09570574760437 -46.46569061279297 0
vertex -2.09570574760437 -47.391273498535156 0
vertex -2.193253517150879 -46.61167907714844 0
endloop
endfacet
facet normal 0 0 -1
outer loop
vertex -2.193253517150879 -47.24528503417969 0
vertex -2.3392438888549805 -46.709228515625 0
vertex -2.193253517150879 -46.61167907714844 0
endloop
endfacet
facet normal 0 0 1
outer loop
vertex -76.6611557006836 -3.798482656478882 5
vertex -76.6611557006836 -8.698482513427734 5
vertex -62.561161041259766 -8.698482513427734 5
endloop
endfacet
facet normal 0 0 1
outer loop
vertex -62.561161041259766 -3.798482656478882 5
vertex -76.6611557006836 -3.798482656478882 5
vertex -62.561161041259766 -8.698482513427734 5
endloop
endfacet
facet normal 0 0 -1
outer loop
vertex -2.0614514350891113 -47.56348419189453 0
vertex -2.09570574760437 -47.391273498535156 0
vertex -2.09570574760437 -46.46569061279297 0
endloop
endfacet
facet normal 0 0 1
outer loop
vertex -62.561161041259766 -27.698482513427734 5
vertex -57.66115951538086 -34.823482513427734 5
vertex -57.66115951538086 -29.92348289489746 5
endloop
endfacet
facet normal 0 0 1
outer loop
vertex -57.66115951538086 -29.92348289489746 5
vertex -57.66115951538086 -15.823482513427734 5
vertex -62.561161041259766 -27.698482513427734 5
endloop
endfacet
facet normal 0 0 1
outer loop
vertex -62.561161041259766 -22.79848289489746 5
vertex -62.561161041259766 -27.698482513427734 5
vertex -57.66115951538086 -10.923482894897461 5
endloop
endfacet
facet normal 0 0 1
outer loop
vertex -57.66115951538086 -10.923482894897461 5
vertex -62.561161041259766 -27.698482513427734 5
vertex -57.66115951538086 -15.823482513427734 5
endloop
endfacet
facet normal 0 0 -1
outer loop
vertex -2.09570574760437 -47.391273498535156 0
vertex -2.193253517150879 -47.24528503417969 0
vertex -2.193253517150879 -46.61167907714844 0
endloop
endfacet
facet normal 0 0 1
outer loop
vertex -57.66115951538086 -29.92348289489746 5
vertex -57.66115951538086 -34.823482513427734 5
vertex -43.561161041259766 -29.92348289489746 5
endloop
endfacet
facet normal 0 0 -1
outer loop
vertex -2.3392438888549805 -47.147735595703125 0
vertex -2.3392438888549805 -46.709228515625 0
vertex -2.193253517150879 -47.24528503417969 0
endloop
endfacet
facet normal 0 0 -1
outer loop
vertex -2.511451482772827 -47.11348342895508 0
vertex -2.3392438888549805 -46.709228515625 0
vertex -2.3392438888549805 -47.147735595703125 0
endloop
endfacet
facet normal 0 0 1
outer loop
vertex -62.561161041259766 -8.698482513427734 5
vertex -62.561161041259766 -22.79848289489746 5
vertex -57.66115951538086 3.1765174865722656 5
endloop
endfacet
facet normal 0 0 1
outer loop
vertex -57.66115951538086 3.1765174865722656 5
vertex -62.561161041259766 -22.79848289489746 5
vertex -57.66115951538086 -10.923482894897461 5
endloop
endfacet
facet normal 0 0 1
outer loop
vertex -62.561161041259766 -3.798482656478882 5
vertex -62.561161041259766 -8.698482513427734 5
vertex -57.66115951538086 3.1765174865722656 5
endloop
endfacet
facet normal 0 0 -1
outer loop
vertex -2.511451482772827 -47.11348342895508 0
vertex -2.511451482772827 -46.74348449707031 0
vertex -2.3392438888549805 -46.709228515625 0
endloop
endfacet
facet normal 0 0 -1
outer loop
vertex -2.683659076690674 -47.147735595703125 0
vertex -2.511451482772827 -46.74348449707031 0
vertex -2.511451482772827 -47.11348342895508 0
endloop
endfacet
facet normal 0 0 1
outer loop
vertex -57.66115951538086 -10.923482894897461 5
vertex -57.66115951538086 -15.823482513427734 5
vertex -43.561161041259766 -15.823482513427734 5
endloop
endfacet
facet normal 0 0 1
outer loop
vertex -43.561161041259766 -10.923482894897461 5
vertex -57.66115951538086 -10.923482894897461 5
vertex -43.561161041259766 -15.823482513427734 5
endloop
endfacet
facet normal 0 0 -1
outer loop
vertex -2.8296494483947754 -47.24528503417969 0
vertex -2.511451482772827 -46.74348449707031 0
vertex -2.683659076690674 -47.147735595703125 0
endloop
endfacet
facet normal 0 0 -1
outer loop
vertex -2.0614514350891113 -48.83348083496094 0
vertex -2.09570574760437 -47.73569107055664 0
vertex -2.0614514350891113 -47.56348419189453 0
endloop
endfacet
facet normal 0 0 -1
outer loop
vertex -2.09570574760437 -47.73569107055664 0
vertex -2.09570574760437 -48.66127395629883 0
vertex -2.193253517150879 -47.88167953491211 0
endloop
endfacet
facet normal 0 0 -1
outer loop
vertex -2.193253517150879 -47.88167953491211 0
vertex -2.193253517150879 -48.51528549194336 0
vertex -2.3392438888549805 -47.97922897338867 0
endloop
endfacet
facet normal 0 0 -1
outer loop
vertex -2.0614514350891113 -48.83348083496094 0
vertex -2.09570574760437 -48.66127395629883 0
vertex -2.09570574760437 -47.73569107055664 0
endloop
endfacet
facet normal 0 0 -1
outer loop
vertex -2.09570574760437 -48.66127395629883 0
vertex -2.193253517150879 -48.51528549194336 0
vertex -2.193253517150879 -47.88167953491211 0
endloop
endfacet
facet normal 0 0 -1
outer loop
vertex -2.3392438888549805 -47.97922897338867 0
vertex -2.511451482772827 -48.38348388671875 0
vertex -2.511451482772827 -48.01348114013672 0
endloop
endfacet
facet normal 0 0 -1
outer loop
vertex -2.511451482772827 -48.38348388671875 0
vertex -2.683659076690674 -47.97922897338867 0
vertex -2.511451482772827 -48.01348114013672 0
endloop
endfacet
facet normal 0 0 -1
outer loop
vertex -2.193253517150879 -48.51528549194336 0
vertex -2.3392438888549805 -48.4177360534668 0
vertex -2.3392438888549805 -47.97922897338867 0
endloop
endfacet
facet normal 0 0 -1
outer loop
vertex -2.511451482772827 -48.38348388671875 0
vertex -2.3392438888549805 -47.97922897338867 0
vertex -2.3392438888549805 -48.4177360534668 0
endloop
endfacet
facet normal 0 0 -1
outer loop
vertex -2.683659076690674 -48.4177360534668 0
vertex -2.683659076690674 -47.97922897338867 0
vertex -2.511451482772827 -48.38348388671875 0
endloop
endfacet
facet normal 0 0 -1
outer loop
vertex -2.8296494483947754 -48.51528549194336 0
vertex -2.683659076690674 -47.97922897338867 0
vertex -2.683659076690674 -48.4177360534668 0
endloop
endfacet
facet normal -0.7016687261433798 0.71250333244998 0
outer loop
vertex 25.61246109008789 31.012371063232422 5
vertex 25.485023498535156 30.886871337890625 0
vertex 25.485023498535156 30.886871337890625 5
endloop
endfacet
facet normal 0 0 1
outer loop
vertex 34.35332107543945 24.661996841430664 5
vertex 41.4033203125 12.451038360595703 5
vertex 37.47536087036133 29.201995849609375 5
endloop
endfacet
facet normal -1 0 0
outer loop
vertex -84.11116027832031 -41.46359634399414 0
vertex -84.11116027832031 -41.46359634399414 0.20000000298023224
vertex -84.11116027832031 -35.53709030151367 0
endloop
endfacet
facet normal 0 0 1
outer loop
vertex 41.4033203125 12.451038360595703 5
vertex 44.525360107421875 16.991037368774414 5
vertex 37.47536087036133 29.201995849609375 5
endloop
endfacet
facet normal 0 0 -1
outer loop
vertex -82.8111572265625 -41.46359634399414 0
vertex -84.11116027832031 -41.46359634399414 0
vertex -82.8111572265625 -35.53709030151367 0
endloop
endfacet
facet normal 0 0 1
outer loop
vertex 25.485023498535156 30.886871337890625 5
vertex 13.60175895690918 24.026029586791992 5
vertex 34.35332107543945 24.661996841430664 5
endloop
endfacet
facet normal 0 0 1
outer loop
vertex 22.14236068725586 17.611995697021484 5
vertex 34.35332107543945 24.661996841430664 5
vertex 13.60175895690918 24.026029586791992 5
endloop
endfacet
facet normal 0 0 -1
outer loop
vertex -82.8111572265625 -35.53709030151367 0
vertex -84.11116027832031 -41.46359634399414 0
vertex -84.11116027832031 -35.53709030151367 0
endloop
endfacet
facet normal 0 0 1
outer loop
vertex 41.4033203125 12.451038360595703 5
vertex 29.19236183166504 5.40103816986084 5
vertex 24.81777000427246 -3.191453695297241 5
endloop
endfacet
facet normal 0 0 1
outer loop
vertex 22.14236068725586 17.611995697021484 5
vertex 24.81777000427246 -3.191453695297241 5
vertex 29.19236183166504 5.40103816986084 5
endloop
endfacet
facet normal -1 0 0
outer loop
vertex -84.11116027832031 -35.53709030151367 0
vertex -84.11116027832031 -41.46359634399414 0.20000000298023224
vertex -84.11116027832031 -35.53709030151367 0.20000000298023224
endloop
endfacet
facet normal 0 0 1
outer loop
vertex 22.14236068725586 17.611995697021484 5
vertex 21.100723266601562 -5.01494026184082 5
vertex 24.81777000427246 -3.191453695297241 5
endloop
endfacet
facet normal 0 0 -1
outer loop
vertex -76.6611557006836 -41.79848098754883 0
vertex -82.8111572265625 -41.46359634399414 0
vertex -82.8111572265625 -35.53709030151367 0
endloop
endfacet
facet normal 0 0 1
outer loop
vertex 13.202181816101074 24.03911018371582 5
vertex 10.066679954528809 26.134180068969727 5
vertex 9.744075775146484 24.930204391479492 5
endloop
endfacet
facet normal 0 0 1
outer loop
vertex 13.60175895690918 24.026029586791992 5
vertex 13.202181816101074 24.03911018371582 5
vertex 21.100723266601562 -5.01494026184082 5
endloop
endfacet
facet normal 0 0 1
outer loop
vertex 13.438840866088867 10.301517486572266 5
vertex 9.744075775146484 24.930204391479492 5
vertex 8.60223388671875 22.481517791748047 5
endloop
endfacet
facet normal 0 0 1
outer loop
vertex 9.744075775146484 24.930204391479492 5
vertex 21.100723266601562 -5.01494026184082 5
vertex 13.202181816101074 24.03911018371582 5
endloop
endfacet
facet normal 0 0 1
outer loop
vertex 7.052529335021973 20.268308639526367 5
vertex 13.438840866088867 10.301517486572266 5
vertex 8.60223388671875 22.481517791748047 5
endloop
endfacet
facet normal 0 0 1
outer loop
vertex 5.142048358917236 18.35782814025879 5
vertex 13.438840866088867 10.301517486572266 5
vertex 7.052529335021973 20.268308639526367 5
endloop
endfacet
facet normal 0 0 1
outer loop
vertex 2.9288406372070312 16.808124542236328 5
vertex 13.438840866088867 10.301517486572266 5
vertex 5.142048358917236 18.35782814025879 5
endloop
endfacet
facet normal 0 0 1
outer loop
vertex 0.48015275597572327 15.666281700134277 5
vertex 13.438840866088867 10.301517486572266 5
vertex 2.9288406372070312 16.808124542236328 5
endloop
endfacet
facet normal 0 0 1
outer loop
vertex -2.129612684249878 14.966997146606445 5
vertex 13.438840866088867 10.301517486572266 5
vertex 0.48015275597572327 15.666281700134277 5
endloop
endfacet
facet normal 0 0 1
outer loop
vertex 21.100723266601562 -5.01494026184082 5
vertex 22.14236068725586 17.611995697021484 5
vertex 13.60175895690918 24.026029586791992 5
endloop
endfacet
facet normal 0 0 1
outer loop
vertex 21.100723266601562 -5.01494026184082 5
vertex 9.744075775146484 24.930204391479492 5
vertex 13.438840866088867 10.301517486572266 5
endloop
endfacet
facet normal 0 -1 0
outer loop
vertex -80.6870346069336 -63.74848175048828 5
vertex 17.4647159576416 -63.74848175048828 0
vertex 17.4647159576416 -63.74848175048828 5
endloop
endfacet
facet normal 0 0 1
outer loop
vertex 13.438840866088867 10.301517486572266 5
vertex 13.438840866088867 -3.798482656478882 5
vertex 21.100723266601562 -5.01494026184082 5
endloop
endfacet
facet normal 0 0 1
outer loop
vertex -0.6611594557762146 10.301517486572266 5
vertex 13.438840866088867 10.301517486572266 5
vertex -2.129612684249878 14.966997146606445 5
endloop
endfacet
facet normal 0 0 -1
outer loop
vertex -76.6611557006836 -41.79848098754883 0
vertex -82.8111572265625 -35.53709030151367 0
vertex -76.6611557006836 -27.698482513427734 0
endloop
endfacet
facet normal 0 0 -1
outer loop
vertex -67.11116027832031 -42.49848175048828 0
vertex -67.11116027832031 -41.79848098754883 0
vertex -62.561161041259766 -41.79848098754883 0
endloop
endfacet
facet normal 0 0 -1
outer loop
vertex -53.11116027832031 -49.62348175048828 0
vertex -57.66115951538086 -48.92348098754883 0
vertex -53.11116027832031 -48.92348098754883 0
endloop
endfacet
facet normal 0 0 -1
outer loop
vertex -80.6870346069336 -63.74848175048828 0
vertex -53.11116027832031 -49.62348175048828 0
vertex -21.961158752441406 -51.37348175048828 0
endloop
endfacet
facet normal 0 0 -1
outer loop
vertex -48.11116027832031 -49.62348175048828 0
vertex -48.11116027832031 -48.92348098754883 0
vertex -43.561161041259766 -48.92348098754883 0
endloop
endfacet
facet normal 0 0 -1
outer loop
vertex -48.11116027832031 -49.62348175048828 0
vertex -43.561161041259766 -48.92348098754883 0
vertex -38.66115951538086 -48.92348098754883 0
endloop
endfacet
facet normal 0 0 -1
outer loop
vertex -2.961451530456543 -43.753482818603516 0
vertex -5.561159610748291 -48.92348098754883 0
vertex -2.961451530456543 -42.483482360839844 0
endloop
endfacet
facet normal 0 0 -1
outer loop
vertex -2.961451530456543 -45.02348327636719 0
vertex -5.561159610748291 -48.92348098754883 0
vertex -2.961451530456543 -43.753482818603516 0
endloop
endfacet
facet normal 0 0 -1
outer loop
vertex -2.927197217941284 -45.1956901550293 0
vertex -5.561159610748291 -48.92348098754883 0
vertex -2.961451530456543 -45.02348327636719 0
endloop
endfacet
facet normal 0 0 -1
outer loop
vertex -2.8296494483947754 -45.34168243408203 0
vertex -5.561159610748291 -48.92348098754883 0
vertex -2.927197217941284 -45.1956901550293 0
endloop
endfacet
facet normal 0 0 -1
outer loop
vertex -5.561159610748291 -48.92348098754883 0
vertex -2.683659076690674 -45.43922805786133 0
vertex -2.511451482772827 -45.47348403930664 0
endloop
endfacet
facet normal 0 0 -1
outer loop
vertex -2.511451482772827 -46.74348449707031 0
vertex -5.561159610748291 -48.92348098754883 0
vertex -2.683659076690674 -46.709228515625 0
endloop
endfacet
facet normal 0 0 -1
outer loop
vertex -5.561159610748291 -48.92348098754883 0
vertex -2.8296494483947754 -45.34168243408203 0
vertex -2.683659076690674 -45.43922805786133 0
endloop
endfacet
facet normal 0 0 -1
outer loop
vertex -2.8296494483947754 -45.975284576416016 0
vertex -5.561159610748291 -48.92348098754883 0
vertex -2.511451482772827 -45.47348403930664 0
endloop
endfacet
facet normal 0 0 -1
outer loop
vertex -2.927197217941284 -46.12127685546875 0
vertex -5.561159610748291 -48.92348098754883 0
vertex -2.8296494483947754 -45.975284576416016 0
endloop
endfacet
facet normal 0 0 1
outer loop
vertex -20.45124626159668 -57.935943603515625 5
vertex -20.65006446838379 -57.829673767089844 5
vertex -80.6870346069336 -63.74848175048828 5
endloop
endfacet
facet normal 0 0 1
outer loop
vertex -20.65006446838379 -57.829673767089844 5
vertex -20.82433319091797 -57.6866569519043 5
vertex -80.6870346069336 -63.74848175048828 5
endloop
endfacet
facet normal 0 0 1
outer loop
vertex -20.967350006103516 -57.51239013671875 5
vertex -80.6870346069336 -63.74848175048828 5
vertex -20.82433319091797 -57.6866569519043 5
endloop
endfacet
facet normal 0 0 1
outer loop
vertex -20.23551368713379 -58.00138473510742 5
vertex -20.45124626159668 -57.935943603515625 5
vertex -80.6870346069336 -63.74848175048828 5
endloop
endfacet
facet normal 0 0 1
outer loop
vertex -20.23551368713379 -58.00138473510742 5
vertex -80.6870346069336 -63.74848175048828 5
vertex -20.011159896850586 -58.02348327636719 5
endloop
endfacet
facet normal 0 0 -1
outer loop
vertex -2.961451530456543 -46.29348373413086 0
vertex -5.561159610748291 -48.92348098754883 0
vertex -2.927197217941284 -46.12127685546875 0
endloop
endfacet
facet normal 0 0 1
outer loop
vertex -43.561161041259766 -48.92348098754883 5
vertex -21.139062881469727 -57.097835540771484 5
vertex -38.66115951538086 -48.92348098754883 5
endloop
endfacet
facet normal 0 0 1
outer loop
vertex -20.011159896850586 -58.02348327636719 5
vertex -80.6870346069336 -63.74848175048828 5
vertex 17.4647159576416 -63.74848175048828 5
endloop
endfacet
facet normal 0 0 1
outer loop
vertex -43.561161041259766 -48.92348098754883 5
vertex -20.967350006103516 -57.51239013671875 5
vertex -21.07362174987793 -57.313568115234375 5
endloop
endfacet
facet normal 0 0 1
outer loop
vertex -21.07362174987793 -57.313568115234375 5
vertex -21.139062881469727 -57.097835540771484 5
vertex -43.561161041259766 -48.92348098754883 5
endloop
endfacet
facet normal 0 0 1
outer loop
vertex -38.66115951538086 -48.92348098754883 5
vertex -21.139062881469727 -57.097835540771484 5
vertex -21.16115951538086 -56.87348175048828 5
endloop
endfacet
facet normal 0 0 1
outer loop
vertex -38.66115951538086 -48.92348098754883 5
vertex -21.16115951538086 -56.87348175048828 5
vertex -21.139062881469727 -56.64912796020508 5
endloop
endfacet
facet normal 0 0 1
outer loop
vertex -38.66115951538086 -48.92348098754883 5
vertex -21.139062881469727 -56.64912796020508 5
vertex -21.07362174987793 -56.43339538574219 5
endloop
endfacet
facet normal 0 0 1
outer loop
vertex -38.66115951538086 -48.92348098754883 5
vertex -21.07362174987793 -56.43339538574219 5
vertex -20.967350006103516 -56.23457717895508 5
endloop
endfacet
facet normal 0 0 1
outer loop
vertex -24.561159133911133 -48.92348098754883 5
vertex -38.66115951538086 -48.92348098754883 5
vertex -20.967350006103516 -56.23457717895508 5
endloop
endfacet
facet normal 0 0 1
outer loop
vertex -24.561159133911133 -48.92348098754883 5
vertex -20.967350006103516 -56.23457717895508 5
vertex -20.82433319091797 -56.06031036376953 5
endloop
endfacet
facet normal 0 0 1
outer loop
vertex -24.561159133911133 -48.92348098754883 5
vertex -20.82433319091797 -56.06031036376953 5
vertex -20.65006446838379 -55.917293548583984 5
endloop
endfacet
facet normal 0 0 1
outer loop
vertex -24.561159133911133 -48.92348098754883 5
vertex -20.65006446838379 -55.917293548583984 5
vertex -20.45124626159668 -55.81101989746094 5
endloop
endfacet
facet normal 0 0 1
outer loop
vertex -20.45124626159668 -55.81101989746094 5
vertex -20.23551368713379 -55.74557876586914 5
vertex -24.561159133911133 -48.92348098754883 5
endloop
endfacet
facet normal 0 0 1
outer loop
vertex -24.561159133911133 -48.92348098754883 5
vertex -20.23551368713379 -55.74557876586914 5
vertex -19.66115951538086 -48.92348098754883 5
endloop
endfacet
facet normal 0 0 -1
outer loop
vertex -2.927197217941284 -46.46569061279297 0
vertex -5.561159610748291 -48.92348098754883 0
vertex -2.961451530456543 -46.29348373413086 0
endloop
endfacet
facet normal 0 0 1
outer loop
vertex -43.561161041259766 -34.823482513427734 5
vertex -43.561161041259766 -48.92348098754883 5
vertex -38.66115951538086 -48.92348098754883 5
endloop
endfacet
facet normal 0 0 1
outer loop
vertex -38.66115951538086 -48.92348098754883 5
vertex -38.66115951538086 -34.823482513427734 5
vertex -43.561161041259766 -34.823482513427734 5
endloop
endfacet
facet normal 0 0 1
outer loop
vertex -43.561161041259766 -34.823482513427734 5
vertex -38.66115951538086 -34.823482513427734 5
vertex -38.66115951538086 -29.92348289489746 5
endloop
endfacet
facet normal 0 0 1
outer loop
vertex -24.561159133911133 -34.823482513427734 5
vertex -24.561159133911133 -48.92348098754883 5
vertex -19.66115951538086 -48.92348098754883 5
endloop
endfacet
facet normal 0 0 -1
outer loop
vertex -5.561159610748291 -48.92348098754883 0
vertex -2.8296494483947754 -46.61167907714844 0
vertex -2.683659076690674 -46.709228515625 0
endloop
endfacet
facet normal 0 0 1
outer loop
vertex -38.66115951538086 -34.823482513427734 5
vertex -24.561159133911133 -34.823482513427734 5
vertex -24.561159133911133 -29.92348289489746 5
endloop
endfacet
facet normal 0 0 -1
outer loop
vertex -5.561159610748291 -48.92348098754883 0
vertex -2.927197217941284 -46.46569061279297 0
vertex -2.8296494483947754 -46.61167907714844 0
endloop
endfacet
facet normal 0 0 -1
outer loop
vertex -2.8296494483947754 -47.24528503417969 0
vertex -5.561159610748291 -48.92348098754883 0
vertex -2.511451482772827 -46.74348449707031 0
endloop
endfacet
facet normal 0 0 1
outer loop
vertex -19.66115951538086 -48.92348098754883 5
vertex -20.23551368713379 -55.74557876586914 5
vertex -20.011159896850586 -55.72348403930664 5
endloop
endfacet
facet normal 0 0 1
outer loop
vertex -19.66115951538086 -48.92348098754883 5
vertex -20.011159896850586 -55.72348403930664 5
vertex -19.786806106567383 -55.74557876586914 5
endloop
endfacet
facet normal 0 0 1
outer loop
vertex -19.66115951538086 -48.92348098754883 5
vertex -19.786806106567383 -55.74557876586914 5
vertex -19.571073532104492 -55.81101989746094 5
endloop
endfacet
facet normal 0 0 1
outer loop
vertex -19.66115951538086 -48.92348098754883 5
vertex -19.571073532104492 -55.81101989746094 5
vertex -19.37225341796875 -55.917293548583984 5
endloop
endfacet
facet normal 0 0 1
outer loop
vertex -18.861160278320312 -56.87348175048828 5
vertex -18.883256912231445 -57.097835540771484 5
vertex -5.561159610748291 -48.92348098754883 5
endloop
endfacet
facet normal 0 0 1
outer loop
vertex -19.054969787597656 -56.23457717895508 5
vertex -18.948698043823242 -56.43339538574219 5
vertex -5.561159610748291 -48.92348098754883 5
endloop
endfacet
facet normal 0 0 1
outer loop
vertex -19.197986602783203 -56.06031036376953 5
vertex -19.054969787597656 -56.23457717895508 5
vertex -5.561159610748291 -48.92348098754883 5
endloop
endfacet
facet normal 0 0 1
outer loop
vertex -18.883256912231445 -56.64912796020508 5
vertex -18.861160278320312 -56.87348175048828 5
vertex -5.561159610748291 -48.92348098754883 5
endloop
endfacet
facet normal 0 0 1
outer loop
vertex -18.948698043823242 -56.43339538574219 5
vertex -18.883256912231445 -56.64912796020508 5
vertex -5.561159610748291 -48.92348098754883 5
endloop
endfacet
facet normal 0 0 1
outer loop
vertex -19.37225341796875 -55.917293548583984 5
vertex -19.197986602783203 -56.06031036376953 5
vertex -5.561159610748291 -48.92348098754883 5
endloop
endfacet
facet normal 0 0 1
outer loop
vertex -5.561159610748291 -48.92348098754883 5
vertex -19.66115951538086 -48.92348098754883 5
vertex -19.37225341796875 -55.917293548583984 5
endloop
endfacet
facet normal 0 0 1
outer loop
vertex -19.786806106567383 -58.00138473510742 5
vertex -20.011159896850586 -58.02348327636719 5
vertex 17.4647159576416 -63.74848175048828 5
endloop
endfacet
facet normal 0 0 1
outer loop
vertex -19.571073532104492 -57.935943603515625 5
vertex -19.786806106567383 -58.00138473510742 5
vertex 17.4647159576416 -63.74848175048828 5
endloop
endfacet
facet normal 0 0 1
outer loop
vertex -19.37225341796875 -57.829673767089844 5
vertex -19.571073532104492 -57.935943603515625 5
vertex 17.4647159576416 -63.74848175048828 5
endloop
endfacet
facet normal 0 0 1
outer loop
vertex -19.197986602783203 -57.6866569519043 5
vertex -19.37225341796875 -57.829673767089844 5
vertex 17.4647159576416 -63.74848175048828 5
endloop
endfacet
facet normal 0 0 1
outer loop
vertex -19.054969787597656 -57.51239013671875 5
vertex -19.197986602783203 -57.6866569519043 5
vertex 17.4647159576416 -63.74848175048828 5
endloop
endfacet
facet normal 0 0 1
outer loop
vertex -18.948698043823242 -57.313568115234375 5
vertex -19.054969787597656 -57.51239013671875 5
vertex 17.4647159576416 -63.74848175048828 5
endloop
endfacet
facet normal 0 0 1
outer loop
vertex -18.883256912231445 -57.097835540771484 5
vertex -18.948698043823242 -57.313568115234375 5
vertex 17.4647159576416 -63.74848175048828 5
endloop
endfacet
facet normal 0 0 1
outer loop
vertex -5.561159610748291 -48.92348098754883 5
vertex -18.883256912231445 -57.097835540771484 5
vertex 17.4647159576416 -63.74848175048828 5
endloop
endfacet
facet normal 0 0 -1
outer loop
vertex -2.927197217941284 -47.391273498535156 0
vertex -5.561159610748291 -48.92348098754883 0
vertex -2.8296494483947754 -47.24528503417969 0
endloop
endfacet
facet normal 0 0 -1
outer loop
vertex -2.961451530456543 -47.56348419189453 0
vertex -5.561159610748291 -48.92348098754883 0
vertex -2.927197217941284 -47.391273498535156 0
endloop
endfacet
facet normal 0 0 1
outer loop
vertex -19.66115951538086 -48.92348098754883 5
vertex -19.66115951538086 -34.823482513427734 5
vertex -24.561159133911133 -34.823482513427734 5
endloop
endfacet
facet normal 0 0 1
outer loop
vertex -24.561159133911133 -34.823482513427734 5
vertex -19.66115951538086 -34.823482513427734 5
vertex -19.66115951538086 -29.92348289489746 5
endloop
endfacet
facet normal 0 0 1
outer loop
vertex -5.561159610748291 -34.823482513427734 5
vertex -5.561159610748291 -48.92348098754883 5
vertex -0.6611594557762146 -41.79848098754883 5
endloop
endfacet
facet normal 0 0 1
outer loop
vertex -19.66115951538086 -34.823482513427734 5
vertex -5.561159610748291 -34.823482513427734 5
vertex -5.561159610748291 -29.92348289489746 5
endloop
endfacet
facet normal 0 0 1
outer loop
vertex -5.561159610748291 -34.823482513427734 5
vertex -0.6611594557762146 -41.79848098754883 5
vertex -0.6611594557762146 -27.698482513427734 5
endloop
endfacet
facet normal 0 0 -1
outer loop
vertex -2.927197217941284 -47.73569107055664 0
vertex -5.561159610748291 -48.92348098754883 0
vertex -2.961451530456543 -47.56348419189453 0
endloop
endfacet
facet normal 0 0 -1
outer loop
vertex -2.8296494483947754 -47.88167953491211 0
vertex -5.561159610748291 -48.92348098754883 0
vertex -2.927197217941284 -47.73569107055664 0
endloop
endfacet
facet normal 0 0 -1
outer loop
vertex -2.683659076690674 -47.97922897338867 0
vertex -5.561159610748291 -48.92348098754883 0
vertex -2.8296494483947754 -47.88167953491211 0
endloop
endfacet
facet normal 0 0 -1
outer loop
vertex -15.111159324645996 -34.12348175048828 0
vertex -19.66115951538086 -34.823482513427734 0
vertex -10.111159324645996 -30.62348175048828 0
endloop
endfacet
facet normal 0 0 -1
outer loop
vertex -19.66115951538086 -34.823482513427734 0
vertex -15.111159324645996 -34.12348175048828 0
vertex -15.111159324645996 -34.823482513427734 0
endloop
endfacet
facet normal 0 0 -1
outer loop
vertex -19.66115951538086 -34.823482513427734 0
vertex -24.561159133911133 -34.823482513427734 0
vertex -10.111159324645996 -30.62348175048828 0
endloop
endfacet
facet normal 0 0 -1
outer loop
vertex -19.66115951538086 -34.823482513427734 0
vertex -21.095413208007812 -41.04127502441406 0
vertex -21.192960739135742 -40.89528274536133 0
endloop
endfacet
facet normal 0 0 -1
outer loop
vertex -21.061159133911133 -41.21348190307617 0
vertex -21.095413208007812 -41.04127502441406 0
vertex -19.66115951538086 -34.823482513427734 0
endloop
endfacet
facet normal 0 0 -1
outer loop
vertex -19.66115951538086 -34.823482513427734 0
vertex -21.061159133911133 -42.483482360839844 0
vertex -21.061159133911133 -41.21348190307617 0
endloop
endfacet
facet normal 0 0 -1
outer loop
vertex -19.66115951538086 -34.823482513427734 0
vertex -21.061159133911133 -43.753482818603516 0
vertex -21.061159133911133 -42.483482360839844 0
endloop
endfacet
facet normal 0 0 -1
outer loop
vertex -19.66115951538086 -34.823482513427734 0
vertex -21.061159133911133 -45.02348327636719 0
vertex -21.061159133911133 -43.753482818603516 0
endloop
endfacet
facet normal 0 0 -1
outer loop
vertex -21.061159133911133 -42.483482360839844 0
vertex -21.095413208007812 -41.38568878173828 0
vertex -21.061159133911133 -41.21348190307617 0
endloop
endfacet
facet normal 0 0 -1
outer loop
vertex -21.095413208007812 -41.38568878173828 0
vertex -21.095413208007812 -42.311275482177734 0
vertex -21.192960739135742 -41.531681060791016 0
endloop
endfacet
facet normal 0 0 -1
outer loop
vertex -21.192960739135742 -41.531681060791016 0
vertex -21.192960739135742 -42.165283203125 0
vertex -21.338951110839844 -41.62922668457031 0
endloop
endfacet
facet normal 0 0 -1
outer loop
vertex -19.66115951538086 -34.823482513427734 0
vertex -21.095413208007812 -46.12127685546875 0
vertex -21.061159133911133 -45.02348327636719 0
endloop
endfacet
facet normal 0 0 -1
outer loop
vertex -21.095413208007812 -42.311275482177734 0
vertex -21.095413208007812 -41.38568878173828 0
vertex -21.061159133911133 -42.483482360839844 0
endloop
endfacet
facet normal 0 0 -1
outer loop
vertex -21.095413208007812 -42.311275482177734 0
vertex -21.192960739135742 -42.165283203125 0
vertex -21.192960739135742 -41.531681060791016 0
endloop
endfacet
facet normal 0 0 -1
outer loop
vertex -21.338951110839844 -42.0677375793457 0
vertex -21.511159896850586 -41.663482666015625 0
vertex -21.338951110839844 -41.62922668457031 0
endloop
endfacet
facet normal 0 0 -1
outer loop
vertex -21.338951110839844 -42.0677375793457 0
vertex -21.338951110839844 -41.62922668457031 0
vertex -21.192960739135742 -42.165283203125 0
endloop
endfacet
facet normal 0 0 -1
outer loop
vertex -19.66115951538086 -48.92348098754883 0
vertex -21.095413208007812 -46.12127685546875 0
vertex -19.66115951538086 -34.823482513427734 0
endloop
endfacet
facet normal 0 0 -1
outer loop
vertex -21.061159133911133 -43.753482818603516 0
vertex -21.095413208007812 -42.65568923950195 0
vertex -21.061159133911133 -42.483482360839844 0
endloop
endfacet
facet normal 0 0 -1
outer loop
vertex -21.095413208007812 -42.65568923950195 0
vertex -21.095413208007812 -43.581275939941406 0
vertex -21.192960739135742 -42.80168151855469 0
endloop
endfacet
facet normal 0 0 -1
outer loop
vertex -21.192960739135742 -42.80168151855469 0
vertex -21.192960739135742 -43.43528366088867 0
vertex -21.338951110839844 -42.899227142333984 0
endloop
endfacet
facet normal 0 0 -1
outer loop
vertex -21.338951110839844 -43.337738037109375 0
vertex -21.511159896850586 -42.9334831237793 0
vertex -21.338951110839844 -42.899227142333984 0
endloop
endfacet
facet normal 0 0 -1
outer loop
vertex -21.061159133911133 -43.753482818603516 0
vertex -21.095413208007812 -43.581275939941406 0
vertex -21.095413208007812 -42.65568923950195 0
endloop
endfacet
facet normal 0 0 -1
outer loop
vertex -21.095413208007812 -43.581275939941406 0
vertex -21.192960739135742 -43.43528366088867 0
vertex -21.192960739135742 -42.80168151855469 0
endloop
endfacet
facet normal 0 0 -1
outer loop
vertex -21.338951110839844 -43.337738037109375 0
vertex -21.338951110839844 -42.899227142333984 0
vertex -21.192960739135742 -43.43528366088867 0
endloop
endfacet
facet normal 0 0 -1
outer loop
vertex -21.061159133911133 -45.02348327636719 0
vertex -21.095413208007812 -43.925689697265625 0
vertex -21.061159133911133 -43.753482818603516 0
endloop
endfacet
facet normal 0 0 -1
outer loop
vertex -21.095413208007812 -44.85127639770508 0
vertex -21.095413208007812 -43.925689697265625 0
vertex -21.061159133911133 -45.02348327636719 0
endloop
endfacet
facet normal 0 0 -1
outer loop
vertex -21.095413208007812 -44.85127639770508 0
vertex -21.192960739135742 -44.07168197631836 0
vertex -21.095413208007812 -43.925689697265625 0
endloop
endfacet
facet normal 0 0 -1
outer loop
vertex -21.192960739135742 -44.07168197631836 0
vertex -21.192960739135742 -44.705284118652344 0
vertex -21.338951110839844 -44.169227600097656 0
endloop
endfacet
facet normal 0 0 -1
outer loop
vertex -21.338951110839844 -44.60773849487305 0
vertex -21.511159896850586 -44.20348358154297 0
vertex -21.338951110839844 -44.169227600097656 0
endloop
endfacet
facet normal 0 0 -1
outer loop
vertex -21.095413208007812 -44.85127639770508 0
vertex -21.192960739135742 -44.705284118652344 0
vertex -21.192960739135742 -44.07168197631836 0
endloop
endfacet
facet normal 0 0 -1
outer loop
vertex -21.192960739135742 -44.705284118652344 0
vertex -21.338951110839844 -44.60773849487305 0
vertex -21.338951110839844 -44.169227600097656 0
endloop
endfacet
facet normal 0 0 -1
outer loop
vertex -21.095413208007812 -46.12127685546875 0
vertex -21.095413208007812 -45.1956901550293 0
vertex -21.061159133911133 -45.02348327636719 0
endloop
endfacet
facet normal 0 0 1
outer loop
vertex -43.561161041259766 -29.92348289489746 5
vertex -43.561161041259766 -34.823482513427734 5
vertex -38.66115951538086 -29.92348289489746 5
endloop
endfacet
facet normal 0 0 1
outer loop
vertex -38.66115951538086 -29.92348289489746 5
vertex -38.66115951538086 -34.823482513427734 5
vertex -24.561159133911133 -29.92348289489746 5
endloop
endfacet
facet normal 0 0 1
outer loop
vertex -43.561161041259766 -15.823482513427734 5
vertex -43.561161041259766 -29.92348289489746 5
vertex -38.66115951538086 -29.92348289489746 5
endloop
endfacet
facet normal 0 0 1
outer loop
vertex -43.561161041259766 -15.823482513427734 5
vertex -38.66115951538086 -29.92348289489746 5
vertex -38.66115951538086 -15.823482513427734 5
endloop
endfacet
facet normal 0 0 1
outer loop
vertex -24.561159133911133 -29.92348289489746 5
vertex -24.561159133911133 -34.823482513427734 5
vertex -19.66115951538086 -29.92348289489746 5
endloop
endfacet
facet normal 0 0 1
outer loop
vertex -24.561159133911133 -15.823482513427734 5
vertex -24.561159133911133 -29.92348289489746 5
vertex -19.66115951538086 -29.92348289489746 5
endloop
endfacet
facet normal 0 0 -1
outer loop
vertex -21.095413208007812 -46.12127685546875 0
vertex -21.192960739135742 -45.34168243408203 0
vertex -21.095413208007812 -45.1956901550293 0
endloop
endfacet
facet normal 0 0 -1
outer loop
vertex -21.192960739135742 -45.34168243408203 0
vertex -21.192960739135742 -45.975284576416016 0
vertex -21.338951110839844 -45.43922805786133 0
endloop
endfacet
facet normal 0 0 -1
outer loop
vertex -21.095413208007812 -46.12127685546875 0
vertex -21.192960739135742 -45.975284576416016 0
vertex -21.192960739135742 -45.34168243408203 0
endloop
endfacet
facet normal 0 0 1
outer loop
vertex -43.561161041259766 -15.823482513427734 5
vertex -38.66115951538086 -15.823482513427734 5
vertex -38.66115951538086 -10.923482894897461 5
endloop
endfacet
facet normal 0 0 1
outer loop
vertex -43.561161041259766 -10.923482894897461 5
vertex -43.561161041259766 -15.823482513427734 5
vertex -38.66115951538086 -10.923482894897461 5
endloop
endfacet
facet normal 0 0 1
outer loop
vertex -24.561159133911133 -10.923482894897461 5
vertex -38.66115951538086 -10.923482894897461 5
vertex -38.66115951538086 -15.823482513427734 5
endloop
endfacet
facet normal 0 0 1
outer loop
vertex -43.561161041259766 3.1765174865722656 5
vertex -43.561161041259766 -10.923482894897461 5
vertex -38.66115951538086 -10.923482894897461 5
endloop
endfacet
facet normal 0 0 -1
outer loop
vertex -21.338951110839844 -45.43922805786133 0
vertex -21.338951110839844 -45.87773513793945 0
vertex -21.511159896850586 -45.843482971191406 0
endloop
endfacet
facet normal 0 0 1
outer loop
vertex -24.561159133911133 -10.923482894897461 5
vertex -38.66115951538086 -15.823482513427734 5
vertex -24.561159133911133 -15.823482513427734 5
endloop
endfacet
facet normal 0 0 1
outer loop
vertex -24.561159133911133 -10.923482894897461 5
vertex -24.561159133911133 -15.823482513427734 5
vertex -19.66115951538086 -10.923482894897461 5
endloop
endfacet
facet normal 0 0 -1
outer loop
vertex -21.338951110839844 -45.87773513793945 0
vertex -21.338951110839844 -45.43922805786133 0
vertex -21.192960739135742 -45.975284576416016 0
endloop
endfacet
facet normal 0 0 -1
outer loop
vertex -19.66115951538086 -48.92348098754883 0
vertex -21.061159133911133 -46.29348373413086 0
vertex -21.095413208007812 -46.12127685546875 0
endloop
endfacet
facet normal 0 0 1
outer loop
vertex -19.66115951538086 -29.92348289489746 5
vertex -19.66115951538086 -34.823482513427734 5
vertex -5.561159610748291 -29.92348289489746 5
endloop
endfacet
facet normal 0 0 1
outer loop
vertex -24.561159133911133 -15.823482513427734 5
vertex -19.66115951538086 -29.92348289489746 5
vertex -19.66115951538086 -15.823482513427734 5
endloop
endfacet
facet normal 0 0 1
outer loop
vertex -5.561159610748291 -29.92348289489746 5
vertex -5.561159610748291 -34.823482513427734 5
vertex -0.6611594557762146 -27.698482513427734 5
endloop
endfacet
facet normal 0 0 1
outer loop
vertex -5.561159610748291 -21.65594482421875 5
vertex -5.561159610748291 -29.92348289489746 5
vertex -0.6611594557762146 -27.698482513427734 5
endloop
endfacet
facet normal 0 0 -1
outer loop
vertex -19.66115951538086 -48.92348098754883 0
vertex -21.095413208007812 -46.46569061279297 0
vertex -21.061159133911133 -46.29348373413086 0
endloop
endfacet
facet normal 0 0 -1
outer loop
vertex -21.095413208007812 -46.46569061279297 0
vertex -21.095413208007812 -47.391273498535156 0
vertex -21.192960739135742 -46.61167907714844 0
endloop
endfacet
facet normal 0 0 -1
outer loop
vertex -21.192960739135742 -46.61167907714844 0
vertex -21.192960739135742 -47.24528503417969 0
vertex -21.338951110839844 -46.709228515625 0
endloop
endfacet
facet normal 0 0 -1
outer loop
vertex -21.338951110839844 -47.147735595703125 0
vertex -21.511159896850586 -46.74348449707031 0
vertex -21.338951110839844 -46.709228515625 0
endloop
endfacet
facet normal 0 0 1
outer loop
vertex -19.66115951538086 -10.923482894897461 5
vertex -24.561159133911133 -15.823482513427734 5
vertex -19.66115951538086 -15.823482513427734 5
endloop
endfacet
facet normal 0 0 1
outer loop
vertex -19.66115951538086 -10.923482894897461 5
vertex -19.66115951538086 -15.823482513427734 5
vertex -5.561159610748291 -15.823482513427734 5
endloop
endfacet
facet normal 0 0 1
outer loop
vertex -24.561159133911133 -10.923482894897461 5
vertex -19.66115951538086 -10.923482894897461 5
vertex -19.66115951538086 3.1765174865722656 5
endloop
endfacet
facet normal 0 0 1
outer loop
vertex -5.561159610748291 -10.923482894897461 5
vertex -19.66115951538086 -10.923482894897461 5
vertex -5.561159610748291 -15.823482513427734 5
endloop
endfacet
facet normal 0 0 1
outer loop
vertex -5.561159610748291 -15.823482513427734 5
vertex -5.561159610748291 -21.65594482421875 5
vertex -0.6611594557762146 -8.698482513427734 5
endloop
endfacet
facet normal 0 0 1
outer loop
vertex -0.6611594557762146 -8.698482513427734 5
vertex -5.561159610748291 -21.65594482421875 5
vertex -0.6611594557762146 -22.79848289489746 5
endloop
endfacet
facet normal 0 0 1
outer loop
vertex -5.561159610748291 -10.923482894897461 5
vertex -5.561159610748291 -15.823482513427734 5
vertex -0.6611594557762146 -8.698482513427734 5
endloop
endfacet
facet normal 0 0 1
outer loop
vertex -5.561159610748291 -10.923482894897461 5
vertex -0.6611594557762146 -8.698482513427734 5
vertex -0.6611594557762146 -3.798482656478882 5
endloop
endfacet
facet normal 0 0 -1
outer loop
vertex -57.66115951538086 -48.92348098754883 0
vertex -67.11116027832031 -42.49848175048828 0
vertex -62.561161041259766 -41.79848098754883 0
endloop
endfacet
facet normal 0 0 -1
outer loop
vertex -62.561161041259766 -41.79848098754883 0
vertex -57.66115951538086 -34.823482513427734 0
vertex -57.66115951538086 -48.92348098754883 0
endloop
endfacet
facet normal 0 0 -1
outer loop
vertex -57.66115951538086 -34.823482513427734 0
vertex -62.561161041259766 -41.79848098754883 0
vertex -62.561161041259766 -27.698482513427734 0
endloop
endfacet
facet normal -0.5000019550765702 0.866024275017512 0
outer loop
vertex 25.485023498535156 30.886871337890625 5
vertex 13.60175895690918 24.026029586791992 0
vertex 13.60175895690918 24.026029586791992 5
endloop
endfacet
facet normal 0 0 -1
outer loop
vertex -76.6611557006836 -3.798482656478882 0
vertex -76.6611557006836 -8.698482513427734 0
vertex -82.8111572265625 8.38941478729248 0
endloop
endfacet
facet normal 0 0 -1
outer loop
vertex -76.6611557006836 -3.798482656478882 0
vertex -82.8111572265625 8.38941478729248 0
vertex -76.6611557006836 10.301517486572266 0
endloop
endfacet
facet normal 0.5555692287757861 0.8314702833159332 0
outer loop
vertex 13.202181816101074 24.03911018371582 5
vertex 10.066679954528809 26.134180068969727 0
vertex 10.066679954528809 26.134180068969727 5
endloop
endfacet
facet normal 0.03271857244017884 0.9994646041843986 0
outer loop
vertex 13.60175895690918 24.026029586791992 5
vertex 13.202181816101074 24.03911018371582 0
vertex 13.202181816101074 24.03911018371582 5
endloop
endfacet
facet normal 0 0 -1
outer loop
vertex -57.66115951538086 -34.823482513427734 0
vertex -53.11116027832031 -34.12348175048828 0
vertex -53.11116027832031 -34.823482513427734 0
endloop
endfacet
facet normal -1 0 0
outer loop
vertex -84.11116027832031 8.38941478729248 0
vertex -84.11116027832031 8.38941478729248 0.20000000298023224
vertex -84.11116027832031 14.315919876098633 0
endloop
endfacet
facet normal 0 0 -1
outer loop
vertex -84.11116027832031 8.38941478729248 0
vertex -84.11116027832031 14.315919876098633 0
vertex -82.8111572265625 14.315919876098633 0
endloop
endfacet
facet normal -1 0 0
outer loop
vertex -84.11116027832031 14.315919876098633 0
vertex -84.11116027832031 8.38941478729248 0.20000000298023224
vertex -84.11116027832031 14.315919876098633 0.20000000298023224
endloop
endfacet
facet normal 0 0 -1
outer loop
vertex -76.6611557006836 10.301517486572266 0
vertex -82.8111572265625 8.38941478729248 0
vertex -84.11116027832031 8.38941478729248 0
endloop
endfacet
facet normal 0 0 -1
outer loop
vertex -84.11116027832031 8.38941478729248 0
vertex -82.8111572265625 14.315919876098633 0
vertex -76.6611557006836 15.201517105102539 0
endloop
endfacet
facet normal 0 0 -1
outer loop
vertex -76.6611557006836 10.301517486572266 0
vertex -84.11116027832031 8.38941478729248 0
vertex -72.11116027832031 15.201517105102539 0
endloop
endfacet
facet normal 0 0 -1
outer loop
vertex -76.6611557006836 10.301517486572266 0
vertex -72.11116027832031 11.001517295837402 0
vertex -72.11116027832031 10.301517486572266 0
endloop
endfacet
facet normal 0 0 -1
outer loop
vertex -72.11116027832031 11.001517295837402 0
vertex -76.6611557006836 10.301517486572266 0
vertex -72.11116027832031 14.501517295837402 0
endloop
endfacet
facet normal 0 0 -1
outer loop
vertex -72.11116027832031 11.001517295837402 0
vertex -62.561161041259766 15.201517105102539 0
vertex -67.11116027832031 11.001517295837402 0
endloop
endfacet
facet normal 0 0 -1
outer loop
vertex -67.11116027832031 10.301517486572266 0
vertex -67.11116027832031 11.001517295837402 0
vertex -62.561161041259766 10.301517486572266 0
endloop
endfacet
facet normal 0 0 -1
outer loop
vertex -62.561161041259766 10.301517486572266 0
vertex -67.11116027832031 11.001517295837402 0
vertex -62.561161041259766 15.201517105102539 0
endloop
endfacet
facet normal 0 0 -1
outer loop
vertex -21.338951110839844 -47.147735595703125 0
vertex -21.338951110839844 -46.709228515625 0
vertex -21.192960739135742 -47.24528503417969 0
endloop
endfacet
facet normal 0 0 -1
outer loop
vertex -21.095413208007812 -47.391273498535156 0
vertex -21.192960739135742 -47.24528503417969 0
vertex -21.192960739135742 -46.61167907714844 0
endloop
endfacet
facet normal 0 0 -1
outer loop
vertex -19.66115951538086 -48.92348098754883 0
vertex -21.095413208007812 -47.391273498535156 0
vertex -21.095413208007812 -46.46569061279297 0
endloop
endfacet
facet normal 0 0 -1
outer loop
vertex -19.66115951538086 -48.92348098754883 0
vertex -21.061159133911133 -47.56348419189453 0
vertex -21.095413208007812 -47.391273498535156 0
endloop
endfacet
facet normal 0 0 -1
outer loop
vertex -19.66115951538086 -48.92348098754883 0
vertex -21.095413208007812 -47.73569107055664 0
vertex -21.061159133911133 -47.56348419189453 0
endloop
endfacet
facet normal 0 0 -1
outer loop
vertex -48.11116027832031 -34.823482513427734 0
vertex -48.11116027832031 -34.12348175048828 0
vertex -43.561161041259766 -34.823482513427734 0
endloop
endfacet
facet normal 0 0 -1
outer loop
vertex -43.561161041259766 -34.823482513427734 0
vertex -48.11116027832031 -34.12348175048828 0
vertex -48.11116027832031 -30.62348175048828 0
endloop
endfacet
facet normal -0.7071067811865475 -0.7071067811865475 0
outer loop
vertex -83.76100158691406 -61.16970443725586 0
vertex -81.53237915039062 -63.3983268737793 0
vertex -83.76100158691406 -61.16970443725586 5
endloop
endfacet
facet normal -0.9238791684803831 -0.3826843112117585 -6.147729593998455e-7
outer loop
vertex -84.05348205566406 -60.46359634399414 0.20000000298023224
vertex -83.76100158691406 -61.16970443725586 0
vertex -84.11116027832031 -60.32435607910156 4.5
endloop
endfacet
facet normal 0.8677566776078394 0.4969892840565121 0
outer loop
vertex 78.14878845214844 41.40150451660156 0.20000000298023224
vertex 69.5608139038086 56.396339416503906 0.20000000298023224
vertex 78.14878845214844 41.40150451660156 4.5
endloop
endfacet
facet normal 0 0 -1
outer loop
vertex -72.11116027832031 15.201517105102539 0
vertex -84.11116027832031 8.38941478729248 0
vertex -76.6611557006836 15.201517105102539 0
endloop
endfacet
facet normal 0.8677562708237904 0.49698999431174495 0
outer loop
vertex 69.2029800415039 57.02112579345703 0.20000000298023224
vertex 69.2029800415039 57.02112579345703 4.5
vertex 69.5608139038086 56.396339416503906 0.20000000298023224
endloop
endfacet
facet normal 0 0 -1
outer loop
vertex -76.6611557006836 15.201517105102539 0
vertex -82.8111572265625 14.315919876098633 0
vertex -82.8111572265625 33.315921783447266 0
endloop
endfacet
facet normal -0.4969896710081771 0.8677564559893427 0
outer loop
vertex 69.2029800415039 57.02112579345703 0.20000000298023224
vertex 68.59555053710938 56.67323303222656 0.20000000298023224
vertex 69.2029800415039 57.02112579345703 4.5
endloop
endfacet
facet normal 0.6291615441566433 0.7772745662598438 0
outer loop
vertex 68.41220092773438 56.993370056152344 0.20000000298023224
vertex 68.30291748046875 57.08182907104492 0.20000000298023224
vertex 68.41220092773438 56.993370056152344 4.5
endloop
endfacet
facet normal 0.8677591326774136 0.49698499741435154 0
outer loop
vertex 68.41220092773438 56.993370056152344 0.20000000298023224
vertex 68.59555053710938 56.67323303222656 4.5
vertex 68.59555053710938 56.67323303222656 0.20000000298023224
endloop
endfacet
facet normal 0.30529876277665624 0.9522566174341047 0
outer loop
vertex 67.7426986694336 57.53528594970703 0
vertex 64.77992248535156 58.48516845703125 0
vertex 67.7426986694336 57.53528594970703 5
endloop
endfacet
facet normal 0 0 -1
outer loop
vertex -82.8111572265625 33.315921783447266 0
vertex -76.6611557006836 29.301517486572266 0
vertex -76.6611557006836 15.201517105102539 0
endloop
endfacet
facet normal 0 0 -1
outer loop
vertex -72.11116027832031 14.501517295837402 0
vertex -76.6611557006836 10.301517486572266 0
vertex -72.11116027832031 15.201517105102539 0
endloop
endfacet
facet normal 0 0 -1
outer loop
vertex -72.11116027832031 14.501517295837402 0
vertex -67.11116027832031 14.501517295837402 0
vertex -72.11116027832031 11.001517295837402 0
endloop
endfacet
facet normal 0 0 -1
outer loop
vertex -62.561161041259766 15.201517105102539 0
vertex -72.11116027832031 11.001517295837402 0
vertex -67.11116027832031 14.501517295837402 0
endloop
endfacet
facet normal 0 0 -1
outer loop
vertex -62.561161041259766 15.201517105102539 0
vertex -67.11116027832031 14.501517295837402 0
vertex -67.11116027832031 15.201517105102539 0
endloop
endfacet
facet normal 0 0 -1
outer loop
vertex -19.66115951538086 -48.92348098754883 0
vertex -21.192960739135742 -47.88167953491211 0
vertex -21.095413208007812 -47.73569107055664 0
endloop
endfacet
facet normal 0 0 -1
outer loop
vertex -19.66115951538086 -48.92348098754883 0
vertex -21.192960739135742 -48.51528549194336 0
vertex -21.192960739135742 -47.88167953491211 0
endloop
endfacet
facet normal 0 0 -1
outer loop
vertex -21.192960739135742 -48.51528549194336 0
vertex -21.338951110839844 -47.97922897338867 0
vertex -21.192960739135742 -47.88167953491211 0
endloop
endfacet
facet normal 0 0 -1
outer loop
vertex -21.338951110839844 -48.4177360534668 0
vertex -21.511159896850586 -48.01348114013672 0
vertex -21.338951110839844 -47.97922897338867 0
endloop
endfacet
facet normal 0 0 -1
outer loop
vertex -21.192960739135742 -48.51528549194336 0
vertex -21.338951110839844 -48.4177360534668 0
vertex -21.338951110839844 -47.97922897338867 0
endloop
endfacet
facet normal 0 0 -1
outer loop
vertex -57.66115951538086 3.1765174865722656 0
vertex -62.561161041259766 -3.798482656478882 0
vertex -62.561161041259766 10.301517486572266 0
endloop
endfacet
facet normal 0 0 -1
outer loop
vertex -57.66115951538086 3.1765174865722656 0
vertex -53.11116027832031 3.8765172958374023 0
vertex -53.11116027832031 3.1765174865722656 0
endloop
endfacet
facet normal 0 0 -1
outer loop
vertex -62.561161041259766 10.301517486572266 0
vertex -57.66115951538086 8.076517105102539 0
vertex -57.66115951538086 3.1765174865722656 0
endloop
endfacet
facet normal 0 0 -1
outer loop
vertex -57.66115951538086 8.076517105102539 0
vertex -62.561161041259766 10.301517486572266 0
vertex -62.561161041259766 15.201517105102539 0
endloop
endfacet
facet normal 0 0 -1
outer loop
vertex -57.66115951538086 8.076517105102539 0
vertex -53.11116027832031 7.376517295837402 0
vertex -57.66115951538086 3.1765174865722656 0
endloop
endfacet
facet normal 0 0 -1
outer loop
vertex -53.11116027832031 7.376517295837402 0
vertex -57.66115951538086 8.076517105102539 0
vertex -53.11116027832031 8.076517105102539 0
endloop
endfacet
facet normal 0 0 -1
outer loop
vertex -53.11116027832031 3.8765172958374023 0
vertex -57.66115951538086 3.1765174865722656 0
vertex -48.11116027832031 7.376517295837402 0
endloop
endfacet
facet normal 0 0 -1
outer loop
vertex -48.11116027832031 3.1765174865722656 0
vertex -48.11116027832031 3.8765172958374023 0
vertex -43.561161041259766 3.1765174865722656 0
endloop
endfacet
facet normal 0 0 -1
outer loop
vertex -48.11116027832031 7.376517295837402 0
vertex -57.66115951538086 3.1765174865722656 0
vertex -53.11116027832031 7.376517295837402 0
endloop
endfacet
facet normal 0 0 -1
outer loop
vertex -53.11116027832031 3.8765172958374023 0
vertex -43.561161041259766 8.076517105102539 0
vertex -48.11116027832031 3.8765172958374023 0
endloop
endfacet
facet normal 0 0 -1
outer loop
vertex -43.561161041259766 8.076517105102539 0
vertex -53.11116027832031 3.8765172958374023 0
vertex -48.11116027832031 7.376517295837402 0
endloop
endfacet
facet normal 0 0 -1
outer loop
vertex -43.561161041259766 8.076517105102539 0
vertex -48.11116027832031 7.376517295837402 0
vertex -48.11116027832031 8.076517105102539 0
endloop
endfacet
facet normal 0 0 -1
outer loop
vertex -43.561161041259766 3.1765174865722656 0
vertex -48.11116027832031 3.8765172958374023 0
vertex -43.561161041259766 8.076517105102539 0
endloop
endfacet
facet normal 0 0 -1
outer loop
vertex -2.09570574760437 -49.00569152832031 0
vertex -2.0614514350891113 -48.83348083496094 0
vertex -2.193253517150879 -49.78528594970703 0
endloop
endfacet
facet normal 0 0 -1
outer loop
vertex -2.193253517150879 -49.15167999267578 0
vertex -2.193253517150879 -49.78528594970703 0
vertex -2.3392438888549805 -49.249229431152344 0
endloop
endfacet
facet normal 0 0 -1
outer loop
vertex -2.193253517150879 -49.15167999267578 0
vertex -2.09570574760437 -49.00569152832031 0
vertex -2.193253517150879 -49.78528594970703 0
endloop
endfacet
facet normal 0 0 -1
outer loop
vertex -2.3392438888549805 -49.249229431152344 0
vertex -2.511451482772827 -49.65348434448242 0
vertex -2.511451482772827 -49.28348159790039 0
endloop
endfacet
facet normal 0 0 -1
outer loop
vertex -2.3392438888549805 -49.249229431152344 0
vertex -2.3392438888549805 -49.68773651123047 0
vertex -2.511451482772827 -49.65348434448242 0
endloop
endfacet
facet normal 0 0 -1
outer loop
vertex -2.3392438888549805 -49.68773651123047 0
vertex -2.3392438888549805 -49.249229431152344 0
vertex -2.193253517150879 -49.78528594970703 0
endloop
endfacet
facet normal 0 0 -1
outer loop
vertex -2.193253517150879 -51.0552864074707 0
vertex -2.3392438888549805 -50.519229888916016 0
vertex -2.193253517150879 -50.42168045043945 0
endloop
endfacet
facet normal 0 0 -1
outer loop
vertex -2.3392438888549805 -50.95773696899414 0
vertex -2.3392438888549805 -50.519229888916016 0
vertex -2.193253517150879 -51.0552864074707 0
endloop
endfacet
facet normal 0 0 -1
outer loop
vertex -2.511451482772827 -50.92348098754883 0
vertex -2.3392438888549805 -50.519229888916016 0
vertex -2.3392438888549805 -50.95773696899414 0
endloop
endfacet
facet normal 0 0 -1
outer loop
vertex -2.511451482772827 -50.92348098754883 0
vertex -2.511451482772827 -50.55348205566406 0
vertex -2.3392438888549805 -50.519229888916016 0
endloop
endfacet
facet normal 0 0 -1
outer loop
vertex -57.66115951538086 8.076517105102539 0
vertex -62.561161041259766 15.201517105102539 0
vertex -62.561161041259766 29.301517486572266 0
endloop
endfacet
facet normal 0 0 -1
outer loop
vertex -57.66115951538086 8.076517105102539 0
vertex -62.561161041259766 29.301517486572266 0
vertex -57.66115951538086 22.176517486572266 0
endloop
endfacet
facet normal 0 0 -1
outer loop
vertex -57.66115951538086 22.176517486572266 0
vertex -53.11116027832031 22.87651824951172 0
vertex -53.11116027832031 22.176517486572266 0
endloop
endfacet
facet normal 0 0 -1
outer loop
vertex -62.561161041259766 29.301517486572266 0
vertex -52.79303741455078 29.62651824951172 0
vertex -57.66115951538086 22.176517486572266 0
endloop
endfacet
facet normal 0 0 -1
outer loop
vertex -53.11116027832031 22.87651824951172 0
vertex -57.66115951538086 22.176517486572266 0
vertex -52.79303741455078 29.62651824951172 0
endloop
endfacet
facet normal 0 0 -1
outer loop
vertex -53.11116027832031 22.87651824951172 0
vertex -52.79303741455078 29.62651824951172 0
vertex -48.11116027832031 22.87651824951172 0
endloop
endfacet
facet normal 0 0 -1
outer loop
vertex -52.79303741455078 29.62651824951172 0
vertex -37.48735809326172 29.62651824951172 0
vertex -48.11116027832031 22.87651824951172 0
endloop
endfacet
facet normal 0 0 -1
outer loop
vertex -48.11116027832031 22.176517486572266 0
vertex -48.11116027832031 22.87651824951172 0
vertex -37.48735809326172 29.62651824951172 0
endloop
endfacet
facet normal 0 0 -1
outer loop
vertex -48.11116027832031 22.176517486572266 0
vertex -37.48735809326172 29.62651824951172 0
vertex -43.561161041259766 22.176517486572266 0
endloop
endfacet
facet normal 0 0 -1
outer loop
vertex -2.511451482772827 -50.92348098754883 0
vertex -2.683659076690674 -50.519229888916016 0
vertex -2.511451482772827 -50.55348205566406 0
endloop
endfacet
facet normal 0 0 -1
outer loop
vertex -2.8296494483947754 -50.42168045043945 0
vertex -2.683659076690674 -50.95773696899414 0
vertex -2.927197217941284 -50.275691986083984 0
endloop
endfacet
facet normal 0 0 -1
outer loop
vertex -2.683659076690674 -50.519229888916016 0
vertex -2.683659076690674 -50.95773696899414 0
vertex -2.8296494483947754 -50.42168045043945 0
endloop
endfacet
facet normal 0 0 -1
outer loop
vertex -2.683659076690674 -50.95773696899414 0
vertex -2.683659076690674 -50.519229888916016 0
vertex -2.511451482772827 -50.92348098754883 0
endloop
endfacet
facet normal 0 0 -1
outer loop
vertex -2.8296494483947754 -48.51528549194336 0
vertex -5.561159610748291 -48.92348098754883 0
vertex -2.683659076690674 -47.97922897338867 0
endloop
endfacet
facet normal -1 0 0
outer loop
vertex -84.8111572265625 7.8894147872924805 0.20000000298023224
vertex -84.8111572265625 -4.277251720428467 0.20000000298023224
vertex -84.8111572265625 6.089414596557617 4.5
endloop
endfacet
facet normal 0 0 -1
outer loop
vertex -2.927197217941284 -48.66127395629883 0
vertex -5.561159610748291 -48.92348098754883 0
vertex -2.8296494483947754 -48.51528549194336 0
endloop
endfacet
facet normal 0 1 0
outer loop
vertex -84.11116027832031 7.8894147872924805 0.20000000298023224
vertex -84.8111572265625 7.8894147872924805 0.20000000298023224
vertex -84.11116027832031 7.8894147872924805 4.5
endloop
endfacet
facet normal -1 0 0
outer loop
vertex -84.11116027832031 8.38941478729248 0.20000000298023224
vertex -84.11116027832031 7.8894147872924805 0.20000000298023224
vertex -84.11116027832031 14.315919876098633 4.5
endloop
endfacet
facet normal -1 0 0
outer loop
vertex -84.11116027832031 14.315919876098633 0.20000000298023224
vertex -84.11116027832031 8.38941478729248 0.20000000298023224
vertex -84.11116027832031 14.315919876098633 4.5
endloop
endfacet
facet normal 0 0 -1
outer loop
vertex -2.961451530456543 -48.83348083496094 0
vertex -5.561159610748291 -48.92348098754883 0
vertex -2.927197217941284 -48.66127395629883 0
endloop
endfacet
facet normal 0 0 -1
outer loop
vertex -2.927197217941284 -49.00569152832031 0
vertex -5.561159610748291 -48.92348098754883 0
vertex -2.961451530456543 -48.83348083496094 0
endloop
endfacet
facet normal 0 0 -1
outer loop
vertex -2.683659076690674 -49.249229431152344 0
vertex -5.561159610748291 -48.92348098754883 0
vertex -2.8296494483947754 -49.15167999267578 0
endloop
endfacet
facet normal -1 0 0
outer loop
vertex -84.11116027832031 14.815919876098633 0.20000000298023224
vertex -84.11116027832031 14.315919876098633 0.20000000298023224
vertex -84.11116027832031 14.315919876098633 4.5
endloop
endfacet
facet normal 0 -1 0
outer loop
vertex -84.11116027832031 14.815919876098633 0.20000000298023224
vertex -84.8111572265625 14.815919876098633 4.5
vertex -84.8111572265625 14.815919876098633 0.20000000298023224
endloop
endfacet
facet normal -1 0 0
outer loop
vertex -84.8111572265625 15.535920143127441 0.20000000298023224
vertex -84.8111572265625 14.815919876098633 0.20000000298023224
vertex -84.8111572265625 14.815919876098633 4.5
endloop
endfacet
facet normal 0 0 -1
outer loop
vertex -5.561159610748291 -48.92348098754883 0
vertex -2.927197217941284 -49.00569152832031 0
vertex -2.8296494483947754 -49.15167999267578 0
endloop
endfacet
facet normal -1 0 0
outer loop
vertex -84.8111572265625 32.815921783447266 0.20000000298023224
vertex -84.8111572265625 15.535920143127441 0.20000000298023224
vertex -84.8111572265625 32.815921783447266 4.5
endloop
endfacet
facet normal 0 0 -1
outer loop
vertex -2.511451482772827 -49.28348159790039 0
vertex -10.111159324645996 -49.62348175048828 0
vertex -2.683659076690674 -49.249229431152344 0
endloop
endfacet
facet normal 0 0 -1
outer loop
vertex -2.511451482772827 -49.65348434448242 0
vertex -10.111159324645996 -49.62348175048828 0
vertex -2.511451482772827 -49.28348159790039 0
endloop
endfacet
facet normal 0 0 -1
outer loop
vertex -10.111159324645996 -49.62348175048828 0
vertex -5.561159610748291 -48.92348098754883 0
vertex -2.683659076690674 -49.249229431152344 0
endloop
endfacet
facet normal 0 0 -1
outer loop
vertex -10.111159324645996 -49.62348175048828 0
vertex -10.111159324645996 -48.92348098754883 0
vertex -5.561159610748291 -48.92348098754883 0
endloop
endfacet
facet normal 0 0 -1
outer loop
vertex -2.683659076690674 -49.68773651123047 0
vertex -21.338951110839844 -49.68773651123047 0
vertex -2.511451482772827 -49.65348434448242 0
endloop
endfacet
facet normal 0 0 -1
outer loop
vertex -2.8296494483947754 -49.78528594970703 0
vertex -21.338951110839844 -49.68773651123047 0
vertex -2.683659076690674 -49.68773651123047 0
endloop
endfacet
facet normal 0 0 -1
outer loop
vertex -2.927197217941284 -49.9312744140625 0
vertex -21.338951110839844 -49.68773651123047 0
vertex -2.8296494483947754 -49.78528594970703 0
endloop
endfacet
facet normal 0 0 -1
outer loop
vertex -2.961451530456543 -50.10348129272461 0
vertex -21.338951110839844 -49.68773651123047 0
vertex -2.927197217941284 -49.9312744140625 0
endloop
endfacet
facet normal 0 0 -1
outer loop
vertex -2.927197217941284 -50.275691986083984 0
vertex -21.095413208007812 -50.275691986083984 0
vertex -2.961451530456543 -50.10348129272461 0
endloop
endfacet
facet normal 0 0 -1
outer loop
vertex -2.8296494483947754 -51.0552864074707 0
vertex -21.095413208007812 -51.20127487182617 0
vertex -2.683659076690674 -50.95773696899414 0
endloop
endfacet
facet normal 0 0 -1
outer loop
vertex -2.683659076690674 -50.95773696899414 0
vertex -21.095413208007812 -50.275691986083984 0
vertex -2.927197217941284 -50.275691986083984 0
endloop
endfacet
facet normal 0 0 -1
outer loop
vertex -2.927197217941284 -51.20127487182617 0
vertex -21.095413208007812 -51.20127487182617 0
vertex -2.8296494483947754 -51.0552864074707 0
endloop
endfacet
facet normal 0 0 -1
outer loop
vertex -2.961451530456543 -51.37348175048828 0
vertex -21.095413208007812 -51.20127487182617 0
vertex -2.927197217941284 -51.20127487182617 0
endloop
endfacet
facet normal 0 0 -1
outer loop
vertex -2.927197217941284 -51.54568862915039 0
vertex -21.338951110839844 -51.78922653198242 0
vertex -2.961451530456543 -51.37348175048828 0
endloop
endfacet
facet normal 0 0 -1
outer loop
vertex -2.8296494483947754 -51.691680908203125 0
vertex -21.338951110839844 -51.78922653198242 0
vertex -2.927197217941284 -51.54568862915039 0
endloop
endfacet
facet normal 0 0 -1
outer loop
vertex -2.683659076690674 -51.78922653198242 0
vertex -21.338951110839844 -51.78922653198242 0
vertex -2.8296494483947754 -51.691680908203125 0
endloop
endfacet
facet normal 0 0 -1
outer loop
vertex 17.4647159576416 -63.74848175048828 0
vertex -19.054969787597656 -56.23457717895508 0
vertex -2.683659076690674 -51.78922653198242 0
endloop
endfacet
facet normal 0 0 -1
outer loop
vertex -84.05348205566406 33.315921783447266 0
vertex -83.76100158691406 34.022029876708984 0
vertex -82.8111572265625 33.315921783447266 0
endloop
endfacet
facet normal -0.9238791069161851 0.38268445984094035 0
outer loop
vertex -83.76100158691406 34.022029876708984 0
vertex -84.05348205566406 33.315921783447266 0
vertex -84.05348205566406 33.315921783447266 0.20000000298023224
endloop
endfacet
facet normal 0.6291532364514654 0.7772812908223924 3.494750791594044e-7
outer loop
vertex 68.30291748046875 57.08182907104492 0.20000000298023224
vertex 67.7426986694336 57.53528594970703 0
vertex 68.41220092773438 56.993370056152344 4.5
endloop
endfacet
facet normal -0.1052742366156856 0.9944432286988457 0
outer loop
vertex 64.77992248535156 58.48516845703125 0
vertex 63.81513595581055 58.383033752441406 0
vertex 64.77992248535156 58.48516845703125 5
endloop
endfacet
facet normal 0 -1 0
outer loop
vertex -84.11116027832031 -59.96359634399414 0.20000000298023224
vertex -84.8111572265625 -59.96359634399414 4.5
vertex -84.8111572265625 -59.96359634399414 0.20000000298023224
endloop
endfacet
facet normal -0.9238724560432299 -0.3827005160234962 0
outer loop
vertex -84.11116027832031 -60.32435607910156 0.20000000298023224
vertex -84.05348205566406 -60.46359634399414 0.20000000298023224
vertex -84.11116027832031 -60.32435607910156 4.5
endloop
endfacet
facet normal 0 0 -1
outer loop
vertex -76.6611557006836 29.301517486572266 0
vertex -82.8111572265625 33.315921783447266 0
vertex -72.11116027832031 30.00151824951172 0
endloop
endfacet
facet normal 0 0 -1
outer loop
vertex -76.6611557006836 29.301517486572266 0
vertex -72.11116027832031 30.00151824951172 0
vertex -72.11116027832031 29.301517486572266 0
endloop
endfacet
facet normal 0 0 -1
outer loop
vertex -72.11116027832031 30.00151824951172 0
vertex -82.8111572265625 33.315921783447266 0
vertex -67.11116027832031 30.00151824951172 0
endloop
endfacet
facet normal 0 0 -1
outer loop
vertex -83.76100158691406 34.022029876708984 0
vertex -53.05031967163086 29.73308563232422 0
vertex -82.8111572265625 33.315921783447266 0
endloop
endfacet
facet normal 0 0 -1
outer loop
vertex -53.05031967163086 29.73308563232422 0
vertex -83.76100158691406 34.022029876708984 0
vertex -81.37954711914062 36.40348815917969 0
endloop
endfacet
facet normal 0 0 -1
outer loop
vertex -53.05031967163086 29.73308563232422 0
vertex -81.37954711914062 36.40348815917969 0
vertex -80.52775573730469 36.75380325317383 0
endloop
endfacet
facet normal 0 0 -1
outer loop
vertex -67.11116027832031 30.00151824951172 0
vertex -82.8111572265625 33.315921783447266 0
vertex -53.05031967163086 29.73308563232422 0
endloop
endfacet
facet normal 0 0 -1
outer loop
vertex -67.11116027832031 29.301517486572266 0
vertex -67.11116027832031 30.00151824951172 0
vertex -62.561161041259766 29.301517486572266 0
endloop
endfacet
facet normal 0 0 -1
outer loop
vertex -80.52775573730469 36.75380325317383 0
vertex -55.41982650756836 33.94728469848633 0
vertex -55.11116027832031 33.14772033691406 0
endloop
endfacet
facet normal 0 0 -1
outer loop
vertex -80.52775573730469 36.75380325317383 0
vertex -58.391075134277344 36.642486572265625 0
vertex -57.507774353027344 36.24856185913086 0
endloop
endfacet
facet normal 0 0 -1
outer loop
vertex -55.41982650756836 33.94728469848633 0
vertex -80.52775573730469 36.75380325317383 0
vertex -57.507774353027344 36.24856185913086 0
endloop
endfacet
facet normal 0 0 -1
outer loop
vertex 17.4647159576416 -63.74848175048828 0
vertex -18.948698043823242 -56.43339538574219 0
vertex -19.054969787597656 -56.23457717895508 0
endloop
endfacet
facet normal 0 0 -1
outer loop
vertex 17.4647159576416 -63.74848175048828 0
vertex -18.883256912231445 -56.64912796020508 0
vertex -18.948698043823242 -56.43339538574219 0
endloop
endfacet
facet normal 0 0 -1
outer loop
vertex 17.4647159576416 -63.74848175048828 0
vertex -18.861160278320312 -56.87348175048828 0
vertex -18.883256912231445 -56.64912796020508 0
endloop
endfacet
facet normal 0 0 -1
outer loop
vertex 17.4647159576416 -63.74848175048828 0
vertex -18.883256912231445 -57.097835540771484 0
vertex -18.861160278320312 -56.87348175048828 0
endloop
endfacet
facet normal 0 0 -1
outer loop
vertex 17.4647159576416 -63.74848175048828 0
vertex -18.948698043823242 -57.313568115234375 0
vertex -18.883256912231445 -57.097835540771484 0
endloop
endfacet
facet normal 0 0 -1
outer loop
vertex -62.561161041259766 29.301517486572266 0
vertex -67.11116027832031 30.00151824951172 0
vertex -53.05031967163086 29.73308563232422 0
endloop
endfacet
facet normal 0 0 -1
outer loop
vertex -80.52775573730469 36.75380325317383 0
vertex -55.11116027832031 31.944637298583984 0
vertex -55.00458908081055 31.687358856201172 0
endloop
endfacet
facet normal 0 0 -1
outer loop
vertex -53.05031967163086 29.73308563232422 0
vertex -80.52775573730469 36.75380325317383 0
vertex -55.00458908081055 31.687358856201172 0
endloop
endfacet
facet normal 0 0 -1
outer loop
vertex -55.11116027832031 31.944637298583984 0
vertex -80.52775573730469 36.75380325317383 0
vertex -55.11116027832031 33.14772033691406 0
endloop
endfacet
facet normal 0 0 -1
outer loop
vertex -52.79303741455078 29.62651824951172 0
vertex -62.561161041259766 29.301517486572266 0
vertex -53.05031967163086 29.73308563232422 0
endloop
endfacet
facet normal 0 1 0
outer loop
vertex -84.11116027832031 32.815921783447266 0.20000000298023224
vertex -84.8111572265625 32.815921783447266 0.20000000298023224
vertex -84.11116027832031 32.815921783447266 4.5
endloop
endfacet
facet normal -1 0 0
outer loop
vertex -84.11116027832031 33.17668151855469 0.20000000298023224
vertex -84.11116027832031 32.815921783447266 0.20000000298023224
vertex -84.11116027832031 33.17668151855469 4.5
endloop
endfacet
facet normal -0.9238724560396926 0.382700516022031 -0.000002767218936940693
outer loop
vertex -84.05348205566406 33.315921783447266 0.20000000298023224
vertex -84.11116027832031 33.17668151855469 0.20000000298023224
vertex -83.76100158691406 34.022029876708984 5
endloop
endfacet
facet normal -0.923879106916185 0.38268445984094035 0
outer loop
vertex -84.05348205566406 33.315921783447266 0.20000000298023224
vertex -83.76100158691406 34.022029876708984 5
vertex -83.76100158691406 34.022029876708984 0
endloop
endfacet
facet normal -0.7071073475200845 0.7071062148525569 0
outer loop
vertex -81.37954711914062 36.40348815917969 0
vertex -83.76100158691406 34.022029876708984 0
vertex -81.37954711914062 36.40348815917969 5
endloop
endfacet
facet normal -0.38035750942325636 0.924839534743913 0
outer loop
vertex -80.52775573730469 36.75380325317383 0
vertex -81.37954711914062 36.40348815917969 0
vertex -80.52775573730469 36.75380325317383 5
endloop
endfacet
facet normal 0.00502854404887964 0.999987356792449 0
outer loop
vertex -58.391075134277344 36.642486572265625 0
vertex -80.52775573730469 36.75380325317383 0
vertex -58.391075134277344 36.642486572265625 5
endloop
endfacet
facet normal 0 0 -1
outer loop
vertex 17.4647159576416 -63.74848175048828 0
vertex -19.054969787597656 -57.51239013671875 0
vertex -18.948698043823242 -57.313568115234375 0
endloop
endfacet
facet normal 0 0 -1
outer loop
vertex 17.4647159576416 -63.74848175048828 0
vertex -19.197986602783203 -57.6866569519043 0
vertex -19.054969787597656 -57.51239013671875 0
endloop
endfacet
facet normal 0 0 -1
outer loop
vertex 17.4647159576416 -63.74848175048828 0
vertex -19.37225341796875 -57.829673767089844 0
vertex -19.197986602783203 -57.6866569519043 0
endloop
endfacet
facet normal 0.7071074713151304 0.7071060910572912 0
outer loop
vertex -53.05031967163086 29.73308563232422 0
vertex -55.00458908081055 31.687358856201172 0
vertex -53.05031967163086 29.73308563232422 5
endloop
endfacet
facet normal 0.7406000375239665 0.6719461171995113 0
outer loop
vertex -55.41982650756836 33.94728469848633 0
vertex -57.507774353027344 36.24856185913086 0
vertex -55.41982650756836 33.94728469848633 5
endloop
endfacet
facet normal 1 0 0
outer loop
vertex -55.11116027832031 31.944637298583984 0
vertex -55.11116027832031 33.14772033691406 0
vertex -55.11116027832031 31.944637298583984 5
endloop
endfacet
facet normal 0.9238757524141767 0.38269255819931874 0
outer loop
vertex -55.00458908081055 31.687358856201172 0
vertex -55.11116027832031 31.944637298583984 0
vertex -55.00458908081055 31.687358856201172 5
endloop
endfacet
facet normal 0.9328986548742167 0.36013900057321885 0
outer loop
vertex -55.11116027832031 33.14772033691406 0
vertex -55.41982650756836 33.94728469848633 0
vertex -55.11116027832031 33.14772033691406 5
endloop
endfacet
facet normal 0.407300790267483 0.9132940743525514 0
outer loop
vertex -57.507774353027344 36.24856185913086 0
vertex -58.391075134277344 36.642486572265625 0
vertex -57.507774353027344 36.24856185913086 5
endloop
endfacet
facet normal 0.38267602281363744 0.9238826016131793 0
outer loop
vertex -52.79303741455078 29.62651824951172 0
vertex -53.05031967163086 29.73308563232422 0
vertex -52.79303741455078 29.62651824951172 5
endloop
endfacet
facet normal 0 1 0
outer loop
vertex -37.48735809326172 29.62651824951172 0
vertex -52.79303741455078 29.62651824951172 0
vertex -37.48735809326172 29.62651824951172 5
endloop
endfacet
facet normal 0 0 -1
outer loop
vertex -38.66115951538086 3.1765174865722656 0
vertex -43.561161041259766 -10.923482894897461 0
vertex -43.561161041259766 3.1765174865722656 0
endloop
endfacet
facet normal 0 0 -1
outer loop
vertex -38.66115951538086 3.1765174865722656 0
vertex -43.561161041259766 3.1765174865722656 0
vertex -43.561161041259766 8.076517105102539 0
endloop
endfacet
facet normal 0 0 -1
outer loop
vertex -38.66115951538086 3.1765174865722656 0
vertex -34.11116027832031 3.8765172958374023 0
vertex -34.11116027832031 3.1765174865722656 0
endloop
endfacet
facet normal 0 0 -1
outer loop
vertex -38.66115951538086 3.1765174865722656 0
vertex -43.561161041259766 8.076517105102539 0
vertex -38.66115951538086 8.076517105102539 0
endloop
endfacet
facet normal 0 0 -1
outer loop
vertex -34.11116027832031 3.8765172958374023 0
vertex -38.66115951538086 3.1765174865722656 0
vertex -38.66115951538086 8.076517105102539 0
endloop
endfacet
facet normal 0 0 -1
outer loop
vertex -34.11116027832031 3.8765172958374023 0
vertex -38.66115951538086 8.076517105102539 0
vertex -34.11116027832031 7.376517295837402 0
endloop
endfacet
facet normal 0 0 -1
outer loop
vertex -34.11116027832031 7.376517295837402 0
vertex -38.66115951538086 8.076517105102539 0
vertex -34.11116027832031 8.076517105102539 0
endloop
endfacet
facet normal 0 0 -1
outer loop
vertex -34.11116027832031 3.8765172958374023 0
vertex -34.11116027832031 7.376517295837402 0
vertex -29.111160278320312 3.8765172958374023 0
endloop
endfacet
facet normal 0 0 -1
outer loop
vertex -29.111160278320312 3.1765174865722656 0
vertex -29.111160278320312 3.8765172958374023 0
vertex -24.561159133911133 3.1765174865722656 0
endloop
endfacet
facet normal 0 0 -1
outer loop
vertex -24.561159133911133 3.1765174865722656 0
vertex -29.111160278320312 3.8765172958374023 0
vertex -29.111160278320312 7.376517295837402 0
endloop
endfacet
facet normal 0 0 -1
outer loop
vertex -24.561159133911133 3.1765174865722656 0
vertex -24.561159133911133 8.076517105102539 0
vertex -19.66115951538086 -10.923482894897461 0
endloop
endfacet
facet normal 0 0 -1
outer loop
vertex -29.111160278320312 3.8765172958374023 0
vertex -34.11116027832031 7.376517295837402 0
vertex -29.111160278320312 7.376517295837402 0
endloop
endfacet
facet normal 0 0 -1
outer loop
vertex -29.111160278320312 7.376517295837402 0
vertex -29.111160278320312 8.076517105102539 0
vertex -24.561159133911133 8.076517105102539 0
endloop
endfacet
facet normal 0 0 -1
outer loop
vertex -24.561159133911133 8.076517105102539 0
vertex -24.561159133911133 3.1765174865722656 0
vertex -29.111160278320312 7.376517295837402 0
endloop
endfacet
facet normal 0 0 -1
outer loop
vertex -24.561159133911133 8.076517105102539 0
vertex -24.561159133911133 22.176517486572266 0
vertex -19.66115951538086 -10.923482894897461 0
endloop
endfacet
facet normal 0 0 -1
outer loop
vertex 17.4647159576416 -63.74848175048828 0
vertex -19.571073532104492 -57.935943603515625 0
vertex -19.37225341796875 -57.829673767089844 0
endloop
endfacet
facet normal 0 0 -1
outer loop
vertex 17.4647159576416 -63.74848175048828 0
vertex -19.786806106567383 -58.00138473510742 0
vertex -19.571073532104492 -57.935943603515625 0
endloop
endfacet
facet normal 0 0 -1
outer loop
vertex 17.4647159576416 -63.74848175048828 0
vertex -20.011159896850586 -58.02348327636719 0
vertex -19.786806106567383 -58.00138473510742 0
endloop
endfacet
facet normal 0 0 -1
outer loop
vertex -2.511451482772827 -49.65348434448242 0
vertex -21.511159896850586 -49.65348434448242 0
vertex -10.111159324645996 -49.62348175048828 0
endloop
endfacet
facet normal 0 0 -1
outer loop
vertex -21.511159896850586 -49.65348434448242 0
vertex -2.511451482772827 -49.65348434448242 0
vertex -21.338951110839844 -49.68773651123047 0
endloop
endfacet
facet normal 0 0 -1
outer loop
vertex -2.961451530456543 -50.10348129272461 0
vertex -21.192960739135742 -49.78528594970703 0
vertex -21.338951110839844 -49.68773651123047 0
endloop
endfacet
facet normal 0 0 -1
outer loop
vertex -2.961451530456543 -50.10348129272461 0
vertex -21.095413208007812 -49.9312744140625 0
vertex -21.192960739135742 -49.78528594970703 0
endloop
endfacet
facet normal 0 0 -1
outer loop
vertex -2.961451530456543 -50.10348129272461 0
vertex -21.061159133911133 -50.10348129272461 0
vertex -21.095413208007812 -49.9312744140625 0
endloop
endfacet
facet normal 0 0 -1
outer loop
vertex -21.095413208007812 -50.275691986083984 0
vertex -21.061159133911133 -50.10348129272461 0
vertex -2.961451530456543 -50.10348129272461 0
endloop
endfacet
facet normal 0 0 -1
outer loop
vertex -15.111159324645996 -49.62348175048828 0
vertex -10.111159324645996 -49.62348175048828 0
vertex -21.511159896850586 -49.65348434448242 0
endloop
endfacet
facet normal 0 0 -1
outer loop
vertex -38.66115951538086 8.076517105102539 0
vertex -43.561161041259766 8.076517105102539 0
vertex -43.561161041259766 22.176517486572266 0
endloop
endfacet
facet normal 0 0 -1
outer loop
vertex -38.66115951538086 8.076517105102539 0
vertex -43.561161041259766 22.176517486572266 0
vertex -38.66115951538086 22.176517486572266 0
endloop
endfacet
facet normal 0 0 -1
outer loop
vertex -38.66115951538086 22.176517486572266 0
vertex -43.561161041259766 22.176517486572266 0
vertex -35.69371795654297 30.663410186767578 0
endloop
endfacet
facet normal 0 0 -1
outer loop
vertex -37.48735809326172 29.62651824951172 0
vertex -37.30107116699219 29.679027557373047 0
vertex -43.561161041259766 22.176517486572266 0
endloop
endfacet
facet normal 0 0 -1
outer loop
vertex -35.69371795654297 30.663410186767578 0
vertex -43.561161041259766 22.176517486572266 0
vertex -37.30107116699219 29.679027557373047 0
endloop
endfacet
facet normal 0 0 -1
outer loop
vertex -38.66115951538086 22.176517486572266 0
vertex -34.11116027832031 22.87651824951172 0
vertex -34.11116027832031 22.176517486572266 0
endloop
endfacet
facet normal 0 0 -1
outer loop
vertex -34.11116027832031 22.87651824951172 0
vertex -38.66115951538086 22.176517486572266 0
vertex -35.69371795654297 30.663410186767578 0
endloop
endfacet
facet normal 0 0 -1
outer loop
vertex -34.11116027832031 22.87651824951172 0
vertex -35.56228256225586 30.80548095703125 0
vertex -29.111160278320312 22.87651824951172 0
endloop
endfacet
facet normal 0 0 -1
outer loop
vertex -29.111160278320312 22.176517486572266 0
vertex -29.111160278320312 22.87651824951172 0
vertex -24.561159133911133 22.176517486572266 0
endloop
endfacet
facet normal 0 0 -1
outer loop
vertex -24.561159133911133 22.176517486572266 0
vertex -29.111160278320312 22.87651824951172 0
vertex -35.56228256225586 30.80548095703125 0
endloop
endfacet
facet normal 0 0 -1
outer loop
vertex -16.694849014282227 20.268308639526367 0
vertex -35.56228256225586 30.80548095703125 0
vertex -32.1923713684082 31.0231876373291 0
endloop
endfacet
facet normal 0 0 -1
outer loop
vertex -24.561159133911133 22.176517486572266 0
vertex -35.56228256225586 30.80548095703125 0
vertex -14.784367561340332 18.35782814025879 0
endloop
endfacet
facet normal 0 0 -1
outer loop
vertex -16.694849014282227 20.268308639526367 0
vertex -14.784367561340332 18.35782814025879 0
vertex -35.56228256225586 30.80548095703125 0
endloop
endfacet
facet normal 0 0 -1
outer loop
vertex -18.244552612304688 22.481517791748047 0
vertex -32.1923713684082 31.0231876373291 0
vertex -18.556514739990234 23.150522232055664 0
endloop
endfacet
facet normal 0 0 -1
outer loop
vertex -18.244552612304688 22.481517791748047 0
vertex -16.694849014282227 20.268308639526367 0
vertex -32.1923713684082 31.0231876373291 0
endloop
endfacet
facet normal 0 0 -1
outer loop
vertex -21.095413208007812 -51.20127487182617 0
vertex -21.095413208007812 -50.275691986083984 0
vertex -2.683659076690674 -50.95773696899414 0
endloop
endfacet
facet normal 0 0 -1
outer loop
vertex -2.961451530456543 -51.37348175048828 0
vertex -21.061159133911133 -51.37348175048828 0
vertex -21.095413208007812 -51.20127487182617 0
endloop
endfacet
facet normal 0 0 -1
outer loop
vertex -2.961451530456543 -51.37348175048828 0
vertex -21.095413208007812 -51.54568862915039 0
vertex -21.061159133911133 -51.37348175048828 0
endloop
endfacet
facet normal 0 0 -1
outer loop
vertex -2.961451530456543 -51.37348175048828 0
vertex -21.192960739135742 -51.691680908203125 0
vertex -21.095413208007812 -51.54568862915039 0
endloop
endfacet
facet normal 0 0 -1
outer loop
vertex -21.338951110839844 -51.78922653198242 0
vertex -21.192960739135742 -51.691680908203125 0
vertex -2.961451530456543 -51.37348175048828 0
endloop
endfacet
facet normal 0 0 -1
outer loop
vertex -19.66115951538086 3.1765174865722656 0
vertex -19.66115951538086 -10.923482894897461 0
vertex -24.561159133911133 22.176517486572266 0
endloop
endfacet
facet normal 0 0 -1
outer loop
vertex -19.66115951538086 3.1765174865722656 0
vertex -15.111159324645996 3.8765172958374023 0
vertex -15.111159324645996 3.1765174865722656 0
endloop
endfacet
facet normal 0 0 -1
outer loop
vertex -19.66115951538086 3.1765174865722656 0
vertex -24.561159133911133 22.176517486572266 0
vertex -15.111159324645996 3.8765172958374023 0
endloop
endfacet
facet normal 0 0 -1
outer loop
vertex -15.111159324645996 3.8765172958374023 0
vertex -24.561159133911133 22.176517486572266 0
vertex -10.111159324645996 3.8765172958374023 0
endloop
endfacet
facet normal 0 0 -1
outer loop
vertex -10.111159324645996 3.8765172958374023 0
vertex -24.561159133911133 22.176517486572266 0
vertex -5.561159610748291 3.1765174865722656 0
endloop
endfacet
facet normal 0 0 -1
outer loop
vertex -10.111159324645996 3.1765174865722656 0
vertex -10.111159324645996 3.8765172958374023 0
vertex -5.561159610748291 3.1765174865722656 0
endloop
endfacet
facet normal 0 0 -1
outer loop
vertex -0.6611594557762146 -3.798482656478882 0
vertex -5.561159610748291 3.1765174865722656 0
vertex -0.6611594557762146 10.301517486572266 0
endloop
endfacet
facet normal 0 0 -1
outer loop
vertex -5.561159610748291 3.1765174865722656 0
vertex -24.561159133911133 22.176517486572266 0
vertex -0.6611594557762146 10.301517486572266 0
endloop
endfacet
facet normal 0 0 -1
outer loop
vertex -2.683659076690674 -51.78922653198242 0
vertex -20.011159896850586 -55.72348403930664 0
vertex -21.338951110839844 -51.78922653198242 0
endloop
endfacet
facet normal 0 0 -1
outer loop
vertex -2.683659076690674 -51.78922653198242 0
vertex -19.197986602783203 -56.06031036376953 0
vertex -19.37225341796875 -55.917293548583984 0
endloop
endfacet
facet normal 0 0 -1
outer loop
vertex -19.571073532104492 -55.81101989746094 0
vertex -2.683659076690674 -51.78922653198242 0
vertex -19.37225341796875 -55.917293548583984 0
endloop
endfacet
facet normal 0 0 -1
outer loop
vertex -19.786806106567383 -55.74557876586914 0
vertex -2.683659076690674 -51.78922653198242 0
vertex -19.571073532104492 -55.81101989746094 0
endloop
endfacet
facet normal 0 0 -1
outer loop
vertex -19.054969787597656 -56.23457717895508 0
vertex -19.197986602783203 -56.06031036376953 0
vertex -2.683659076690674 -51.78922653198242 0
endloop
endfacet
facet normal 0 0 -1
outer loop
vertex -12.571159362792969 16.808124542236328 0
vertex -24.561159133911133 22.176517486572266 0
vertex -14.784367561340332 18.35782814025879 0
endloop
endfacet
facet normal 0 0 -1
outer loop
vertex -10.122471809387207 15.666281700134277 0
vertex -0.6611594557762146 10.301517486572266 0
vertex -24.561159133911133 22.176517486572266 0
endloop
endfacet
facet normal 0 0 -1
outer loop
vertex -12.571159362792969 16.808124542236328 0
vertex -10.122471809387207 15.666281700134277 0
vertex -24.561159133911133 22.176517486572266 0
endloop
endfacet
facet normal 0 0 -1
outer loop
vertex -10.122471809387207 15.666281700134277 0
vertex -7.512706279754639 14.966997146606445 0
vertex -0.6611594557762146 10.301517486572266 0
endloop
endfacet
facet normal 0 0 -1
outer loop
vertex -4.821159362792969 14.731517791748047 0
vertex -0.6611594557762146 10.301517486572266 0
vertex -7.512706279754639 14.966997146606445 0
endloop
endfacet
facet normal 0 0 -1
outer loop
vertex -4.821159362792969 14.731517791748047 0
vertex -2.129612684249878 14.966997146606445 0
vertex -0.6611594557762146 10.301517486572266 0
endloop
endfacet
facet normal 0 0 -1
outer loop
vertex -20.011159896850586 -55.72348403930664 0
vertex -2.683659076690674 -51.78922653198242 0
vertex -19.786806106567383 -55.74557876586914 0
endloop
endfacet
facet normal 0 0 -1
outer loop
vertex -15.111159324645996 -49.62348175048828 0
vertex -19.66115951538086 -48.92348098754883 0
vertex -15.111159324645996 -48.92348098754883 0
endloop
endfacet
facet normal 0 0 -1
outer loop
vertex -15.111159324645996 -49.62348175048828 0
vertex -21.338951110839844 -49.249229431152344 0
vertex -19.66115951538086 -48.92348098754883 0
endloop
endfacet
facet normal 0 0 -1
outer loop
vertex -15.111159324645996 -49.62348175048828 0
vertex -21.511159896850586 -49.28348159790039 0
vertex -21.338951110839844 -49.249229431152344 0
endloop
endfacet
facet normal 0 0 -1
outer loop
vertex -21.511159896850586 -49.28348159790039 0
vertex -15.111159324645996 -49.62348175048828 0
vertex -21.511159896850586 -49.65348434448242 0
endloop
endfacet
facet normal 0 0 -1
outer loop
vertex -19.66115951538086 -48.92348098754883 0
vertex -21.095413208007812 -48.66127395629883 0
vertex -21.192960739135742 -48.51528549194336 0
endloop
endfacet
facet normal 0 0 -1
outer loop
vertex -19.66115951538086 -48.92348098754883 0
vertex -21.061159133911133 -48.83348083496094 0
vertex -21.095413208007812 -48.66127395629883 0
endloop
endfacet
facet normal 0 0 -1
outer loop
vertex -19.66115951538086 -48.92348098754883 0
vertex -21.095413208007812 -49.00569152832031 0
vertex -21.061159133911133 -48.83348083496094 0
endloop
endfacet
facet normal 0 0 -1
outer loop
vertex -19.66115951538086 -48.92348098754883 0
vertex -21.192960739135742 -49.15167999267578 0
vertex -21.095413208007812 -49.00569152832031 0
endloop
endfacet
facet normal 0 0 -1
outer loop
vertex -21.338951110839844 -49.249229431152344 0
vertex -21.192960739135742 -49.15167999267578 0
vertex -19.66115951538086 -48.92348098754883 0
endloop
endfacet
facet normal 0 0 -1
outer loop
vertex -21.095413208007812 -51.20127487182617 0
vertex -21.192960739135742 -50.42168045043945 0
vertex -21.095413208007812 -50.275691986083984 0
endloop
endfacet
facet normal 0 0 -1
outer loop
vertex -21.192960739135742 -50.42168045043945 0
vertex -21.192960739135742 -51.0552864074707 0
vertex -21.338951110839844 -50.519229888916016 0
endloop
endfacet
facet normal 0 0 -1
outer loop
vertex -21.338951110839844 -50.95773696899414 0
vertex -21.511159896850586 -50.55348205566406 0
vertex -21.338951110839844 -50.519229888916016 0
endloop
endfacet
facet normal 0 0 -1
outer loop
vertex -21.338951110839844 -50.95773696899414 0
vertex -21.338951110839844 -50.519229888916016 0
vertex -21.192960739135742 -51.0552864074707 0
endloop
endfacet
facet normal 0 0 -1
outer loop
vertex -21.095413208007812 -51.20127487182617 0
vertex -21.192960739135742 -51.0552864074707 0
vertex -21.192960739135742 -50.42168045043945 0
endloop
endfacet
facet normal 0 0 -1
outer loop
vertex -20.45124626159668 -55.81101989746094 0
vertex -21.511159896850586 -51.823482513427734 0
vertex -21.338951110839844 -51.78922653198242 0
endloop
endfacet
facet normal 0 0 -1
outer loop
vertex -20.65006446838379 -55.917293548583984 0
vertex -21.829357147216797 -51.691680908203125 0
vertex -21.683366775512695 -51.78922653198242 0
endloop
endfacet
facet normal -1 0 0
outer loop
vertex -84.11116027832031 -59.96359634399414 0.20000000298023224
vertex -84.11116027832031 -60.32435607910156 0.20000000298023224
vertex -84.11116027832031 -59.96359634399414 4.5
endloop
endfacet
facet normal 0.4969896710081771 -0.8677564559893427 0
outer loop
vertex 77.5413589477539 41.053611755371094 4.5
vertex 77.5413589477539 41.053611755371094 0.20000000298023224
vertex 78.14878845214844 41.40150451660156 0.20000000298023224
endloop
endfacet
facet normal 0.8677553834438969 0.49699154369479537 0
outer loop
vertex 77.78985595703125 40.61973190307617 0.20000000298023224
vertex 77.5413589477539 41.053611755371094 0.20000000298023224
vertex 77.5413589477539 41.053611755371094 4.5
endloop
endfacet
facet normal 0.8677566832253961 0.49698927424810635 0
outer loop
vertex 77.78985595703125 40.61973190307617 0.20000000298023224
vertex 84.12109375 29.56521987915039 5
vertex 84.12109375 29.56521987915039 0
endloop
endfacet
facet normal 0.9945034034157725 0.10470425299120155 0
outer loop
vertex 84.22254943847656 28.601572036743164 0
vertex 84.12109375 29.56521987915039 0
vertex 84.22254943847656 28.601572036743164 5
endloop
endfacet
facet normal -0.38268502001143 -0.9238788748850422 0
outer loop
vertex -81.53237915039062 -63.3983268737793 0
vertex -80.6870346069336 -63.74848175048828 0
vertex -81.53237915039062 -63.3983268737793 5
endloop
endfacet
facet normal -0.49791549808378904 0.867225551265628 0
outer loop
vertex 63.81513595581055 58.383033752441406 0
vertex 28.060056686401367 37.854339599609375 0
vertex 63.81513595581055 58.383033752441406 5
endloop
endfacet
facet normal -1 0 0
outer loop
vertex -84.8111572265625 -59.243595123291016 0.20000000298023224
vertex -84.8111572265625 -59.96359634399414 0.20000000298023224
vertex -84.8111572265625 -59.96359634399414 4.5
endloop
endfacet
facet normal -1 0 0
outer loop
vertex -84.8111572265625 -41.96359634399414 0.20000000298023224
vertex -84.8111572265625 -59.243595123291016 0.20000000298023224
vertex -84.8111572265625 -41.96359634399414 4.5
endloop
endfacet
facet normal 0 0 -1
outer loop
vertex -35.56228256225586 30.80548095703125 0
vertex -34.11116027832031 22.87651824951172 0
vertex -35.69371795654297 30.663410186767578 0
endloop
endfacet
facet normal 0 0 -1
outer loop
vertex -32.1923713684082 31.0231876373291 0
vertex -35.56228256225586 30.80548095703125 0
vertex -32.43690872192383 34.07064437866211 0
endloop
endfacet
facet normal 0 0 -1
outer loop
vertex -32.43690872192383 34.07064437866211 0
vertex -35.56228256225586 30.80548095703125 0
vertex -33.59489440917969 34.66146469116211 0
endloop
endfacet
facet normal -0.8907572393266473 0.4544794171215789 0
outer loop
vertex -33.59489440917969 34.66146469116211 0
vertex -35.56228256225586 30.80548095703125 0
vertex -33.59489440917969 34.66146469116211 0.20000000298023224
endloop
endfacet
facet normal 0 1 0
outer loop
vertex -84.11116027832031 -41.96359634399414 0.20000000298023224
vertex -84.8111572265625 -41.96359634399414 0.20000000298023224
vertex -84.11116027832031 -41.96359634399414 4.5
endloop
endfacet
facet normal -1 0 0
outer loop
vertex -84.11116027832031 -41.46359634399414 0.20000000298023224
vertex -84.11116027832031 -41.96359634399414 0.20000000298023224
vertex -84.11116027832031 -35.53709030151367 4.5
endloop
endfacet
facet normal -1 0 0
outer loop
vertex -84.11116027832031 -35.53709030151367 0.20000000298023224
vertex -84.11116027832031 -41.46359634399414 0.20000000298023224
vertex -84.11116027832031 -35.53709030151367 4.5
endloop
endfacet
facet normal -1 0 0
outer loop
vertex -84.11116027832031 -35.03709030151367 0.20000000298023224
vertex -84.11116027832031 -35.53709030151367 0.20000000298023224
vertex -84.11116027832031 -35.53709030151367 4.5
endloop
endfacet
facet normal 0 -1 0
outer loop
vertex -84.11116027832031 -35.03709030151367 0.20000000298023224
vertex -84.8111572265625 -35.03709030151367 4.5
vertex -84.8111572265625 -35.03709030151367 0.20000000298023224
endloop
endfacet
facet normal 0 0 -1
outer loop
vertex -32.1923713684082 31.0231876373291 0
vertex -32.43690872192383 34.07064437866211 0
vertex -23.80180549621582 50.995033264160156 0
endloop
endfacet
facet normal 0.6291533118295548 0.7772812298093291 0
outer loop
vertex 68.30291748046875 57.08182907104492 0.20000000298023224
vertex 68.30291748046875 57.08182907104492 0
vertex 67.7426986694336 57.53528594970703 0
endloop
endfacet
facet normal 0 0 -1
outer loop
vertex 67.2189712524414 56.46102523803711 0
vertex 67.7426986694336 57.53528594970703 0
vertex 68.30291748046875 57.08182907104492 0
endloop
endfacet
facet normal 0 0 -1
outer loop
vertex 76.6617660522461 39.97364807128906 0
vertex 69.13553619384766 42.237579345703125 0
vertex 67.2189712524414 56.46102523803711 0
endloop
endfacet
facet normal 0 0 -1
outer loop
vertex 69.13553619384766 42.237579345703125 0
vertex 66.25431823730469 45.82799530029297 0
vertex 67.2189712524414 56.46102523803711 0
endloop
endfacet
facet normal 0 0 -1
outer loop
vertex 69.13553619384766 42.237579345703125 0
vertex 68.5293197631836 41.88758087158203 0
vertex 66.25431823730469 45.82799530029297 0
endloop
endfacet
facet normal 0 0 -1
outer loop
vertex -32.1923713684082 31.0231876373291 0
vertex -23.80180549621582 50.995033264160156 0
vertex -20.692371368408203 50.9417724609375 0
endloop
endfacet
facet normal -1 0 0
outer loop
vertex -84.8111572265625 -34.31708908081055 0.20000000298023224
vertex -84.8111572265625 -35.03709030151367 0.20000000298023224
vertex -84.8111572265625 -35.03709030151367 4.5
endloop
endfacet
facet normal 0 0 -1
outer loop
vertex -24.90471839904785 51.55775833129883 0
vertex -24.297636032104492 52.06224060058594 0
vertex -23.80180549621582 50.995033264160156 0
endloop
endfacet
facet normal 0 -1 0
outer loop
vertex -80.6870346069336 -63.74848175048828 0
vertex 17.4647159576416 -63.74848175048828 0
vertex -80.6870346069336 -63.74848175048828 5
endloop
endfacet
facet normal -0.6391223171667458 0.7691051057556499 0
outer loop
vertex -24.297636032104492 52.06224060058594 0
vertex -24.90471839904785 51.55775833129883 0
vertex -24.90471839904785 51.55775833129883 0.20000000298023224
endloop
endfacet
facet normal 0 0 -1
outer loop
vertex -76.6611557006836 -27.698482513427734 0
vertex -82.8111572265625 -35.53709030151367 0
vertex -82.8111572265625 -32.901493072509766 0
endloop
endfacet
facet normal 0 0 -1
outer loop
vertex -20.692371368408203 50.9417724609375 0
vertex -23.80180549621582 50.995033264160156 0
vertex -24.297636032104492 52.06224060058594 0
endloop
endfacet
facet normal 0 0 -1
outer loop
vertex -20.692371368408203 50.9417724609375 0
vertex -24.297636032104492 52.06224060058594 0
vertex -21.166688919067383 52.98873519897461 0
endloop
endfacet
facet normal 0.8677566832253962 0.4969892742481064 0
outer loop
vertex 84.12109375 29.56521987915039 0
vertex 77.78985595703125 40.61973190307617 0
vertex 77.78985595703125 40.61973190307617 0.20000000298023224
endloop
endfacet
facet normal 0 0 -1
outer loop
vertex -20.692371368408203 50.9417724609375 0
vertex -21.166688919067383 52.98873519897461 0
vertex -7.451592922210693 45.50138473510742 0
endloop
endfacet
facet normal 0 0 -1
outer loop
vertex -7.451592922210693 45.50138473510742 0
vertex -21.166688919067383 52.98873519897461 0
vertex -20.227252960205078 52.87741470336914 0
endloop
endfacet
facet normal 0 0 -1
outer loop
vertex -10.072213172912598 44.810218811035156 0
vertex -20.692371368408203 50.9417724609375 0
vertex -7.451592922210693 45.50138473510742 0
endloop
endfacet
facet normal -0.2713014649313694 0.9624944234259714 0
outer loop
vertex -37.30107116699219 29.679027557373047 0
vertex -37.48735809326172 29.62651824951172 0
vertex -37.30107116699219 29.679027557373047 5
endloop
endfacet
facet normal -0.5222653133177411 0.8527830571165927 0
outer loop
vertex -35.69371795654297 30.663410186767578 0
vertex -37.30107116699219 29.679027557373047 0
vertex -35.69371795654297 30.663410186767578 5
endloop
endfacet
facet normal -0.7340481020028635 0.6790974774993599 0
outer loop
vertex -35.56228256225586 30.80548095703125 0
vertex -35.69371795654297 30.663410186767578 0
vertex -35.56228256225586 30.80548095703125 5
endloop
endfacet
facet normal -0.8907572415530695 0.45447941275788856 1.0603277686661487e-7
outer loop
vertex -33.59489440917969 34.66146469116211 0.20000000298023224
vertex -35.56228256225586 30.80548095703125 0
vertex -33.367652893066406 35.10684585571289 4.5
endloop
endfacet
facet normal -0.8907568271237225 0.45448022501807345 0
outer loop
vertex -33.367652893066406 35.10684585571289 0.20000000298023224
vertex -33.59489440917969 34.66146469116211 0.20000000298023224
vertex -33.367652893066406 35.10684585571289 4.5
endloop
endfacet
facet normal -0.45447722476441443 -0.8907583579009719 0
outer loop
vertex -33.367652893066406 35.10684585571289 0.20000000298023224
vertex -33.99118423461914 35.42498016357422 4.5
vertex -33.99118423461914 35.42498016357422 0.20000000298023224
endloop
endfacet
facet normal -0.890757711311912 0.45447849205255497 0
outer loop
vertex -33.66395950317383 36.06632614135742 0.20000000298023224
vertex -33.99118423461914 35.42498016357422 0.20000000298023224
vertex -33.99118423461914 35.42498016357422 4.5
endloop
endfacet
facet normal 0 0 -1
outer loop
vertex 77.78985595703125 40.61973190307617 0
vertex 73.3043212890625 33.61703872680664 0
vertex 76.6617660522461 39.97364807128906 0
endloop
endfacet
facet normal -0.8907573948666432 0.45447911227073035 0
outer loop
vertex -25.81056022644043 51.458614349365234 0.20000000298023224
vertex -33.66395950317383 36.06632614135742 0.20000000298023224
vertex -25.81056022644043 51.458614349365234 4.5
endloop
endfacet
facet normal 0 0 -1
outer loop
vertex 73.3043212890625 33.61703872680664 0
vertex 71.0293197631836 37.55745315551758 0
vertex 76.6617660522461 39.97364807128906 0
endloop
endfacet
facet normal 0.45447722476441443 0.8907583579009719 0
outer loop
vertex -25.187028884887695 51.140480041503906 0.20000000298023224
vertex -25.81056022644043 51.458614349365234 0.20000000298023224
vertex -25.187028884887695 51.140480041503906 4.5
endloop
endfacet
facet normal -0.8907568683976702 0.454480144123344 0
outer loop
vertex -25.02521514892578 51.45762634277344 0.20000000298023224
vertex -25.187028884887695 51.140480041503906 0.20000000298023224
vertex -25.02521514892578 51.45762634277344 4.5
endloop
endfacet
facet normal -0.28375230421806846 0.9588976117662076 0
outer loop
vertex -21.166688919067383 52.98873519897461 0
vertex -24.297636032104492 52.06224060058594 0
vertex -21.166688919067383 52.98873519897461 5
endloop
endfacet
facet normal -0.6391223171667458 0.7691051057556499 0
outer loop
vertex -24.297636032104492 52.06224060058594 0
vertex -24.90471839904785 51.55775833129883 0.20000000298023224
vertex -24.297636032104492 52.06224060058594 5
endloop
endfacet
facet normal -0.639121637909313 0.7691056702145005 -1.4523431091799173e-7
outer loop
vertex -24.90471839904785 51.55775833129883 0.20000000298023224
vertex -25.02521514892578 51.45762634277344 0.20000000298023224
vertex -24.297636032104492 52.06224060058594 5
endloop
endfacet
facet normal 0 0 -1
outer loop
vertex 84.12109375 29.56521987915039 0
vertex 73.3043212890625 33.61703872680664 0
vertex 77.78985595703125 40.61973190307617 0
endloop
endfacet
facet normal 0.49999995964549526 0.8660254270831217 0
outer loop
vertex -7.451592922210693 45.50138473510742 0
vertex -20.227252960205078 52.87741470336914 0
vertex -20.227252960205078 52.87741470336914 5
endloop
endfacet
facet normal 0.11767387916313962 0.9930522937704231 0
outer loop
vertex -20.227252960205078 52.87741470336914 0
vertex -21.166688919067383 52.98873519897461 0
vertex -20.227252960205078 52.87741470336914 5
endloop
endfacet
facet normal 0 0 -1
outer loop
vertex 76.6617660522461 39.97364807128906 0
vertex 71.63553619384766 37.90745544433594 0
vertex 69.13553619384766 42.237579345703125 0
endloop
endfacet
facet normal -1 0 0
outer loop
vertex -84.8111572265625 7.8894147872924805 0.20000000298023224
vertex -84.8111572265625 6.089414596557617 4.5
vertex -84.8111572265625 7.8894147872924805 4.5
endloop
endfacet
facet normal 0 1 0
outer loop
vertex -84.11116027832031 7.8894147872924805 4.5
vertex -84.8111572265625 7.8894147872924805 0.20000000298023224
vertex -84.8111572265625 7.8894147872924805 4.5
endloop
endfacet
facet normal -1 0 0
outer loop
vertex -84.11116027832031 7.8894147872924805 0.20000000298023224
vertex -84.11116027832031 7.8894147872924805 4.5
vertex -84.11116027832031 8.38941478729248 4.5
endloop
endfacet
facet normal -1 0 0
outer loop
vertex -84.11116027832031 14.315919876098633 4.5
vertex -84.11116027832031 7.8894147872924805 0.20000000298023224
vertex -84.11116027832031 8.38941478729248 4.5
endloop
endfacet
facet normal 0 0 -1
outer loop
vertex -21.683366775512695 -51.78922653198242 0
vertex -21.511159896850586 -51.823482513427734 0
vertex -20.65006446838379 -55.917293548583984 0
endloop
endfacet
facet normal 0 0 -1
outer loop
vertex -20.23551368713379 -55.74557876586914 0
vertex -21.338951110839844 -51.78922653198242 0
vertex -20.011159896850586 -55.72348403930664 0
endloop
endfacet
facet normal 0 0 -1
outer loop
vertex -20.45124626159668 -55.81101989746094 0
vertex -21.338951110839844 -51.78922653198242 0
vertex -20.23551368713379 -55.74557876586914 0
endloop
endfacet
facet normal 0 0 -1
outer loop
vertex -21.511159896850586 -51.823482513427734 0
vertex -20.45124626159668 -55.81101989746094 0
vertex -20.65006446838379 -55.917293548583984 0
endloop
endfacet
facet normal 0 0 -1
outer loop
vertex -21.192960739135742 -40.89528274536133 0
vertex -24.561159133911133 -34.823482513427734 0
vertex -19.66115951538086 -34.823482513427734 0
endloop
endfacet
facet normal 0 -1 0
outer loop
vertex -84.8111572265625 14.815919876098633 4.5
vertex -84.11116027832031 14.815919876098633 0.20000000298023224
vertex -84.11116027832031 14.815919876098633 4.5
endloop
endfacet
facet normal -1 0 0
outer loop
vertex -84.11116027832031 14.815919876098633 4.5
vertex -84.11116027832031 14.815919876098633 0.20000000298023224
vertex -84.11116027832031 14.315919876098633 4.5
endloop
endfacet
facet normal -1 0 0
outer loop
vertex -84.8111572265625 14.815919876098633 4.5
vertex -84.8111572265625 20.649253845214844 4.5
vertex -84.8111572265625 15.535920143127441 0.20000000298023224
endloop
endfacet
facet normal 0 0 -1
outer loop
vertex -21.338951110839844 -40.79773712158203 0
vertex -24.561159133911133 -34.823482513427734 0
vertex -21.192960739135742 -40.89528274536133 0
endloop
endfacet
facet normal -1 0 0
outer loop
vertex -84.8111572265625 32.815921783447266 4.5
vertex -84.8111572265625 15.535920143127441 0.20000000298023224
vertex -84.8111572265625 20.649253845214844 4.5
endloop
endfacet
facet normal 0 0 -1
outer loop
vertex -21.511159896850586 -40.76348114013672 0
vertex -24.561159133911133 -34.823482513427734 0
vertex -21.338951110839844 -40.79773712158203 0
endloop
endfacet
facet normal 0 0 -1
outer loop
vertex -21.683366775512695 -40.79773712158203 0
vertex -24.561159133911133 -34.823482513427734 0
vertex -21.511159896850586 -40.76348114013672 0
endloop
endfacet
facet normal 0 0 -1
outer loop
vertex -21.683366775512695 -40.79773712158203 0
vertex -21.829357147216797 -40.89528274536133 0
vertex -24.561159133911133 -34.823482513427734 0
endloop
endfacet
facet normal 0 0 -1
outer loop
vertex -21.926904678344727 -41.38568878173828 0
vertex -21.683366775512695 -42.0677375793457 0
vertex -24.561159133911133 -34.823482513427734 0
endloop
endfacet
facet normal 0 0 -1
outer loop
vertex -21.683366775512695 -42.0677375793457 0
vertex -21.829357147216797 -42.165283203125 0
vertex -24.561159133911133 -34.823482513427734 0
endloop
endfacet
facet normal 0 0 -1
outer loop
vertex -21.829357147216797 -40.89528274536133 0
vertex -21.926904678344727 -41.04127502441406 0
vertex -24.561159133911133 -34.823482513427734 0
endloop
endfacet
facet normal 0 0 -1
outer loop
vertex -21.926904678344727 -41.04127502441406 0
vertex -21.961158752441406 -41.21348190307617 0
vertex -24.561159133911133 -34.823482513427734 0
endloop
endfacet
facet normal 0 0 -1
outer loop
vertex -21.961158752441406 -41.21348190307617 0
vertex -21.926904678344727 -41.38568878173828 0
vertex -24.561159133911133 -34.823482513427734 0
endloop
endfacet
facet normal 0 0 -1
outer loop
vertex -21.829357147216797 -42.165283203125 0
vertex -21.926904678344727 -42.311275482177734 0
vertex -24.561159133911133 -34.823482513427734 0
endloop
endfacet
facet normal 0 0 -1
outer loop
vertex -21.926904678344727 -42.311275482177734 0
vertex -21.961158752441406 -42.483482360839844 0
vertex -24.561159133911133 -34.823482513427734 0
endloop
endfacet
facet normal 0 0 -1
outer loop
vertex -24.561159133911133 -34.823482513427734 0
vertex -29.111160278320312 -34.12348175048828 0
vertex -29.111160278320312 -30.62348175048828 0
endloop
endfacet
facet normal 0 0 -1
outer loop
vertex -29.111160278320312 -34.823482513427734 0
vertex -29.111160278320312 -34.12348175048828 0
vertex -24.561159133911133 -34.823482513427734 0
endloop
endfacet
facet normal 0 0 -1
outer loop
vertex -21.511159896850586 -41.663482666015625 0
vertex -21.511159896850586 -42.03348159790039 0
vertex -21.683366775512695 -41.62922668457031 0
endloop
endfacet
facet normal 0 0 -1
outer loop
vertex -21.683366775512695 -41.62922668457031 0
vertex -21.683366775512695 -42.0677375793457 0
vertex -21.829357147216797 -41.531681060791016 0
endloop
endfacet
facet normal 0 0 -1
outer loop
vertex -21.683366775512695 -42.0677375793457 0
vertex -21.926904678344727 -41.38568878173828 0
vertex -21.829357147216797 -41.531681060791016 0
endloop
endfacet
facet normal 0 0 -1
outer loop
vertex -21.511159896850586 -42.03348159790039 0
vertex -21.511159896850586 -41.663482666015625 0
vertex -21.338951110839844 -42.0677375793457 0
endloop
endfacet
facet normal 0 0 -1
outer loop
vertex -21.683366775512695 -42.0677375793457 0
vertex -21.683366775512695 -41.62922668457031 0
vertex -21.511159896850586 -42.03348159790039 0
endloop
endfacet
facet normal 0 0 -1
outer loop
vertex -21.961158752441406 -42.483482360839844 0
vertex -24.561159133911133 -48.92348098754883 0
vertex -24.561159133911133 -34.823482513427734 0
endloop
endfacet
facet normal 0 0 -1
outer loop
vertex -29.111160278320312 -34.12348175048828 0
vertex -34.11116027832031 -34.12348175048828 0
vertex -34.11116027832031 -30.62348175048828 0
endloop
endfacet
facet normal 0 0 -1
outer loop
vertex -21.511159896850586 -43.30348205566406 0
vertex -21.511159896850586 -42.9334831237793 0
vertex -21.338951110839844 -43.337738037109375 0
endloop
endfacet
facet normal 0 0 -1
outer loop
vertex -21.683366775512695 -42.899227142333984 0
vertex -21.683366775512695 -43.337738037109375 0
vertex -21.829357147216797 -42.80168151855469 0
endloop
endfacet
facet normal 0 0 -1
outer loop
vertex -21.683366775512695 -43.337738037109375 0
vertex -21.683366775512695 -42.899227142333984 0
vertex -21.511159896850586 -43.30348205566406 0
endloop
endfacet
facet normal 0 0 -1
outer loop
vertex 71.0293197631836 37.55745315551758 0
vertex 71.63553619384766 37.90745544433594 0
vertex 76.6617660522461 39.97364807128906 0
endloop
endfacet
facet normal 0 0 -1
outer loop
vertex 84.12109375 29.56521987915039 0
vertex 61.093360900878906 26.56703758239746 0
vertex 73.3043212890625 33.61703872680664 0
endloop
endfacet
facet normal 0 0 1
outer loop
vertex -82.8111572265625 8.38941478729248 5
vertex -82.8111572265625 -10.61058521270752 5
vertex -76.6611557006836 10.301517486572266 5
endloop
endfacet
facet normal 0 0 1
outer loop
vertex -76.6611557006836 10.301517486572266 5
vertex -82.8111572265625 -10.61058521270752 5
vertex -76.6611557006836 -3.798482656478882 5
endloop
endfacet
facet normal 0 0 -1
outer loop
vertex 67.2189712524414 56.46102523803711 0
vertex 54.04336166381836 38.77799606323242 0
vertex 67.7426986694336 57.53528594970703 0
endloop
endfacet
facet normal 0 0 -1
outer loop
vertex 64.77992248535156 58.48516845703125 0
vertex 67.7426986694336 57.53528594970703 0
vertex 54.04336166381836 38.77799606323242 0
endloop
endfacet
facet normal 0 0 -1
outer loop
vertex 64.77992248535156 58.48516845703125 0
vertex 49.68632125854492 36.25199508666992 0
vertex 63.81513595581055 58.383033752441406 0
endloop
endfacet
facet normal 0 0 -1
outer loop
vertex 54.04336166381836 38.77799606323242 0
vertex 67.2189712524414 56.46102523803711 0
vertex 66.25431823730469 45.82799530029297 0
endloop
endfacet
facet normal -1 0 0
outer loop
vertex -84.11116027832031 14.315919876098633 4.5
vertex -84.11116027832031 8.38941478729248 4.5
vertex -84.11116027832031 8.38941478729248 5
endloop
endfacet
facet normal 0 0 -1
outer loop
vertex 54.04336166381836 38.77799606323242 0
vertex 49.68632125854492 36.25199508666992 0
vertex 64.77992248535156 58.48516845703125 0
endloop
endfacet
facet normal -1 0 0
outer loop
vertex -84.11116027832031 14.315919876098633 4.5
vertex -84.11116027832031 8.38941478729248 5
vertex -84.11116027832031 14.315919876098633 5
endloop
endfacet
facet normal 0 0 1
outer loop
vertex -84.11116027832031 14.315919876098633 5
vertex -84.11116027832031 8.38941478729248 5
vertex -82.8111572265625 8.38941478729248 5
endloop
endfacet
facet normal 0 0 1
outer loop
vertex -84.11116027832031 14.315919876098633 5
vertex -82.8111572265625 8.38941478729248 5
vertex -82.8111572265625 14.315919876098633 5
endloop
endfacet
facet normal 0 0 1
outer loop
vertex -82.8111572265625 14.315919876098633 5
vertex -82.8111572265625 8.38941478729248 5
vertex -76.6611557006836 15.201517105102539 5
endloop
endfacet
facet normal 0 0 1
outer loop
vertex -76.6611557006836 15.201517105102539 5
vertex -82.8111572265625 8.38941478729248 5
vertex -76.6611557006836 10.301517486572266 5
endloop
endfacet
facet normal 0 0 -1
outer loop
vertex -21.829357147216797 -42.80168151855469 0
vertex -21.829357147216797 -43.43528366088867 0
vertex -21.926904678344727 -42.65568923950195 0
endloop
endfacet
facet normal 0 0 1
outer loop
vertex -76.6611557006836 15.201517105102539 5
vertex -76.6611557006836 10.301517486572266 5
vertex -62.561161041259766 10.301517486572266 5
endloop
endfacet
facet normal 0 0 -1
outer loop
vertex -21.926904678344727 -42.65568923950195 0
vertex -21.926904678344727 -43.581275939941406 0
vertex -21.961158752441406 -42.483482360839844 0
endloop
endfacet
facet normal 0 0 -1
outer loop
vertex 49.68632125854492 36.25199508666992 0
vertex 28.060056686401367 37.854339599609375 0
vertex 63.81513595581055 58.383033752441406 0
endloop
endfacet
facet normal 0 0 -1
outer loop
vertex -76.6611557006836 -27.698482513427734 0
vertex -82.8111572265625 -32.901493072509766 0
vertex -72.11116027832031 -22.79848289489746 0
endloop
endfacet
facet normal 0 0 -1
outer loop
vertex -72.11116027832031 -22.79848289489746 0
vertex -82.8111572265625 -32.901493072509766 0
vertex -76.6611557006836 -22.79848289489746 0
endloop
endfacet
facet normal 0 0 -1
outer loop
vertex -76.6611557006836 -22.79848289489746 0
vertex -82.8111572265625 -32.901493072509766 0
vertex -82.8111572265625 -16.537090301513672 0
endloop
endfacet
facet normal 0 0 -1
outer loop
vertex -76.6611557006836 -27.698482513427734 0
vertex -72.11116027832031 -26.99848175048828 0
vertex -72.11116027832031 -27.698482513427734 0
endloop
endfacet
facet normal 0 0 1
outer loop
vertex -82.8111572265625 14.315919876098633 5
vertex -76.6611557006836 15.201517105102539 5
vertex -76.6611557006836 29.301517486572266 5
endloop
endfacet
facet normal 0 0 -1
outer loop
vertex -72.11116027832031 -26.99848175048828 0
vertex -76.6611557006836 -27.698482513427734 0
vertex -67.11116027832031 -23.49848175048828 0
endloop
endfacet
facet normal 0 0 -1
outer loop
vertex -72.11116027832031 -26.99848175048828 0
vertex -67.11116027832031 -23.49848175048828 0
vertex -67.11116027832031 -26.99848175048828 0
endloop
endfacet
facet normal 0 0 -1
outer loop
vertex 55.71214294433594 34.487579345703125 0
vertex 54.04336166381836 38.77799606323242 0
vertex 56.318363189697266 34.837581634521484 0
endloop
endfacet
facet normal 0 0 1
outer loop
vertex -82.8111572265625 33.315921783447266 5
vertex -82.8111572265625 14.315919876098633 5
vertex -76.6611557006836 29.301517486572266 5
endloop
endfacet
facet normal 0 0 -1
outer loop
vertex -21.829357147216797 -43.43528366088867 0
vertex -21.829357147216797 -42.80168151855469 0
vertex -21.683366775512695 -43.337738037109375 0
endloop
endfacet
facet normal 0 0 1
outer loop
vertex -62.561161041259766 15.201517105102539 5
vertex -76.6611557006836 15.201517105102539 5
vertex -62.561161041259766 10.301517486572266 5
endloop
endfacet
facet normal 0 0 -1
outer loop
vertex -21.926904678344727 -43.581275939941406 0
vertex -21.926904678344727 -42.65568923950195 0
vertex -21.829357147216797 -43.43528366088867 0
endloop
endfacet
facet normal 0 0 -1
outer loop
vertex -21.961158752441406 -43.753482818603516 0
vertex -21.961158752441406 -42.483482360839844 0
vertex -21.926904678344727 -43.581275939941406 0
endloop
endfacet
facet normal 0 0 1
outer loop
vertex -57.66115951538086 3.1765174865722656 5
vertex -57.66115951538086 8.076517105102539 5
vertex -62.561161041259766 -3.798482656478882 5
endloop
endfacet
facet normal 0 0 1
outer loop
vertex -57.66115951538086 8.076517105102539 5
vertex -57.66115951538086 22.176517486572266 5
vertex -62.561161041259766 -3.798482656478882 5
endloop
endfacet
facet normal 0 0 1
outer loop
vertex -62.561161041259766 10.301517486572266 5
vertex -62.561161041259766 -3.798482656478882 5
vertex -57.66115951538086 22.176517486572266 5
endloop
endfacet
facet normal 0 0 -1
outer loop
vertex -21.683366775512695 -44.169227600097656 0
vertex -21.683366775512695 -44.60773849487305 0
vertex -21.829357147216797 -44.07168197631836 0
endloop
endfacet
facet normal 0 0 1
outer loop
vertex -57.66115951538086 8.076517105102539 5
vertex -57.66115951538086 3.1765174865722656 5
vertex -43.561161041259766 3.1765174865722656 5
endloop
endfacet
facet normal 0 0 -1
outer loop
vertex -21.511159896850586 -44.20348358154297 0
vertex -21.683366775512695 -44.60773849487305 0
vertex -21.683366775512695 -44.169227600097656 0
endloop
endfacet
facet normal 0 0 1
outer loop
vertex -43.561161041259766 8.076517105102539 5
vertex -57.66115951538086 8.076517105102539 5
vertex -43.561161041259766 3.1765174865722656 5
endloop
endfacet
facet normal 0 0 -1
outer loop
vertex -21.511159896850586 -44.573482513427734 0
vertex -21.511159896850586 -44.20348358154297 0
vertex -21.338951110839844 -44.60773849487305 0
endloop
endfacet
facet normal 0 0 1
outer loop
vertex -62.561161041259766 15.201517105102539 5
vertex -62.561161041259766 10.301517486572266 5
vertex -57.66115951538086 22.176517486572266 5
endloop
endfacet
facet normal 0 0 1
outer loop
vertex -62.561161041259766 29.301517486572266 5
vertex -62.561161041259766 15.201517105102539 5
vertex -53.05031967163086 29.73308563232422 5
endloop
endfacet
facet normal 0 0 1
outer loop
vertex -57.66115951538086 22.176517486572266 5
vertex -52.79303741455078 29.62651824951172 5
vertex -62.561161041259766 15.201517105102539 5
endloop
endfacet
facet normal 0 0 1
outer loop
vertex -53.05031967163086 29.73308563232422 5
vertex -62.561161041259766 15.201517105102539 5
vertex -52.79303741455078 29.62651824951172 5
endloop
endfacet
facet normal 0 0 -1
outer loop
vertex -21.683366775512695 -44.60773849487305 0
vertex -21.511159896850586 -44.20348358154297 0
vertex -21.511159896850586 -44.573482513427734 0
endloop
endfacet
facet normal 0 0 1
outer loop
vertex -52.79303741455078 29.62651824951172 5
vertex -57.66115951538086 22.176517486572266 5
vertex -43.561161041259766 22.176517486572266 5
endloop
endfacet
facet normal 0 0 1
outer loop
vertex -52.79303741455078 29.62651824951172 5
vertex -43.561161041259766 22.176517486572266 5
vertex -37.48735809326172 29.62651824951172 5
endloop
endfacet
facet normal 0 1 0
outer loop
vertex -84.11116027832031 32.815921783447266 4.5
vertex -84.8111572265625 32.815921783447266 0.20000000298023224
vertex -84.8111572265625 32.815921783447266 4.5
endloop
endfacet
facet normal -1 0 0
outer loop
vertex -84.11116027832031 33.17668151855469 4.5
vertex -84.11116027832031 32.815921783447266 0.20000000298023224
vertex -84.11116027832031 32.815921783447266 4.5
endloop
endfacet
facet normal -0.9238724560432299 0.3827005160234962 0
outer loop
vertex -84.11116027832031 33.17668151855469 0.20000000298023224
vertex -84.11116027832031 33.17668151855469 4.5
vertex -84.05348205566406 33.315921783447266 4.5
endloop
endfacet
facet normal 0 0 -1
outer loop
vertex -21.829357147216797 -44.07168197631836 0
vertex -21.829357147216797 -44.705284118652344 0
vertex -21.926904678344727 -43.925689697265625 0
endloop
endfacet
facet normal 0 0 -1
outer loop
vertex -21.926904678344727 -43.925689697265625 0
vertex -21.926904678344727 -44.85127639770508 0
vertex -21.961158752441406 -43.753482818603516 0
endloop
endfacet
facet normal -0.9238792629940594 0.38268408303607954 6.23429383323689e-7
outer loop
vertex -83.76100158691406 34.022029876708984 5
vertex -84.11116027832031 33.17668151855469 0.20000000298023224
vertex -84.05348205566406 33.315921783447266 4.5
endloop
endfacet
facet normal -0.7071073475200845 0.7071062148525569 0
outer loop
vertex -81.37954711914062 36.40348815917969 5
vertex -83.76100158691406 34.022029876708984 0
vertex -83.76100158691406 34.022029876708984 5
endloop
endfacet
facet normal -0.38035750942325636 0.924839534743913 0
outer loop
vertex -80.52775573730469 36.75380325317383 5
vertex -81.37954711914062 36.40348815917969 0
vertex -81.37954711914062 36.40348815917969 5
endloop
endfacet
facet normal 0 0 -1
outer loop
vertex -21.829357147216797 -44.705284118652344 0
vertex -21.829357147216797 -44.07168197631836 0
vertex -21.683366775512695 -44.60773849487305 0
endloop
endfacet
facet normal 0 0 -1
outer loop
vertex -21.926904678344727 -44.85127639770508 0
vertex -21.926904678344727 -43.925689697265625 0
vertex -21.829357147216797 -44.705284118652344 0
endloop
endfacet
facet normal 0.00502854404887964 0.999987356792449 0
outer loop
vertex -58.391075134277344 36.642486572265625 5
vertex -80.52775573730469 36.75380325317383 0
vertex -80.52775573730469 36.75380325317383 5
endloop
endfacet
facet normal 0.7071074713151304 0.7071060910572912 0
outer loop
vertex -53.05031967163086 29.73308563232422 5
vertex -55.00458908081055 31.687358856201172 0
vertex -55.00458908081055 31.687358856201172 5
endloop
endfacet
facet normal 0.7406000375239665 0.6719461171995113 0
outer loop
vertex -55.41982650756836 33.94728469848633 5
vertex -57.507774353027344 36.24856185913086 0
vertex -57.507774353027344 36.24856185913086 5
endloop
endfacet
facet normal 0.9238757524141767 0.38269255819931874 0
outer loop
vertex -55.00458908081055 31.687358856201172 5
vertex -55.11116027832031 31.944637298583984 0
vertex -55.11116027832031 31.944637298583984 5
endloop
endfacet
facet normal 1 0 0
outer loop
vertex -55.11116027832031 31.944637298583984 5
vertex -55.11116027832031 33.14772033691406 0
vertex -55.11116027832031 33.14772033691406 5
endloop
endfacet
facet normal 0.9328986548742167 0.36013900057321885 0
outer loop
vertex -55.11116027832031 33.14772033691406 5
vertex -55.41982650756836 33.94728469848633 0
vertex -55.41982650756836 33.94728469848633 5
endloop
endfacet
facet normal 0.407300790267483 0.9132940743525514 0
outer loop
vertex -57.507774353027344 36.24856185913086 5
vertex -58.391075134277344 36.642486572265625 0
vertex -58.391075134277344 36.642486572265625 5
endloop
endfacet
facet normal 0.38267602281363744 0.9238826016131793 0
outer loop
vertex -52.79303741455078 29.62651824951172 5
vertex -53.05031967163086 29.73308563232422 0
vertex -53.05031967163086 29.73308563232422 5
endloop
endfacet
facet normal 0 1 0
outer loop
vertex -37.48735809326172 29.62651824951172 5
vertex -52.79303741455078 29.62651824951172 0
vertex -52.79303741455078 29.62651824951172 5
endloop
endfacet
facet normal 0 0 -1
outer loop
vertex -21.961158752441406 -45.02348327636719 0
vertex -21.961158752441406 -43.753482818603516 0
vertex -21.926904678344727 -44.85127639770508 0
endloop
endfacet
facet normal 0 0 -1
outer loop
vertex 58.21214294433594 30.157453536987305 0
vertex 58.818363189697266 30.50745391845703 0
vertex 61.093360900878906 26.56703758239746 0
endloop
endfacet
facet normal 0 0 -1
outer loop
vertex 58.21214294433594 30.157453536987305 0
vertex 52.56753921508789 32.66157913208008 0
vertex 55.71214294433594 34.487579345703125 0
endloop
endfacet
facet normal 0 0 -1
outer loop
vertex 52.56753921508789 32.66157913208008 0
vertex 54.04336166381836 38.77799606323242 0
vertex 55.71214294433594 34.487579345703125 0
endloop
endfacet
facet normal 0 0 -1
outer loop
vertex 58.21214294433594 30.157453536987305 0
vertex 55.06753921508789 28.331453323364258 0
vertex 52.56753921508789 32.66157913208008 0
endloop
endfacet
facet normal 0 0 -1
outer loop
vertex 52.56753921508789 32.66157913208008 0
vertex 49.68632125854492 36.25199508666992 0
vertex 54.04336166381836 38.77799606323242 0
endloop
endfacet
facet normal -0.923879106916185 0.38268445984094035 0
outer loop
vertex -83.76100158691406 34.022029876708984 5
vertex -84.05348205566406 33.315921783447266 4.5
vertex -84.05348205566406 33.315921783447266 5
endloop
endfacet
facet normal 0 0 -1
outer loop
vertex 51.96131896972656 32.311580657958984 0
vertex 49.68632125854492 36.25199508666992 0
vertex 52.56753921508789 32.66157913208008 0
endloop
endfacet
facet normal 0 0 1
outer loop
vertex -83.76100158691406 34.022029876708984 5
vertex -84.05348205566406 33.315921783447266 5
vertex -82.8111572265625 33.315921783447266 5
endloop
endfacet
facet normal 0 0 -1
outer loop
vertex -21.683366775512695 -45.87773513793945 0
vertex -21.338951110839844 -45.43922805786133 0
vertex -21.511159896850586 -45.843482971191406 0
endloop
endfacet
facet normal 0 0 1
outer loop
vertex -82.8111572265625 33.315921783447266 5
vertex -76.6611557006836 29.301517486572266 5
vertex -62.561161041259766 29.301517486572266 5
endloop
endfacet
facet normal 0 0 1
outer loop
vertex -83.76100158691406 34.022029876708984 5
vertex -82.8111572265625 33.315921783447266 5
vertex -53.05031967163086 29.73308563232422 5
endloop
endfacet
facet normal 0 0 1
outer loop
vertex -81.37954711914062 36.40348815917969 5
vertex -83.76100158691406 34.022029876708984 5
vertex -53.05031967163086 29.73308563232422 5
endloop
endfacet
facet normal 0 0 1
outer loop
vertex -80.52775573730469 36.75380325317383 5
vertex -81.37954711914062 36.40348815917969 5
vertex -53.05031967163086 29.73308563232422 5
endloop
endfacet
facet normal 0 0 1
outer loop
vertex -53.05031967163086 29.73308563232422 5
vertex -82.8111572265625 33.315921783447266 5
vertex -62.561161041259766 29.301517486572266 5
endloop
endfacet
facet normal 0 0 1
outer loop
vertex -55.11116027832031 33.14772033691406 5
vertex -55.41982650756836 33.94728469848633 5
vertex -80.52775573730469 36.75380325317383 5
endloop
endfacet
facet normal 0 0 1
outer loop
vertex -58.391075134277344 36.642486572265625 5
vertex -80.52775573730469 36.75380325317383 5
vertex -57.507774353027344 36.24856185913086 5
endloop
endfacet
facet normal 0 0 1
outer loop
vertex -57.507774353027344 36.24856185913086 5
vertex -80.52775573730469 36.75380325317383 5
vertex -55.41982650756836 33.94728469848633 5
endloop
endfacet
facet normal 0 0 1
outer loop
vertex -55.00458908081055 31.687358856201172 5
vertex -55.11116027832031 31.944637298583984 5
vertex -80.52775573730469 36.75380325317383 5
endloop
endfacet
facet normal 0 0 1
outer loop
vertex -53.05031967163086 29.73308563232422 5
vertex -55.00458908081055 31.687358856201172 5
vertex -80.52775573730469 36.75380325317383 5
endloop
endfacet
facet normal 0 0 1
outer loop
vertex -55.11116027832031 33.14772033691406 5
vertex -80.52775573730469 36.75380325317383 5
vertex -55.11116027832031 31.944637298583984 5
endloop
endfacet
facet normal 0 0 -1
outer loop
vertex -21.829357147216797 -45.975284576416016 0
vertex -21.511159896850586 -45.47348403930664 0
vertex -21.338951110839844 -45.43922805786133 0
endloop
endfacet
facet normal 0 0 -1
outer loop
vertex -21.829357147216797 -45.975284576416016 0
vertex -21.338951110839844 -45.43922805786133 0
vertex -21.683366775512695 -45.87773513793945 0
endloop
endfacet
facet normal 0 0 -1
outer loop
vertex -21.961158752441406 -43.753482818603516 0
vertex -24.561159133911133 -48.92348098754883 0
vertex -21.961158752441406 -42.483482360839844 0
endloop
endfacet
facet normal 0 0 -1
outer loop
vertex -21.961158752441406 -45.02348327636719 0
vertex -24.561159133911133 -48.92348098754883 0
vertex -21.961158752441406 -43.753482818603516 0
endloop
endfacet
facet normal 0 0 -1
outer loop
vertex -21.926904678344727 -45.1956901550293 0
vertex -24.561159133911133 -48.92348098754883 0
vertex -21.961158752441406 -45.02348327636719 0
endloop
endfacet
facet normal 0 0 -1
outer loop
vertex -21.829357147216797 -45.34168243408203 0
vertex -24.561159133911133 -48.92348098754883 0
vertex -21.926904678344727 -45.1956901550293 0
endloop
endfacet
facet normal 0 0 -1
outer loop
vertex -21.511159896850586 -47.11348342895508 0
vertex -21.511159896850586 -46.74348449707031 0
vertex -21.338951110839844 -47.147735595703125 0
endloop
endfacet
facet normal 0 0 -1
outer loop
vertex -21.683366775512695 -47.147735595703125 0
vertex -21.511159896850586 -46.74348449707031 0
vertex -21.511159896850586 -47.11348342895508 0
endloop
endfacet
facet normal 0 0 -1
outer loop
vertex -21.829357147216797 -47.24528503417969 0
vertex -21.511159896850586 -46.74348449707031 0
vertex -21.683366775512695 -47.147735595703125 0
endloop
endfacet
facet normal 0 0 -1
outer loop
vertex -24.561159133911133 -48.92348098754883 0
vertex -21.683366775512695 -45.43922805786133 0
vertex -21.511159896850586 -45.47348403930664 0
endloop
endfacet
facet normal 0 0 -1
outer loop
vertex -24.561159133911133 -48.92348098754883 0
vertex -21.829357147216797 -45.34168243408203 0
vertex -21.683366775512695 -45.43922805786133 0
endloop
endfacet
facet normal 0 0 -1
outer loop
vertex -21.829357147216797 -45.975284576416016 0
vertex -24.561159133911133 -48.92348098754883 0
vertex -21.511159896850586 -45.47348403930664 0
endloop
endfacet
facet normal 0 0 -1
outer loop
vertex -21.511159896850586 -46.74348449707031 0
vertex -24.561159133911133 -48.92348098754883 0
vertex -21.683366775512695 -46.709228515625 0
endloop
endfacet
facet normal 0 0 -1
outer loop
vertex -24.561159133911133 -48.92348098754883 0
vertex -21.829357147216797 -46.61167907714844 0
vertex -21.683366775512695 -46.709228515625 0
endloop
endfacet
facet normal 0.9522358625007866 -0.3053634918705622 0
outer loop
vertex 83.27313232421875 25.640939712524414 0
vertex 84.22254943847656 28.601572036743164 0
vertex 83.27313232421875 25.640939712524414 5
endloop
endfacet
facet normal 0 0 -1
outer loop
vertex -21.511159896850586 -48.01348114013672 0
vertex -21.511159896850586 -48.38348388671875 0
vertex -21.683366775512695 -47.97922897338867 0
endloop
endfacet
facet normal 0 0 -1
outer loop
vertex -21.511159896850586 -48.38348388671875 0
vertex -21.511159896850586 -48.01348114013672 0
vertex -21.338951110839844 -48.4177360534668 0
endloop
endfacet
facet normal 0 0 -1
outer loop
vertex -21.683366775512695 -48.4177360534668 0
vertex -21.683366775512695 -47.97922897338867 0
vertex -21.511159896850586 -48.38348388671875 0
endloop
endfacet
facet normal 0 0 -1
outer loop
vertex -21.829357147216797 -48.51528549194336 0
vertex -21.683366775512695 -47.97922897338867 0
vertex -21.683366775512695 -48.4177360534668 0
endloop
endfacet
facet normal 0 0 -1
outer loop
vertex -21.829357147216797 -47.24528503417969 0
vertex -24.561159133911133 -48.92348098754883 0
vertex -21.511159896850586 -46.74348449707031 0
endloop
endfacet
facet normal 0 0 -1
outer loop
vertex -21.683366775512695 -47.97922897338867 0
vertex -24.561159133911133 -48.92348098754883 0
vertex -21.829357147216797 -47.88167953491211 0
endloop
endfacet
facet normal 0 0 -1
outer loop
vertex -21.926904678344727 -46.12127685546875 0
vertex -24.561159133911133 -48.92348098754883 0
vertex -21.829357147216797 -45.975284576416016 0
endloop
endfacet
facet normal 0.7778152024901677 -0.6284930475153879 0
outer loop
vertex 82.733154296875 24.97266960144043 0
vertex 83.27313232421875 25.640939712524414 0
vertex 82.733154296875 24.97266960144043 5
endloop
endfacet
facet normal 0 0 -1
outer loop
vertex -67.11116027832031 -26.99848175048828 0
vertex -62.561161041259766 -22.79848289489746 0
vertex -67.11116027832031 -27.698482513427734 0
endloop
endfacet
facet normal 0.498518782594495 -0.866878897770907 0
outer loop
vertex 30.444875717163086 -5.0969157218933105 5
vertex 30.444875717163086 -5.0969157218933105 0
vertex 82.733154296875 24.97266960144043 0
endloop
endfacet
facet normal 0 0 -1
outer loop
vertex 84.22254943847656 28.601572036743164 0
vertex 24.81777000427246 -3.191453695297241 0
vertex 84.12109375 29.56521987915039 0
endloop
endfacet
facet normal 0 0 -1
outer loop
vertex 83.27313232421875 25.640939712524414 0
vertex 24.81777000427246 -3.191453695297241 0
vertex 84.22254943847656 28.601572036743164 0
endloop
endfacet
facet normal 0 0 -1
outer loop
vertex 82.733154296875 24.97266960144043 0
vertex 24.81777000427246 -3.191453695297241 0
vertex 83.27313232421875 25.640939712524414 0
endloop
endfacet
facet normal 0 0 -1
outer loop
vertex -67.11116027832031 -27.698482513427734 0
vertex -62.561161041259766 -22.79848289489746 0
vertex -62.561161041259766 -27.698482513427734 0
endloop
endfacet
facet normal 0 0 -1
outer loop
vertex -76.6611557006836 -27.698482513427734 0
vertex -72.11116027832031 -22.79848289489746 0
vertex -72.11116027832031 -23.49848175048828 0
endloop
endfacet
facet normal 0 0 -1
outer loop
vertex -67.11116027832031 -23.49848175048828 0
vertex -76.6611557006836 -27.698482513427734 0
vertex -72.11116027832031 -23.49848175048828 0
endloop
endfacet
facet normal 0 0 -1
outer loop
vertex -21.961158752441406 -46.29348373413086 0
vertex -24.561159133911133 -48.92348098754883 0
vertex -21.926904678344727 -46.12127685546875 0
endloop
endfacet
facet normal 0 0 -1
outer loop
vertex -21.926904678344727 -46.46569061279297 0
vertex -24.561159133911133 -48.92348098754883 0
vertex -21.961158752441406 -46.29348373413086 0
endloop
endfacet
facet normal 0 0 1
outer loop
vertex -43.561161041259766 3.1765174865722656 5
vertex -38.66115951538086 -10.923482894897461 5
vertex -38.66115951538086 3.1765174865722656 5
endloop
endfacet
facet normal 0 0 1
outer loop
vertex -38.66115951538086 3.1765174865722656 5
vertex -38.66115951538086 8.076517105102539 5
vertex -43.561161041259766 3.1765174865722656 5
endloop
endfacet
facet normal 0 0 -1
outer loop
vertex -24.561159133911133 -48.92348098754883 0
vertex -21.926904678344727 -46.46569061279297 0
vertex -21.829357147216797 -46.61167907714844 0
endloop
endfacet
facet normal 0 0 1
outer loop
vertex -43.561161041259766 8.076517105102539 5
vertex -43.561161041259766 3.1765174865722656 5
vertex -38.66115951538086 8.076517105102539 5
endloop
endfacet
facet normal 0 0 1
outer loop
vertex -38.66115951538086 8.076517105102539 5
vertex -38.66115951538086 3.1765174865722656 5
vertex -24.561159133911133 8.076517105102539 5
endloop
endfacet
facet normal 0 0 -1
outer loop
vertex -21.926904678344727 -47.391273498535156 0
vertex -24.561159133911133 -48.92348098754883 0
vertex -21.829357147216797 -47.24528503417969 0
endloop
endfacet
facet normal 0 0 1
outer loop
vertex -24.561159133911133 8.076517105102539 5
vertex -38.66115951538086 3.1765174865722656 5
vertex -24.561159133911133 3.1765174865722656 5
endloop
endfacet
facet normal 0 0 1
outer loop
vertex -24.561159133911133 3.1765174865722656 5
vertex -24.561159133911133 -10.923482894897461 5
vertex -19.66115951538086 3.1765174865722656 5
endloop
endfacet
facet normal 0 0 1
outer loop
vertex -24.561159133911133 8.076517105102539 5
vertex -24.561159133911133 3.1765174865722656 5
vertex -19.66115951538086 3.1765174865722656 5
endloop
endfacet
facet normal 0 0 -1
outer loop
vertex -21.961158752441406 -47.56348419189453 0
vertex -24.561159133911133 -48.92348098754883 0
vertex -21.926904678344727 -47.391273498535156 0
endloop
endfacet
facet normal 0 0 1
outer loop
vertex -43.561161041259766 22.176517486572266 5
vertex -43.561161041259766 8.076517105102539 5
vertex -38.66115951538086 8.076517105102539 5
endloop
endfacet
facet normal 0 0 1
outer loop
vertex -38.66115951538086 8.076517105102539 5
vertex -38.66115951538086 22.176517486572266 5
vertex -43.561161041259766 22.176517486572266 5
endloop
endfacet
facet normal 0 0 1
outer loop
vertex -38.66115951538086 22.176517486572266 5
vertex -35.69371795654297 30.663410186767578 5
vertex -43.561161041259766 22.176517486572266 5
endloop
endfacet
facet normal 0 0 1
outer loop
vertex -37.48735809326172 29.62651824951172 5
vertex -43.561161041259766 22.176517486572266 5
vertex -37.30107116699219 29.679027557373047 5
endloop
endfacet
facet normal 0 0 1
outer loop
vertex -37.30107116699219 29.679027557373047 5
vertex -43.561161041259766 22.176517486572266 5
vertex -35.69371795654297 30.663410186767578 5
endloop
endfacet
facet normal 0 0 1
outer loop
vertex -35.69371795654297 30.663410186767578 5
vertex -38.66115951538086 22.176517486572266 5
vertex -24.561159133911133 22.176517486572266 5
endloop
endfacet
facet normal 0 0 -1
outer loop
vertex -21.926904678344727 -47.73569107055664 0
vertex -24.561159133911133 -48.92348098754883 0
vertex -21.961158752441406 -47.56348419189453 0
endloop
endfacet
facet normal 0 0 1
outer loop
vertex -35.69371795654297 30.663410186767578 5
vertex -24.561159133911133 22.176517486572266 5
vertex -35.56228256225586 30.80548095703125 5
endloop
endfacet
facet normal 0 0 1
outer loop
vertex -32.1923713684082 31.0231876373291 5
vertex -35.56228256225586 30.80548095703125 5
vertex -16.694849014282227 20.268308639526367 5
endloop
endfacet
facet normal 0 0 1
outer loop
vertex -16.694849014282227 20.268308639526367 5
vertex -35.56228256225586 30.80548095703125 5
vertex -24.561159133911133 22.176517486572266 5
endloop
endfacet
facet normal 0 0 1
outer loop
vertex -18.556514739990234 23.150522232055664 5
vertex -32.1923713684082 31.0231876373291 5
vertex -18.244552612304688 22.481517791748047 5
endloop
endfacet
facet normal 0 0 1
outer loop
vertex -18.244552612304688 22.481517791748047 5
vertex -32.1923713684082 31.0231876373291 5
vertex -16.694849014282227 20.268308639526367 5
endloop
endfacet
facet normal 0 0 -1
outer loop
vertex -24.561159133911133 -48.92348098754883 0
vertex -21.926904678344727 -47.73569107055664 0
vertex -21.829357147216797 -47.88167953491211 0
endloop
endfacet
facet normal 0 0 -1
outer loop
vertex -38.66115951538086 -34.823482513427734 0
vertex -34.11116027832031 -34.12348175048828 0
vertex -34.11116027832031 -34.823482513427734 0
endloop
endfacet
facet normal 0 0 1
outer loop
vertex -24.561159133911133 8.076517105102539 5
vertex -19.66115951538086 3.1765174865722656 5
vertex -5.561159610748291 3.1765174865722656 5
endloop
endfacet
facet normal 0 0 1
outer loop
vertex -24.561159133911133 22.176517486572266 5
vertex -24.561159133911133 8.076517105102539 5
vertex -5.561159610748291 3.1765174865722656 5
endloop
endfacet
facet normal 0 0 1
outer loop
vertex -5.561159610748291 3.1765174865722656 5
vertex -5.561159610748291 -10.923482894897461 5
vertex -0.6611594557762146 10.301517486572266 5
endloop
endfacet
facet normal 0 0 1
outer loop
vertex -0.6611594557762146 10.301517486572266 5
vertex -5.561159610748291 -10.923482894897461 5
vertex -0.6611594557762146 -3.798482656478882 5
endloop
endfacet
facet normal 0 0 1
outer loop
vertex -24.561159133911133 22.176517486572266 5
vertex -5.561159610748291 3.1765174865722656 5
vertex -0.6611594557762146 10.301517486572266 5
endloop
endfacet
facet normal 0 0 1
outer loop
vertex -14.784367561340332 18.35782814025879 5
vertex -16.694849014282227 20.268308639526367 5
vertex -24.561159133911133 22.176517486572266 5
endloop
endfacet
facet normal 0 0 1
outer loop
vertex -24.561159133911133 22.176517486572266 5
vertex -12.571159362792969 16.808124542236328 5
vertex -14.784367561340332 18.35782814025879 5
endloop
endfacet
facet normal 0 0 1
outer loop
vertex -24.561159133911133 22.176517486572266 5
vertex -0.6611594557762146 10.301517486572266 5
vertex -10.122471809387207 15.666281700134277 5
endloop
endfacet
facet normal 0 0 1
outer loop
vertex -24.561159133911133 22.176517486572266 5
vertex -10.122471809387207 15.666281700134277 5
vertex -12.571159362792969 16.808124542236328 5
endloop
endfacet
facet normal 0 0 1
outer loop
vertex -7.512706279754639 14.966997146606445 5
vertex -10.122471809387207 15.666281700134277 5
vertex -0.6611594557762146 10.301517486572266 5
endloop
endfacet
facet normal 0 0 1
outer loop
vertex -4.821159362792969 14.731517791748047 5
vertex -7.512706279754639 14.966997146606445 5
vertex -0.6611594557762146 10.301517486572266 5
endloop
endfacet
facet normal 0 0 1
outer loop
vertex -2.129612684249878 14.966997146606445 5
vertex -4.821159362792969 14.731517791748047 5
vertex -0.6611594557762146 10.301517486572266 5
endloop
endfacet
facet normal -0.8907568271233836 0.45448022501790053 -8.72488642845346e-7
outer loop
vertex -33.367652893066406 35.10684585571289 4.5
vertex -35.56228256225586 30.80548095703125 0
vertex -33.59489440917969 34.66146469116211 4.5
endloop
endfacet
facet normal -0.45447722476441443 -0.8907583579009719 0
outer loop
vertex -33.99118423461914 35.42498016357422 4.5
vertex -33.367652893066406 35.10684585571289 0.20000000298023224
vertex -33.367652893066406 35.10684585571289 4.5
endloop
endfacet
facet normal -0.8907574259105419 0.4544790514261514 1.0514939374995659e-7
outer loop
vertex -33.99118423461914 35.42498016357422 4.5
vertex -31.340055465698242 40.62106704711914 4.5
vertex -33.66395950317383 36.06632614135742 0.20000000298023224
endloop
endfacet
facet normal -0.8907573987092225 0.45447910473945674 3.397694056957704e-8
outer loop
vertex -25.81056022644043 51.458614349365234 4.5
vertex -33.66395950317383 36.06632614135742 0.20000000298023224
vertex -31.340055465698242 40.62106704711914 4.5
endloop
endfacet
facet normal -0.2713014649313694 0.9624944234259714 0
outer loop
vertex -37.30107116699219 29.679027557373047 5
vertex -37.48735809326172 29.62651824951172 0
vertex -37.48735809326172 29.62651824951172 5
endloop
endfacet
facet normal -0.5222653133177411 0.8527830571165927 0
outer loop
vertex -35.69371795654297 30.663410186767578 5
vertex -37.30107116699219 29.679027557373047 0
vertex -37.30107116699219 29.679027557373047 5
endloop
endfacet
facet normal -0.7340481020028635 0.6790974774993599 0
outer loop
vertex -35.56228256225586 30.80548095703125 5
vertex -35.69371795654297 30.663410186767578 0
vertex -35.69371795654297 30.663410186767578 5
endloop
endfacet
facet normal -0.8907572393266473 0.4544794171215789 0
outer loop
vertex -33.59489440917969 34.66146469116211 4.5
vertex -35.56228256225586 30.80548095703125 0
vertex -35.56228256225586 30.80548095703125 5
endloop
endfacet
facet normal 0 0 -1
outer loop
vertex 61.093360900878906 26.56703758239746 0
vertex 56.73632049560547 24.041038513183594 0
vertex 58.21214294433594 30.157453536987305 0
endloop
endfacet
facet normal 0.45447722476441443 0.8907583579009719 0
outer loop
vertex -25.187028884887695 51.140480041503906 4.5
vertex -25.81056022644043 51.458614349365234 0.20000000298023224
vertex -25.81056022644043 51.458614349365234 4.5
endloop
endfacet
facet normal -0.8907568683976702 0.454480144123344 0
outer loop
vertex -25.02521514892578 51.45762634277344 4.5
vertex -25.187028884887695 51.140480041503906 0.20000000298023224
vertex -25.187028884887695 51.140480041503906 4.5
endloop
endfacet
facet normal -0.6391216379093198 0.7691056702145086 0
outer loop
vertex -25.02521514892578 51.45762634277344 0.20000000298023224
vertex -25.02521514892578 51.45762634277344 4.5
vertex -24.90471839904785 51.55775833129883 4.5
endloop
endfacet
facet normal -0.6391223332141209 0.7691050924203642 3.293898731609432e-8
outer loop
vertex -24.297636032104492 52.06224060058594 5
vertex -25.02521514892578 51.45762634277344 0.20000000298023224
vertex -24.90471839904785 51.55775833129883 4.5
endloop
endfacet
facet normal -0.28375230421806846 0.9588976117662076 0
outer loop
vertex -21.166688919067383 52.98873519897461 5
vertex -24.297636032104492 52.06224060058594 0
vertex -24.297636032104492 52.06224060058594 5
endloop
endfacet
facet normal 0 0 -1
outer loop
vertex 56.73632049560547 24.041038513183594 0
vertex 55.06753921508789 28.331453323364258 0
vertex 58.21214294433594 30.157453536987305 0
endloop
endfacet
facet normal 0.49999995964549526 0.8660254270831217 0
outer loop
vertex -20.227252960205078 52.87741470336914 5
vertex -7.451592922210693 45.50138473510742 5
vertex -7.451592922210693 45.50138473510742 0
endloop
endfacet
facet normal 0.11767387916313962 0.9930522937704231 0
outer loop
vertex -20.227252960205078 52.87741470336914 5
vertex -21.166688919067383 52.98873519897461 0
vertex -21.166688919067383 52.98873519897461 5
endloop
endfacet
facet normal 0 0 -1
outer loop
vertex 56.73632049560547 24.041038513183594 0
vertex 54.46131896972656 27.98145294189453 0
vertex 55.06753921508789 28.331453323364258 0
endloop
endfacet
facet normal 0 0 -1
outer loop
vertex 61.093360900878906 26.56703758239746 0
vertex 41.4033203125 12.451038360595703 0
vertex 56.73632049560547 24.041038513183594 0
endloop
endfacet
facet normal 0 0 -1
outer loop
vertex 61.093360900878906 26.56703758239746 0
vertex 84.12109375 29.56521987915039 0
vertex 24.81777000427246 -3.191453695297241 0
endloop
endfacet
facet normal -0.8907572393266472 0.45447941712157885 0
outer loop
vertex -33.59489440917969 34.66146469116211 5
vertex -33.59489440917969 34.66146469116211 4.5
vertex -35.56228256225586 30.80548095703125 5
endloop
endfacet
facet normal 0 0 -1
outer loop
vertex 41.4033203125 12.451038360595703 0
vertex 44.525360107421875 16.991037368774414 0
vertex 56.73632049560547 24.041038513183594 0
endloop
endfacet
facet normal 0 0 1
outer loop
vertex -33.59489440917969 34.66146469116211 5
vertex -35.56228256225586 30.80548095703125 5
vertex -32.1923713684082 31.0231876373291 5
endloop
endfacet
facet normal 0 0 1
outer loop
vertex -32.43690872192383 34.07064437866211 5
vertex -33.59489440917969 34.66146469116211 5
vertex -32.1923713684082 31.0231876373291 5
endloop
endfacet
facet normal 0 0 -1
outer loop
vertex 44.525360107421875 16.991037368774414 0
vertex 41.644142150878906 20.581453323364258 0
vertex 42.250362396240234 20.931453704833984 0
endloop
endfacet
facet normal 0 0 -1
outer loop
vertex 44.525360107421875 16.991037368774414 0
vertex 39.73453903198242 16.741453170776367 0
vertex 41.644142150878906 20.581453323364258 0
endloop
endfacet
facet normal 0 0 -1
outer loop
vertex 24.81777000427246 -3.191453695297241 0
vertex 41.4033203125 12.451038360595703 0
vertex 61.093360900878906 26.56703758239746 0
endloop
endfacet
facet normal 0 0 1
outer loop
vertex -32.43690872192383 34.07064437866211 5
vertex -32.1923713684082 31.0231876373291 5
vertex -20.692371368408203 50.9417724609375 5
endloop
endfacet
facet normal 0 0 -1
outer loop
vertex 30.444875717163086 -5.0969157218933105 0
vertex 26.541048049926758 -4.257218837738037 0
vertex 82.733154296875 24.97266960144043 0
endloop
endfacet
facet normal 0 0 -1
outer loop
vertex 26.541048049926758 -4.257218837738037 0
vertex 25.216291427612305 -3.23195481300354 0
vertex 82.733154296875 24.97266960144043 0
endloop
endfacet
facet normal 0 0 -1
outer loop
vertex 25.216291427612305 -3.23195481300354 0
vertex 24.81777000427246 -3.191453695297241 0
vertex 82.733154296875 24.97266960144043 0
endloop
endfacet
facet normal 0 0 -1
outer loop
vertex -62.561161041259766 -22.79848289489746 0
vertex -67.11116027832031 -26.99848175048828 0
vertex -67.11116027832031 -23.49848175048828 0
endloop
endfacet
facet normal 0 0 1
outer loop
vertex -23.80180549621582 50.995033264160156 5
vertex -32.43690872192383 34.07064437866211 5
vertex -20.692371368408203 50.9417724609375 5
endloop
endfacet
facet normal -0.7753082832441736 0.6315829842015792 0
outer loop
vertex 28.060056686401367 37.854339599609375 0
vertex 27.52235984802246 37.19428253173828 0
vertex 28.060056686401367 37.854339599609375 5
endloop
endfacet
facet normal -0.9499931195126876 0.31227083257735194 0
outer loop
vertex 27.52235984802246 37.19428253173828 0
vertex 26.607568740844727 34.41129684448242 0
vertex 27.52235984802246 37.19428253173828 5
endloop
endfacet
facet normal -0.9995305727206385 0.030637137541753987 0
outer loop
vertex 26.607568740844727 34.41129684448242 0
vertex 26.554353713989258 32.675167083740234 0
vertex 26.607568740844727 34.41129684448242 5
endloop
endfacet
facet normal -0.9597238727481279 0.2809449911946023 0
outer loop
vertex 26.554353713989258 32.675167083740234 0
vertex 26.504104614257812 32.50351333618164 0
vertex 26.554353713989258 32.675167083740234 5
endloop
endfacet
facet normal -0.6391223171667458 0.7691051057556499 0
outer loop
vertex -24.297636032104492 52.06224060058594 5
vertex -24.90471839904785 51.55775833129883 4.5
vertex -24.90471839904785 51.55775833129883 5
endloop
endfacet
facet normal 0 0 1
outer loop
vertex -24.297636032104492 52.06224060058594 5
vertex -24.90471839904785 51.55775833129883 5
vertex -23.80180549621582 50.995033264160156 5
endloop
endfacet
facet normal 0 0 1
outer loop
vertex -24.297636032104492 52.06224060058594 5
vertex -23.80180549621582 50.995033264160156 5
vertex -20.692371368408203 50.9417724609375 5
endloop
endfacet
facet normal 0 0 1
outer loop
vertex -21.166688919067383 52.98873519897461 5
vertex -24.297636032104492 52.06224060058594 5
vertex -20.692371368408203 50.9417724609375 5
endloop
endfacet
facet normal 0 0 1
outer loop
vertex -7.451592922210693 45.50138473510742 5
vertex -21.166688919067383 52.98873519897461 5
vertex -20.692371368408203 50.9417724609375 5
endloop
endfacet
facet normal 0 0 1
outer loop
vertex -21.166688919067383 52.98873519897461 5
vertex -7.451592922210693 45.50138473510742 5
vertex -20.227252960205078 52.87741470336914 5
endloop
endfacet
facet normal 0 0 1
outer loop
vertex -10.072213172912598 44.810218811035156 5
vertex -7.451592922210693 45.50138473510742 5
vertex -20.692371368408203 50.9417724609375 5
endloop
endfacet
facet normal 0 0 -1
outer loop
vertex 17.4647159576416 -63.74848175048828 0
vertex -2.683659076690674 -51.78922653198242 0
vertex -2.511451482772827 -51.823482513427734 0
endloop
endfacet
facet normal 0 0 -1
outer loop
vertex 17.4647159576416 -63.74848175048828 0
vertex -2.511451482772827 -51.823482513427734 0
vertex -2.3392438888549805 -51.78922653198242 0
endloop
endfacet
facet normal 0 0 -1
outer loop
vertex 17.4647159576416 -63.74848175048828 0
vertex -2.3392438888549805 -51.78922653198242 0
vertex -2.193253517150879 -51.691680908203125 0
endloop
endfacet
facet normal 0 0 -1
outer loop
vertex 17.4647159576416 -63.74848175048828 0
vertex -2.193253517150879 -51.691680908203125 0
vertex -2.09570574760437 -51.54568862915039 0
endloop
endfacet
facet normal 0 0 -1
outer loop
vertex 17.4647159576416 -63.74848175048828 0
vertex -2.09570574760437 -51.54568862915039 0
vertex -2.0614514350891113 -51.37348175048828 0
endloop
endfacet
facet normal 0 0 -1
outer loop
vertex 17.4647159576416 -63.74848175048828 0
vertex -2.0614514350891113 -51.37348175048828 0
vertex -2.09570574760437 -51.20127487182617 0
endloop
endfacet
facet normal 0 0 -1
outer loop
vertex 17.4647159576416 -63.74848175048828 0
vertex -2.09570574760437 -51.20127487182617 0
vertex -2.193253517150879 -51.0552864074707 0
endloop
endfacet
facet normal 0 0 -1
outer loop
vertex 17.4647159576416 -63.74848175048828 0
vertex -2.193253517150879 -51.0552864074707 0
vertex -2.193253517150879 -50.42168045043945 0
endloop
endfacet
facet normal 0 0 -1
outer loop
vertex 17.4647159576416 -63.74848175048828 0
vertex -2.193253517150879 -50.42168045043945 0
vertex -2.09570574760437 -50.275691986083984 0
endloop
endfacet
facet normal 0 0 -1
outer loop
vertex 17.4647159576416 -63.74848175048828 0
vertex -2.09570574760437 -50.275691986083984 0
vertex -2.0614514350891113 -50.10348129272461 0
endloop
endfacet
facet normal 0 0 -1
outer loop
vertex 17.4647159576416 -63.74848175048828 0
vertex -2.0614514350891113 -50.10348129272461 0
vertex -2.09570574760437 -49.9312744140625 0
endloop
endfacet
facet normal 0 0 -1
outer loop
vertex 17.4647159576416 -63.74848175048828 0
vertex -2.09570574760437 -49.9312744140625 0
vertex -2.193253517150879 -49.78528594970703 0
endloop
endfacet
facet normal 0 0 -1
outer loop
vertex 17.4647159576416 -63.74848175048828 0
vertex -2.193253517150879 -49.78528594970703 0
vertex -0.6611594557762146 -41.79848098754883 0
endloop
endfacet
facet normal 0 0 -1
outer loop
vertex 17.4647159576416 -63.74848175048828 0
vertex -0.6611594557762146 -41.79848098754883 0
vertex 3.888840436935425 -42.49848175048828 0
endloop
endfacet
facet normal 0 0 -1
outer loop
vertex 3.888840436935425 -42.49848175048828 0
vertex 8.888840675354004 -42.49848175048828 0
vertex 17.4647159576416 -63.74848175048828 0
endloop
endfacet
facet normal 0 0 -1
outer loop
vertex 17.4647159576416 -63.74848175048828 0
vertex 8.888840675354004 -42.49848175048828 0
vertex 18.310062408447266 -63.3983268737793 0
endloop
endfacet
facet normal 0 0 -1
outer loop
vertex 19.58884048461914 -60.46359634399414 0
vertex 20.831165313720703 -60.46359634399414 0
vertex 18.310062408447266 -63.3983268737793 0
endloop
endfacet
facet normal 0 0 -1
outer loop
vertex 18.310062408447266 -63.3983268737793 0
vertex 20.831165313720703 -60.46359634399414 0
vertex 20.538686752319336 -61.16970443725586 0
endloop
endfacet
facet normal -0.8582643742748317 0.5132078174098985 0
outer loop
vertex 26.504104614257812 32.50351333618164 0
vertex 25.61246109008789 31.012371063232422 0
vertex 26.504104614257812 32.50351333618164 5
endloop
endfacet
facet normal 0.9238799892424704 -0.38268232971661065 0
outer loop
vertex 20.538686752319336 -61.16970443725586 0
vertex 20.831165313720703 -60.46359634399414 0
vertex 20.831165313720703 -60.46359634399414 0.20000000298023224
endloop
endfacet
facet normal -0.7016687261433798 0.71250333244998 0
outer loop
vertex 25.61246109008789 31.012371063232422 0
vertex 25.485023498535156 30.886871337890625 0
vertex 25.61246109008789 31.012371063232422 5
endloop
endfacet
facet normal -0.5000019550765702 0.866024275017512 0
outer loop
vertex 25.485023498535156 30.886871337890625 0
vertex 13.60175895690918 24.026029586791992 0
vertex 25.485023498535156 30.886871337890625 5
endloop
endfacet
facet normal 0 0 -1
outer loop
vertex 37.47536087036133 29.201995849609375 0
vertex 28.060056686401367 37.854339599609375 0
vertex 49.68632125854492 36.25199508666992 0
endloop
endfacet
facet normal 0 0 -1
outer loop
vertex 19.58884048461914 -60.46359634399414 0
vertex 18.310062408447266 -63.3983268737793 0
vertex 8.888840675354004 -42.49848175048828 0
endloop
endfacet
facet normal 0 0 -1
outer loop
vertex 37.47536087036133 29.201995849609375 0
vertex 34.35332107543945 24.661996841430664 0
vertex 28.060056686401367 37.854339599609375 0
endloop
endfacet
facet normal 0 0 -1
outer loop
vertex 27.52235984802246 37.19428253173828 0
vertex 28.060056686401367 37.854339599609375 0
vertex 34.35332107543945 24.661996841430664 0
endloop
endfacet
facet normal 0 0 -1
outer loop
vertex 3.888840436935425 -42.49848175048828 0
vertex -0.6611594557762146 -41.79848098754883 0
vertex 3.888840436935425 -41.79848098754883 0
endloop
endfacet
facet normal 0 0 -1
outer loop
vertex 8.888840675354004 -42.49848175048828 0
vertex 8.888840675354004 -41.79848098754883 0
vertex 19.58884048461914 -60.46359634399414 0
endloop
endfacet
facet normal 0 0 -1
outer loop
vertex 19.58884048461914 -60.46359634399414 0
vertex 8.888840675354004 -41.79848098754883 0
vertex 13.438840866088867 -41.79848098754883 0
endloop
endfacet
facet normal 0 0 -1
outer loop
vertex 19.58884048461914 -60.46359634399414 0
vertex 13.438840866088867 -41.79848098754883 0
vertex 13.438840866088867 -27.698482513427734 0
endloop
endfacet
facet normal 0 0 -1
outer loop
vertex 27.52235984802246 37.19428253173828 0
vertex 26.554353713989258 32.675167083740234 0
vertex 26.607568740844727 34.41129684448242 0
endloop
endfacet
facet normal 0 0 -1
outer loop
vertex 26.554353713989258 32.675167083740234 0
vertex 27.52235984802246 37.19428253173828 0
vertex 34.35332107543945 24.661996841430664 0
endloop
endfacet
facet normal 0 0 -1
outer loop
vertex 19.58884048461914 -60.46359634399414 0
vertex 13.438840866088867 -27.698482513427734 0
vertex 13.438840866088867 -22.79848289489746 0
endloop
endfacet
facet normal 0 0 -1
outer loop
vertex 19.58884048461914 -41.46359634399414 0
vertex 19.58884048461914 -60.46359634399414 0
vertex 13.438840866088867 -8.698482513427734 0
endloop
endfacet
facet normal 0 0 -1
outer loop
vertex 26.504104614257812 32.50351333618164 0
vertex 26.554353713989258 32.675167083740234 0
vertex 34.35332107543945 24.661996841430664 0
endloop
endfacet
facet normal 0 0 -1
outer loop
vertex -38.66115951538086 -34.823482513427734 0
vertex -43.561161041259766 -34.823482513427734 0
vertex -43.561161041259766 -29.92348289489746 0
endloop
endfacet
facet normal 0 0 -1
outer loop
vertex -38.66115951538086 -34.823482513427734 0
vertex -43.561161041259766 -48.92348098754883 0
vertex -43.561161041259766 -34.823482513427734 0
endloop
endfacet
facet normal 0 0 -1
outer loop
vertex -38.66115951538086 -48.92348098754883 0
vertex -43.561161041259766 -48.92348098754883 0
vertex -38.66115951538086 -34.823482513427734 0
endloop
endfacet
facet normal 0 0 -1
outer loop
vertex -21.829357147216797 -48.51528549194336 0
vertex -24.561159133911133 -48.92348098754883 0
vertex -21.683366775512695 -47.97922897338867 0
endloop
endfacet
facet normal 0 0 -1
outer loop
vertex -21.683366775512695 -49.249229431152344 0
vertex -24.561159133911133 -48.92348098754883 0
vertex -21.829357147216797 -49.15167999267578 0
endloop
endfacet
facet normal 0 0 -1
outer loop
vertex -62.561161041259766 -22.79848289489746 0
vertex -67.11116027832031 -23.49848175048828 0
vertex -67.11116027832031 -22.79848289489746 0
endloop
endfacet
facet normal 0 0 -1
outer loop
vertex -82.8111572265625 -16.537090301513672 0
vertex -84.11116027832031 -16.537090301513672 0
vertex -82.8111572265625 -10.61058521270752 0
endloop
endfacet
facet normal 0.38268428301208823 -0.9238791801613043 0
outer loop
vertex 17.4647159576416 -63.74848175048828 5
vertex 17.4647159576416 -63.74848175048828 0
vertex 18.310062408447266 -63.3983268737793 0
endloop
endfacet
facet normal 0.7071064786007794 -0.7071070837721862 0
outer loop
vertex 18.310062408447266 -63.3983268737793 0
vertex 20.538686752319336 -61.16970443725586 0
vertex 18.310062408447266 -63.3983268737793 5
endloop
endfacet
facet normal 0.9238799892424704 -0.3826823297166107 0
outer loop
vertex 20.538686752319336 -61.16970443725586 0
vertex 20.831165313720703 -60.46359634399414 0.20000000298023224
vertex 20.538686752319336 -61.16970443725586 5
endloop
endfacet
facet normal 0.923881404955784 -0.382678911852456 5.890515284008261e-7
outer loop
vertex 20.538686752319336 -61.16970443725586 5
vertex 20.831165313720703 -60.46359634399414 0.20000000298023224
vertex 20.888839721679688 -60.32435607910156 0.20000000298023224
endloop
endfacet
facet normal 0 0 -1
outer loop
vertex -21.683366775512695 -49.68773651123047 0
vertex -21.511159896850586 -49.28348159790039 0
vertex -21.511159896850586 -49.65348434448242 0
endloop
endfacet
facet normal 0 0 -1
outer loop
vertex -21.926904678344727 -48.66127395629883 0
vertex -24.561159133911133 -48.92348098754883 0
vertex -21.829357147216797 -48.51528549194336 0
endloop
endfacet
facet normal 0 0 -1
outer loop
vertex -21.961158752441406 -48.83348083496094 0
vertex -24.561159133911133 -48.92348098754883 0
vertex -21.926904678344727 -48.66127395629883 0
endloop
endfacet
facet normal 1 0 0
outer loop
vertex 20.888839721679688 -59.96359634399414 0.20000000298023224
vertex 20.888839721679688 -60.32435607910156 4.5
vertex 20.888839721679688 -60.32435607910156 0.20000000298023224
endloop
endfacet
facet normal 0 -1 0
outer loop
vertex 21.58884048461914 -59.96359634399414 0.20000000298023224
vertex 20.888839721679688 -59.96359634399414 4.5
vertex 20.888839721679688 -59.96359634399414 0.20000000298023224
endloop
endfacet
facet normal 1 0 0
outer loop
vertex 21.58884048461914 -59.96359634399414 0.20000000298023224
vertex 21.58884048461914 -41.46359634399414 0.20000000298023224
vertex 21.58884048461914 -41.46359634399414 4.5
endloop
endfacet
facet normal 1 0 0
outer loop
vertex 21.58884048461914 -41.46359634399414 4.5
vertex 21.58884048461914 -41.46359634399414 0.20000000298023224
vertex 21.58884048461914 -24.555177688598633 0.20000000298023224
endloop
endfacet
facet normal 0 0 -1
outer loop
vertex -0.6611594557762146 -22.79848289489746 0
vertex 3.888840436935425 -26.99848175048828 0
vertex -0.6611594557762146 -27.698482513427734 0
endloop
endfacet
facet normal 0 0 -1
outer loop
vertex -0.6611594557762146 -27.698482513427734 0
vertex 3.888840436935425 -26.99848175048828 0
vertex 3.888840436935425 -27.698482513427734 0
endloop
endfacet
facet normal 0 0 -1
outer loop
vertex 3.888840436935425 -26.99848175048828 0
vertex 8.888840675354004 -23.49848175048828 0
vertex 8.888840675354004 -26.99848175048828 0
endloop
endfacet
facet normal 0 0 -1
outer loop
vertex 3.888840436935425 -26.99848175048828 0
vertex -0.6611594557762146 -22.79848289489746 0
vertex 3.888840436935425 -23.49848175048828 0
endloop
endfacet
facet normal 0 0 -1
outer loop
vertex 3.888840436935425 -23.49848175048828 0
vertex -0.6611594557762146 -22.79848289489746 0
vertex 3.888840436935425 -22.79848289489746 0
endloop
endfacet
facet normal 0 0 -1
outer loop
vertex 8.888840675354004 -23.49848175048828 0
vertex 3.888840436935425 -26.99848175048828 0
vertex 3.888840436935425 -23.49848175048828 0
endloop
endfacet
facet normal 0 0 -1
outer loop
vertex 13.438840866088867 -8.698482513427734 0
vertex 19.58884048461914 -60.46359634399414 0
vertex 13.438840866088867 -22.79848289489746 0
endloop
endfacet
facet normal 0 0 -1
outer loop
vertex 8.888840675354004 -27.698482513427734 0
vertex 8.888840675354004 -26.99848175048828 0
vertex 13.438840866088867 -27.698482513427734 0
endloop
endfacet
facet normal 0 0 -1
outer loop
vertex 13.438840866088867 -27.698482513427734 0
vertex 8.888840675354004 -26.99848175048828 0
vertex 8.888840675354004 -23.49848175048828 0
endloop
endfacet
facet normal -1 0 0
outer loop
vertex -84.11116027832031 -16.537090301513672 0
vertex -84.11116027832031 -16.537090301513672 0.20000000298023224
vertex -84.11116027832031 -10.61058521270752 0.20000000298023224
endloop
endfacet
facet normal 0 0 -1
outer loop
vertex -82.8111572265625 -16.537090301513672 0
vertex -82.8111572265625 -10.61058521270752 0
vertex -76.6611557006836 -22.79848289489746 0
endloop
endfacet
facet normal 0 0 -1
outer loop
vertex 13.438840866088867 -22.79848289489746 0
vertex 13.438840866088867 -27.698482513427734 0
vertex 8.888840675354004 -23.49848175048828 0
endloop
endfacet
facet normal 0 0 -1
outer loop
vertex 13.438840866088867 -22.79848289489746 0
vertex 8.888840675354004 -23.49848175048828 0
vertex 8.888840675354004 -22.79848289489746 0
endloop
endfacet
facet normal 0 0 -1
outer loop
vertex 19.58884048461914 -24.555177688598633 0
vertex 19.58884048461914 -41.46359634399414 0
vertex 13.438840866088867 -8.698482513427734 0
endloop
endfacet
facet normal 0 0 -1
outer loop
vertex -82.8111572265625 -10.61058521270752 0
vertex -84.11116027832031 -16.537090301513672 0
vertex -84.11116027832031 -10.61058521270752 0
endloop
endfacet
facet normal -1 0 0
outer loop
vertex -84.11116027832031 -10.61058521270752 0
vertex -84.11116027832031 -16.537090301513672 0
vertex -84.11116027832031 -10.61058521270752 0.20000000298023224
endloop
endfacet
facet normal 0 0 -1
outer loop
vertex -21.926904678344727 -49.00569152832031 0
vertex -24.561159133911133 -48.92348098754883 0
vertex -21.961158752441406 -48.83348083496094 0
endloop
endfacet
facet normal 0 0 -1
outer loop
vertex -24.561159133911133 -48.92348098754883 0
vertex -21.926904678344727 -49.00569152832031 0
vertex -21.829357147216797 -49.15167999267578 0
endloop
endfacet
facet normal 0 0 -1
outer loop
vertex -21.511159896850586 -50.55348205566406 0
vertex -21.511159896850586 -50.92348098754883 0
vertex -21.683366775512695 -50.519229888916016 0
endloop
endfacet
facet normal 0 0 -1
outer loop
vertex -21.511159896850586 -50.92348098754883 0
vertex -21.511159896850586 -50.55348205566406 0
vertex -21.338951110839844 -50.95773696899414 0
endloop
endfacet
facet normal 0 0 -1
outer loop
vertex -21.683366775512695 -50.519229888916016 0
vertex -21.683366775512695 -50.95773696899414 0
vertex -21.829357147216797 -50.42168045043945 0
endloop
endfacet
facet normal 0 0 -1
outer loop
vertex -21.683366775512695 -50.95773696899414 0
vertex -21.683366775512695 -50.519229888916016 0
vertex -21.511159896850586 -50.92348098754883 0
endloop
endfacet
facet normal 0 0 -1
outer loop
vertex -21.829357147216797 -50.42168045043945 0
vertex -21.829357147216797 -51.0552864074707 0
vertex -21.926904678344727 -50.275691986083984 0
endloop
endfacet
facet normal 0 0 -1
outer loop
vertex -21.926904678344727 -50.275691986083984 0
vertex -21.961158752441406 -51.37348175048828 0
vertex -21.961158752441406 -50.10348129272461 0
endloop
endfacet
facet normal 0 0 -1
outer loop
vertex -21.829357147216797 -51.0552864074707 0
vertex -21.829357147216797 -50.42168045043945 0
vertex -21.683366775512695 -50.95773696899414 0
endloop
endfacet
facet normal 0 0 -1
outer loop
vertex -21.926904678344727 -51.20127487182617 0
vertex -21.926904678344727 -50.275691986083984 0
vertex -21.829357147216797 -51.0552864074707 0
endloop
endfacet
facet normal 0 0 -1
outer loop
vertex -0.6611594557762146 -8.698482513427734 0
vertex 3.888840436935425 -7.998482704162598 0
vertex 3.888840436935425 -8.698482513427734 0
endloop
endfacet
facet normal 0 0 -1
outer loop
vertex 3.888840436935425 -7.998482704162598 0
vertex -0.6611594557762146 -8.698482513427734 0
vertex 3.888840436935425 -4.498482704162598 0
endloop
endfacet
facet normal 0 0 -1
outer loop
vertex -0.6611594557762146 -3.798482656478882 0
vertex 3.888840436935425 -3.798482656478882 0
vertex -0.6611594557762146 -8.698482513427734 0
endloop
endfacet
facet normal 0 0 -1
outer loop
vertex 3.888840436935425 -4.498482704162598 0
vertex -0.6611594557762146 -8.698482513427734 0
vertex 3.888840436935425 -3.798482656478882 0
endloop
endfacet
facet normal 0 0 -1
outer loop
vertex 3.888840436935425 -7.998482704162598 0
vertex 8.888840675354004 -4.498482704162598 0
vertex 8.888840675354004 -7.998482704162598 0
endloop
endfacet
facet normal 0 0 -1
outer loop
vertex 8.888840675354004 -4.498482704162598 0
vertex 3.888840436935425 -7.998482704162598 0
vertex 3.888840436935425 -4.498482704162598 0
endloop
endfacet
facet normal 0 0 -1
outer loop
vertex 19.58884048461914 -24.555177688598633 0
vertex 13.438840866088867 -8.698482513427734 0
vertex 13.438840866088867 -3.798482656478882 0
endloop
endfacet
facet normal 0 0 -1
outer loop
vertex 19.58884048461914 -24.555177688598633 0
vertex 13.438840866088867 -3.798482656478882 0
vertex 19.58884048461914 -5.555178165435791 0
endloop
endfacet
facet normal 0.5555692287757861 0.8314702833159332 0
outer loop
vertex 10.066679954528809 26.134180068969727 0
vertex 13.202181816101074 24.03911018371582 5
vertex 13.202181816101074 24.03911018371582 0
endloop
endfacet
facet normal 0.03271857244017884 0.9994646041843986 0
outer loop
vertex 13.60175895690918 24.026029586791992 0
vertex 13.202181816101074 24.03911018371582 0
vertex 13.60175895690918 24.026029586791992 5
endloop
endfacet
facet normal 0 0 -1
outer loop
vertex 8.888840675354004 -8.698482513427734 0
vertex 8.888840675354004 -7.998482704162598 0
vertex 13.438840866088867 -8.698482513427734 0
endloop
endfacet
facet normal 0 0 -1
outer loop
vertex 13.438840866088867 -3.798482656478882 0
vertex 13.438840866088867 -8.698482513427734 0
vertex 8.888840675354004 -7.998482704162598 0
endloop
endfacet
facet normal 0 0 -1
outer loop
vertex 13.438840866088867 -3.798482656478882 0
vertex 8.888840675354004 -7.998482704162598 0
vertex 8.888840675354004 -4.498482704162598 0
endloop
endfacet
facet normal 0 0 -1
outer loop
vertex 13.438840866088867 -3.798482656478882 0
vertex 8.888840675354004 -4.498482704162598 0
vertex 8.888840675354004 -3.798482656478882 0
endloop
endfacet
facet normal 0 0 -1
outer loop
vertex -76.6611557006836 -22.79848289489746 0
vertex -82.8111572265625 -10.61058521270752 0
vertex -76.6611557006836 -8.698482513427734 0
endloop
endfacet
facet normal 0 0 -1
outer loop
vertex 20.888839721679688 -5.555178165435791 0
vertex 19.58884048461914 -5.555178165435791 0
vertex 20.888839721679688 -5.3548903465271 0
endloop
endfacet
facet normal 0 0 -1
outer loop
vertex -76.6611557006836 -8.698482513427734 0
vertex -82.8111572265625 -10.61058521270752 0
vertex -82.8111572265625 8.38941478729248 0
endloop
endfacet
facet normal 0 0 -1
outer loop
vertex -76.6611557006836 -3.798482656478882 0
vertex -72.11116027832031 -4.498482704162598 0
vertex -76.6611557006836 -8.698482513427734 0
endloop
endfacet
facet normal 0 0 -1
outer loop
vertex -21.961158752441406 -51.37348175048828 0
vertex -21.926904678344727 -50.275691986083984 0
vertex -21.926904678344727 -51.20127487182617 0
endloop
endfacet
facet normal 0 0 -1
outer loop
vertex -21.511159896850586 -49.28348159790039 0
vertex -29.111160278320312 -49.62348175048828 0
vertex -21.683366775512695 -49.249229431152344 0
endloop
endfacet
facet normal 0 0 -1
outer loop
vertex -29.111160278320312 -49.62348175048828 0
vertex -24.561159133911133 -48.92348098754883 0
vertex -21.683366775512695 -49.249229431152344 0
endloop
endfacet
facet normal 0 0 -1
outer loop
vertex -21.683366775512695 -49.68773651123047 0
vertex -29.111160278320312 -49.62348175048828 0
vertex -21.511159896850586 -49.28348159790039 0
endloop
endfacet
facet normal 0 0 -1
outer loop
vertex -21.829357147216797 -49.78528594970703 0
vertex -29.111160278320312 -49.62348175048828 0
vertex -21.683366775512695 -49.68773651123047 0
endloop
endfacet
facet normal 0 0 -1
outer loop
vertex -21.926904678344727 -49.9312744140625 0
vertex -29.111160278320312 -49.62348175048828 0
vertex -21.829357147216797 -49.78528594970703 0
endloop
endfacet
facet normal 0 0 -1
outer loop
vertex -21.961158752441406 -50.10348129272461 0
vertex -29.111160278320312 -49.62348175048828 0
vertex -21.926904678344727 -49.9312744140625 0
endloop
endfacet
facet normal 0 0 -1
outer loop
vertex -20.65006446838379 -55.917293548583984 0
vertex -21.926904678344727 -51.54568862915039 0
vertex -21.829357147216797 -51.691680908203125 0
endloop
endfacet
facet normal 0 0 -1
outer loop
vertex -29.111160278320312 -49.62348175048828 0
vertex -29.111160278320312 -48.92348098754883 0
vertex -24.561159133911133 -48.92348098754883 0
endloop
endfacet
facet normal 0 0 -1
outer loop
vertex -21.961158752441406 -50.10348129272461 0
vertex -34.11116027832031 -49.62348175048828 0
vertex -29.111160278320312 -49.62348175048828 0
endloop
endfacet
facet normal 0 0 -1
outer loop
vertex -76.6611557006836 -8.698482513427734 0
vertex -72.11116027832031 -7.998482704162598 0
vertex -72.11116027832031 -8.698482513427734 0
endloop
endfacet
facet normal 1 0 0
outer loop
vertex 20.888839721679688 -5.555178165435791 0.20000000298023224
vertex 20.888839721679688 -5.555178165435791 0
vertex 20.888839721679688 -5.3548903465271 0
endloop
endfacet
facet normal 0 0 -1
outer loop
vertex 26.541048049926758 -4.257218837738037 0
vertex 30.444875717163086 -5.0969157218933105 0
vertex 29.479204177856445 -5.199448585510254 0
endloop
endfacet
facet normal 0 0 -1
outer loop
vertex 17.4647159576416 -63.74848175048828 0
vertex -80.6870346069336 -63.74848175048828 0
vertex -20.011159896850586 -58.02348327636719 0
endloop
endfacet
facet normal 0 0 -1
outer loop
vertex -21.961158752441406 -51.37348175048828 0
vertex -53.11116027832031 -49.62348175048828 0
vertex -21.961158752441406 -50.10348129272461 0
endloop
endfacet
facet normal 0 0 -1
outer loop
vertex -34.11116027832031 -49.62348175048828 0
vertex -38.66115951538086 -48.92348098754883 0
vertex -34.11116027832031 -48.92348098754883 0
endloop
endfacet
facet normal 0 0 -1
outer loop
vertex -21.961158752441406 -50.10348129272461 0
vertex -48.11116027832031 -49.62348175048828 0
vertex -34.11116027832031 -49.62348175048828 0
endloop
endfacet
facet normal 0 0 -1
outer loop
vertex -48.11116027832031 -49.62348175048828 0
vertex -38.66115951538086 -48.92348098754883 0
vertex -34.11116027832031 -49.62348175048828 0
endloop
endfacet
facet normal 0 0 -1
outer loop
vertex -53.11116027832031 -49.62348175048828 0
vertex -48.11116027832031 -49.62348175048828 0
vertex -21.961158752441406 -50.10348129272461 0
endloop
endfacet
facet normal 0 0 -1
outer loop
vertex -21.926904678344727 -51.54568862915039 0
vertex -80.6870346069336 -63.74848175048828 0
vertex -21.961158752441406 -51.37348175048828 0
endloop
endfacet
facet normal 0 0 -1
outer loop
vertex -20.65006446838379 -55.917293548583984 0
vertex -80.6870346069336 -63.74848175048828 0
vertex -21.926904678344727 -51.54568862915039 0
endloop
endfacet
facet normal 0 0 -1
outer loop
vertex -20.82433319091797 -56.06031036376953 0
vertex -80.6870346069336 -63.74848175048828 0
vertex -20.65006446838379 -55.917293548583984 0
endloop
endfacet
facet normal 0 0 -1
outer loop
vertex -20.967350006103516 -56.23457717895508 0
vertex -80.6870346069336 -63.74848175048828 0
vertex -20.82433319091797 -56.06031036376953 0
endloop
endfacet
facet normal 0 0 -1
outer loop
vertex -21.07362174987793 -56.43339538574219 0
vertex -80.6870346069336 -63.74848175048828 0
vertex -20.967350006103516 -56.23457717895508 0
endloop
endfacet
facet normal 0 0 -1
outer loop
vertex -21.139062881469727 -56.64912796020508 0
vertex -80.6870346069336 -63.74848175048828 0
vertex -21.07362174987793 -56.43339538574219 0
endloop
endfacet
facet normal 0 0 -1
outer loop
vertex -80.6870346069336 -63.74848175048828 0
vertex -20.23551368713379 -58.00138473510742 0
vertex -20.011159896850586 -58.02348327636719 0
endloop
endfacet
facet normal 0 0 -1
outer loop
vertex -80.6870346069336 -63.74848175048828 0
vertex -20.45124626159668 -57.935943603515625 0
vertex -20.23551368713379 -58.00138473510742 0
endloop
endfacet
facet normal 1 0 0
outer loop
vertex 21.58884048461914 -24.555177688598633 0.20000000298023224
vertex 21.58884048461914 -6.055178165435791 0.20000000298023224
vertex 21.58884048461914 -6.055178165435791 4.5
endloop
endfacet
facet normal 1 0 0
outer loop
vertex 20.888839721679688 -5.555178165435791 0.20000000298023224
vertex 20.888839721679688 -5.3548903465271 0
vertex 20.888839721679688 -6.055178165435791 4.5
endloop
endfacet
facet normal 0 1 0
outer loop
vertex 21.58884048461914 -6.055178165435791 0.20000000298023224
vertex 20.888839721679688 -6.055178165435791 0.20000000298023224
vertex 21.58884048461914 -6.055178165435791 4.5
endloop
endfacet
facet normal 1 0 0
outer loop
vertex 20.888839721679688 -6.055178165435791 0.20000000298023224
vertex 20.888839721679688 -5.555178165435791 0.20000000298023224
vertex 20.888839721679688 -6.055178165435791 4.5
endloop
endfacet
facet normal 0.8486543017386055 -0.5289478954874101 0
outer loop
vertex 20.888839721679688 -5.3548903465271 0
vertex 21.100723266601562 -5.01494026184082 0
vertex 20.888839721679688 -5.3548903465271 5
endloop
endfacet
facet normal 0.44043077107651973 -0.8977865759126399 0
outer loop
vertex 21.100723266601562 -5.01494026184082 0
vertex 24.81777000427246 -3.191453695297241 0
vertex 21.100723266601562 -5.01494026184082 5
endloop
endfacet
facet normal -0.1011076618869209 -0.9948754900527804 0
outer loop
vertex 24.81777000427246 -3.191453695297241 0
vertex 25.216291427612305 -3.23195481300354 0
vertex 24.81777000427246 -3.191453695297241 5
endloop
endfacet
facet normal -0.6120410535739417 -0.7908259914419222 0
outer loop
vertex 25.216291427612305 -3.23195481300354 0
vertex 26.541048049926758 -4.257218837738037 0
vertex 25.216291427612305 -3.23195481300354 5
endloop
endfacet
facet normal -0.30536946093949063 -0.9522339483160244 0
outer loop
vertex 26.541048049926758 -4.257218837738037 0
vertex 29.479204177856445 -5.199448585510254 0
vertex 26.541048049926758 -4.257218837738037 5
endloop
endfacet
facet normal 0.10558428758524091 -0.9944103570534234 0
outer loop
vertex 29.479204177856445 -5.199448585510254 0
vertex 30.444875717163086 -5.0969157218933105 0
vertex 29.479204177856445 -5.199448585510254 5
endloop
endfacet
facet normal 0.9238799560189164 -0.38268240992560354 -1.3270679257520315e-7
outer loop
vertex 20.538686752319336 -61.16970443725586 5
vertex 20.888839721679688 -60.32435607910156 0.20000000298023224
vertex 20.831165313720703 -60.46359634399414 4.5
endloop
endfacet
facet normal 0.38268428301208823 -0.9238791801613043 0
outer loop
vertex 17.4647159576416 -63.74848175048828 5
vertex 18.310062408447266 -63.3983268737793 0
vertex 18.310062408447266 -63.3983268737793 5
endloop
endfacet
facet normal 0.7071064786007794 -0.7071070837721862 0
outer loop
vertex 18.310062408447266 -63.3983268737793 5
vertex 20.538686752319336 -61.16970443725586 0
vertex 20.538686752319336 -61.16970443725586 5
endloop
endfacet
facet normal 0 0 -1
outer loop
vertex -21.16115951538086 -56.87348175048828 0
vertex -80.6870346069336 -63.74848175048828 0
vertex -21.139062881469727 -56.64912796020508 0
endloop
endfacet
facet normal 0 0 -1
outer loop
vertex -21.139062881469727 -57.097835540771484 0
vertex -80.6870346069336 -63.74848175048828 0
vertex -21.16115951538086 -56.87348175048828 0
endloop
endfacet
facet normal 0 0 -1
outer loop
vertex -21.07362174987793 -57.313568115234375 0
vertex -80.6870346069336 -63.74848175048828 0
vertex -21.139062881469727 -57.097835540771484 0
endloop
endfacet
facet normal 0 0 -1
outer loop
vertex -20.82433319091797 -57.6866569519043 0
vertex -80.6870346069336 -63.74848175048828 0
vertex -20.967350006103516 -57.51239013671875 0
endloop
endfacet
facet normal 0 0 -1
outer loop
vertex -20.65006446838379 -57.829673767089844 0
vertex -80.6870346069336 -63.74848175048828 0
vertex -20.82433319091797 -57.6866569519043 0
endloop
endfacet
facet normal 0.9238814049559442 -0.3826789118525224 0
outer loop
vertex 20.831165313720703 -60.46359634399414 4.5
vertex 20.888839721679688 -60.32435607910156 0.20000000298023224
vertex 20.888839721679688 -60.32435607910156 4.5
endloop
endfacet
facet normal 1 0 0
outer loop
vertex 20.888839721679688 -60.32435607910156 4.5
vertex 20.888839721679688 -59.96359634399414 0.20000000298023224
vertex 20.888839721679688 -59.96359634399414 4.5
endloop
endfacet
facet normal 0 -1 0
outer loop
vertex 20.888839721679688 -59.96359634399414 4.5
vertex 21.58884048461914 -59.96359634399414 0.20000000298023224
vertex 21.58884048461914 -59.96359634399414 4.5
endloop
endfacet
facet normal 1 0 0
outer loop
vertex 21.58884048461914 -59.96359634399414 4.5
vertex 21.58884048461914 -59.96359634399414 0.20000000298023224
vertex 21.58884048461914 -41.46359634399414 4.5
endloop
endfacet
facet normal 0 0 1
outer loop
vertex -0.6611594557762146 -41.79848098754883 5
vertex -5.561159610748291 -48.92348098754883 5
vertex 17.4647159576416 -63.74848175048828 5
endloop
endfacet
facet normal 0 0 -1
outer loop
vertex -72.11116027832031 -7.998482704162598 0
vertex -76.6611557006836 -8.698482513427734 0
vertex -67.11116027832031 -4.498482704162598 0
endloop
endfacet
facet normal 0 0 -1
outer loop
vertex -67.11116027832031 -4.498482704162598 0
vertex -76.6611557006836 -8.698482513427734 0
vertex -72.11116027832031 -4.498482704162598 0
endloop
endfacet
facet normal 0 0 -1
outer loop
vertex -72.11116027832031 -4.498482704162598 0
vertex -76.6611557006836 -3.798482656478882 0
vertex -72.11116027832031 -3.798482656478882 0
endloop
endfacet
facet normal 0 0 1
outer loop
vertex 17.4647159576416 -63.74848175048828 5
vertex 18.310062408447266 -63.3983268737793 5
vertex -0.6611594557762146 -41.79848098754883 5
endloop
endfacet
facet normal 0 0 -1
outer loop
vertex -72.11116027832031 -7.998482704162598 0
vertex -67.11116027832031 -4.498482704162598 0
vertex -67.11116027832031 -7.998482704162598 0
endloop
endfacet
facet normal 0.9238799892424704 -0.38268232971661065 0
outer loop
vertex 20.538686752319336 -61.16970443725586 5
vertex 20.831165313720703 -60.46359634399414 4.5
vertex 20.831165313720703 -60.46359634399414 5
endloop
endfacet
facet normal 0 0 1
outer loop
vertex 18.310062408447266 -63.3983268737793 5
vertex 20.538686752319336 -61.16970443725586 5
vertex 19.58884048461914 -60.46359634399414 5
endloop
endfacet
facet normal 0 0 1
outer loop
vertex 20.831165313720703 -60.46359634399414 5
vertex 19.58884048461914 -60.46359634399414 5
vertex 20.538686752319336 -61.16970443725586 5
endloop
endfacet
facet normal 0 0 -1
outer loop
vertex -67.11116027832031 -8.698482513427734 0
vertex -67.11116027832031 -7.998482704162598 0
vertex -62.561161041259766 -8.698482513427734 0
endloop
endfacet
facet normal 0 0 1
outer loop
vertex -0.6611594557762146 -41.79848098754883 5
vertex 18.310062408447266 -63.3983268737793 5
vertex 19.58884048461914 -60.46359634399414 5
endloop
endfacet
facet normal 0 0 -1
outer loop
vertex -62.561161041259766 -8.698482513427734 0
vertex -67.11116027832031 -7.998482704162598 0
vertex -62.561161041259766 -3.798482656478882 0
endloop
endfacet
facet normal 0 0 -1
outer loop
vertex -80.6870346069336 -63.74848175048828 0
vertex -20.65006446838379 -57.829673767089844 0
vertex -20.45124626159668 -57.935943603515625 0
endloop
endfacet
facet normal 0 0 -1
outer loop
vertex -80.6870346069336 -63.74848175048828 0
vertex -21.07362174987793 -57.313568115234375 0
vertex -20.967350006103516 -57.51239013671875 0
endloop
endfacet
facet normal 0 0 -1
outer loop
vertex 39.144142150878906 24.91158103942871 0
vertex 37.47536087036133 29.201995849609375 0
vertex 39.750362396240234 25.261581420898438 0
endloop
endfacet
facet normal 0 0 -1
outer loop
vertex 39.144142150878906 24.91158103942871 0
vertex 34.35332107543945 24.661996841430664 0
vertex 37.47536087036133 29.201995849609375 0
endloop
endfacet
facet normal 0 0 1
outer loop
vertex 13.438840866088867 -41.79848098754883 5
vertex -0.6611594557762146 -41.79848098754883 5
vertex 19.58884048461914 -60.46359634399414 5
endloop
endfacet
facet normal 0 0 1
outer loop
vertex 13.438840866088867 -41.79848098754883 5
vertex 19.58884048461914 -60.46359634399414 5
vertex 19.58884048461914 -41.46359634399414 5
endloop
endfacet
facet normal 0 0 -1
outer loop
vertex 41.644142150878906 20.581453323364258 0
vertex 37.23453903198242 21.07158088684082 0
vertex 39.144142150878906 24.91158103942871 0
endloop
endfacet
facet normal 0 0 1
outer loop
vertex 13.438840866088867 -27.698482513427734 5
vertex 13.438840866088867 -41.79848098754883 5
vertex 19.58884048461914 -41.46359634399414 5
endloop
endfacet
facet normal 0 0 -1
outer loop
vertex 37.23453903198242 21.07158088684082 0
vertex 34.35332107543945 24.661996841430664 0
vertex 39.144142150878906 24.91158103942871 0
endloop
endfacet
facet normal 0 0 -1
outer loop
vertex 36.628318786621094 20.721580505371094 0
vertex 34.35332107543945 24.661996841430664 0
vertex 37.23453903198242 21.07158088684082 0
endloop
endfacet
facet normal -1 0 0
outer loop
vertex -84.8111572265625 -4.277251720428467 0.20000000298023224
vertex -84.8111572265625 -10.11058521270752 0.20000000298023224
vertex -84.8111572265625 6.089414596557617 4.5
endloop
endfacet
facet normal 0 -1 0
outer loop
vertex -84.11116027832031 -10.11058521270752 0.20000000298023224
vertex -84.8111572265625 -10.11058521270752 4.5
vertex -84.8111572265625 -10.11058521270752 0.20000000298023224
endloop
endfacet
facet normal -1 0 0
outer loop
vertex -84.11116027832031 -10.11058521270752 0.20000000298023224
vertex -84.11116027832031 -10.61058521270752 0.20000000298023224
vertex -84.11116027832031 -10.61058521270752 4.5
endloop
endfacet
facet normal -1 0 0
outer loop
vertex -84.11116027832031 -10.61058521270752 0.20000000298023224
vertex -84.11116027832031 -16.537090301513672 0.20000000298023224
vertex -84.11116027832031 -10.61058521270752 4.5
endloop
endfacet
facet normal -1 0 0
outer loop
vertex -84.11116027832031 -16.537090301513672 0.20000000298023224
vertex -84.11116027832031 -17.037090301513672 0.20000000298023224
vertex -84.11116027832031 -10.61058521270752 4.5
endloop
endfacet
facet normal 0 1 0
outer loop
vertex -84.11116027832031 -17.037090301513672 0.20000000298023224
vertex -84.8111572265625 -17.037090301513672 0.20000000298023224
vertex -84.11116027832031 -17.037090301513672 4.5
endloop
endfacet
facet normal -1 0 0
outer loop
vertex -84.8111572265625 -17.037090301513672 0.20000000298023224
vertex -84.8111572265625 -34.31708908081055 0.20000000298023224
vertex -84.8111572265625 -17.037090301513672 4.5
endloop
endfacet
facet normal 0 0 -1
outer loop
vertex -43.561161041259766 -15.823482513427734 0
vertex -48.11116027832031 -11.623482704162598 0
vertex -43.561161041259766 -10.923482894897461 0
endloop
endfacet
facet normal 0 0 -1
outer loop
vertex -48.11116027832031 -11.623482704162598 0
vertex -48.11116027832031 -10.923482894897461 0
vertex -43.561161041259766 -10.923482894897461 0
endloop
endfacet
facet normal 0 0 -1
outer loop
vertex -43.561161041259766 -15.823482513427734 0
vertex -48.11116027832031 -15.123482704162598 0
vertex -48.11116027832031 -11.623482704162598 0
endloop
endfacet
facet normal 0 0 -1
outer loop
vertex -48.11116027832031 -15.823482513427734 0
vertex -48.11116027832031 -15.123482704162598 0
vertex -43.561161041259766 -15.823482513427734 0
endloop
endfacet
facet normal 0 0 -1
outer loop
vertex -48.11116027832031 -15.123482704162598 0
vertex -53.11116027832031 -11.623482704162598 0
vertex -48.11116027832031 -11.623482704162598 0
endloop
endfacet
facet normal 0 0 -1
outer loop
vertex -53.11116027832031 -15.123482704162598 0
vertex -53.11116027832031 -11.623482704162598 0
vertex -48.11116027832031 -15.123482704162598 0
endloop
endfacet
facet normal 0 0 -1
outer loop
vertex -57.66115951538086 3.1765174865722656 0
vertex -62.561161041259766 -8.698482513427734 0
vertex -62.561161041259766 -3.798482656478882 0
endloop
endfacet
facet normal 0 0 -1
outer loop
vertex -62.561161041259766 -8.698482513427734 0
vertex -57.66115951538086 3.1765174865722656 0
vertex -57.66115951538086 -10.923482894897461 0
endloop
endfacet
facet normal 0 0 -1
outer loop
vertex -53.11116027832031 -11.623482704162598 0
vertex -57.66115951538086 -10.923482894897461 0
vertex -53.11116027832031 -10.923482894897461 0
endloop
endfacet
facet normal 0 0 -1
outer loop
vertex -53.11116027832031 -11.623482704162598 0
vertex -57.66115951538086 -15.823482513427734 0
vertex -57.66115951538086 -10.923482894897461 0
endloop
endfacet
facet normal 1 0 0
outer loop
vertex 21.58884048461914 -41.46359634399414 4.5
vertex 21.58884048461914 -24.555177688598633 0.20000000298023224
vertex 21.58884048461914 -24.555177688598633 4.5
endloop
endfacet
facet normal 1 0 0
outer loop
vertex 21.58884048461914 -24.555177688598633 4.5
vertex 21.58884048461914 -24.555177688598633 0.20000000298023224
vertex 21.58884048461914 -6.055178165435791 4.5
endloop
endfacet
facet normal 1 0 0
outer loop
vertex 20.888839721679688 -6.055178165435791 4.5
vertex 20.888839721679688 -5.3548903465271 0
vertex 20.888839721679688 -5.555178165435791 4.5
endloop
endfacet
facet normal 0 1 0
outer loop
vertex 21.58884048461914 -6.055178165435791 4.5
vertex 20.888839721679688 -6.055178165435791 0.20000000298023224
vertex 20.888839721679688 -6.055178165435791 4.5
endloop
endfacet
facet normal 1 0 0
outer loop
vertex 20.888839721679688 -5.555178165435791 4.5
vertex 20.888839721679688 -5.3548903465271 0
vertex 20.888839721679688 -5.3548903465271 5
endloop
endfacet
facet normal 0.8486543017386055 -0.5289478954874101 0
outer loop
vertex 20.888839721679688 -5.3548903465271 5
vertex 21.100723266601562 -5.01494026184082 0
vertex 21.100723266601562 -5.01494026184082 5
endloop
endfacet
facet normal 0.44043077107651973 -0.8977865759126399 0
outer loop
vertex 21.100723266601562 -5.01494026184082 5
vertex 24.81777000427246 -3.191453695297241 0
vertex 24.81777000427246 -3.191453695297241 5
endloop
endfacet
facet normal -0.6120410535739417 -0.7908259914419222 0
outer loop
vertex 25.216291427612305 -3.23195481300354 5
vertex 26.541048049926758 -4.257218837738037 0
vertex 26.541048049926758 -4.257218837738037 5
endloop
endfacet
facet normal -0.1011076618869209 -0.9948754900527804 0
outer loop
vertex 24.81777000427246 -3.191453695297241 5
vertex 25.216291427612305 -3.23195481300354 0
vertex 25.216291427612305 -3.23195481300354 5
endloop
endfacet
facet normal -0.30536946093949063 -0.9522339483160244 0
outer loop
vertex 26.541048049926758 -4.257218837738037 5
vertex 29.479204177856445 -5.199448585510254 0
vertex 29.479204177856445 -5.199448585510254 5
endloop
endfacet
facet normal 0.10558428758524091 -0.9944103570534234 0
outer loop
vertex 29.479204177856445 -5.199448585510254 5
vertex 30.444875717163086 -5.0969157218933105 0
vertex 30.444875717163086 -5.0969157218933105 5
endloop
endfacet
facet normal 0 0 -1
outer loop
vertex -53.11116027832031 -15.123482704162598 0
vertex -57.66115951538086 -15.823482513427734 0
vertex -53.11116027832031 -11.623482704162598 0
endloop
endfacet
facet normal 0 0 -1
outer loop
vertex -57.66115951538086 -15.823482513427734 0
vertex -53.11116027832031 -15.123482704162598 0
vertex -53.11116027832031 -15.823482513427734 0
endloop
endfacet
facet normal 0 0 -1
outer loop
vertex -57.66115951538086 -10.923482894897461 0
vertex -62.561161041259766 -22.79848289489746 0
vertex -62.561161041259766 -8.698482513427734 0
endloop
endfacet
facet normal 0 0 1
outer loop
vertex -5.561159610748291 -21.65594482421875 5
vertex -0.6611594557762146 -27.698482513427734 5
vertex 13.438840866088867 -27.698482513427734 5
endloop
endfacet
facet normal 0 0 -1
outer loop
vertex -43.561161041259766 -34.823482513427734 0
vertex -48.11116027832031 -30.62348175048828 0
vertex -43.561161041259766 -29.92348289489746 0
endloop
endfacet
facet normal 0 0 1
outer loop
vertex -5.561159610748291 -21.65594482421875 5
vertex 13.438840866088867 -27.698482513427734 5
vertex -0.6611594557762146 -22.79848289489746 5
endloop
endfacet
facet normal 0 0 1
outer loop
vertex 13.438840866088867 -22.79848289489746 5
vertex -0.6611594557762146 -22.79848289489746 5
vertex 13.438840866088867 -27.698482513427734 5
endloop
endfacet
facet normal 0 0 -1
outer loop
vertex 37.23453903198242 21.07158088684082 0
vertex 41.644142150878906 20.581453323364258 0
vertex 39.73453903198242 16.741453170776367 0
endloop
endfacet
facet normal 0 0 1
outer loop
vertex 13.438840866088867 -27.698482513427734 5
vertex 19.58884048461914 -41.46359634399414 5
vertex 13.438840866088867 -22.79848289489746 5
endloop
endfacet
facet normal 0 0 1
outer loop
vertex 13.438840866088867 -22.79848289489746 5
vertex 19.58884048461914 -41.46359634399414 5
vertex 19.58884048461914 -24.555177688598633 5
endloop
endfacet
facet normal 0 0 -1
outer loop
vertex 41.4033203125 12.451038360595703 0
vertex 39.73453903198242 16.741453170776367 0
vertex 44.525360107421875 16.991037368774414 0
endloop
endfacet
facet normal 0 0 -1
outer loop
vertex 41.4033203125 12.451038360595703 0
vertex 39.128318786621094 16.391454696655273 0
vertex 39.73453903198242 16.741453170776367 0
endloop
endfacet
facet normal 0 0 -1
outer loop
vertex -48.11116027832031 -30.62348175048828 0
vertex -48.11116027832031 -29.92348289489746 0
vertex -43.561161041259766 -29.92348289489746 0
endloop
endfacet
facet normal 0 0 -1
outer loop
vertex -48.11116027832031 -30.62348175048828 0
vertex -48.11116027832031 -34.12348175048828 0
vertex -53.11116027832031 -30.62348175048828 0
endloop
endfacet
facet normal 0 0 -1
outer loop
vertex -48.11116027832031 -34.12348175048828 0
vertex -53.11116027832031 -34.12348175048828 0
vertex -53.11116027832031 -30.62348175048828 0
endloop
endfacet
facet normal 0 0 -1
outer loop
vertex -57.66115951538086 -15.823482513427734 0
vertex -62.561161041259766 -27.698482513427734 0
vertex -57.66115951538086 -10.923482894897461 0
endloop
endfacet
facet normal 0 0 1
outer loop
vertex -0.6611594557762146 -3.798482656478882 5
vertex -0.6611594557762146 -8.698482513427734 5
vertex 13.438840866088867 -8.698482513427734 5
endloop
endfacet
facet normal 0 0 1
outer loop
vertex 13.438840866088867 -3.798482656478882 5
vertex -0.6611594557762146 -3.798482656478882 5
vertex 13.438840866088867 -8.698482513427734 5
endloop
endfacet
facet normal 0 0 -1
outer loop
vertex 22.14236068725586 17.611995697021484 0
vertex 26.504104614257812 32.50351333618164 0
vertex 34.35332107543945 24.661996841430664 0
endloop
endfacet
facet normal 0 0 -1
outer loop
vertex 25.61246109008789 31.012371063232422 0
vertex 26.504104614257812 32.50351333618164 0
vertex 22.14236068725586 17.611995697021484 0
endloop
endfacet
facet normal 0 0 1
outer loop
vertex 13.438840866088867 -8.698482513427734 5
vertex 13.438840866088867 -22.79848289489746 5
vertex 19.58884048461914 -5.555178165435791 5
endloop
endfacet
facet normal 0 0 1
outer loop
vertex 19.58884048461914 -5.555178165435791 5
vertex 13.438840866088867 -22.79848289489746 5
vertex 19.58884048461914 -24.555177688598633 5
endloop
endfacet
facet normal 0 0 -1
outer loop
vertex 25.485023498535156 30.886871337890625 0
vertex 25.61246109008789 31.012371063232422 0
vertex 22.14236068725586 17.611995697021484 0
endloop
endfacet
facet normal 0 0 -1
outer loop
vertex 23.81114387512207 13.32158088684082 0
vertex 22.14236068725586 17.611995697021484 0
vertex 24.417362213134766 13.671581268310547 0
endloop
endfacet
facet normal 0 0 1
outer loop
vertex 13.438840866088867 -3.798482656478882 5
vertex 13.438840866088867 -8.698482513427734 5
vertex 19.58884048461914 -5.555178165435791 5
endloop
endfacet
facet normal 0 0 -1
outer loop
vertex -62.561161041259766 -3.798482656478882 0
vertex -67.11116027832031 -7.998482704162598 0
vertex -67.11116027832031 -4.498482704162598 0
endloop
endfacet
facet normal 0 0 1
outer loop
vertex 13.438840866088867 -3.798482656478882 5
vertex 19.58884048461914 -5.555178165435791 5
vertex 20.888839721679688 -5.555178165435791 5
endloop
endfacet
facet normal 0 0 1
outer loop
vertex 20.888839721679688 -5.555178165435791 5
vertex 20.888839721679688 -5.3548903465271 5
vertex 13.438840866088867 -3.798482656478882 5
endloop
endfacet
facet normal 0 0 1
outer loop
vertex 20.888839721679688 -5.3548903465271 5
vertex 21.100723266601562 -5.01494026184082 5
vertex 13.438840866088867 -3.798482656478882 5
endloop
endfacet
facet normal 0 0 -1
outer loop
vertex -62.561161041259766 -3.798482656478882 0
vertex -67.11116027832031 -4.498482704162598 0
vertex -67.11116027832031 -3.798482656478882 0
endloop
endfacet
facet normal 0 0 -1
outer loop
vertex -57.66115951538086 -34.823482513427734 0
vertex -62.561161041259766 -27.698482513427734 0
vertex -57.66115951538086 -29.92348289489746 0
endloop
endfacet
facet normal 1 0 0
outer loop
vertex 20.888839721679688 -5.555178165435791 5
vertex 20.888839721679688 -5.555178165435791 4.5
vertex 20.888839721679688 -5.3548903465271 5
endloop
endfacet
facet normal 0 0 1
outer loop
vertex 26.541048049926758 -4.257218837738037 5
vertex 29.479204177856445 -5.199448585510254 5
vertex 30.444875717163086 -5.0969157218933105 5
endloop
endfacet
facet normal 0 0 -1
outer loop
vertex -2.129612684249878 14.966997146606445 0
vertex 3.888840436935425 11.001517295837402 0
vertex -0.6611594557762146 10.301517486572266 0
endloop
endfacet
facet normal 0 0 -1
outer loop
vertex -0.6611594557762146 10.301517486572266 0
vertex 3.888840436935425 11.001517295837402 0
vertex 3.888840436935425 10.301517486572266 0
endloop
endfacet
facet normal 0 0 -1
outer loop
vertex 19.58884048461914 -5.555178165435791 0
vertex 13.438840866088867 -3.798482656478882 0
vertex 13.438840866088867 10.301517486572266 0
endloop
endfacet
facet normal 0 0 -1
outer loop
vertex 20.888839721679688 -5.3548903465271 0
vertex 19.58884048461914 -5.555178165435791 0
vertex 13.438840866088867 10.301517486572266 0
endloop
endfacet
facet normal 0 0 -1
outer loop
vertex 21.100723266601562 -5.01494026184082 0
vertex 20.888839721679688 -5.3548903465271 0
vertex 13.438840866088867 10.301517486572266 0
endloop
endfacet
facet normal 0 0 -1
outer loop
vertex 8.888840675354004 11.001517295837402 0
vertex 13.438840866088867 10.301517486572266 0
vertex 8.888840675354004 10.301517486572266 0
endloop
endfacet
facet normal 0 0 -1
outer loop
vertex 10.066679954528809 26.134180068969727 0
vertex 21.100723266601562 -5.01494026184082 0
vertex 13.438840866088867 10.301517486572266 0
endloop
endfacet
facet normal 0 0 -1
outer loop
vertex 21.100723266601562 -5.01494026184082 0
vertex 13.60175895690918 24.026029586791992 0
vertex 22.14236068725586 17.611995697021484 0
endloop
endfacet
facet normal 0 0 -1
outer loop
vertex -62.561161041259766 -27.698482513427734 0
vertex -62.561161041259766 -22.79848289489746 0
vertex -57.66115951538086 -10.923482894897461 0
endloop
endfacet
facet normal 0 0 -1
outer loop
vertex -57.66115951538086 -29.92348289489746 0
vertex -62.561161041259766 -27.698482513427734 0
vertex -57.66115951538086 -15.823482513427734 0
endloop
endfacet
facet normal 0 0 -1
outer loop
vertex -53.11116027832031 -30.62348175048828 0
vertex -57.66115951538086 -29.92348289489746 0
vertex -53.11116027832031 -29.92348289489746 0
endloop
endfacet
facet normal 0 0 -1
outer loop
vertex -53.11116027832031 -34.12348175048828 0
vertex -57.66115951538086 -29.92348289489746 0
vertex -53.11116027832031 -30.62348175048828 0
endloop
endfacet
facet normal 0 0 -1
outer loop
vertex -53.11116027832031 -34.12348175048828 0
vertex -57.66115951538086 -34.823482513427734 0
vertex -57.66115951538086 -29.92348289489746 0
endloop
endfacet
facet normal 0 0 -1
outer loop
vertex 3.888840436935425 11.001517295837402 0
vertex -2.129612684249878 14.966997146606445 0
vertex 0.48015275597572327 15.666281700134277 0
endloop
endfacet
facet normal 0 0 -1
outer loop
vertex 3.888840436935425 11.001517295837402 0
vertex 0.48015275597572327 15.666281700134277 0
vertex 2.9288406372070312 16.808124542236328 0
endloop
endfacet
facet normal 0 0 -1
outer loop
vertex 2.9288406372070312 16.808124542236328 0
vertex 5.142048358917236 18.35782814025879 0
vertex 3.888840436935425 11.001517295837402 0
endloop
endfacet
facet normal 0 0 -1
outer loop
vertex 8.888840675354004 11.001517295837402 0
vertex 3.888840436935425 11.001517295837402 0
vertex 5.142048358917236 18.35782814025879 0
endloop
endfacet
facet normal 0 0 -1
outer loop
vertex 13.438840866088867 10.301517486572266 0
vertex 8.888840675354004 11.001517295837402 0
vertex 7.052529335021973 20.268308639526367 0
endloop
endfacet
facet normal 0 0 -1
outer loop
vertex 7.052529335021973 20.268308639526367 0
vertex 8.888840675354004 11.001517295837402 0
vertex 5.142048358917236 18.35782814025879 0
endloop
endfacet
facet normal 0 0 -1
outer loop
vertex 13.438840866088867 10.301517486572266 0
vertex 7.052529335021973 20.268308639526367 0
vertex 8.60223388671875 22.481517791748047 0
endloop
endfacet
facet normal 0 0 -1
outer loop
vertex 21.100723266601562 -5.01494026184082 0
vertex 10.066679954528809 26.134180068969727 0
vertex 13.202181816101074 24.03911018371582 0
endloop
endfacet
facet normal 0 0 -1
outer loop
vertex 8.60223388671875 22.481517791748047 0
vertex 9.744075775146484 24.930204391479492 0
vertex 13.438840866088867 10.301517486572266 0
endloop
endfacet
facet normal 0 0 -1
outer loop
vertex 13.60175895690918 24.026029586791992 0
vertex 21.100723266601562 -5.01494026184082 0
vertex 13.202181816101074 24.03911018371582 0
endloop
endfacet
facet normal 0 0 -1
outer loop
vertex 9.744075775146484 24.930204391479492 0
vertex 10.066679954528809 26.134180068969727 0
vertex 13.438840866088867 10.301517486572266 0
endloop
endfacet
facet normal 0 0 -1
outer loop
vertex 22.14236068725586 17.611995697021484 0
vertex 13.60175895690918 24.026029586791992 0
vertex 25.485023498535156 30.886871337890625 0
endloop
endfacet
facet normal 0 0 -1
outer loop
vertex 24.81777000427246 -3.191453695297241 0
vertex 21.100723266601562 -5.01494026184082 0
vertex 26.31114387512207 8.991454124450684 0
endloop
endfacet
facet normal 0 0 -1
outer loop
vertex 24.81777000427246 -3.191453695297241 0
vertex 26.31114387512207 8.991454124450684 0
vertex 29.19236183166504 5.40103816986084 0
endloop
endfacet
facet normal 0 0 -1
outer loop
vertex 21.100723266601562 -5.01494026184082 0
vertex 22.14236068725586 17.611995697021484 0
vertex 23.81114387512207 13.32158088684082 0
endloop
endfacet
facet normal 0 0 -1
outer loop
vertex 26.31114387512207 8.991454124450684 0
vertex 21.100723266601562 -5.01494026184082 0
vertex 23.81114387512207 13.32158088684082 0
endloop
endfacet
facet normal 0 0 -1
outer loop
vertex 26.31114387512207 8.991454124450684 0
vertex 26.917362213134766 9.341453552246094 0
vertex 29.19236183166504 5.40103816986084 0
endloop
endfacet
facet normal 0 0 -1
outer loop
vertex -21.511159896850586 -42.9334831237793 0
vertex -21.511159896850586 -43.30348205566406 0
vertex -21.683366775512695 -42.899227142333984 0
endloop
endfacet
facet normal 0 0 1
outer loop
vertex 21.58884048461914 -41.46359634399414 4.5
vertex 20.888839721679688 -59.96359634399414 4.5
vertex 21.58884048461914 -59.96359634399414 4.5
endloop
endfacet
facet normal 1 0 0
outer loop
vertex 19.58884048461914 -41.46359634399414 5
vertex 19.58884048461914 -60.46359634399414 4.5
vertex 19.58884048461914 -41.46359634399414 4.5
endloop
endfacet
facet normal 0 0 1
outer loop
vertex 19.58884048461914 -60.46359634399414 4.5
vertex 21.58884048461914 -41.46359634399414 4.5
vertex 19.58884048461914 -41.46359634399414 4.5
endloop
endfacet
facet normal 1 0 0
outer loop
vertex 19.58884048461914 -60.46359634399414 5
vertex 19.58884048461914 -60.46359634399414 4.5
vertex 19.58884048461914 -41.46359634399414 5
endloop
endfacet
facet normal 0 0 1
outer loop
vertex 20.888839721679688 -59.96359634399414 4.5
vertex 21.58884048461914 -41.46359634399414 4.5
vertex 19.58884048461914 -60.46359634399414 4.5
endloop
endfacet
facet normal 0 1 0
outer loop
vertex 19.58884048461914 -60.46359634399414 5
vertex 20.831165313720703 -60.46359634399414 5
vertex 20.831165313720703 -60.46359634399414 4.5
endloop
endfacet
facet normal 0 1 0
outer loop
vertex 20.831165313720703 -60.46359634399414 4.5
vertex 19.58884048461914 -60.46359634399414 4.5
vertex 19.58884048461914 -60.46359634399414 5
endloop
endfacet
facet normal 0 0 1
outer loop
vertex 20.888839721679688 -60.32435607910156 4.5
vertex 20.888839721679688 -59.96359634399414 4.5
vertex 19.58884048461914 -60.46359634399414 4.5
endloop
endfacet
facet normal 0 0 1
outer loop
vertex 19.58884048461914 -60.46359634399414 4.5
vertex 20.831165313720703 -60.46359634399414 4.5
vertex 20.888839721679688 -60.32435607910156 4.5
endloop
endfacet
facet normal 0 0 1
outer loop
vertex 68.41220092773438 56.993370056152344 4.5
vertex 67.2189712524414 56.46102523803711 4.5
vertex 68.59555053710938 56.67323303222656 4.5
endloop
endfacet
facet normal 0 0 1
outer loop
vertex 72.10208892822266 51.95920944213867 4.5
vertex 76.6617660522461 39.97364807128906 4.5
vertex 77.5413589477539 41.053611755371094 4.5
endloop
endfacet
facet normal 0 0 1
outer loop
vertex 72.10208892822266 51.95920944213867 4.5
vertex 77.5413589477539 41.053611755371094 4.5
vertex 78.14878845214844 41.40150451660156 4.5
endloop
endfacet
facet normal 0 0 1
outer loop
vertex 77.78985595703125 40.61973190307617 4.5
vertex 77.5413589477539 41.053611755371094 4.5
vertex 76.6617660522461 39.97364807128906 4.5
endloop
endfacet
facet normal -0.49698592330712166 0.8677586023973303 0
outer loop
vertex 77.78985595703125 40.61973190307617 4.5
vertex 76.6617660522461 39.97364807128906 4.5
vertex 76.6617660522461 39.97364807128906 5
endloop
endfacet
facet normal -0.49698592330712166 0.8677586023973303 0
outer loop
vertex 76.6617660522461 39.97364807128906 5
vertex 77.78985595703125 40.61973190307617 5
vertex 77.78985595703125 40.61973190307617 4.5
endloop
endfacet
facet normal 0 0 1
outer loop
vertex 76.6617660522461 39.97364807128906 4.5
vertex 72.10208892822266 51.95920944213867 4.5
vertex 67.2189712524414 56.46102523803711 4.5
endloop
endfacet
facet normal 0.8677567176615302 0.49698921412168234 0
outer loop
vertex 76.6617660522461 39.97364807128906 5
vertex 76.6617660522461 39.97364807128906 4.5
vertex 67.2189712524414 56.46102523803711 5
endloop
endfacet
facet normal 0 0 1
outer loop
vertex 68.41220092773438 56.993370056152344 4.5
vertex 68.30291748046875 57.08182907104492 4.5
vertex 67.2189712524414 56.46102523803711 4.5
endloop
endfacet
facet normal 0.49698720816129166 -0.8677578665296241 0
outer loop
vertex 67.2189712524414 56.46102523803711 5
vertex 67.2189712524414 56.46102523803711 4.5
vertex 68.30291748046875 57.08182907104492 5
endloop
endfacet
facet normal 0 0 1
outer loop
vertex 69.2029800415039 57.02112579345703 4.5
vertex 68.59555053710938 56.67323303222656 4.5
vertex 72.10208892822266 51.95920944213867 4.5
endloop
endfacet
facet normal 0 0 1
outer loop
vertex 68.59555053710938 56.67323303222656 4.5
vertex 67.2189712524414 56.46102523803711 4.5
vertex 72.10208892822266 51.95920944213867 4.5
endloop
endfacet
facet normal 0.8677567176615302 0.49698921412168234 0
outer loop
vertex 67.2189712524414 56.46102523803711 5
vertex 76.6617660522461 39.97364807128906 4.5
vertex 67.2189712524414 56.46102523803711 4.5
endloop
endfacet
facet normal 0.49698720816129166 -0.8677578665296241 0
outer loop
vertex 67.2189712524414 56.46102523803711 4.5
vertex 68.30291748046875 57.08182907104492 4.5
vertex 68.30291748046875 57.08182907104492 5
endloop
endfacet
facet normal 0 -1 0
outer loop
vertex -84.05348205566406 33.315921783447266 5
vertex -82.8111572265625 33.315921783447266 4.5
vertex -82.8111572265625 33.315921783447266 5
endloop
endfacet
facet normal 0 -1 0
outer loop
vertex -84.05348205566406 33.315921783447266 4.5
vertex -82.8111572265625 33.315921783447266 4.5
vertex -84.05348205566406 33.315921783447266 5
endloop
endfacet
facet normal 0 0 1
outer loop
vertex -84.05348205566406 33.315921783447266 4.5
vertex -84.11116027832031 33.17668151855469 4.5
vertex -82.8111572265625 33.315921783447266 4.5
endloop
endfacet
facet normal 0 0 1
outer loop
vertex -84.11116027832031 33.17668151855469 4.5
vertex -84.11116027832031 32.815921783447266 4.5
vertex -82.8111572265625 33.315921783447266 4.5
endloop
endfacet
facet normal 0 0 1
outer loop
vertex -84.11116027832031 32.815921783447266 4.5
vertex -84.8111572265625 20.649253845214844 4.5
vertex -82.8111572265625 33.315921783447266 4.5
endloop
endfacet
facet normal 0 0 1
outer loop
vertex -84.8111572265625 32.815921783447266 4.5
vertex -84.8111572265625 20.649253845214844 4.5
vertex -84.11116027832031 32.815921783447266 4.5
endloop
endfacet
facet normal -1 0 0
outer loop
vertex -82.8111572265625 33.315921783447266 4.5
vertex -82.8111572265625 14.315919876098633 5
vertex -82.8111572265625 33.315921783447266 5
endloop
endfacet
facet normal -1 0 0
outer loop
vertex -82.8111572265625 33.315921783447266 4.5
vertex -82.8111572265625 14.315919876098633 4.5
vertex -82.8111572265625 14.315919876098633 5
endloop
endfacet
facet normal 0 0 1
outer loop
vertex -84.8111572265625 20.649253845214844 4.5
vertex -82.8111572265625 14.315919876098633 4.5
vertex -82.8111572265625 33.315921783447266 4.5
endloop
endfacet
facet normal 0 1 0
outer loop
vertex -82.8111572265625 14.315919876098633 4.5
vertex -84.11116027832031 14.315919876098633 5
vertex -82.8111572265625 14.315919876098633 5
endloop
endfacet
facet normal 0 0 1
outer loop
vertex -84.11116027832031 14.815919876098633 4.5
vertex -82.8111572265625 14.315919876098633 4.5
vertex -84.8111572265625 20.649253845214844 4.5
endloop
endfacet
facet normal 0 0 1
outer loop
vertex -84.8111572265625 20.649253845214844 4.5
vertex -84.8111572265625 14.815919876098633 4.5
vertex -84.11116027832031 14.815919876098633 4.5
endloop
endfacet
facet normal 0 1 0
outer loop
vertex -82.8111572265625 14.315919876098633 4.5
vertex -84.11116027832031 14.315919876098633 4.5
vertex -84.11116027832031 14.315919876098633 5
endloop
endfacet
facet normal 0 0 1
outer loop
vertex -84.11116027832031 14.815919876098633 4.5
vertex -84.11116027832031 14.315919876098633 4.5
vertex -82.8111572265625 14.315919876098633 4.5
endloop
endfacet
facet normal 0 -1 0
outer loop
vertex -84.11116027832031 -41.46359634399414 4.5
vertex -82.8111572265625 -41.46359634399414 4.5
vertex -82.8111572265625 -41.46359634399414 5
endloop
endfacet
facet normal 0 0 1
outer loop
vertex -84.8111572265625 -41.96359634399414 4.5
vertex -84.8111572265625 -54.13026428222656 4.5
vertex -84.11116027832031 -41.96359634399414 4.5
endloop
endfacet
facet normal 0 0 1
outer loop
vertex -84.11116027832031 -41.96359634399414 4.5
vertex -84.8111572265625 -54.13026428222656 4.5
vertex -82.8111572265625 -41.46359634399414 4.5
endloop
endfacet
facet normal 0 0 1
outer loop
vertex -84.11116027832031 -41.46359634399414 4.5
vertex -84.11116027832031 -41.96359634399414 4.5
vertex -82.8111572265625 -41.46359634399414 4.5
endloop
endfacet
facet normal 0 0 1
outer loop
vertex -84.8111572265625 -54.13026428222656 4.5
vertex -82.8111572265625 -60.46359634399414 4.5
vertex -82.8111572265625 -41.46359634399414 4.5
endloop
endfacet
facet normal -1 0 0
outer loop
vertex -82.8111572265625 -41.46359634399414 4.5
vertex -82.8111572265625 -60.46359634399414 5
vertex -82.8111572265625 -41.46359634399414 5
endloop
endfacet
facet normal 0 -1 0
outer loop
vertex -84.11116027832031 -41.46359634399414 4.5
vertex -82.8111572265625 -41.46359634399414 5
vertex -84.11116027832031 -41.46359634399414 5
endloop
endfacet
facet normal -1 0 0
outer loop
vertex -82.8111572265625 -60.46359634399414 5
vertex -82.8111572265625 -41.46359634399414 4.5
vertex -82.8111572265625 -60.46359634399414 4.5
endloop
endfacet
facet normal 0 1 0
outer loop
vertex -82.8111572265625 -60.46359634399414 4.5
vertex -84.05348205566406 -60.46359634399414 5
vertex -82.8111572265625 -60.46359634399414 5
endloop
endfacet
facet normal 0 0 1
outer loop
vertex -84.8111572265625 -54.13026428222656 4.5
vertex -84.11116027832031 -59.96359634399414 4.5
vertex -82.8111572265625 -60.46359634399414 4.5
endloop
endfacet
facet normal 0 0 1
outer loop
vertex -84.8111572265625 -54.13026428222656 4.5
vertex -84.8111572265625 -59.96359634399414 4.5
vertex -84.11116027832031 -59.96359634399414 4.5
endloop
endfacet
facet normal 0 1 0
outer loop
vertex -82.8111572265625 -60.46359634399414 4.5
vertex -84.05348205566406 -60.46359634399414 4.5
vertex -84.05348205566406 -60.46359634399414 5
endloop
endfacet
facet normal 0 0 1
outer loop
vertex -84.11116027832031 -59.96359634399414 4.5
vertex -84.11116027832031 -60.32435607910156 4.5
vertex -82.8111572265625 -60.46359634399414 4.5
endloop
endfacet
facet normal 0 0 1
outer loop
vertex -84.11116027832031 -60.32435607910156 4.5
vertex -84.05348205566406 -60.46359634399414 4.5
vertex -82.8111572265625 -60.46359634399414 4.5
endloop
endfacet
facet normal 0 -1 0
outer loop
vertex 19.58884048461914 -5.555178165435791 5
vertex 19.58884048461914 -5.555178165435791 4.5
vertex 20.888839721679688 -5.555178165435791 5
endloop
endfacet
facet normal 0 0 1
outer loop
vertex 21.58884048461914 -6.055178165435791 4.5
vertex 20.888839721679688 -6.055178165435791 4.5
vertex 21.58884048461914 -24.555177688598633 4.5
endloop
endfacet
facet normal 0 -1 0
outer loop
vertex 19.58884048461914 -5.555178165435791 4.5
vertex 20.888839721679688 -5.555178165435791 4.5
vertex 20.888839721679688 -5.555178165435791 5
endloop
endfacet
facet normal 0 0 1
outer loop
vertex 20.888839721679688 -6.055178165435791 4.5
vertex 20.888839721679688 -5.555178165435791 4.5
vertex 19.58884048461914 -5.555178165435791 4.5
endloop
endfacet
facet normal 1 0 0
outer loop
vertex 19.58884048461914 -5.555178165435791 5
vertex 19.58884048461914 -24.555177688598633 4.5
vertex 19.58884048461914 -5.555178165435791 4.5
endloop
endfacet
facet normal 0 0 1
outer loop
vertex 19.58884048461914 -5.555178165435791 4.5
vertex 21.58884048461914 -24.555177688598633 4.5
vertex 20.888839721679688 -6.055178165435791 4.5
endloop
endfacet
facet normal 1 0 0
outer loop
vertex 19.58884048461914 -24.555177688598633 5
vertex 19.58884048461914 -24.555177688598633 4.5
vertex 19.58884048461914 -5.555178165435791 5
endloop
endfacet
facet normal 0 0 1
outer loop
vertex 19.58884048461914 -24.555177688598633 4.5
vertex 21.58884048461914 -24.555177688598633 4.5
vertex 19.58884048461914 -5.555178165435791 4.5
endloop
endfacet
facet normal 0 0 1
outer loop
vertex 19.58884048461914 -24.555177688598633 4.5
vertex 21.58884048461914 -41.46359634399414 4.5
vertex 21.58884048461914 -24.555177688598633 4.5
endloop
endfacet
facet normal 1 0 0
outer loop
vertex 19.58884048461914 -24.555177688598633 5
vertex 19.58884048461914 -41.46359634399414 4.5
vertex 19.58884048461914 -24.555177688598633 4.5
endloop
endfacet
facet normal 1 0 0
outer loop
vertex 19.58884048461914 -41.46359634399414 5
vertex 19.58884048461914 -41.46359634399414 4.5
vertex 19.58884048461914 -24.555177688598633 5
endloop
endfacet
facet normal 0 0 1
outer loop
vertex 21.58884048461914 -41.46359634399414 4.5
vertex 19.58884048461914 -24.555177688598633 4.5
vertex 19.58884048461914 -41.46359634399414 4.5
endloop
endfacet
facet normal 0 1 0
outer loop
vertex -82.8111572265625 -10.61058521270752 4.5
vertex -84.11116027832031 -10.61058521270752 4.5
vertex -84.11116027832031 -10.61058521270752 5
endloop
endfacet
facet normal 0 0 1
outer loop
vertex -84.11116027832031 -10.11058521270752 4.5
vertex -82.8111572265625 -10.61058521270752 4.5
vertex -84.8111572265625 6.089414596557617 4.5
endloop
endfacet
facet normal 0 0 1
outer loop
vertex -84.8111572265625 6.089414596557617 4.5
vertex -84.8111572265625 -10.11058521270752 4.5
vertex -84.11116027832031 -10.11058521270752 4.5
endloop
endfacet
facet normal 0 1 0
outer loop
vertex -82.8111572265625 -10.61058521270752 4.5
vertex -84.11116027832031 -10.61058521270752 5
vertex -82.8111572265625 -10.61058521270752 5
endloop
endfacet
facet normal 0 0 1
outer loop
vertex -84.8111572265625 6.089414596557617 4.5
vertex -82.8111572265625 -10.61058521270752 4.5
vertex -82.8111572265625 8.38941478729248 4.5
endloop
endfacet
facet normal -1 0 0
outer loop
vertex -82.8111572265625 8.38941478729248 4.5
vertex -82.8111572265625 -10.61058521270752 5
vertex -82.8111572265625 8.38941478729248 5
endloop
endfacet
facet normal 0 0 1
outer loop
vertex -84.8111572265625 7.8894147872924805 4.5
vertex -84.8111572265625 6.089414596557617 4.5
vertex -84.11116027832031 7.8894147872924805 4.5
endloop
endfacet
facet normal 0 0 1
outer loop
vertex -84.11116027832031 7.8894147872924805 4.5
vertex -84.8111572265625 6.089414596557617 4.5
vertex -82.8111572265625 8.38941478729248 4.5
endloop
endfacet
facet normal 0 0 1
outer loop
vertex -84.11116027832031 8.38941478729248 4.5
vertex -84.11116027832031 7.8894147872924805 4.5
vertex -82.8111572265625 8.38941478729248 4.5
endloop
endfacet
facet normal 0 -1 0
outer loop
vertex -84.11116027832031 8.38941478729248 4.5
vertex -82.8111572265625 8.38941478729248 4.5
vertex -82.8111572265625 8.38941478729248 5
endloop
endfacet
facet normal 0 -1 0
outer loop
vertex -84.11116027832031 8.38941478729248 5
vertex -84.11116027832031 8.38941478729248 4.5
vertex -82.8111572265625 8.38941478729248 5
endloop
endfacet
facet normal 0 0 1
outer loop
vertex -84.11116027832031 -10.11058521270752 4.5
vertex -84.11116027832031 -10.61058521270752 4.5
vertex -82.8111572265625 -10.61058521270752 4.5
endloop
endfacet
facet normal -1 0 0
outer loop
vertex -82.8111572265625 -10.61058521270752 4.5
vertex -82.8111572265625 -10.61058521270752 5
vertex -82.8111572265625 8.38941478729248 4.5
endloop
endfacet
facet normal 0 0 1
outer loop
vertex -84.11116027832031 -16.537090301513672 4.5
vertex -84.11116027832031 -17.037090301513672 4.5
vertex -82.8111572265625 -16.537090301513672 4.5
endloop
endfacet
facet normal 0 1 0
outer loop
vertex -82.8111572265625 -35.53709030151367 4.5
vertex -84.11116027832031 -35.53709030151367 5
vertex -82.8111572265625 -35.53709030151367 5
endloop
endfacet
facet normal 0 0 1
outer loop
vertex -84.8111572265625 -29.203758239746094 4.5
vertex -84.8111572265625 -35.03709030151367 4.5
vertex -84.11116027832031 -35.03709030151367 4.5
endloop
endfacet
facet normal 0 0 1
outer loop
vertex -84.8111572265625 -29.203758239746094 4.5
vertex -82.8111572265625 -35.53709030151367 4.5
vertex -82.8111572265625 -16.537090301513672 4.5
endloop
endfacet
facet normal -1 0 0
outer loop
vertex -82.8111572265625 -16.537090301513672 4.5
vertex -82.8111572265625 -35.53709030151367 4.5
vertex -82.8111572265625 -35.53709030151367 5
endloop
endfacet
facet normal 0 0 1
outer loop
vertex -84.8111572265625 -17.037090301513672 4.5
vertex -84.8111572265625 -29.203758239746094 4.5
vertex -84.11116027832031 -17.037090301513672 4.5
endloop
endfacet
facet normal 0 0 1
outer loop
vertex -84.11116027832031 -17.037090301513672 4.5
vertex -84.8111572265625 -29.203758239746094 4.5
vertex -82.8111572265625 -16.537090301513672 4.5
endloop
endfacet
facet normal -1 0 0
outer loop
vertex -82.8111572265625 -16.537090301513672 4.5
vertex -82.8111572265625 -35.53709030151367 5
vertex -82.8111572265625 -16.537090301513672 5
endloop
endfacet
facet normal 0 -1 0
outer loop
vertex -84.11116027832031 -16.537090301513672 5
vertex -84.11116027832031 -16.537090301513672 4.5
vertex -82.8111572265625 -16.537090301513672 5
endloop
endfacet
facet normal 0 1 0
outer loop
vertex -82.8111572265625 -35.53709030151367 4.5
vertex -84.11116027832031 -35.53709030151367 4.5
vertex -84.11116027832031 -35.53709030151367 5
endloop
endfacet
facet normal 0 0 1
outer loop
vertex -84.11116027832031 -35.03709030151367 4.5
vertex -82.8111572265625 -35.53709030151367 4.5
vertex -84.8111572265625 -29.203758239746094 4.5
endloop
endfacet
facet normal 0 0 1
outer loop
vertex -84.11116027832031 -35.03709030151367 4.5
vertex -84.11116027832031 -35.53709030151367 4.5
vertex -82.8111572265625 -35.53709030151367 4.5
endloop
endfacet
facet normal 0 -1 0
outer loop
vertex -84.11116027832031 -16.537090301513672 4.5
vertex -82.8111572265625 -16.537090301513672 4.5
vertex -82.8111572265625 -16.537090301513672 5
endloop
endfacet
facet normal -0.45447957113996257 -0.8907571607438447 0
outer loop
vertex -24.90471839904785 51.55775833129883 5
vertex -23.80180549621582 50.995033264160156 4.5
vertex -23.80180549621582 50.995033264160156 5
endloop
endfacet
facet normal -0.45447957113996257 -0.8907571607438447 0
outer loop
vertex -24.90471839904785 51.55775833129883 4.5
vertex -23.80180549621582 50.995033264160156 4.5
vertex -24.90471839904785 51.55775833129883 5
endloop
endfacet
facet normal 0 0 1
outer loop
vertex -24.90471839904785 51.55775833129883 4.5
vertex -25.02521514892578 51.45762634277344 4.5
vertex -23.80180549621582 50.995033264160156 4.5
endloop
endfacet
facet normal 0 0 1
outer loop
vertex -33.367652893066406 35.10684585571289 4.5
vertex -33.59489440917969 34.66146469116211 4.5
vertex -32.43690872192383 34.07064437866211 4.5
endloop
endfacet
facet normal 0.4544772315589029 0.8907583544343298 0
outer loop
vertex -32.43690872192383 34.07064437866211 4.5
vertex -33.59489440917969 34.66146469116211 4.5
vertex -33.59489440917969 34.66146469116211 5
endloop
endfacet
facet normal 0.4544772315589029 0.8907583544343298 0
outer loop
vertex -32.43690872192383 34.07064437866211 4.5
vertex -33.59489440917969 34.66146469116211 5
vertex -32.43690872192383 34.07064437866211 5
endloop
endfacet
facet normal 0 0 1
outer loop
vertex -31.340055465698242 40.62106704711914 4.5
vertex -33.99118423461914 35.42498016357422 4.5
vertex -33.367652893066406 35.10684585571289 4.5
endloop
endfacet
facet normal 0 0 1
outer loop
vertex -31.340055465698242 40.62106704711914 4.5
vertex -33.367652893066406 35.10684585571289 4.5
vertex -32.43690872192383 34.07064437866211 4.5
endloop
endfacet
facet normal 0 0 1
outer loop
vertex -31.340055465698242 40.62106704711914 4.5
vertex -32.43690872192383 34.07064437866211 4.5
vertex -23.80180549621582 50.995033264160156 4.5
endloop
endfacet
facet normal -0.8907573753161349 0.4544791505887926 0
outer loop
vertex -32.43690872192383 34.07064437866211 5
vertex -23.80180549621582 50.995033264160156 5
vertex -32.43690872192383 34.07064437866211 4.5
endloop
endfacet
facet normal 0 0 1
outer loop
vertex -25.81056022644043 51.458614349365234 4.5
vertex -31.340055465698242 40.62106704711914 4.5
vertex -25.187028884887695 51.140480041503906 4.5
endloop
endfacet
facet normal 0 0 1
outer loop
vertex -25.187028884887695 51.140480041503906 4.5
vertex -31.340055465698242 40.62106704711914 4.5
vertex -23.80180549621582 50.995033264160156 4.5
endloop
endfacet
facet normal -0.8907573753161349 0.4544791505887926 0
outer loop
vertex -23.80180549621582 50.995033264160156 4.5
vertex -32.43690872192383 34.07064437866211 4.5
vertex -23.80180549621582 50.995033264160156 5
endloop
endfacet
facet normal 0 0 1
outer loop
vertex -25.02521514892578 51.45762634277344 4.5
vertex -25.187028884887695 51.140480041503906 4.5
vertex -23.80180549621582 50.995033264160156 4.5
endloop
endfacet
facet normal 0 0 -1
outer loop
vertex 20.888839721679688 -60.32435607910156 0.20000000298023224
vertex 19.58884048461914 -60.46359634399414 0.20000000298023224
vertex 20.888839721679688 -59.96359634399414 0.20000000298023224
endloop
endfacet
facet normal 1 0 0
outer loop
vertex 19.58884048461914 -60.46359634399414 0.20000000298023224
vertex 19.58884048461914 -60.46359634399414 0
vertex 19.58884048461914 -41.46359634399414 0.20000000298023224
endloop
endfacet
facet normal 0 0 -1
outer loop
vertex 20.888839721679688 -59.96359634399414 0.20000000298023224
vertex 19.58884048461914 -60.46359634399414 0.20000000298023224
vertex 21.58884048461914 -41.46359634399414 0.20000000298023224
endloop
endfacet
facet normal 1 0 0
outer loop
vertex 19.58884048461914 -41.46359634399414 0.20000000298023224
vertex 19.58884048461914 -60.46359634399414 0
vertex 19.58884048461914 -41.46359634399414 0
endloop
endfacet
facet normal 0 0 -1
outer loop
vertex 20.831165313720703 -60.46359634399414 0.20000000298023224
vertex 19.58884048461914 -60.46359634399414 0.20000000298023224
vertex 20.888839721679688 -60.32435607910156 0.20000000298023224
endloop
endfacet
facet normal 0 1 0
outer loop
vertex 20.831165313720703 -60.46359634399414 0.20000000298023224
vertex 20.831165313720703 -60.46359634399414 0
vertex 19.58884048461914 -60.46359634399414 0.20000000298023224
endloop
endfacet
facet normal 0 0 -1
outer loop
vertex 21.58884048461914 -41.46359634399414 0.20000000298023224
vertex 19.58884048461914 -60.46359634399414 0.20000000298023224
vertex 19.58884048461914 -41.46359634399414 0.20000000298023224
endloop
endfacet
facet normal 0 1 0
outer loop
vertex 20.831165313720703 -60.46359634399414 0
vertex 19.58884048461914 -60.46359634399414 0
vertex 19.58884048461914 -60.46359634399414 0.20000000298023224
endloop
endfacet
facet normal 0 0 -1
outer loop
vertex 20.888839721679688 -59.96359634399414 0.20000000298023224
vertex 21.58884048461914 -41.46359634399414 0.20000000298023224
vertex 21.58884048461914 -59.96359634399414 0.20000000298023224
endloop
endfacet
facet normal 0.49698720816129166 -0.8677578665296241 0
outer loop
vertex 68.30291748046875 57.08182907104492 0
vertex 68.30291748046875 57.08182907104492 0.20000000298023224
vertex 67.2189712524414 56.46102523803711 0
endloop
endfacet
facet normal -0.4969859233071216 0.8677586023973302 0
outer loop
vertex 77.78985595703125 40.61973190307617 0
vertex 76.6617660522461 39.97364807128906 0.20000000298023224
vertex 77.78985595703125 40.61973190307617 0.20000000298023224
endloop
endfacet
facet normal 0 0 -1
outer loop
vertex 77.78985595703125 40.61973190307617 0.20000000298023224
vertex 76.6617660522461 39.97364807128906 0.20000000298023224
vertex 77.5413589477539 41.053611755371094 0.20000000298023224
endloop
endfacet
facet normal -0.4969859233071216 0.8677586023973302 0
outer loop
vertex 77.78985595703125 40.61973190307617 0
vertex 76.6617660522461 39.97364807128906 0
vertex 76.6617660522461 39.97364807128906 0.20000000298023224
endloop
endfacet
facet normal 0 0 -1
outer loop
vertex 77.5413589477539 41.053611755371094 0.20000000298023224
vertex 69.5608139038086 56.396339416503906 0.20000000298023224
vertex 78.14878845214844 41.40150451660156 0.20000000298023224
endloop
endfacet
facet normal 0 0 -1
outer loop
vertex 77.5413589477539 41.053611755371094 0.20000000298023224
vertex 76.6617660522461 39.97364807128906 0.20000000298023224
vertex 69.5608139038086 56.396339416503906 0.20000000298023224
endloop
endfacet
facet normal 0 0 -1
outer loop
vertex 68.59555053710938 56.67323303222656 0.20000000298023224
vertex 69.2029800415039 57.02112579345703 0.20000000298023224
vertex 69.5608139038086 56.396339416503906 0.20000000298023224
endloop
endfacet
facet normal 0 0 -1
outer loop
vertex 69.5608139038086 56.396339416503906 0.20000000298023224
vertex 67.2189712524414 56.46102523803711 0.20000000298023224
vertex 68.59555053710938 56.67323303222656 0.20000000298023224
endloop
endfacet
facet normal 0 0 -1
outer loop
vertex 76.6617660522461 39.97364807128906 0.20000000298023224
vertex 67.2189712524414 56.46102523803711 0.20000000298023224
vertex 69.5608139038086 56.396339416503906 0.20000000298023224
endloop
endfacet
facet normal 0.8677567176615302 0.49698921412168234 0
outer loop
vertex 67.2189712524414 56.46102523803711 0
vertex 67.2189712524414 56.46102523803711 0.20000000298023224
vertex 76.6617660522461 39.97364807128906 0.20000000298023224
endloop
endfacet
facet normal 0 0 -1
outer loop
vertex 67.2189712524414 56.46102523803711 0.20000000298023224
vertex 68.41220092773438 56.993370056152344 0.20000000298023224
vertex 68.59555053710938 56.67323303222656 0.20000000298023224
endloop
endfacet
facet normal 0 0 -1
outer loop
vertex 67.2189712524414 56.46102523803711 0.20000000298023224
vertex 68.30291748046875 57.08182907104492 0.20000000298023224
vertex 68.41220092773438 56.993370056152344 0.20000000298023224
endloop
endfacet
facet normal 0.8677567176615302 0.49698921412168234 0
outer loop
vertex 76.6617660522461 39.97364807128906 0.20000000298023224
vertex 76.6617660522461 39.97364807128906 0
vertex 67.2189712524414 56.46102523803711 0
endloop
endfacet
facet normal 0.49698720816129166 -0.8677578665296241 0
outer loop
vertex 67.2189712524414 56.46102523803711 0
vertex 68.30291748046875 57.08182907104492 0.20000000298023224
vertex 67.2189712524414 56.46102523803711 0.20000000298023224
endloop
endfacet
facet normal 0 -1 0
outer loop
vertex -82.8111572265625 33.315921783447266 0
vertex -82.8111572265625 33.315921783447266 0.20000000298023224
vertex -84.05348205566406 33.315921783447266 0
endloop
endfacet
facet normal 0 0 -1
outer loop
vertex -82.8111572265625 14.315919876098633 0.20000000298023224
vertex -84.11116027832031 14.315919876098633 0.20000000298023224
vertex -84.11116027832031 14.815919876098633 0.20000000298023224
endloop
endfacet
facet normal 0 0 -1
outer loop
vertex -82.8111572265625 14.315919876098633 0.20000000298023224
vertex -84.11116027832031 14.815919876098633 0.20000000298023224
vertex -84.8111572265625 15.535920143127441 0.20000000298023224
endloop
endfacet
facet normal -1 0 0
outer loop
vertex -82.8111572265625 14.315919876098633 0
vertex -82.8111572265625 14.315919876098633 0.20000000298023224
vertex -82.8111572265625 33.315921783447266 0
endloop
endfacet
facet normal 0 0 -1
outer loop
vertex -84.8111572265625 15.535920143127441 0.20000000298023224
vertex -82.8111572265625 33.315921783447266 0.20000000298023224
vertex -82.8111572265625 14.315919876098633 0.20000000298023224
endloop
endfacet
facet normal -1 0 0
outer loop
vertex -82.8111572265625 33.315921783447266 0
vertex -82.8111572265625 14.315919876098633 0.20000000298023224
vertex -82.8111572265625 33.315921783447266 0.20000000298023224
endloop
endfacet
facet normal 0 0 -1
outer loop
vertex -84.8111572265625 15.535920143127441 0.20000000298023224
vertex -84.8111572265625 32.815921783447266 0.20000000298023224
vertex -84.11116027832031 32.815921783447266 0.20000000298023224
endloop
endfacet
facet normal 0 0 -1
outer loop
vertex -82.8111572265625 33.315921783447266 0.20000000298023224
vertex -84.8111572265625 15.535920143127441 0.20000000298023224
vertex -84.11116027832031 32.815921783447266 0.20000000298023224
endloop
endfacet
facet normal 0 1 0
outer loop
vertex -82.8111572265625 14.315919876098633 0
vertex -84.11116027832031 14.315919876098633 0.20000000298023224
vertex -82.8111572265625 14.315919876098633 0.20000000298023224
endloop
endfacet
facet normal 0 0 -1
outer loop
vertex -82.8111572265625 33.315921783447266 0.20000000298023224
vertex -84.11116027832031 32.815921783447266 0.20000000298023224
vertex -84.11116027832031 33.17668151855469 0.20000000298023224
endloop
endfacet
facet normal 0 -1 0
outer loop
vertex -84.05348205566406 33.315921783447266 0.20000000298023224
vertex -84.05348205566406 33.315921783447266 0
vertex -82.8111572265625 33.315921783447266 0.20000000298023224
endloop
endfacet
facet normal 0 0 -1
outer loop
vertex -82.8111572265625 33.315921783447266 0.20000000298023224
vertex -84.11116027832031 33.17668151855469 0.20000000298023224
vertex -84.05348205566406 33.315921783447266 0.20000000298023224
endloop
endfacet
facet normal 0 1 0
outer loop
vertex -82.8111572265625 14.315919876098633 0
vertex -84.11116027832031 14.315919876098633 0
vertex -84.11116027832031 14.315919876098633 0.20000000298023224
endloop
endfacet
facet normal 0 0 -1
outer loop
vertex -84.8111572265625 14.815919876098633 0.20000000298023224
vertex -84.8111572265625 15.535920143127441 0.20000000298023224
vertex -84.11116027832031 14.815919876098633 0.20000000298023224
endloop
endfacet
facet normal 0 0 -1
outer loop
vertex -82.8111572265625 -60.46359634399414 0.20000000298023224
vertex -84.05348205566406 -60.46359634399414 0.20000000298023224
vertex -84.11116027832031 -60.32435607910156 0.20000000298023224
endloop
endfacet
facet normal 0 0 -1
outer loop
vertex -82.8111572265625 -60.46359634399414 0.20000000298023224
vertex -84.11116027832031 -60.32435607910156 0.20000000298023224
vertex -84.11116027832031 -59.96359634399414 0.20000000298023224
endloop
endfacet
facet normal 0 0 -1
outer loop
vertex -84.8111572265625 -59.96359634399414 0.20000000298023224
vertex -84.8111572265625 -59.243595123291016 0.20000000298023224
vertex -84.11116027832031 -59.96359634399414 0.20000000298023224
endloop
endfacet
facet normal 0 0 -1
outer loop
vertex -82.8111572265625 -60.46359634399414 0.20000000298023224
vertex -84.11116027832031 -59.96359634399414 0.20000000298023224
vertex -84.8111572265625 -59.243595123291016 0.20000000298023224
endloop
endfacet
facet normal 0 1 0
outer loop
vertex -84.05348205566406 -60.46359634399414 0.20000000298023224
vertex -82.8111572265625 -60.46359634399414 0.20000000298023224
vertex -82.8111572265625 -60.46359634399414 0
endloop
endfacet
facet normal 0 0 -1
outer loop
vertex -82.8111572265625 -41.46359634399414 0.20000000298023224
vertex -82.8111572265625 -60.46359634399414 0.20000000298023224
vertex -84.8111572265625 -59.243595123291016 0.20000000298023224
endloop
endfacet
facet normal -1 0 0
outer loop
vertex -82.8111572265625 -60.46359634399414 0
vertex -82.8111572265625 -41.46359634399414 0.20000000298023224
vertex -82.8111572265625 -41.46359634399414 0
endloop
endfacet
facet normal 0 0 -1
outer loop
vertex -84.8111572265625 -59.243595123291016 0.20000000298023224
vertex -84.8111572265625 -41.96359634399414 0.20000000298023224
vertex -84.11116027832031 -41.96359634399414 0.20000000298023224
endloop
endfacet
facet normal 0 0 -1
outer loop
vertex -82.8111572265625 -41.46359634399414 0.20000000298023224
vertex -84.8111572265625 -59.243595123291016 0.20000000298023224
vertex -84.11116027832031 -41.96359634399414 0.20000000298023224
endloop
endfacet
facet normal 0 1 0
outer loop
vertex -82.8111572265625 -60.46359634399414 0
vertex -84.05348205566406 -60.46359634399414 0
vertex -84.05348205566406 -60.46359634399414 0.20000000298023224
endloop
endfacet
facet normal 0 0 -1
outer loop
vertex -82.8111572265625 -41.46359634399414 0.20000000298023224
vertex -84.11116027832031 -41.96359634399414 0.20000000298023224
vertex -84.11116027832031 -41.46359634399414 0.20000000298023224
endloop
endfacet
facet normal 0 -1 0
outer loop
vertex -82.8111572265625 -41.46359634399414 0
vertex -82.8111572265625 -41.46359634399414 0.20000000298023224
vertex -84.11116027832031 -41.46359634399414 0
endloop
endfacet
facet normal 0 -1 0
outer loop
vertex -84.11116027832031 -41.46359634399414 0
vertex -82.8111572265625 -41.46359634399414 0.20000000298023224
vertex -84.11116027832031 -41.46359634399414 0.20000000298023224
endloop
endfacet
facet normal -1 0 0
outer loop
vertex -82.8111572265625 -60.46359634399414 0
vertex -82.8111572265625 -60.46359634399414 0.20000000298023224
vertex -82.8111572265625 -41.46359634399414 0.20000000298023224
endloop
endfacet
facet normal 0 0 -1
outer loop
vertex 21.58884048461914 -24.555177688598633 0.20000000298023224
vertex 19.58884048461914 -5.555178165435791 0.20000000298023224
vertex 20.888839721679688 -6.055178165435791 0.20000000298023224
endloop
endfacet
facet normal 1 0 0
outer loop
vertex 19.58884048461914 -5.555178165435791 0.20000000298023224
vertex 19.58884048461914 -24.555177688598633 0
vertex 19.58884048461914 -5.555178165435791 0
endloop
endfacet
facet normal 0 -1 0
outer loop
vertex 19.58884048461914 -5.555178165435791 0
vertex 20.888839721679688 -5.555178165435791 0
vertex 20.888839721679688 -5.555178165435791 0.20000000298023224
endloop
endfacet
facet normal 0 0 -1
outer loop
vertex 21.58884048461914 -24.555177688598633 0.20000000298023224
vertex 19.58884048461914 -24.555177688598633 0.20000000298023224
vertex 19.58884048461914 -5.555178165435791 0.20000000298023224
endloop
endfacet
facet normal 1 0 0
outer loop
vertex 19.58884048461914 -24.555177688598633 0.20000000298023224
vertex 19.58884048461914 -24.555177688598633 0
vertex 19.58884048461914 -5.555178165435791 0.20000000298023224
endloop
endfacet
facet normal 0 -1 0
outer loop
vertex 19.58884048461914 -5.555178165435791 0.20000000298023224
vertex 19.58884048461914 -5.555178165435791 0
vertex 20.888839721679688 -5.555178165435791 0.20000000298023224
endloop
endfacet
facet normal 0 0 -1
outer loop
vertex 20.888839721679688 -6.055178165435791 0.20000000298023224
vertex 19.58884048461914 -5.555178165435791 0.20000000298023224
vertex 20.888839721679688 -5.555178165435791 0.20000000298023224
endloop
endfacet
facet normal 0 0 -1
outer loop
vertex 20.888839721679688 -6.055178165435791 0.20000000298023224
vertex 21.58884048461914 -6.055178165435791 0.20000000298023224
vertex 21.58884048461914 -24.555177688598633 0.20000000298023224
endloop
endfacet
facet normal 1 0 0
outer loop
vertex 19.58884048461914 -24.555177688598633 0.20000000298023224
vertex 19.58884048461914 -41.46359634399414 0
vertex 19.58884048461914 -24.555177688598633 0
endloop
endfacet
facet normal 0 0 -1
outer loop
vertex 21.58884048461914 -41.46359634399414 0.20000000298023224
vertex 19.58884048461914 -41.46359634399414 0.20000000298023224
vertex 21.58884048461914 -24.555177688598633 0.20000000298023224
endloop
endfacet
facet normal 1 0 0
outer loop
vertex 19.58884048461914 -41.46359634399414 0.20000000298023224
vertex 19.58884048461914 -41.46359634399414 0
vertex 19.58884048461914 -24.555177688598633 0.20000000298023224
endloop
endfacet
facet normal 0 0 -1
outer loop
vertex 21.58884048461914 -24.555177688598633 0.20000000298023224
vertex 19.58884048461914 -41.46359634399414 0.20000000298023224
vertex 19.58884048461914 -24.555177688598633 0.20000000298023224
endloop
endfacet
facet normal 0 0 -1
outer loop
vertex -82.8111572265625 -10.61058521270752 0.20000000298023224
vertex -84.11116027832031 -10.61058521270752 0.20000000298023224
vertex -84.11116027832031 -10.11058521270752 0.20000000298023224
endloop
endfacet
facet normal 0 0 -1
outer loop
vertex -82.8111572265625 8.38941478729248 0.20000000298023224
vertex -84.11116027832031 7.8894147872924805 0.20000000298023224
vertex -84.11116027832031 8.38941478729248 0.20000000298023224
endloop
endfacet
facet normal 0 1 0
outer loop
vertex -82.8111572265625 -10.61058521270752 0
vertex -84.11116027832031 -10.61058521270752 0.20000000298023224
vertex -82.8111572265625 -10.61058521270752 0.20000000298023224
endloop
endfacet
facet normal 0 1 0
outer loop
vertex -82.8111572265625 -10.61058521270752 0
vertex -84.11116027832031 -10.61058521270752 0
vertex -84.11116027832031 -10.61058521270752 0.20000000298023224
endloop
endfacet
facet normal 0 0 -1
outer loop
vertex -84.8111572265625 -10.11058521270752 0.20000000298023224
vertex -84.8111572265625 -4.277251720428467 0.20000000298023224
vertex -84.11116027832031 -10.11058521270752 0.20000000298023224
endloop
endfacet
facet normal 0 0 -1
outer loop
vertex -82.8111572265625 -10.61058521270752 0.20000000298023224
vertex -84.11116027832031 -10.11058521270752 0.20000000298023224
vertex -84.8111572265625 -4.277251720428467 0.20000000298023224
endloop
endfacet
facet normal -1 0 0
outer loop
vertex -82.8111572265625 -10.61058521270752 0
vertex -82.8111572265625 -10.61058521270752 0.20000000298023224
vertex -82.8111572265625 8.38941478729248 0
endloop
endfacet
facet normal 0 -1 0
outer loop
vertex -84.11116027832031 8.38941478729248 0
vertex -82.8111572265625 8.38941478729248 0.20000000298023224
vertex -84.11116027832031 8.38941478729248 0.20000000298023224
endloop
endfacet
facet normal 0 -1 0
outer loop
vertex -84.11116027832031 8.38941478729248 0
vertex -82.8111572265625 8.38941478729248 0
vertex -82.8111572265625 8.38941478729248 0.20000000298023224
endloop
endfacet
facet normal 0 0 -1
outer loop
vertex -82.8111572265625 8.38941478729248 0.20000000298023224
vertex -84.8111572265625 -4.277251720428467 0.20000000298023224
vertex -84.11116027832031 7.8894147872924805 0.20000000298023224
endloop
endfacet
facet normal 0 0 -1
outer loop
vertex -84.8111572265625 -4.277251720428467 0.20000000298023224
vertex -84.8111572265625 7.8894147872924805 0.20000000298023224
vertex -84.11116027832031 7.8894147872924805 0.20000000298023224
endloop
endfacet
facet normal -1 0 0
outer loop
vertex -82.8111572265625 8.38941478729248 0
vertex -82.8111572265625 -10.61058521270752 0.20000000298023224
vertex -82.8111572265625 8.38941478729248 0.20000000298023224
endloop
endfacet
facet normal 0 0 -1
outer loop
vertex -84.8111572265625 -4.277251720428467 0.20000000298023224
vertex -82.8111572265625 8.38941478729248 0.20000000298023224
vertex -82.8111572265625 -10.61058521270752 0.20000000298023224
endloop
endfacet
facet normal 0 0 -1
outer loop
vertex -84.11116027832031 -35.03709030151367 0.20000000298023224
vertex -84.8111572265625 -34.31708908081055 0.20000000298023224
vertex -82.8111572265625 -35.53709030151367 0.20000000298023224
endloop
endfacet
facet normal 0 0 -1
outer loop
vertex -82.8111572265625 -16.537090301513672 0.20000000298023224
vertex -84.11116027832031 -17.037090301513672 0.20000000298023224
vertex -84.11116027832031 -16.537090301513672 0.20000000298023224
endloop
endfacet
facet normal 0 -1 0
outer loop
vertex -84.11116027832031 -16.537090301513672 0
vertex -82.8111572265625 -16.537090301513672 0.20000000298023224
vertex -84.11116027832031 -16.537090301513672 0.20000000298023224
endloop
endfacet
facet normal 0 0 -1
outer loop
vertex -82.8111572265625 -16.537090301513672 0.20000000298023224
vertex -84.8111572265625 -34.31708908081055 0.20000000298023224
vertex -84.11116027832031 -17.037090301513672 0.20000000298023224
endloop
endfacet
facet normal 0 0 -1
outer loop
vertex -82.8111572265625 -16.537090301513672 0.20000000298023224
vertex -82.8111572265625 -35.53709030151367 0.20000000298023224
vertex -84.8111572265625 -34.31708908081055 0.20000000298023224
endloop
endfacet
facet normal 0 0 -1
outer loop
vertex -84.8111572265625 -34.31708908081055 0.20000000298023224
vertex -84.8111572265625 -17.037090301513672 0.20000000298023224
vertex -84.11116027832031 -17.037090301513672 0.20000000298023224
endloop
endfacet
facet normal -1 0 0
outer loop
vertex -82.8111572265625 -32.901493072509766 0
vertex -82.8111572265625 -35.53709030151367 0.20000000298023224
vertex -82.8111572265625 -16.537090301513672 0.20000000298023224
endloop
endfacet
facet normal 0 0 -1
outer loop
vertex -82.8111572265625 -35.53709030151367 0.20000000298023224
vertex -84.11116027832031 -35.53709030151367 0.20000000298023224
vertex -84.11116027832031 -35.03709030151367 0.20000000298023224
endloop
endfacet
facet normal -1 0 0
outer loop
vertex -82.8111572265625 -35.53709030151367 0
vertex -82.8111572265625 -35.53709030151367 0.20000000298023224
vertex -82.8111572265625 -32.901493072509766 0
endloop
endfacet
facet normal 0 1 0
outer loop
vertex -82.8111572265625 -35.53709030151367 0
vertex -84.11116027832031 -35.53709030151367 0.20000000298023224
vertex -82.8111572265625 -35.53709030151367 0.20000000298023224
endloop
endfacet
facet normal 0 1 0
outer loop
vertex -82.8111572265625 -35.53709030151367 0
vertex -84.11116027832031 -35.53709030151367 0
vertex -84.11116027832031 -35.53709030151367 0.20000000298023224
endloop
endfacet
facet normal -1 0 0
outer loop
vertex -82.8111572265625 -32.901493072509766 0
vertex -82.8111572265625 -16.537090301513672 0.20000000298023224
vertex -82.8111572265625 -16.537090301513672 0
endloop
endfacet
facet normal 0 0 -1
outer loop
vertex -84.8111572265625 -35.03709030151367 0.20000000298023224
vertex -84.8111572265625 -34.31708908081055 0.20000000298023224
vertex -84.11116027832031 -35.03709030151367 0.20000000298023224
endloop
endfacet
facet normal 0 -1 0
outer loop
vertex -84.11116027832031 -16.537090301513672 0
vertex -82.8111572265625 -16.537090301513672 0
vertex -82.8111572265625 -16.537090301513672 0.20000000298023224
endloop
endfacet
facet normal 0 0 -1
outer loop
vertex -33.66395950317383 36.06632614135742 0.20000000298023224
vertex -25.81056022644043 51.458614349365234 0.20000000298023224
vertex -25.187028884887695 51.140480041503906 0.20000000298023224
endloop
endfacet
facet normal -0.8907573753161349 0.45447915058879257 0
outer loop
vertex -32.43690872192383 34.07064437866211 0
vertex -32.43690872192383 34.07064437866211 0.20000000298023224
vertex -23.80180549621582 50.995033264160156 0.20000000298023224
endloop
endfacet
facet normal 0.4544772315589029 0.8907583544343299 0
outer loop
vertex -32.43690872192383 34.07064437866211 0
vertex -33.59489440917969 34.66146469116211 0
vertex -33.59489440917969 34.66146469116211 0.20000000298023224
endloop
endfacet
facet normal 0.4544772315589029 0.8907583544343299 0
outer loop
vertex -32.43690872192383 34.07064437866211 0
vertex -33.59489440917969 34.66146469116211 0.20000000298023224
vertex -32.43690872192383 34.07064437866211 0.20000000298023224
endloop
endfacet
facet normal 0 0 -1
outer loop
vertex -33.99118423461914 35.42498016357422 0.20000000298023224
vertex -33.66395950317383 36.06632614135742 0.20000000298023224
vertex -33.367652893066406 35.10684585571289 0.20000000298023224
endloop
endfacet
facet normal 0 0 -1
outer loop
vertex -32.43690872192383 34.07064437866211 0.20000000298023224
vertex -33.59489440917969 34.66146469116211 0.20000000298023224
vertex -33.367652893066406 35.10684585571289 0.20000000298023224
endloop
endfacet
facet normal 0 0 -1
outer loop
vertex -32.43690872192383 34.07064437866211 0.20000000298023224
vertex -33.367652893066406 35.10684585571289 0.20000000298023224
vertex -33.66395950317383 36.06632614135742 0.20000000298023224
endloop
endfacet
facet normal -0.45447957113996257 -0.8907571607438447 0
outer loop
vertex -23.80180549621582 50.995033264160156 0.20000000298023224
vertex -24.90471839904785 51.55775833129883 0.20000000298023224
vertex -24.90471839904785 51.55775833129883 0
endloop
endfacet
facet normal -0.45447957113996257 -0.8907571607438447 0
outer loop
vertex -24.90471839904785 51.55775833129883 0
vertex -23.80180549621582 50.995033264160156 0
vertex -23.80180549621582 50.995033264160156 0.20000000298023224
endloop
endfacet
facet normal -0.8907573753161349 0.45447915058879257 0
outer loop
vertex -23.80180549621582 50.995033264160156 0
vertex -32.43690872192383 34.07064437866211 0
vertex -23.80180549621582 50.995033264160156 0.20000000298023224
endloop
endfacet
facet normal 0 0 -1
outer loop
vertex -23.80180549621582 50.995033264160156 0.20000000298023224
vertex -33.66395950317383 36.06632614135742 0.20000000298023224
vertex -24.90471839904785 51.55775833129883 0.20000000298023224
endloop
endfacet
facet normal 0 0 -1
outer loop
vertex -33.66395950317383 36.06632614135742 0.20000000298023224
vertex -25.187028884887695 51.140480041503906 0.20000000298023224
vertex -24.90471839904785 51.55775833129883 0.20000000298023224
endloop
endfacet
facet normal 0 0 -1
outer loop
vertex -23.80180549621582 50.995033264160156 0.20000000298023224
vertex -32.43690872192383 34.07064437866211 0.20000000298023224
vertex -33.66395950317383 36.06632614135742 0.20000000298023224
endloop
endfacet
facet normal 0 0 -1
outer loop
vertex -24.90471839904785 51.55775833129883 0.20000000298023224
vertex -25.187028884887695 51.140480041503906 0.20000000298023224
vertex -25.02521514892578 51.45762634277344 0.20000000298023224
endloop
endfacet
facet normal -0.0980242643089155 0.9951840249957271 0
outer loop
vertex -19.786806106567383 -58.00138473510742 0
vertex -20.011159896850586 -58.02348327636719 0
vertex -20.011159896850586 -58.02348327636719 5
endloop
endfacet
facet normal 0.7730110275979483 -0.6343925844553703 0
outer loop
vertex -20.967350006103516 -56.23457717895508 0
vertex -20.82433319091797 -56.06031036376953 0
vertex -20.82433319091797 -56.06031036376953 5
endloop
endfacet
facet normal 0.9951848503090435 0.09801588501547505 0
outer loop
vertex -21.139062881469727 -57.097835540771484 5
vertex -21.139062881469727 -57.097835540771484 0
vertex -21.16115951538086 -56.87348175048828 5
endloop
endfacet
facet normal 0.2902821205633403 0.956941111292252 0
outer loop
vertex -20.23551368713379 -58.00138473510742 5
vertex -20.23551368713379 -58.00138473510742 0
vertex -20.45124626159668 -57.935943603515625 5
endloop
endfacet
facet normal 0.47139429023623886 0.881922572073463 0
outer loop
vertex -20.45124626159668 -57.935943603515625 5
vertex -20.45124626159668 -57.935943603515625 0
vertex -20.65006446838379 -57.829673767089844 5
endloop
endfacet
facet normal 0.6343884354597057 0.7730144325657748 0
outer loop
vertex -20.65006446838379 -57.829673767089844 5
vertex -20.65006446838379 -57.829673767089844 0
vertex -20.82433319091797 -57.6866569519043 5
endloop
endfacet
facet normal 0.8819228148211526 0.4713938360839425 0
outer loop
vertex -20.967350006103516 -57.51239013671875 5
vertex -20.967350006103516 -57.51239013671875 0
vertex -21.07362174987793 -57.313568115234375 5
endloop
endfacet
facet normal 0.956941111292252 0.2902821205633403 0
outer loop
vertex -21.07362174987793 -57.313568115234375 5
vertex -21.07362174987793 -57.313568115234375 0
vertex -21.139062881469727 -57.097835540771484 5
endloop
endfacet
facet normal 0.7730110275979483 0.6343925844553703 0
outer loop
vertex -20.82433319091797 -57.6866569519043 5
vertex -20.82433319091797 -57.6866569519043 0
vertex -20.967350006103516 -57.51239013671875 5
endloop
endfacet
facet normal -0.6343925844553703 -0.7730110275979483 0
outer loop
vertex -19.37225341796875 -55.917293548583984 0
vertex -19.197986602783203 -56.06031036376953 0
vertex -19.197986602783203 -56.06031036376953 5
endloop
endfacet
facet normal 0.956941111292252 -0.2902821205633403 0
outer loop
vertex -21.139062881469727 -56.64912796020508 5
vertex -21.139062881469727 -56.64912796020508 0
vertex -21.07362174987793 -56.43339538574219 5
endloop
endfacet
facet normal -0.956941111292252 -0.2902821205633403 0
outer loop
vertex -18.948698043823242 -56.43339538574219 5
vertex -18.948698043823242 -56.43339538574219 0
vertex -18.883256912231445 -56.64912796020508 5
endloop
endfacet
facet normal 0.2902821205633403 -0.956941111292252 0
outer loop
vertex -20.45124626159668 -55.81101989746094 5
vertex -20.45124626159668 -55.81101989746094 0
vertex -20.23551368713379 -55.74557876586914 5
endloop
endfacet
facet normal -0.8819190546839591 -0.4714008707940113 0
outer loop
vertex -19.054969787597656 -56.23457717895508 5
vertex -19.054969787597656 -56.23457717895508 0
vertex -18.948698043823242 -56.43339538574219 5
endloop
endfacet
facet normal 0.6343884354597057 -0.7730144325657748 0
outer loop
vertex -20.82433319091797 -56.06031036376953 5
vertex -20.82433319091797 -56.06031036376953 0
vertex -20.65006446838379 -55.917293548583984 5
endloop
endfacet
facet normal 0.47140745127304745 -0.8819155372734111 0
outer loop
vertex -20.65006446838379 -55.917293548583984 5
vertex -20.65006446838379 -55.917293548583984 0
vertex -20.45124626159668 -55.81101989746094 5
endloop
endfacet
facet normal 0.8819190546839591 -0.4714008707940113 0
outer loop
vertex -21.07362174987793 -56.43339538574219 5
vertex -21.07362174987793 -56.43339538574219 0
vertex -20.967350006103516 -56.23457717895508 5
endloop
endfacet
facet normal 0.09800750570118845 -0.9951856755531762 0
outer loop
vertex -20.23551368713379 -55.74557876586914 5
vertex -20.23551368713379 -55.74557876586914 0
vertex -20.011159896850586 -55.72348403930664 5
endloop
endfacet
facet normal -0.47140393387447393 -0.8819174174080421 0
outer loop
vertex -19.571073532104492 -55.81101989746094 0
vertex -19.37225341796875 -55.917293548583984 0
vertex -19.37225341796875 -55.917293548583984 5
endloop
endfacet
facet normal -0.2902821205633403 -0.956941111292252 0
outer loop
vertex -19.786806106567383 -55.74557876586914 0
vertex -19.571073532104492 -55.81101989746094 0
vertex -19.571073532104492 -55.81101989746094 5
endloop
endfacet
facet normal 0.7730110275979483 -0.6343925844553703 0
outer loop
vertex -20.967350006103516 -56.23457717895508 5
vertex -20.967350006103516 -56.23457717895508 0
vertex -20.82433319091797 -56.06031036376953 5
endloop
endfacet
facet normal 0.0980242643089155 0.9951840249957271 0
outer loop
vertex -20.011159896850586 -58.02348327636719 5
vertex -20.011159896850586 -58.02348327636719 0
vertex -20.23551368713379 -58.00138473510742 5
endloop
endfacet
facet normal -0.0980242643089155 0.9951840249957271 0
outer loop
vertex -19.786806106567383 -58.00138473510742 5
vertex -19.786806106567383 -58.00138473510742 0
vertex -20.011159896850586 -58.02348327636719 5
endloop
endfacet
facet normal -0.2902821205633403 0.956941111292252 0
outer loop
vertex -19.571073532104492 -57.935943603515625 5
vertex -19.571073532104492 -57.935943603515625 0
vertex -19.786806106567383 -58.00138473510742 5
endloop
endfacet
facet normal -0.09800750570118845 -0.9951856755531762 0
outer loop
vertex -19.786806106567383 -55.74557876586914 0
vertex -19.786806106567383 -55.74557876586914 5
vertex -20.011159896850586 -55.72348403930664 0
endloop
endfacet
facet normal -0.09800750570118845 -0.9951856755531762 0
outer loop
vertex -20.011159896850586 -55.72348403930664 5
vertex -20.011159896850586 -55.72348403930664 0
vertex -19.786806106567383 -55.74557876586914 5
endloop
endfacet
facet normal -0.2902821205633403 -0.956941111292252 0
outer loop
vertex -19.786806106567383 -55.74557876586914 5
vertex -19.786806106567383 -55.74557876586914 0
vertex -19.571073532104492 -55.81101989746094 5
endloop
endfacet
facet normal 0.09800750570118845 -0.9951856755531762 0
outer loop
vertex -20.23551368713379 -55.74557876586914 0
vertex -20.011159896850586 -55.72348403930664 0
vertex -20.011159896850586 -55.72348403930664 5
endloop
endfacet
facet normal -0.4713907728797535 0.8819244521181102 0
outer loop
vertex -19.37225341796875 -57.829673767089844 5
vertex -19.37225341796875 -57.829673767089844 0
vertex -19.571073532104492 -57.935943603515625 5
endloop
endfacet
facet normal -0.6343925844553703 0.7730110275979483 0
outer loop
vertex -19.197986602783203 -57.6866569519043 5
vertex -19.197986602783203 -57.6866569519043 0
vertex -19.37225341796875 -57.829673767089844 5
endloop
endfacet
facet normal -0.47140393387447393 -0.8819174174080421 0
outer loop
vertex -19.571073532104492 -55.81101989746094 5
vertex -19.571073532104492 -55.81101989746094 0
vertex -19.37225341796875 -55.917293548583984 5
endloop
endfacet
facet normal -0.6343925844553703 -0.7730110275979483 0
outer loop
vertex -19.37225341796875 -55.917293548583984 5
vertex -19.37225341796875 -55.917293548583984 0
vertex -19.197986602783203 -56.06031036376953 5
endloop
endfacet
facet normal 0.2902821205633403 -0.956941111292252 0
outer loop
vertex -20.45124626159668 -55.81101989746094 0
vertex -20.23551368713379 -55.74557876586914 0
vertex -20.23551368713379 -55.74557876586914 5
endloop
endfacet
facet normal -0.7730110275979483 0.6343925844553703 0
outer loop
vertex -19.054969787597656 -57.51239013671875 5
vertex -19.054969787597656 -57.51239013671875 0
vertex -19.197986602783203 -57.6866569519043 5
endloop
endfacet
facet normal 0.47140745127304745 -0.8819155372734111 0
outer loop
vertex -20.65006446838379 -55.917293548583984 0
vertex -20.45124626159668 -55.81101989746094 0
vertex -20.45124626159668 -55.81101989746094 5
endloop
endfacet
facet normal -0.8819228148211526 0.4713938360839425 0
outer loop
vertex -18.948698043823242 -57.313568115234375 5
vertex -18.948698043823242 -57.313568115234375 0
vertex -19.054969787597656 -57.51239013671875 5
endloop
endfacet
facet normal 0.6343884354597057 -0.7730144325657748 0
outer loop
vertex -20.82433319091797 -56.06031036376953 0
vertex -20.65006446838379 -55.917293548583984 0
vertex -20.65006446838379 -55.917293548583984 5
endloop
endfacet
facet normal -0.7730110275979483 -0.6343925844553703 0
outer loop
vertex -19.197986602783203 -56.06031036376953 0
vertex -19.054969787597656 -56.23457717895508 0
vertex -19.054969787597656 -56.23457717895508 5
endloop
endfacet
facet normal -0.956941111292252 -0.2902821205633403 0
outer loop
vertex -18.948698043823242 -56.43339538574219 0
vertex -18.883256912231445 -56.64912796020508 0
vertex -18.883256912231445 -56.64912796020508 5
endloop
endfacet
facet normal -0.8819190546839591 -0.4714008707940113 0
outer loop
vertex -19.054969787597656 -56.23457717895508 0
vertex -18.948698043823242 -56.43339538574219 0
vertex -18.948698043823242 -56.43339538574219 5
endloop
endfacet
facet normal -0.9951848503090435 -0.09801588501547505 0
outer loop
vertex -18.883256912231445 -56.64912796020508 0
vertex -18.861160278320312 -56.87348175048828 0
vertex -18.861160278320312 -56.87348175048828 5
endloop
endfacet
facet normal -0.9951848503090435 0.09801588501547505 0
outer loop
vertex -18.861160278320312 -56.87348175048828 0
vertex -18.883256912231445 -57.097835540771484 0
vertex -18.883256912231445 -57.097835540771484 5
endloop
endfacet
facet normal -0.956941111292252 0.2902821205633403 0
outer loop
vertex -18.883256912231445 -57.097835540771484 0
vertex -18.948698043823242 -57.313568115234375 0
vertex -18.948698043823242 -57.313568115234375 5
endloop
endfacet
facet normal -0.8819228148211526 0.4713938360839425 0
outer loop
vertex -18.948698043823242 -57.313568115234375 0
vertex -19.054969787597656 -57.51239013671875 0
vertex -19.054969787597656 -57.51239013671875 5
endloop
endfacet
facet normal -0.7730110275979483 -0.6343925844553703 0
outer loop
vertex -19.197986602783203 -56.06031036376953 5
vertex -19.197986602783203 -56.06031036376953 0
vertex -19.054969787597656 -56.23457717895508 5
endloop
endfacet
facet normal -0.7730110275979483 0.6343925844553703 0
outer loop
vertex -19.054969787597656 -57.51239013671875 0
vertex -19.197986602783203 -57.6866569519043 0
vertex -19.197986602783203 -57.6866569519043 5
endloop
endfacet
facet normal -0.6343925844553703 0.7730110275979483 0
outer loop
vertex -19.197986602783203 -57.6866569519043 0
vertex -19.37225341796875 -57.829673767089844 0
vertex -19.37225341796875 -57.829673767089844 5
endloop
endfacet
facet normal -0.4713907728797535 0.8819244521181102 0
outer loop
vertex -19.37225341796875 -57.829673767089844 0
vertex -19.571073532104492 -57.935943603515625 0
vertex -19.571073532104492 -57.935943603515625 5
endloop
endfacet
facet normal 0.6343884354597057 0.7730144325657748 0
outer loop
vertex -20.65006446838379 -57.829673767089844 0
vertex -20.82433319091797 -57.6866569519043 0
vertex -20.82433319091797 -57.6866569519043 5
endloop
endfacet
facet normal -0.956941111292252 0.2902821205633403 0
outer loop
vertex -18.883256912231445 -57.097835540771484 5
vertex -18.883256912231445 -57.097835540771484 0
vertex -18.948698043823242 -57.313568115234375 5
endloop
endfacet
facet normal 0.7730110275979483 0.6343925844553703 0
outer loop
vertex -20.82433319091797 -57.6866569519043 0
vertex -20.967350006103516 -57.51239013671875 0
vertex -20.967350006103516 -57.51239013671875 5
endloop
endfacet
facet normal 0.956941111292252 0.2902821205633403 0
outer loop
vertex -21.07362174987793 -57.313568115234375 0
vertex -21.139062881469727 -57.097835540771484 0
vertex -21.139062881469727 -57.097835540771484 5
endloop
endfacet
facet normal -0.9951848503090435 0.09801588501547505 0
outer loop
vertex -18.861160278320312 -56.87348175048828 5
vertex -18.861160278320312 -56.87348175048828 0
vertex -18.883256912231445 -57.097835540771484 5
endloop
endfacet
facet normal 0.8819228148211526 0.4713938360839425 0
outer loop
vertex -20.967350006103516 -57.51239013671875 0
vertex -21.07362174987793 -57.313568115234375 0
vertex -21.07362174987793 -57.313568115234375 5
endloop
endfacet
facet normal -0.9951848503090435 -0.09801588501547505 0
outer loop
vertex -18.883256912231445 -56.64912796020508 5
vertex -18.883256912231445 -56.64912796020508 0
vertex -18.861160278320312 -56.87348175048828 5
endloop
endfacet
facet normal 0.47139429023623886 0.881922572073463 0
outer loop
vertex -20.45124626159668 -57.935943603515625 0
vertex -20.65006446838379 -57.829673767089844 0
vertex -20.65006446838379 -57.829673767089844 5
endloop
endfacet
facet normal 0.2902821205633403 0.956941111292252 0
outer loop
vertex -20.23551368713379 -58.00138473510742 0
vertex -20.45124626159668 -57.935943603515625 0
vertex -20.45124626159668 -57.935943603515625 5
endloop
endfacet
facet normal -0.2902821205633403 0.956941111292252 0
outer loop
vertex -19.571073532104492 -57.935943603515625 0
vertex -19.786806106567383 -58.00138473510742 0
vertex -19.786806106567383 -58.00138473510742 5
endloop
endfacet
facet normal 0.0980242643089155 0.9951840249957271 0
outer loop
vertex -20.011159896850586 -58.02348327636719 0
vertex -20.23551368713379 -58.00138473510742 0
vertex -20.23551368713379 -58.00138473510742 5
endloop
endfacet
facet normal 0.9951848503090435 0.09801588501547505 0
outer loop
vertex -21.139062881469727 -57.097835540771484 0
vertex -21.16115951538086 -56.87348175048828 0
vertex -21.16115951538086 -56.87348175048828 5
endloop
endfacet
facet normal 0.9951848503090435 -0.09801588501547505 0
outer loop
vertex -21.139062881469727 -56.64912796020508 0
vertex -21.139062881469727 -56.64912796020508 5
vertex -21.16115951538086 -56.87348175048828 0
endloop
endfacet
facet normal 0.956941111292252 -0.2902821205633403 0
outer loop
vertex -21.139062881469727 -56.64912796020508 0
vertex -21.07362174987793 -56.43339538574219 0
vertex -21.07362174987793 -56.43339538574219 5
endloop
endfacet
facet normal 0.8819190546839591 -0.4714008707940113 0
outer loop
vertex -20.967350006103516 -56.23457717895508 0
vertex -20.967350006103516 -56.23457717895508 5
vertex -21.07362174987793 -56.43339538574219 0
endloop
endfacet
facet normal 0.9951848503090435 -0.09801588501547505 0
outer loop
vertex -21.16115951538086 -56.87348175048828 5
vertex -21.16115951538086 -56.87348175048828 0
vertex -21.139062881469727 -56.64912796020508 5
endloop
endfacet
facet normal -0.5000001502614978 -0.8660253170309051 0
outer loop
vertex -20.692371368408203 50.9417724609375 0
vertex -10.072213172912598 44.810218811035156 0
vertex -10.072213172912598 44.810218811035156 5
endloop
endfacet
facet normal 0.866025409616681 -0.49999998989825983 0
outer loop
vertex -32.1923713684082 31.0231876373291 5
vertex -32.1923713684082 31.0231876373291 0
vertex -20.692371368408203 50.9417724609375 5
endloop
endfacet
facet normal 0.866025409616681 -0.49999998989825983 0
outer loop
vertex -20.692371368408203 50.9417724609375 0
vertex -20.692371368408203 50.9417724609375 5
vertex -32.1923713684082 31.0231876373291 0
endloop
endfacet
facet normal 0.4999999957237409 0.8660254062533379 0
outer loop
vertex -32.1923713684082 31.0231876373291 5
vertex -18.556514739990234 23.150522232055664 0
vertex -32.1923713684082 31.0231876373291 0
endloop
endfacet
facet normal 0.4999999957237409 0.8660254062533379 0
outer loop
vertex -18.556514739990234 23.150522232055664 0
vertex -32.1923713684082 31.0231876373291 5
vertex -18.556514739990234 23.150522232055664 5
endloop
endfacet
facet normal -0.5000001502614978 -0.8660253170309051 0
outer loop
vertex -10.072213172912598 44.810218811035156 5
vertex -20.692371368408203 50.9417724609375 5
vertex -20.692371368408203 50.9417724609375 0
endloop
endfacet
facet normal -0.25881904903396885 0.96592582523564 0
outer loop
vertex -2.129612684249878 14.966997146606445 5
vertex 0.48015275597572327 15.666281700134277 0
vertex -2.129612684249878 14.966997146606445 0
endloop
endfacet
facet normal 0.9063076657056597 0.4226185219357501 0
outer loop
vertex -18.244552612304688 22.481517791748047 5
vertex -18.244552612304688 22.481517791748047 0
vertex -18.556514739990234 23.150522232055664 0
endloop
endfacet
facet normal -0.9063077055858331 0.42261843641249597 0
outer loop
vertex 8.60223388671875 22.481517791748047 5
vertex 9.744075775146484 24.930204391479492 0
vertex 8.60223388671875 22.481517791748047 0
endloop
endfacet
facet normal 0.8191524153897678 0.5735759063638476 0
outer loop
vertex -18.244552612304688 22.481517791748047 0
vertex -18.244552612304688 22.481517791748047 5
vertex -16.694849014282227 20.268308639526367 0
endloop
endfacet
facet normal 0.7071066046996658 0.7071069576733853 0
outer loop
vertex -16.694849014282227 20.268308639526367 5
vertex -14.784367561340332 18.35782814025879 0
vertex -16.694849014282227 20.268308639526367 0
endloop
endfacet
facet normal -0.965925852585381 0.2588189469633254 0
outer loop
vertex 10.066679954528809 26.134180068969727 5
vertex 10.066679954528809 26.134180068969727 0
vertex 9.744075775146484 24.930204391479492 0
endloop
endfacet
facet normal 0.5735760722071955 0.8191522992651402 0
outer loop
vertex -14.784367561340332 18.35782814025879 5
vertex -12.571159362792969 16.808124542236328 0
vertex -14.784367561340332 18.35782814025879 0
endloop
endfacet
facet normal 0.4226185911460349 0.9063076334323464 0
outer loop
vertex -12.571159362792969 16.808124542236328 5
vertex -10.122471809387207 15.666281700134277 0
vertex -12.571159362792969 16.808124542236328 0
endloop
endfacet
facet normal -0.4226185446721208 0.9063076551035076 0
outer loop
vertex 0.48015275597572327 15.666281700134277 0
vertex 0.48015275597572327 15.666281700134277 5
vertex 2.9288406372070312 16.808124542236328 5
endloop
endfacet
facet normal -0.5735761551288966 0.8191522412027887 0
outer loop
vertex 5.142048358917236 18.35782814025879 5
vertex 2.9288406372070312 16.808124542236328 0
vertex 2.9288406372070312 16.808124542236328 5
endloop
endfacet
facet normal -0.4226185446721208 0.9063076551035076 0
outer loop
vertex 2.9288406372070312 16.808124542236328 5
vertex 2.9288406372070312 16.808124542236328 0
vertex 0.48015275597572327 15.666281700134277 0
endloop
endfacet
facet normal -0.7071066929431011 0.7071068694299829 0
outer loop
vertex 5.142048358917236 18.35782814025879 0
vertex 5.142048358917236 18.35782814025879 5
vertex 7.052529335021973 20.268308639526367 5
endloop
endfacet
facet normal -0.8191522495464554 0.573576143212897 0
outer loop
vertex 8.60223388671875 22.481517791748047 5
vertex 7.052529335021973 20.268308639526367 0
vertex 7.052529335021973 20.268308639526367 5
endloop
endfacet
facet normal -0.9063077055858331 0.42261843641249597 0
outer loop
vertex 9.744075775146484 24.930204391479492 0
vertex 8.60223388671875 22.481517791748047 5
vertex 9.744075775146484 24.930204391479492 5
endloop
endfacet
facet normal -0.965925852585381 0.2588189469633254 0
outer loop
vertex 9.744075775146484 24.930204391479492 0
vertex 9.744075775146484 24.930204391479492 5
vertex 10.066679954528809 26.134180068969727 5
endloop
endfacet
facet normal -0.25881904903396885 0.96592582523564 0
outer loop
vertex 0.48015275597572327 15.666281700134277 0
vertex -2.129612684249878 14.966997146606445 5
vertex 0.48015275597572327 15.666281700134277 5
endloop
endfacet
facet normal -0.08715557126426564 0.9961947130945835 0
outer loop
vertex -4.821159362792969 14.731517791748047 5
vertex -2.129612684249878 14.966997146606445 5
vertex -2.129612684249878 14.966997146606445 0
endloop
endfacet
facet normal 0.08715556360262532 0.9961947137648889 0
outer loop
vertex -7.512706279754639 14.966997146606445 5
vertex -4.821159362792969 14.731517791748047 5
vertex -4.821159362792969 14.731517791748047 0
endloop
endfacet
facet normal 0.2588190407611471 0.9659258274523358 0
outer loop
vertex -7.512706279754639 14.966997146606445 5
vertex -7.512706279754639 14.966997146606445 0
vertex -10.122471809387207 15.666281700134277 5
endloop
endfacet
facet normal 0.9063076657056597 0.4226185219357501 0
outer loop
vertex -18.556514739990234 23.150522232055664 0
vertex -18.556514739990234 23.150522232055664 5
vertex -18.244552612304688 22.481517791748047 5
endloop
endfacet
facet normal 0.8191524153897678 0.5735759063638476 0
outer loop
vertex -16.694849014282227 20.268308639526367 5
vertex -16.694849014282227 20.268308639526367 0
vertex -18.244552612304688 22.481517791748047 5
endloop
endfacet
facet normal 0.5735760722071955 0.8191522992651402 0
outer loop
vertex -12.571159362792969 16.808124542236328 0
vertex -14.784367561340332 18.35782814025879 5
vertex -12.571159362792969 16.808124542236328 5
endloop
endfacet
facet normal 0.7071066046996658 0.7071069576733853 0
outer loop
vertex -16.694849014282227 20.268308639526367 5
vertex -14.784367561340332 18.35782814025879 5
vertex -14.784367561340332 18.35782814025879 0
endloop
endfacet
facet normal -0.7071066929431011 0.7071068694299829 0
outer loop
vertex 7.052529335021973 20.268308639526367 0
vertex 5.142048358917236 18.35782814025879 0
vertex 7.052529335021973 20.268308639526367 5
endloop
endfacet
facet normal -0.5735761551288966 0.8191522412027887 0
outer loop
vertex 5.142048358917236 18.35782814025879 5
vertex 5.142048358917236 18.35782814025879 0
vertex 2.9288406372070312 16.808124542236328 0
endloop
endfacet
facet normal 0.4226185911460349 0.9063076334323464 0
outer loop
vertex -10.122471809387207 15.666281700134277 0
vertex -12.571159362792969 16.808124542236328 5
vertex -10.122471809387207 15.666281700134277 5
endloop
endfacet
facet normal 0.25502088639348786 -0.9669355446476666 0
outer loop
vertex -10.072213172912598 44.810218811035156 5
vertex -7.451592922210693 45.50138473510742 0
vertex -7.451592922210693 45.50138473510742 5
endloop
endfacet
facet normal 0.2588190407611471 0.9659258274523358 0
outer loop
vertex -10.122471809387207 15.666281700134277 5
vertex -7.512706279754639 14.966997146606445 0
vertex -10.122471809387207 15.666281700134277 0
endloop
endfacet
facet normal 0.08715556360262532 0.9961947137648889 0
outer loop
vertex -7.512706279754639 14.966997146606445 0
vertex -7.512706279754639 14.966997146606445 5
vertex -4.821159362792969 14.731517791748047 0
endloop
endfacet
facet normal 0.25502088639348786 -0.9669355446476666 0
outer loop
vertex -10.072213172912598 44.810218811035156 5
vertex -10.072213172912598 44.810218811035156 0
vertex -7.451592922210693 45.50138473510742 0
endloop
endfacet
facet normal -0.08715557126426564 0.9961947130945835 0
outer loop
vertex -4.821159362792969 14.731517791748047 0
vertex -4.821159362792969 14.731517791748047 5
vertex -2.129612684249878 14.966997146606445 0
endloop
endfacet
facet normal -0.8191522495464554 0.573576143212897 0
outer loop
vertex 8.60223388671875 22.481517791748047 5
vertex 8.60223388671875 22.481517791748047 0
vertex 7.052529335021973 20.268308639526367 0
endloop
endfacet
endsolid auto-kdk-case
