solid auto-kdk-case
facet normal -0.7071067811864524 0.7071067811864524 -5.187304622378537e-7
outer loop
vertex 62.107627868652344 -44.98896789550781 10.5
vertex 60.85166549682617 -46.24493408203125 5.300000190734863
vertex 61.91440200805664 -45.182193756103516 10.5
endloop
endfacet
facet normal 0 0 1
outer loop
vertex -62.84968566894531 59.32632064819336 11.5
vertex -64.43207550048828 54.47774887084961 11.5
vertex -63.98668670654297 54.22046661376953 11.5
endloop
endfacet
facet normal -0.707108050264543 0.7071055121062743 0
outer loop
vertex 60.85166549682617 -46.24493408203125 5.300000190734863
vertex 60.85166549682617 -46.24493408203125 10.5
vertex 61.91440200805664 -45.182193756103516 10.5
endloop
endfacet
facet normal 0 0 1
outer loop
vertex 84.90309143066406 34.326271057128906 11.5
vertex 80.29839324951172 32.13347625732422 11.5
vertex 85.29591369628906 33.10713577270508 11.5
endloop
endfacet
facet normal 0 0 1
outer loop
vertex 79.7481460571289 32.80891036987305 11.5
vertex 82.60075378417969 37.02274703979492 11.5
vertex 79.4827651977539 32.9491081237793 11.5
endloop
endfacet
facet normal 0 0 1
outer loop
vertex 84.90309143066406 34.326271057128906 11.5
vertex 80.23900604248047 32.296653747558594 11.5
vertex 80.27584075927734 32.2176628112793 11.5
endloop
endfacet
facet normal -0.92387775855788 0.3826877150393876 0
outer loop
vertex 60.805992126464844 -46.35519790649414 5.300000190734863
vertex 60.805992126464844 -46.35519790649414 10.5
vertex 60.85166549682617 -46.24493408203125 10.5
endloop
endfacet
facet normal 0 0 1
outer loop
vertex 80.18901062011719 32.368045806884766 11.5
vertex 80.23900604248047 32.296653747558594 11.5
vertex 84.90309143066406 34.326271057128906 11.5
endloop
endfacet
facet normal -1 0 0
outer loop
vertex 60.805992126464844 -46.35519790649414 10.5
vertex 60.805992126464844 -51.65824508666992 5.300000190734863
vertex 60.805992126464844 -51.65824508666992 10.5
endloop
endfacet
facet normal 0 0 1
outer loop
vertex 80.158203125 32.398860931396484 11.5
vertex 80.18901062011719 32.368045806884766 11.5
vertex 84.90309143066406 34.326271057128906 11.5
endloop
endfacet
facet normal 0 0 -1
outer loop
vertex -19.55341148376465 -64.63606262207031 -5.699999809265137
vertex -21.370309829711914 -61.75227737426758 -5.699999809265137
vertex -18.902986526489258 -64.21959686279297 -5.699999809265137
endloop
endfacet
facet normal 0 0 -1
outer loop
vertex -63.1197624206543 59.26474380493164 -5.699999809265137
vertex -62.63712692260742 59.8709831237793 -5.699999809265137
vertex -27.184776306152344 38.381866455078125 -5.699999809265137
endloop
endfacet
facet normal 0 0 -1
outer loop
vertex -19.55341148376465 -64.63606262207031 -5.699999809265137
vertex -18.853851318359375 -64.25243377685547 -5.699999809265137
vertex -17.69662857055664 -64.73176574707031 -5.699999809265137
endloop
endfacet
facet normal 0 0 -1
outer loop
vertex -17.69662857055664 -64.73176574707031 -5.699999809265137
vertex -17.638669967651367 -64.74329376220703 -5.699999809265137
vertex -17.453880310058594 -65.51124572753906 -5.699999809265137
endloop
endfacet
facet normal 0 0 -1
outer loop
vertex -21.370309829711914 -61.75227737426758 -5.699999809265137
vertex -19.55341148376465 -64.63606262207031 -5.699999809265137
vertex -22.143798828125 -61.866275787353516 -5.699999809265137
endloop
endfacet
facet normal -0.7071100702771196 0.7071034920806764 0
outer loop
vertex 60.805992126464844 -51.65824508666992 10.5
vertex 60.39594268798828 -52.06829833984375 5.300000190734863
vertex 60.39594268798828 -52.06829833984375 10.5
endloop
endfacet
facet normal 0 0 -1
outer loop
vertex -26.438976287841797 38.64064407348633 -5.699999809265137
vertex -26.36141586303711 37.28074264526367 -5.699999809265137
vertex -27.13870620727539 38.340457916259766 -5.699999809265137
endloop
endfacet
facet normal 0 0 -1
outer loop
vertex -30.189044952392578 -6.8877458572387695 -5.699999809265137
vertex -29.87710952758789 -6.169219493865967 -5.699999809265137
vertex -26.515413284301758 -5.441477298736572 -5.699999809265137
endloop
endfacet
facet normal 0 0 -1
outer loop
vertex 58.50926971435547 37.74961853027344 -5.699999809265137
vertex 58.67913055419922 38.524635314941406 -5.699999809265137
vertex 58.56416320800781 37.7596321105957 -5.699999809265137
endloop
endfacet
facet normal 0 0 1
outer loop
vertex -80.2654037475586 28.581327438354492 11.5
vertex -85.0633316040039 30.5433406829834 11.5
vertex -85.33611297607422 29.28900909423828 11.5
endloop
endfacet
facet normal 0 0 1
outer loop
vertex 59.816043853759766 32.956703186035156 11.5
vertex 58.7653923034668 37.94617462158203 11.5
vertex 59.729217529296875 32.9491081237793 11.5
endloop
endfacet
facet normal -0.8660225448726808 0.5000049517475691 -3.959177238873071e-7
outer loop
vertex -31.0075740814209 34.11866760253906 10.5
vertex -31.151580810546875 33.869239807128906 5.300000190734863
vertex -31.09796905517578 33.962100982666016 10.5
endloop
endfacet
facet normal -0.8454495947784527 -0.5340552243812898 0
outer loop
vertex -86.8803939819336 24.939876556396484 -2.700000047683716
vertex -85.89509582519531 23.380075454711914 -2.700000047683716
vertex -86.8803939819336 24.939876556396484 7.5
endloop
endfacet
facet normal 0 -1 0
outer loop
vertex -16.183958053588867 13.456703186035156 10.5
vertex 3.3959412574768066 13.456703186035156 5.300000190734863
vertex 3.3959412574768066 13.456703186035156 10.5
endloop
endfacet
facet normal 0 -1 0
outer loop
vertex -17.800430297851562 -67.24329376220703 7.5
vertex 81.01859283447266 -67.24329376220703 -2.700000047683716
vertex 81.01859283447266 -67.24329376220703 7.5
endloop
endfacet
facet normal 0.516075524770298 0.8565430828236612 0
outer loop
vertex -11.028220176696777 26.25009536743164 -2.700000047683716
vertex -16.902999877929688 29.78970718383789 -2.700000047683716
vertex -11.028220176696777 26.25009536743164 7.5
endloop
endfacet
facet normal 0.7071084257375708 -0.7071051366316995 0
outer loop
vertex 21.40599250793457 24.92165184020996 10.5
vertex 21.816041946411133 25.331703186035156 5.300000190734863
vertex 21.816041946411133 25.331703186035156 10.5
endloop
endfacet
facet normal 0 0 -1
outer loop
vertex 85.7183609008789 -60.98207473754883 -5.699999809265137
vertex 85.10599517822266 -60.48795700073242 -5.699999809265137
vertex 85.10599517822266 33.311038970947266 -5.699999809265137
endloop
endfacet
facet normal 0 0 -1
outer loop
vertex 52.61994552612305 30.631702423095703 -5.699999809265137
vertex 50.87190628051758 31.504106521606445 -5.699999809265137
vertex 51.14553451538086 31.631702423095703 -5.699999809265137
endloop
endfacet
facet normal 0 0 1
outer loop
vertex -30.676538467407227 34.80772399902344 11.5
vertex -26.10284996032715 37.042789459228516 11.5
vertex -30.907663345336914 35.111820220947266 11.5
endloop
endfacet
facet normal -0.8811375109240667 0.47286011339772743 -1.69280046697235e-7
outer loop
vertex 53.01642990112305 36.731876373291016 7.5
vertex 51.46501159667969 33.84092712402344 -2.700000047683716
vertex 52.07481384277344 34.97724914550781 7.5
endloop
endfacet
facet normal 0 0 -1
outer loop
vertex -84.47351837158203 25.630701065063477 -5.699999809265137
vertex -85.23787689208984 25.582860946655273 -5.699999809265137
vertex -85.92495727539062 29.2982177734375 -5.699999809265137
endloop
endfacet
facet normal 0.8425784477462102 0.5385736341426184 0
outer loop
vertex -23.933204650878906 37.93645477294922 7.5
vertex -25.20372772216797 39.92414093017578 -2.700000047683716
vertex -25.20372772216797 39.92414093017578 7.5
endloop
endfacet
facet normal 0 0 1
outer loop
vertex -68.76180267333984 58.217159271240234 11.5
vertex -65.67550659179688 54.14466857910156 11.5
vertex -65.62548065185547 54.21609115600586 11.5
endloop
endfacet
facet normal 0.8453139566339016 0.5342698894004211 0
outer loop
vertex -10.352591514587402 25.18112564086914 7.5
vertex -11.028220176696777 26.25009536743164 -2.700000047683716
vertex -11.028220176696777 26.25009536743164 7.5
endloop
endfacet
facet normal 0 0 1
outer loop
vertex -21.638164520263672 -61.561683654785156 11.5
vertex -19.216596603393555 -64.15095520019531 11.5
vertex -22.08462142944336 -60.2684440612793 11.5
endloop
endfacet
facet normal 0 0 1
outer loop
vertex 21.205991744995117 -56.1182975769043 11.5
vertex 21.352310180664062 -56.13270950317383 11.5
vertex 60.39594268798828 -52.56829833984375 11.5
endloop
endfacet
facet normal 0 0 1
outer loop
vertex 15.883885383605957 17.401504516601562 11.5
vertex 15.71375846862793 17.036664962768555 11.5
vertex 20.90599250793457 7.886118412017822 11.5
endloop
endfacet
facet normal 0.9238812899619664 0.38267918947626745 0
outer loop
vertex 2.405991792678833 -46.35519790649414 10.5
vertex 2.3603196144104004 -46.24493408203125 5.300000190734863
vertex 2.3603196144104004 -46.24493408203125 10.5
endloop
endfacet
facet normal 0 0 -1
outer loop
vertex -23.883520126342773 32.14629364013672 -5.699999809265137
vertex -24.934316635131836 31.69890022277832 -5.699999809265137
vertex -24.48493194580078 32.98762512207031 -5.699999809265137
endloop
endfacet
facet normal 0.7071067811865237 -0.7071067811865237 2.59365231118953e-7
outer loop
vertex 58.10435485839844 25.37737464904785 10.5
vertex 59.360321044921875 26.633338928222656 5.300000190734863
vertex 58.29758071899414 25.570600509643555 10.5
endloop
endfacet
facet normal 0.5160757495894739 0.8565429473678662 -1.7649255446139149e-7
outer loop
vertex -11.028220176696777 26.25009536743164 7.5
vertex -16.902999877929688 29.78970718383789 -2.700000047683716
vertex -22.479753494262695 33.149757385253906 -2.700000047683716
endloop
endfacet
facet normal -0.6347653774733224 -0.7727049343450256 0
outer loop
vertex -26.22154998779297 -7.868287086486816 7.5
vertex -24.395442962646484 -9.368406295776367 -2.700000047683716
vertex -24.395442962646484 -9.368406295776367 7.5
endloop
endfacet
facet normal 0.3263246421792853 -0.9452577573903118 0
outer loop
vertex 83.14276885986328 -66.50997924804688 -2.700000047683716
vertex 81.37128448486328 -67.12153625488281 7.5
vertex 81.37128448486328 -67.12153625488281 -2.700000047683716
endloop
endfacet
facet normal 0.19411820857510456 -0.9809781450672549 0
outer loop
vertex -26.22154998779297 -7.868287086486816 -2.700000047683716
vertex -26.22154998779297 -7.868287086486816 7.5
vertex -27.126811981201172 -8.047422409057617 -2.700000047683716
endloop
endfacet
facet normal 0 0 1
outer loop
vertex 84.90309143066406 34.326271057128906 11.5
vertex 82.60075378417969 37.02274703979492 11.5
vertex 79.7481460571289 32.80891036987305 11.5
endloop
endfacet
facet normal 0 0 -1
outer loop
vertex 20.497173309326172 30.621551513671875 -5.699999809265137
vertex 20.66629981994629 31.3996524810791 -5.699999809265137
vertex 20.551654815673828 30.631702423095703 -5.699999809265137
endloop
endfacet
facet normal 0 0 -1
outer loop
vertex 16.216827392578125 26.538475036621094 -5.699999809265137
vertex 15.44286060333252 18.15766143798828 -5.699999809265137
vertex 15.618807792663574 27.049453735351562 -5.699999809265137
endloop
endfacet
facet normal 0.5059096793338297 0.8625864573224404 5.130129556436609e-7
outer loop
vertex -25.20372772216797 39.92414093017578 7.5
vertex -61.99945831298828 61.50495910644531 -2.700000047683716
vertex -42.06535339355469 49.81353759765625 7.5
endloop
endfacet
facet normal 0 0 -1
outer loop
vertex 5.071012020111084 18.633459091186523 -5.699999809265137
vertex 6.961771011352539 18.48504638671875 -5.699999809265137
vertex 6.279727458953857 18.09424591064453 -5.699999809265137
endloop
endfacet
facet normal 0 0 1
outer loop
vertex -19.470298767089844 14.954280853271484 11.5
vertex -16.183958053588867 13.956703186035156 11.5
vertex 3.3959412574768066 13.956703186035156 11.5
endloop
endfacet
facet normal -0.6493330071837558 0.7605042049730566 0
outer loop
vertex 18.388307571411133 32.485206604003906 7.5
vertex 15.004552841186523 29.596092224121094 -2.700000047683716
vertex 15.004552841186523 29.596092224121094 7.5
endloop
endfacet
facet normal 0 0 1
outer loop
vertex 79.7481460571289 -45.29550552368164 11.5
vertex 85.1412353515625 -60.847877502441406 11.5
vertex 80.158203125 -44.88545608520508 11.5
endloop
endfacet
facet normal 0.2582434072831271 -0.9660798841683854 0
outer loop
vertex -65.24272918701172 53.894920349121094 10.500694274902344
vertex -64.75064849853516 54.026458740234375 5.300000190734863
vertex -64.75064849853516 54.026458740234375 10.5
endloop
endfacet
facet normal 0.7639382007755303 0.6452894121212941 0
outer loop
vertex 9.309927940368652 18.3892822265625 7.5
vertex 8.067583084106445 19.860055923461914 -2.700000047683716
vertex 8.067583084106445 19.860055923461914 7.5
endloop
endfacet
facet normal 0 0 1
outer loop
vertex -28.644018173217773 -0.9198631644248962 11.5
vertex -28.856061935424805 -1.0683616399765015 11.5
vertex -26.669845581054688 -5.602814674377441 11.5
endloop
endfacet
facet normal -0.2587788276941238 0.9659366006221635 0.000043769327599174805
outer loop
vertex -29.02707290649414 -0.5985153317451477 5.300000190734863
vertex -29.58725357055664 -0.7485902905464172 5.300000190734863
vertex -29.02679443359375 -0.5986763834953308 10.500643730163574
endloop
endfacet
facet normal 0 1 0
outer loop
vertex 79.39594268798828 -44.94329833984375 5.300000190734863
vertex 62.217891693115234 -44.94329833984375 5.300000190734863
vertex 79.39594268798828 -44.94329833984375 10.5
endloop
endfacet
facet normal 0.012376651116290707 0.9999234063202769 0
outer loop
vertex 81.96479034423828 39.96860122680664 -2.700000047683716
vertex 58.42033767700195 40.26002502441406 -2.700000047683716
vertex 81.96479034423828 39.96860122680664 7.5
endloop
endfacet
facet normal -0.38266043289327806 0.9238890588690446 0
outer loop
vertex 62.107627868652344 -44.98896789550781 5.300000190734863
vertex 62.217891693115234 -44.94329833984375 10.5
vertex 62.217891693115234 -44.94329833984375 5.300000190734863
endloop
endfacet
facet normal 0 0 1
outer loop
vertex -17.338363647460938 -64.93389892578125 11.5
vertex 2.6450321674346924 -52.538143157958984 11.5
vertex 2.566042423248291 -52.50130844116211 11.5
endloop
endfacet
facet normal 0 0 -1
outer loop
vertex -9.910322189331055 18.72502326965332 -5.699999809265137
vertex -9.095579147338867 19.866567611694336 -5.699999809265137
vertex -8.863800048828125 19.704273223876953 -5.699999809265137
endloop
endfacet
facet normal 0 0 -1
outer loop
vertex -8.026946067810059 19.474775314331055 -5.699999809265137
vertex 5.522504806518555 19.243928909301758 -5.699999809265137
vertex -9.910322189331055 18.72502326965332 -5.699999809265137
endloop
endfacet
facet normal 0 0 1
outer loop
vertex -22.08462142944336 -60.2684440612793 11.5
vertex -17.063854217529297 -44.70425796508789 11.5
vertex -17.08641242980957 -44.62007141113281 11.5
endloop
endfacet
facet normal 0 0 1
outer loop
vertex 20.675661087036133 -56.33796691894531 11.5
vertex 2.816042423248291 -52.56829833984375 11.5
vertex 20.58238983154297 -56.45161819458008 11.5
endloop
endfacet
facet normal 0 0 1
outer loop
vertex 5.375056743621826 18.668983459472656 11.5
vertex -8.036669731140137 18.89827537536621 11.5
vertex 6.593166828155518 18.026710510253906 11.5
endloop
endfacet
facet normal 0 0 -1
outer loop
vertex -27.184776306152344 38.381866455078125 -5.699999809265137
vertex -62.63712692260742 59.8709831237793 -5.699999809265137
vertex -26.438976287841797 38.64064407348633 -5.699999809265137
endloop
endfacet
facet normal 0 0 1
outer loop
vertex -16.183958053588867 -45.44329833984375 11.5
vertex -22.08462142944336 -60.2684440612793 11.5
vertex 0.8515762686729431 -45.44329833984375 11.5
endloop
endfacet
facet normal 0 0 1
outer loop
vertex 21.205991744995117 -57.6182975769043 11.5
vertex -17.338363647460938 -64.93389892578125 11.5
vertex 21.352310180664062 -57.603885650634766 11.5
endloop
endfacet
facet normal 1 0 0
outer loop
vertex 59.40599060058594 26.743602752685547 10.5
vertex 59.40599060058594 32.046653747558594 5.300000190734863
vertex 59.40599060058594 32.046653747558594 10.5
endloop
endfacet
facet normal 0.8425784477462102 0.5385736341426184 0
outer loop
vertex -23.933204650878906 37.93645477294922 -2.700000047683716
vertex -25.20372772216797 39.92414093017578 -2.700000047683716
vertex -23.933204650878906 37.93645477294922 7.5
endloop
endfacet
facet normal 0 0 -1
outer loop
vertex 54.2411003112793 33.761199951171875 -5.699999809265137
vertex 52.98778533935547 33.023738861083984 -5.699999809265137
vertex 54.779029846191406 34.94071960449219 -5.699999809265137
endloop
endfacet
facet normal 0 0 1
outer loop
vertex 14.485472679138184 16.016376495361328 11.5
vertex 20.90599250793457 7.886118412017822 11.5
vertex 14.86845874786377 16.19136619567871 11.5
endloop
endfacet
facet normal 0.6830028641389864 -0.7304156950514609 -6.575958945011915e-7
outer loop
vertex 83.14276885986328 -66.50997924804688 7.5
vertex 85.21257019042969 -64.57452392578125 -2.700000047683716
vertex 86.4583740234375 -63.40958786010742 -2.700000047683716
endloop
endfacet
facet normal 0.9659362187994903 0.2587802565814305 -0.000003871959534595238
outer loop
vertex -79.63235473632812 28.150598526000977 10.5
vertex -79.78244018554688 28.710737228393555 5.300000190734863
vertex -79.65544128417969 28.236772537231445 10.5
endloop
endfacet
facet normal 0 0 -1
outer loop
vertex -22.663393020629883 -9.36835765838623 -5.699999809265137
vertex -21.89400863647461 -5.74999475479126 -5.699999809265137
vertex -21.89400863647461 -60.48795700073242 -5.699999809265137
endloop
endfacet
facet normal 0 0 -1
outer loop
vertex -22.143798828125 -61.866275787353516 -5.699999809265137
vertex -22.661970138549805 -60.36530303955078 -5.699999809265137
vertex -21.882478713989258 -60.54591751098633 -5.699999809265137
endloop
endfacet
facet normal -0.3067805005615831 0.9517802921237571 0
outer loop
vertex 20.39405632019043 33.1317024230957 -2.700000047683716
vertex 19.147438049316406 32.729888916015625 -2.700000047683716
vertex 20.39405632019043 33.1317024230957 7.5
endloop
endfacet
facet normal 0 0 1
outer loop
vertex -24.248857498168945 31.665302276611328 11.5
vertex -24.351442337036133 31.81180763244629 11.5
vertex -31.941118240356445 31.423410415649414 11.5
endloop
endfacet
facet normal 0 0 -1
outer loop
vertex -31.094663619995117 -5.987873554229736 -5.699999809265137
vertex -29.93264389038086 -6.170804023742676 -5.699999809265137
vertex -30.189044952392578 -6.8877458572387695 -5.699999809265137
endloop
endfacet
facet normal -0.33438838888211836 0.9424353587280245 3.100719167188099e-8
outer loop
vertex 12.260274887084961 17.67565155029297 -2.700000047683716
vertex 10.454058647155762 17.03478240966797 -2.700000047683716
vertex 13.71375846862793 18.19136619567871 7.5
endloop
endfacet
facet normal 0 0 1
outer loop
vertex 60.74949645996094 -52.421852111816406 11.5
vertex 60.482765197753906 -52.560699462890625 11.5
vertex 80.63117980957031 -64.93389892578125 11.5
endloop
endfacet
facet normal 0 0 -1
outer loop
vertex 16.769153594970703 27.806123733520508 -5.699999809265137
vertex 16.38146209716797 28.494218826293945 -5.699999809265137
vertex 16.80570411682129 27.856565475463867 -5.699999809265137
endloop
endfacet
facet normal 0 0 1
outer loop
vertex -31.4179744720459 -6.031159400939941 11.5
vertex -30.18382453918457 -6.298167705535889 11.5
vertex -29.457862854003906 -1.2315585613250732 11.5
endloop
endfacet
facet normal 0 0 1
outer loop
vertex -46.31330490112305 8.330951690673828 11.5
vertex -31.4179744720459 -6.031159400939941 11.5
vertex -30.727819442749023 -0.6673330068588257 11.5
endloop
endfacet
facet normal 0 0 1
outer loop
vertex -28.644018173217773 -0.9198631644248962 11.5
vertex -26.62257194519043 -5.593970775604248 11.5
vertex -26.22154998779297 -5.5588860511779785 11.5
endloop
endfacet
facet normal 0 0 1
outer loop
vertex -22.086042404174805 -9.368341445922852 11.5
vertex -22.08462142944336 -60.2684440612793 11.5
vertex -17.09400749206543 13.046651840209961 11.5
endloop
endfacet
facet normal 0 0 -1
outer loop
vertex -23.068614959716797 -8.25506591796875 -5.699999809265137
vertex -23.295997619628906 -8.03004264831543 -5.699999809265137
vertex -21.89400863647461 -5.74999475479126 -5.699999809265137
endloop
endfacet
facet normal -0.9638833766298243 -0.26632468202682275 0
outer loop
vertex -32.46061325073242 31.42615509033203 10.5
vertex -31.99273681640625 29.73281478881836 5.300000190734863
vertex -31.99273681640625 29.73281478881836 10.5
endloop
endfacet
facet normal 0 0 -1
outer loop
vertex 11.032844543457031 15.40354061126709 -5.699999809265137
vertex 14.306154251098633 16.563770294189453 -5.699999809265137
vertex 14.552525520324707 11.631702423095703 -5.699999809265137
endloop
endfacet
facet normal 0 0 1
outer loop
vertex -8.398797988891602 18.92995834350586 11.5
vertex -16.369670867919922 20.385034561157227 11.5
vertex 3.3959412574768066 13.956703186035156 11.5
endloop
endfacet
facet normal 0 0 -1
outer loop
vertex 9.095840454101562 14.365521430969238 -5.699999809265137
vertex 9.861661911010742 15.407187461853027 -5.699999809265137
vertex 9.10599136352539 14.311039924621582 -5.699999809265137
endloop
endfacet
facet normal 0 0 1
outer loop
vertex -9.461514472961426 19.420665740966797 11.5
vertex -16.369670867919922 20.385034561157227 11.5
vertex -9.152475357055664 19.204273223876953 11.5
endloop
endfacet
facet normal -0.3847571960146678 -0.9230178222087212 0
outer loop
vertex -17.800430297851562 -67.24329376220703 -2.700000047683716
vertex -20.563852310180664 -66.09136962890625 7.5
vertex -20.563852310180664 -66.09136962890625 -2.700000047683716
endloop
endfacet
facet normal -0.5000022555513991 -0.8660241015373149 0
outer loop
vertex -64.6823501586914 54.04475784301758 5.300000190734863
vertex -64.23674011230469 53.78748321533203 5.300000190734863
vertex -64.6823501586914 54.04475784301758 10.5
endloop
endfacet
facet normal 0 0 -1
outer loop
vertex 9.10599136352539 13.213326454162598 -5.699999809265137
vertex 9.10599136352539 14.311039924621582 -5.699999809265137
vertex 10.687615394592285 11.631702423095703 -5.699999809265137
endloop
endfacet
facet normal 0 0 1
outer loop
vertex -19.470298767089844 14.954280853271484 11.5
vertex -17.063854217529297 13.21766185760498 11.5
vertex -17.027021408081055 13.296651840209961 11.5
endloop
endfacet
facet normal 0 0 1
outer loop
vertex -19.470298767089844 14.954280853271484 11.5
vertex -28.594011306762695 -0.8484525680541992 11.5
vertex -17.063854217529297 13.21766185760498 11.5
endloop
endfacet
facet normal -0.7071100702771196 0.7071034920806764 0
outer loop
vertex 79.80599212646484 -44.53324508666992 10.5
vertex 79.39594268798828 -44.94329833984375 5.300000190734863
vertex 79.39594268798828 -44.94329833984375 10.5
endloop
endfacet
facet normal 0 0 1
outer loop
vertex 19.536518096923828 30.428897857666016 11.5
vertex 21.494647979736328 25.714725494384766 11.5
vertex 21.566041946411133 25.76471519470215 11.5
endloop
endfacet
facet normal 0 0 1
outer loop
vertex -16.762203216552734 21.465057373046875 11.5
vertex -31.941118240356445 31.423410415649414 11.5
vertex -31.54834747314453 30.00188446044922 11.5
endloop
endfacet
facet normal 0 0 1
outer loop
vertex 61.298397064208984 -51.74507141113281 11.5
vertex 61.158199310302734 -52.01045608520508 11.5
vertex 80.63117980957031 -64.93389892578125 11.5
endloop
endfacet
facet normal 0 -1 0
outer loop
vertex 5.217891216278076 6.331702709197998 5.300000190734863
vertex 19.99409294128418 6.331702709197998 5.300000190734863
vertex 5.217891216278076 6.331702709197998 10.5
endloop
endfacet
facet normal 0 0 1
outer loop
vertex 81.37997436523438 37.666259765625 11.5
vertex 79.4827651977539 32.9491081237793 11.5
vertex 82.60075378417969 37.02274703979492 11.5
endloop
endfacet
facet normal 0 0 1
outer loop
vertex -64.8800277709961 54.509429931640625 11.5
vertex -64.81127166748047 54.525882720947266 11.5
vertex -64.1039810180664 59.598548889160156 11.5
endloop
endfacet
facet normal 0.7604993605719035 0.6493386809437166 0
outer loop
vertex 84.0694580078125 38.85915756225586 -2.700000047683716
vertex 86.95947265625 35.47439956665039 7.5
vertex 86.95947265625 35.47439956665039 -2.700000047683716
endloop
endfacet
facet normal 0 0 1
outer loop
vertex 16.84043312072754 28.126928329467773 11.5
vertex 21.053783416748047 25.273860931396484 11.5
vertex 21.463834762573242 25.683910369873047 11.5
endloop
endfacet
facet normal -0.6489814992447298 0.7608041887621695 0
outer loop
vertex 56.39659118652344 39.6152229309082 -2.700000047683716
vertex 53.01642990112305 36.731876373291016 -2.700000047683716
vertex 56.39659118652344 39.6152229309082 7.5
endloop
endfacet
facet normal 0.21209945875675046 0.977248084978985 0
outer loop
vertex -61.99945831298828 61.50495910644531 -2.700000047683716
vertex -64.06758117675781 61.953819274902344 -2.700000047683716
vertex -61.99945831298828 61.50495910644531 7.5
endloop
endfacet
facet normal 0 0 1
outer loop
vertex 21.352310180664062 -56.13270950317383 11.5
vertex 21.493003845214844 -56.17538833618164 11.5
vertex 60.39594268798828 -52.56829833984375 11.5
endloop
endfacet
facet normal 0 0 1
outer loop
vertex -22.08462142944336 -60.2684440612793 11.5
vertex 1.9135879278182983 -51.74507141113281 11.5
vertex 1.905991792678833 -51.65824508666992 11.5
endloop
endfacet
facet normal 0 0 -1
outer loop
vertex -13.017447471618652 24.717613220214844 -5.699999809265137
vertex -12.273287773132324 24.978118896484375 -5.699999809265137
vertex -12.971312522888184 24.67575454711914 -5.699999809265137
endloop
endfacet
facet normal 0 0 1
outer loop
vertex 16.193376541137695 26.901153564453125 11.5
vertex 16.019227981567383 18.146425247192383 11.5
vertex 16.84043312072754 28.126928329467773 11.5
endloop
endfacet
facet normal 0 0 1
outer loop
vertex 21.955991744995117 -56.8682975769043 11.5
vertex 21.94158172607422 -57.01461410522461 11.5
vertex 60.39594268798828 -52.56829833984375 11.5
endloop
endfacet
facet normal 0 0 1
outer loop
vertex 2.4946484565734863 -52.45132064819336 11.5
vertex -17.338363647460938 -64.93389892578125 11.5
vertex 2.566042423248291 -52.50130844116211 11.5
endloop
endfacet
facet normal 0 0 -1
outer loop
vertex -9.095579147338867 19.866567611694336 -5.699999809265137
vertex -11.38486099243164 19.92086410522461 -5.699999809265137
vertex -10.44283390045166 20.970203399658203 -5.699999809265137
endloop
endfacet
facet normal 0.7071034920806764 -0.7071100702771196 0
outer loop
vertex 59.40599060058594 32.046653747558594 10.5
vertex 59.816043853759766 32.456703186035156 5.300000190734863
vertex 59.816043853759766 32.456703186035156 10.5
endloop
endfacet
facet normal 0 0 1
outer loop
vertex 21.622669219970703 -57.49189758300781 11.5
vertex 21.493003845214844 -57.56120681762695 11.5
vertex 60.39594268798828 -52.56829833984375 11.5
endloop
endfacet
facet normal 0.38263475704992556 0.9238996929844843 7.211733683850225e-7
outer loop
vertex 1.1043553352355957 -44.98896789550781 10.5
vertex 0.9940926432609558 -44.94329833984375 5.300000190734863
vertex 1.0697040557861328 -44.97461700439453 10.5
endloop
endfacet
facet normal 0 0 1
outer loop
vertex 8.690314292907715 15.544968605041504 11.5
vertex 4.3059916496276855 13.046651840209961 11.5
vertex 8.9696044921875 15.265679359436035 11.5
endloop
endfacet
facet normal 0 0 1
outer loop
vertex 21.352310180664062 -57.603885650634766 11.5
vertex -17.338363647460938 -64.93389892578125 11.5
vertex 60.39594268798828 -52.56829833984375 11.5
endloop
endfacet
facet normal 0 0 1
outer loop
vertex -22.08462142944336 -60.2684440612793 11.5
vertex -17.08641242980957 -44.62007141113281 11.5
vertex -17.09400749206543 -44.53324508666992 11.5
endloop
endfacet
facet normal 0 0 1
outer loop
vertex 2.816042423248291 -52.56829833984375 11.5
vertex 20.455991744995117 -56.8682975769043 11.5
vertex 20.47040367126465 -56.721981048583984 11.5
endloop
endfacet
facet normal 0.9773514417013633 0.21162268168669102 0
outer loop
vertex -9.344045639038086 22.30910873413086 -2.700000047683716
vertex -9.764411926269531 24.25051498413086 -2.700000047683716
vertex -9.344045639038086 22.30910873413086 7.5
endloop
endfacet
facet normal 0 0 -1
outer loop
vertex 85.41719055175781 34.613304138183594 -5.699999809265137
vertex 82.33012390136719 37.057796478271484 -5.699999809265137
vertex 82.96792602539062 37.481849670410156 -5.699999809265137
endloop
endfacet
facet normal 0 0 -1
outer loop
vertex -24.70876121520996 33.39868927001953 -5.699999809265137
vertex -25.65110969543457 32.984283447265625 -5.699999809265137
vertex -24.769779205322266 33.62641525268555 -5.699999809265137
endloop
endfacet
facet normal 0 0 -1
outer loop
vertex -26.36141586303711 37.28074264526367 -5.699999809265137
vertex -26.438976287841797 38.64064407348633 -5.699999809265137
vertex -26.335756301879883 37.224361419677734 -5.699999809265137
endloop
endfacet
facet normal 0 0 -1
outer loop
vertex 81.07047271728516 37.63361740112305 -5.699999809265137
vertex 81.52617645263672 38.24184799194336 -5.699999809265137
vertex 82.27958679199219 37.094390869140625 -5.699999809265137
endloop
endfacet
facet normal 0 0 1
outer loop
vertex -17.338363647460938 -64.93389892578125 11.5
vertex 20.675661087036133 -57.39862823486328 11.5
vertex 20.58238983154297 -57.28497314453125 11.5
endloop
endfacet
facet normal 0.9774659576968698 0.21109311107599185 0
outer loop
vertex -23.081165313720703 33.991085052490234 7.5
vertex -23.081165313720703 33.991085052490234 -2.700000047683716
vertex -23.539766311645508 36.1146354675293 -2.700000047683716
endloop
endfacet
facet normal 0 0 -1
outer loop
vertex 54.815086364746094 34.990074157714844 -5.699999809265137
vertex 57.25505065917969 38.070899963378906 -5.699999809265137
vertex 57.35842514038086 37.297645568847656 -5.699999809265137
endloop
endfacet
facet normal 0.3826637876214871 0.9238876693858282 0
outer loop
vertex 0.9940926432609558 -44.94329833984375 5.300000190734863
vertex 1.1043553352355957 -44.98896789550781 10.5
vertex 1.1043553352355957 -44.98896789550781 5.300000190734863
endloop
endfacet
facet normal 0.8981366091931862 -0.4397165350847816 0
outer loop
vertex 87.44975280761719 -61.384666442871094 -2.700000047683716
vertex 86.53498840332031 -63.25310516357422 7.5
vertex 86.53498840332031 -63.25310516357422 -2.700000047683716
endloop
endfacet
facet normal -0.9999999996102666 -0.000027918929138843988 0
outer loop
vertex -24.395442962646484 -9.368406295776367 -2.700000047683716
vertex -24.39466094970703 -37.3785400390625 -2.700000047683716
vertex -24.395442962646484 -9.368406295776367 7.5
endloop
endfacet
facet normal 0 0 -1
outer loop
vertex 85.0944595336914 -60.54591751098633 -5.699999809265137
vertex 85.7183609008789 -60.98207473754883 -5.699999809265137
vertex 85.04277801513672 -62.361968994140625 -5.699999809265137
endloop
endfacet
facet normal 0 0 -1
outer loop
vertex 52.57835388183594 32.51409912109375 -5.699999809265137
vertex 54.19412612915039 32.171939849853516 -5.699999809265137
vertex 52.61994552612305 30.631702423095703 -5.699999809265137
endloop
endfacet
facet normal 0 0 -1
outer loop
vertex 85.04277801513672 -62.361968994140625 -5.699999809265137
vertex 84.58229064941406 -61.75227737426758 -5.699999809265137
vertex 84.61512756347656 -61.70314025878906 -5.699999809265137
endloop
endfacet
facet normal -0.7303636393414039 -0.6830585292110624 0
outer loop
vertex -20.563852310180664 -66.09136962890625 -2.700000047683716
vertex -23.660701751708984 -62.78004837036133 7.5
vertex -23.660701751708984 -62.78004837036133 -2.700000047683716
endloop
endfacet
facet normal 0 0 -1
outer loop
vertex 80.72803497314453 -65.51124572753906 -5.699999809265137
vertex 80.90861511230469 -64.73176574707031 -5.699999809265137
vertex 82.06583404541016 -64.25243377685547 -5.699999809265137
endloop
endfacet
facet normal 0.9999986446905973 -0.0016463951430062405 -3.940705267955228e-8
outer loop
vertex 87.5694808959961 11.340592384338379 7.5
vertex 87.5694808959961 11.340836524963379 -2.700000047683716
vertex 87.60591125488281 33.46815490722656 -2.700000047683716
endloop
endfacet
facet normal 0 0 1
outer loop
vertex -80.2654037475586 28.581327438354492 11.5
vertex -84.69037628173828 25.797189712524414 11.5
vertex -80.11347961425781 28.02168083190918 11.5
endloop
endfacet
facet normal 0 0 1
outer loop
vertex -25.251293182373047 33.20122528076172 11.5
vertex -31.941118240356445 31.423410415649414 11.5
vertex -25.081165313720703 32.83638381958008 11.5
endloop
endfacet
facet normal 0 0 -1
outer loop
vertex -31.629749298095703 -6.5760498046875 -5.699999809265137
vertex -31.14702606201172 -5.969303131103516 -5.699999809265137
vertex -31.094663619995117 -5.987873554229736 -5.699999809265137
endloop
endfacet
facet normal 0 0 -1
outer loop
vertex 19.35539436340332 30.16989517211914 -5.699999809265137
vertex 16.80570411682129 27.856565475463867 -5.699999809265137
vertex 19.24946403503418 30.942974090576172 -5.699999809265137
endloop
endfacet
facet normal 0 0 1
outer loop
vertex -63.314353942871094 18.141584396362305 11.5
vertex -31.4179744720459 -6.031159400939941 11.5
vertex -46.357662200927734 8.351635932922363 11.5
endloop
endfacet
facet normal 0 0 -1
outer loop
vertex -17.453880310058594 -65.51124572753906 -5.699999809265137
vertex -17.638669967651367 -64.74329376220703 -5.699999809265137
vertex 5.705991744995117 -65.51124572753906 -5.699999809265137
endloop
endfacet
facet normal -0.9998100696030087 0.019489092344688156 8.354417181883593e-8
outer loop
vertex 13.800572395324707 22.645008087158203 -2.700000047683716
vertex 13.71375846862793 18.19136619567871 -2.700000047683716
vertex 13.895100593566895 27.494356155395508 7.5
endloop
endfacet
facet normal 0 0 -1
outer loop
vertex -30.189044952392578 -6.8877458572387695 -5.699999809265137
vertex -29.93264389038086 -6.170804023742676 -5.699999809265137
vertex -29.87710952758789 -6.169219493865967 -5.699999809265137
endloop
endfacet
facet normal 0.7639382007755283 0.6452894121212923 -7.480712784850431e-8
outer loop
vertex 9.309927940368652 18.3892822265625 -2.700000047683716
vertex 8.067583084106445 19.860055923461914 -2.700000047683716
vertex 10.454058647155762 17.03478240966797 7.5
endloop
endfacet
facet normal 0.01686462934418451 0.9998577820255655 0
outer loop
vertex 5.96484899520874 20.968765258789062 -2.700000047683716
vertex -7.997774600982666 21.204273223876953 -2.700000047683716
vertex 5.96484899520874 20.968765258789062 7.5
endloop
endfacet
facet normal 0 0 -1
outer loop
vertex -26.557231903076172 -6.171905517578125 -5.699999809265137
vertex -30.189044952392578 -6.8877458572387695 -5.699999809265137
vertex -26.515413284301758 -5.441477298736572 -5.699999809265137
endloop
endfacet
facet normal 0 0 -1
outer loop
vertex 16.230012893676758 26.59935760498047 -5.699999809265137
vertex 15.618807792663574 27.049453735351562 -5.699999809265137
vertex 16.769153594970703 27.806123733520508 -5.699999809265137
endloop
endfacet
facet normal 0.6343862239366393 0.7730162474873422 0
outer loop
vertex -7.997774600982666 21.204273223876953 7.5
vertex -9.344045639038086 22.30910873413086 -2.700000047683716
vertex -9.344045639038086 22.30910873413086 7.5
endloop
endfacet
facet normal 0 0 -1
outer loop
vertex 16.13204002380371 13.201208114624023 -5.699999809265137
vertex 15.419495582580566 17.89059829711914 -5.699999809265137
vertex 15.44286060333252 18.15766143798828 -5.699999809265137
endloop
endfacet
facet normal 0 0 -1
outer loop
vertex -23.295997619628906 -8.03004264831543 -5.699999809265137
vertex -25.122102737426758 -6.529922962188721 -5.699999809265137
vertex -21.89400863647461 -5.74999475479126 -5.699999809265137
endloop
endfacet
facet normal -0.6489814992447298 0.7608041887621695 0
outer loop
vertex 56.39659118652344 39.6152229309082 7.5
vertex 53.01642990112305 36.731876373291016 -2.700000047683716
vertex 53.01642990112305 36.731876373291016 7.5
endloop
endfacet
facet normal 0 0 -1
outer loop
vertex -21.89400863647461 -5.74999475479126 -5.699999809265137
vertex -22.663393020629883 -9.36835765838623 -5.699999809265137
vertex -22.689706802368164 -9.067638397216797 -5.699999809265137
endloop
endfacet
facet normal 0 0 1
outer loop
vertex -22.08462142944336 -60.2684440612793 11.5
vertex -17.09400749206543 -44.53324508666992 11.5
vertex -17.09400749206543 13.046651840209961 11.5
endloop
endfacet
facet normal 0.3826935120098122 -0.9238753573213194 0
outer loop
vertex 20.069704055786133 6.3630218505859375 10.5
vertex 20.104354858398438 6.37737512588501 5.300000190734863
vertex 20.104354858398438 6.37737512588501 10.5
endloop
endfacet
facet normal 0.4999999934503782 0.8660254075658645 0
outer loop
vertex -46.107662200927734 8.784647941589355 10.5
vertex -63.064353942871094 18.57459831237793 5.300000190734863
vertex -63.064353942871094 18.57459831237793 10.5
endloop
endfacet
facet normal 0 0 -1
outer loop
vertex -85.23787689208984 25.582860946655273 -5.699999809265137
vertex -84.44790649414062 25.57353973388672 -5.699999809265137
vertex -84.36685943603516 24.2039737701416 -5.699999809265137
endloop
endfacet
facet normal -0.9659261737541017 -0.2588177483418807 0
outer loop
vertex -31.082307815551758 34.397579193115234 10.5
vertex -31.0075740814209 34.11866760253906 5.300000190734863
vertex -31.0075740814209 34.11866760253906 10.5
endloop
endfacet
facet normal 0.9518107385426905 0.30668602510518483 0
outer loop
vertex 87.60591125488281 33.46815490722656 7.5
vertex 86.95947265625 35.47439956665039 -2.700000047683716
vertex 86.95947265625 35.47439956665039 7.5
endloop
endfacet
facet normal 0 0 -1
outer loop
vertex 16.13204002380371 13.201208114624023 -5.699999809265137
vertex 14.57978343963623 16.69136619567871 -5.699999809265137
vertex 14.827098846435547 16.864538192749023 -5.699999809265137
endloop
endfacet
facet normal 0 0 -1
outer loop
vertex 14.552525520324707 11.631702423095703 -5.699999809265137
vertex 9.10599136352539 14.311039924621582 -5.699999809265137
vertex 10.153290748596191 15.329046249389648 -5.699999809265137
endloop
endfacet
facet normal -0.9638833766298243 -0.26632468202682275 0
outer loop
vertex -32.46061325073242 31.42615509033203 5.300000190734863
vertex -31.99273681640625 29.73281478881836 5.300000190734863
vertex -32.46061325073242 31.42615509033203 10.5
endloop
endfacet
facet normal 0 1 0
outer loop
vertex 50.279510498046875 33.1317024230957 7.5
vertex 20.39405632019043 33.1317024230957 -2.700000047683716
vertex 20.39405632019043 33.1317024230957 7.5
endloop
endfacet
facet normal 0.8135214460615037 0.5815349145133075 0
outer loop
vertex -22.479753494262695 33.149757385253906 7.5
vertex -23.081165313720703 33.991085052490234 -2.700000047683716
vertex -23.081165313720703 33.991085052490234 7.5
endloop
endfacet
facet normal 0 0 -1
outer loop
vertex 9.10599136352539 14.311039924621582 -5.699999809265137
vertex 9.861661911010742 15.407187461853027 -5.699999809265137
vertex 10.153290748596191 15.329046249389648 -5.699999809265137
endloop
endfacet
facet normal 0 0 1
outer loop
vertex -16.369670867919922 20.385034561157227 11.5
vertex -16.392227172851562 20.30084800720215 11.5
vertex 3.3959412574768066 13.956703186035156 11.5
endloop
endfacet
facet normal -1 0 0
outer loop
vertex 3.8059918880462646 13.046651840209961 10.5
vertex 3.8059918880462646 7.7436017990112305 5.300000190734863
vertex 3.8059918880462646 7.7436017990112305 10.5
endloop
endfacet
facet normal 0 0 1
outer loop
vertex -23.964208602905273 31.380651473999023 11.5
vertex -16.762203216552734 21.465057373046875 11.5
vertex -23.669843673706055 31.174535751342773 11.5
endloop
endfacet
facet normal 0 0 -1
outer loop
vertex 5.010037422180176 18.646610260009766 -5.699999809265137
vertex 5.522504806518555 19.243928909301758 -5.699999809265137
vertex 5.071012020111084 18.633459091186523 -5.699999809265137
endloop
endfacet
facet normal 0 0 1
outer loop
vertex -11.595208168029785 21.821672439575195 11.5
vertex -16.36207389831543 20.471858978271484 11.5
vertex -11.514172554016113 21.51924705505371 11.5
endloop
endfacet
facet normal 0 0 1
outer loop
vertex 53.49537658691406 32.7513427734375 11.5
vertex 53.46501159667969 32.68622970581055 11.5
vertex 58.90599060058594 32.046653747558594 11.5
endloop
endfacet
facet normal 0.2588179718083172 -0.9659261121201506 0.000058253577320584316
outer loop
vertex -65.24246978759766 53.894676208496094 5.300000190734863
vertex -64.75064849853516 54.026458740234375 5.300000190734863
vertex -65.24272918701172 53.894920349121094 10.500694274902344
endloop
endfacet
facet normal 0 0 1
outer loop
vertex -16.36207389831543 20.471858978271484 11.5
vertex -16.369670867919922 20.385034561157227 11.5
vertex -11.113149642944336 20.82465362548828 11.5
endloop
endfacet
facet normal 0 0 -1
outer loop
vertex -85.02059936523438 30.221818923950195 -5.699999809265137
vertex -85.92495727539062 29.2982177734375 -5.699999809265137
vertex -85.6078109741211 30.756553649902344 -5.699999809265137
endloop
endfacet
facet normal 0 0 1
outer loop
vertex 16.84043312072754 28.126928329467773 11.5
vertex 21.463834762573242 25.683910369873047 11.5
vertex 19.536518096923828 30.428897857666016 11.5
endloop
endfacet
facet normal 0 0 1
outer loop
vertex -67.59477996826172 58.95315933227539 11.5
vertex -68.76180267333984 58.217159271240234 11.5
vertex -65.5638198852539 54.27777099609375 11.5
endloop
endfacet
facet normal 0 0 1
outer loop
vertex 79.39594268798828 -45.44329833984375 11.5
vertex 85.1412353515625 -60.847877502441406 11.5
vertex 79.4827651977539 -45.435699462890625 11.5
endloop
endfacet
facet normal -0.5001903996107764 -0.8659154486075484 0
outer loop
vertex -64.23674011230469 53.78748321533203 5.300000190734863
vertex -64.23674011230469 53.78748321533203 10.5
vertex -64.29417419433594 53.82065963745117 10.5
endloop
endfacet
facet normal -0.9998100661789282 0.019489268002709066 -7.672697791361362e-8
outer loop
vertex 13.895100593566895 27.494356155395508 7.5
vertex 13.71375846862793 18.19136619567871 -2.700000047683716
vertex 13.800572395324707 22.645008087158203 7.5
endloop
endfacet
facet normal 0.2588008060454032 -0.965930713245132 0
outer loop
vertex -64.75064849853516 54.026458740234375 10.5
vertex -64.6823501586914 54.04475784301758 5.300000190734863
vertex -64.6823501586914 54.04475784301758 10.5
endloop
endfacet
facet normal 0 0 -1
outer loop
vertex -68.89115905761719 57.93091583251953 -5.699999809265137
vertex -69.1882095336914 58.630821228027344 -5.699999809265137
vertex -67.81793212890625 58.710819244384766 -5.699999809265137
endloop
endfacet
facet normal 0 0 1
outer loop
vertex -22.12112808227539 -8.96738338470459 11.5
vertex -22.086042404174805 -9.368341445922852 11.5
vertex -17.09400749206543 13.046651840209961 11.5
endloop
endfacet
facet normal 0.7071084257375708 -0.7071051366316995 0
outer loop
vertex -16.59400749206543 13.046651840209961 10.5
vertex -16.183958053588867 13.456703186035156 5.300000190734863
vertex -16.183958053588867 13.456703186035156 10.5
endloop
endfacet
facet normal 0 0 1
outer loop
vertex 81.92449188232422 -64.48741912841797 11.5
vertex 84.57091522216797 -62.01276397705078 11.5
vertex 62.360408782958984 -45.44329833984375 11.5
endloop
endfacet
facet normal 0 0 1
outer loop
vertex -17.09400749206543 13.046651840209961 11.5
vertex -25.43168830871582 -5.698159694671631 11.5
vertex -25.066848754882812 -5.868287086486816 11.5
endloop
endfacet
facet normal 1 0 0
outer loop
vertex 21.40599250793457 7.7436017990112305 5.300000190734863
vertex 21.40599250793457 24.92165184020996 5.300000190734863
vertex 21.40599250793457 7.7436017990112305 10.5
endloop
endfacet
facet normal 0 0 1
outer loop
vertex -30.727819442749023 -0.6673330068588257 11.5
vertex -31.4179744720459 -6.031159400939941 11.5
vertex -29.83728790283203 -1.1815786361694336 11.5
endloop
endfacet
facet normal 0 0 1
outer loop
vertex 60.482765197753906 -52.560699462890625 11.5
vertex 60.39594268798828 -52.56829833984375 11.5
vertex 80.63117980957031 -64.93389892578125 11.5
endloop
endfacet
facet normal 0 0 -1
outer loop
vertex -26.22154998779297 -6.136236190795898 -5.699999809265137
vertex -26.515413284301758 -5.441477298736572 -5.699999809265137
vertex -26.45890235900879 -5.416334629058838 -5.699999809265137
endloop
endfacet
facet normal 0 0 -1
outer loop
vertex -64.09487915039062 60.1873664855957 -5.699999809265137
vertex -62.63712692260742 59.8709831237793 -5.699999809265137
vertex -63.17217254638672 59.28337478637695 -5.699999809265137
endloop
endfacet
facet normal -0.500002886170037 -0.8660237374469784 0
outer loop
vertex -31.92045783996582 29.639371871948242 5.300000190734863
vertex -17.012163162231445 21.031997680664062 5.300000190734863
vertex -31.92045783996582 29.639371871948242 10.5
endloop
endfacet
facet normal 0.7071100702771196 0.7071034920806764 0
outer loop
vertex -16.183958053588867 -44.94329833984375 5.300000190734863
vertex -16.59400749206543 -44.53324508666992 5.300000190734863
vertex -16.183958053588867 -44.94329833984375 10.5
endloop
endfacet
facet normal 0 0 1
outer loop
vertex 80.158203125 32.398860931396484 11.5
vertex 84.90309143066406 34.326271057128906 11.5
vertex 79.7481460571289 32.80891036987305 11.5
endloop
endfacet
facet normal 0.46631327026875 0.884619654976795 0
outer loop
vertex 84.0694580078125 38.85915756225586 -2.700000047683716
vertex 83.12570190429688 39.35664367675781 -2.700000047683716
vertex 84.0694580078125 38.85915756225586 7.5
endloop
endfacet
facet normal 0 0 -1
outer loop
vertex -21.89400863647461 -5.74999475479126 -5.699999809265137
vertex -26.45890235900879 -5.416334629058838 -5.699999809265137
vertex -24.83225440979004 -4.245020866394043 -5.699999809265137
endloop
endfacet
facet normal 0.8981366091931862 -0.4397165350847816 0
outer loop
vertex 86.53498840332031 -63.25310516357422 7.5
vertex 87.44975280761719 -61.384666442871094 -2.700000047683716
vertex 87.44975280761719 -61.384666442871094 7.5
endloop
endfacet
facet normal -0.8616237084516426 0.5075476184891804 0
outer loop
vertex -70.4674072265625 59.87181091308594 -2.700000047683716
vertex -87.24124145507812 31.396190643310547 -2.700000047683716
vertex -70.4674072265625 59.87181091308594 7.5
endloop
endfacet
facet normal -0.5133896629033149 0.8581556117767964 -1.1252090597201613e-7
outer loop
vertex 51.46501159667969 33.84092712402344 7.5
vertex 50.279510498046875 33.1317024230957 -2.700000047683716
vertex 51.07314682006836 33.60649490356445 7.5
endloop
endfacet
facet normal -0.5334386494751622 0.8458387596026296 3.3721618345519552e-9
outer loop
vertex -69.04102325439453 60.77137756347656 -2.700000047683716
vertex -70.4674072265625 59.87181091308594 -2.700000047683716
vertex -68.4511947631836 61.14336013793945 7.5
endloop
endfacet
facet normal -0.30358103780218615 0.9528056220903336 0
outer loop
vertex 58.42033767700195 40.26002502441406 -2.700000047683716
vertex 56.39659118652344 39.6152229309082 -2.700000047683716
vertex 58.42033767700195 40.26002502441406 7.5
endloop
endfacet
facet normal 0.32632527985176457 -0.9452575372509163 0
outer loop
vertex 81.01859283447266 -67.24329376220703 7.5
vertex 81.37128448486328 -67.12153625488281 -2.700000047683716
vertex 81.37128448486328 -67.12153625488281 7.5
endloop
endfacet
facet normal 0 0 1
outer loop
vertex 16.84043312072754 28.126928329467773 11.5
vertex 20.972978591918945 25.17165184020996 11.5
vertex 21.02297019958496 25.243045806884766 11.5
endloop
endfacet
facet normal -0.92387775855788 0.3826877150393876 0
outer loop
vertex 60.85166549682617 -46.24493408203125 5.300000190734863
vertex 60.805992126464844 -46.35519790649414 5.300000190734863
vertex 60.85166549682617 -46.24493408203125 10.5
endloop
endfacet
facet normal -0.8811375109240793 0.4728601133977342 0
outer loop
vertex 53.01642990112305 36.731876373291016 -2.700000047683716
vertex 52.07481384277344 34.97724914550781 -2.700000047683716
vertex 53.01642990112305 36.731876373291016 7.5
endloop
endfacet
facet normal -1 0 0
outer loop
vertex 60.805992126464844 -46.35519790649414 5.300000190734863
vertex 60.805992126464844 -51.65824508666992 5.300000190734863
vertex 60.805992126464844 -46.35519790649414 10.5
endloop
endfacet
facet normal 0 0 1
outer loop
vertex 21.7363224029541 -56.33796691894531 11.5
vertex 21.829593658447266 -56.45161819458008 11.5
vertex 60.39594268798828 -52.56829833984375 11.5
endloop
endfacet
facet normal 0 0 1
outer loop
vertex -22.08462142944336 -60.2684440612793 11.5
vertex -19.216596603393555 -64.15095520019531 11.5
vertex 2.052438497543335 -52.01179885864258 11.5
endloop
endfacet
facet normal 0 0 -1
outer loop
vertex -24.934316635131836 31.69890022277832 -5.699999809265137
vertex -12.273287773132324 24.978118896484375 -5.699999809265137
vertex -13.017447471618652 24.717613220214844 -5.699999809265137
endloop
endfacet
facet normal 0 0 1
outer loop
vertex 16.019227981567383 18.146425247192383 11.5
vertex 20.90599250793457 24.92165184020996 11.5
vertex 20.91358757019043 25.00847625732422 11.5
endloop
endfacet
facet normal 0 0 -1
outer loop
vertex -12.170354843139648 23.548568725585938 -5.699999809265137
vertex -12.195764541625977 23.605445861816406 -5.699999809265137
vertex -11.392349243164062 23.584312438964844 -5.699999809265137
endloop
endfacet
facet normal 0 0 1
outer loop
vertex -17.338363647460938 -64.93389892578125 11.5
vertex 2.463834285736084 -52.42050552368164 11.5
vertex 2.052438497543335 -52.01179885864258 11.5
endloop
endfacet
facet normal 0 0 -1
outer loop
vertex -12.971312522888184 24.67575454711914 -5.699999809265137
vertex -12.273287773132324 24.978118896484375 -5.699999809265137
vertex -11.392349243164062 23.584312438964844 -5.699999809265137
endloop
endfacet
facet normal 0 0 1
outer loop
vertex 58.90599060058594 26.886117935180664 11.5
vertex 58.90599060058594 32.046653747558594 11.5
vertex 57.85157775878906 25.831703186035156 11.5
endloop
endfacet
facet normal 0 0 1
outer loop
vertex 21.829593658447266 -56.45161819458008 11.5
vertex 21.898900985717773 -56.58128356933594 11.5
vertex 60.39594268798828 -52.56829833984375 11.5
endloop
endfacet
facet normal 0 0 1
outer loop
vertex 2.7292182445526123 -52.560699462890625 11.5
vertex -17.338363647460938 -64.93389892578125 11.5
vertex 2.816042423248291 -52.56829833984375 11.5
endloop
endfacet
facet normal 0 0 1
outer loop
vertex 21.898900985717773 -57.155311584472656 11.5
vertex 21.829593658447266 -57.28497314453125 11.5
vertex 60.39594268798828 -52.56829833984375 11.5
endloop
endfacet
facet normal 0 0 1
outer loop
vertex 16.019227981567383 18.146425247192383 11.5
vertex 15.98807430267334 17.790342330932617 11.5
vertex 20.90599250793457 7.886118412017822 11.5
endloop
endfacet
facet normal 0 0 -1
outer loop
vertex -9.910322189331055 18.72502326965332 -5.699999809265137
vertex -8.590170860290527 19.576679229736328 -5.699999809265137
vertex -8.298542022705078 19.498537063598633 -5.699999809265137
endloop
endfacet
facet normal 0 0 1
outer loop
vertex 57.541202545166016 37.55612564086914 11.5
vertex 54.8458251953125 35.25691604614258 11.5
vertex 59.46383285522461 32.80891036987305 11.5
endloop
endfacet
facet normal 0 0 1
outer loop
vertex 21.829593658447266 -57.28497314453125 11.5
vertex 21.7363224029541 -57.39862823486328 11.5
vertex 60.39594268798828 -52.56829833984375 11.5
endloop
endfacet
facet normal 0.7071100702771196 0.7071034920806764 0
outer loop
vertex -16.183958053588867 -44.94329833984375 10.5
vertex -16.59400749206543 -44.53324508666992 5.300000190734863
vertex -16.59400749206543 -44.53324508666992 10.5
endloop
endfacet
facet normal 0 0 1
outer loop
vertex 60.39594268798828 -52.56829833984375 11.5
vertex -17.338363647460938 -64.93389892578125 11.5
vertex 80.63117980957031 -64.93389892578125 11.5
endloop
endfacet
facet normal 0 0 1
outer loop
vertex 15.198212623596191 16.42226219177246 11.5
vertex 20.90599250793457 7.886118412017822 11.5
vertex 15.48286247253418 16.706912994384766 11.5
endloop
endfacet
facet normal 0 0 1
outer loop
vertex -16.537511825561523 -45.296852111816406 11.5
vertex -22.08462142944336 -60.2684440612793 11.5
vertex -16.270782470703125 -45.435699462890625 11.5
endloop
endfacet
facet normal 0.7071072570905289 0.7071063052822458 0
outer loop
vertex 2.1670942306518555 -46.05170822143555 10.5
vertex 1.1043553352355957 -44.98896789550781 5.300000190734863
vertex 1.1043553352355957 -44.98896789550781 10.5
endloop
endfacet
facet normal 0 0 1
outer loop
vertex 50.68053436279297 30.85738754272461 11.5
vertex 57.85157775878906 25.831703186035156 11.5
vertex 51.069374084472656 30.961576461791992 11.5
endloop
endfacet
facet normal 0 0 1
outer loop
vertex -22.08462142944336 -60.2684440612793 11.5
vertex -16.947561264038086 -44.88679885864258 11.5
vertex -16.97702980041504 -44.85464096069336 11.5
endloop
endfacet
facet normal 0 0 1
outer loop
vertex 2.816042423248291 -52.56829833984375 11.5
vertex 20.91897964477539 -56.17538833618164 11.5
vertex 21.059673309326172 -56.13270950317383 11.5
endloop
endfacet
facet normal 0 0 1
outer loop
vertex 3.7481493949890137 13.808910369873047 11.5
vertex 4.158199787139893 13.398859977722168 11.5
vertex 8.690314292907715 15.544968605041504 11.5
endloop
endfacet
facet normal 0 0 1
outer loop
vertex 2.816042423248291 -52.56829833984375 11.5
vertex 20.51308250427246 -56.58128356933594 11.5
vertex 20.58238983154297 -56.45161819458008 11.5
endloop
endfacet
facet normal -0.5133896629033182 0.858155611776802 0
outer loop
vertex 51.46501159667969 33.84092712402344 -2.700000047683716
vertex 51.07314682006836 33.60649490356445 -2.700000047683716
vertex 51.46501159667969 33.84092712402344 7.5
endloop
endfacet
facet normal 0 0 1
outer loop
vertex 2.816042423248291 -52.56829833984375 11.5
vertex 20.51308250427246 -57.155311584472656 11.5
vertex 20.47040367126465 -57.01461410522461 11.5
endloop
endfacet
facet normal 0.6343862239366393 0.7730162474873422 0
outer loop
vertex -7.997774600982666 21.204273223876953 -2.700000047683716
vertex -9.344045639038086 22.30910873413086 -2.700000047683716
vertex -7.997774600982666 21.204273223876953 7.5
endloop
endfacet
facet normal 0 0 -1
outer loop
vertex 85.41719055175781 34.613304138183594 -5.699999809265137
vertex 84.67327880859375 34.46012878417969 -5.699999809265137
vertex 84.6441879272461 34.507301330566406 -5.699999809265137
endloop
endfacet
facet normal 0.8453143631400379 0.5342692462318527 0
outer loop
vertex -9.764411926269531 24.25051498413086 -2.700000047683716
vertex -10.352591514587402 25.18112564086914 -2.700000047683716
vertex -9.764411926269531 24.25051498413086 7.5
endloop
endfacet
facet normal 0 0 1
outer loop
vertex 3.4827654361724854 13.949106216430664 11.5
vertex 6.593166828155518 18.026710510253906 11.5
vertex -8.036669731140137 18.89827537536621 11.5
endloop
endfacet
facet normal 0 0 -1
outer loop
vertex -24.48493194580078 32.98762512207031 -5.699999809265137
vertex -25.65110969543457 32.984283447265625 -5.699999809265137
vertex -24.581165313720703 33.12506103515625 -5.699999809265137
endloop
endfacet
facet normal 0 0 -1
outer loop
vertex 82.27958679199219 37.094390869140625 -5.699999809265137
vertex 82.96792602539062 37.481849670410156 -5.699999809265137
vertex 82.33012390136719 37.057796478271484 -5.699999809265137
endloop
endfacet
facet normal 0 0 -1
outer loop
vertex -24.769779205322266 33.62641525268555 -5.699999809265137
vertex -25.626094818115234 34.05015563964844 -5.699999809265137
vertex -25.62972640991211 34.08674240112305 -5.699999809265137
endloop
endfacet
facet normal 0 0 -1
outer loop
vertex 85.8734130859375 33.197391510009766 -5.699999809265137
vertex 85.09584045410156 33.36552047729492 -5.699999809265137
vertex 84.67327880859375 34.46012878417969 -5.699999809265137
endloop
endfacet
facet normal 0 0 -1
outer loop
vertex -24.769779205322266 33.62641525268555 -5.699999809265137
vertex -26.438976287841797 38.64064407348633 -5.699999809265137
vertex -25.56043815612793 37.266204833984375 -5.699999809265137
endloop
endfacet
facet normal 0 0 1
outer loop
vertex -17.338363647460938 -64.93389892578125 11.5
vertex 21.205991744995117 -57.6182975769043 11.5
vertex 21.059673309326172 -57.603885650634766 11.5
endloop
endfacet
facet normal 0 0 -1
outer loop
vertex 81.00947570800781 37.64676284790039 -5.699999809265137
vertex 58.56416320800781 37.7596321105957 -5.699999809265137
vertex 58.67913055419922 38.524635314941406 -5.699999809265137
endloop
endfacet
facet normal 0 0 1
outer loop
vertex -17.338363647460938 -64.93389892578125 11.5
vertex 20.78931427001953 -57.49189758300781 11.5
vertex 20.675661087036133 -57.39862823486328 11.5
endloop
endfacet
facet normal 0 0 1
outer loop
vertex 57.541202545166016 37.55612564086914 11.5
vertex 59.729217529296875 32.9491081237793 11.5
vertex 58.7653923034668 37.94617462158203 11.5
endloop
endfacet
facet normal 0.8135214460615037 0.5815349145133075 0
outer loop
vertex -23.081165313720703 33.991085052490234 -2.700000047683716
vertex -22.479753494262695 33.149757385253906 7.5
vertex -22.479753494262695 33.149757385253906 -2.700000047683716
endloop
endfacet
facet normal 0 0 -1
outer loop
vertex 57.40595626831055 37.32687759399414 -5.699999809265137
vertex 57.25505065917969 38.070899963378906 -5.699999809265137
vertex 58.50926971435547 37.74961853027344 -5.699999809265137
endloop
endfacet
facet normal 0.5059096793338963 0.862586457322554 0
outer loop
vertex -25.20372772216797 39.92414093017578 -2.700000047683716
vertex -42.06535339355469 49.81353759765625 -2.700000047683716
vertex -25.20372772216797 39.92414093017578 7.5
endloop
endfacet
facet normal 0 0 -1
outer loop
vertex 54.779029846191406 34.94071960449219 -5.699999809265137
vertex 54.38847732543945 35.62565612792969 -5.699999809265137
vertex 54.815086364746094 34.990074157714844 -5.699999809265137
endloop
endfacet
facet normal 0 0 -1
outer loop
vertex 54.19412612915039 32.171939849853516 -5.699999809265137
vertex 52.98778533935547 33.023738861083984 -5.699999809265137
vertex 54.22747039794922 33.70161437988281 -5.699999809265137
endloop
endfacet
facet normal 0.9238812899619664 0.38267918947626745 0
outer loop
vertex 2.3603196144104004 -46.24493408203125 5.300000190734863
vertex 2.405991792678833 -46.35519790649414 10.5
vertex 2.405991792678833 -46.35519790649414 5.300000190734863
endloop
endfacet
facet normal -0.9833273553195276 -0.18184419781863617 0
outer loop
vertex -87.49684143066406 28.273332595825195 7.5
vertex -86.8803939819336 24.939876556396484 -2.700000047683716
vertex -86.8803939819336 24.939876556396484 7.5
endloop
endfacet
facet normal -0.2114579871428562 -0.9773870879408484 0
outer loop
vertex -32.265071868896484 -8.210721015930176 7.5
vertex -30.2047061920166 -8.656481742858887 -2.700000047683716
vertex -30.2047061920166 -8.656481742858887 7.5
endloop
endfacet
facet normal 1 0 0
outer loop
vertex 2.405991792678833 -46.35519790649414 5.300000190734863
vertex 2.405991792678833 -51.65824508666992 10.5
vertex 2.405991792678833 -51.65824508666992 5.300000190734863
endloop
endfacet
facet normal 0 -1 0
outer loop
vertex 59.816043853759766 32.456703186035156 5.300000190734863
vertex 79.39594268798828 32.456703186035156 5.300000190734863
vertex 59.816043853759766 32.456703186035156 10.5
endloop
endfacet
facet normal 0.9659272333067512 0.25881379398394694 0
outer loop
vertex -79.63235473632812 28.150598526000977 5.300000190734863
vertex -79.78244018554688 28.710737228393555 5.300000190734863
vertex -79.63235473632812 28.150598526000977 10.5
endloop
endfacet
facet normal 0 0 1
outer loop
vertex 20.90599250793457 7.886118412017822 11.5
vertex 14.485472679138184 16.016376495361328 11.5
vertex 11.225772857666016 14.859793663024902 11.5
endloop
endfacet
facet normal 0.6830045930370733 -0.7304140783762741 0
outer loop
vertex 83.14276885986328 -66.50997924804688 -2.700000047683716
vertex 85.21257019042969 -64.57452392578125 -2.700000047683716
vertex 83.14276885986328 -66.50997924804688 7.5
endloop
endfacet
facet normal 0.9999986447205051 -0.0016463769778400934 0
outer loop
vertex 87.5694808959961 11.340592384338379 7.5
vertex 87.60591125488281 33.46815490722656 -2.700000047683716
vertex 87.60591125488281 33.46815490722656 7.5
endloop
endfacet
facet normal 0 0 -1
outer loop
vertex 54.19412612915039 32.171939849853516 -5.699999809265137
vertex 52.791839599609375 32.72758865356445 -5.699999809265137
vertex 52.96501159667969 32.97490310668945 -5.699999809265137
endloop
endfacet
facet normal 0.49996108703112907 0.8660478690314363 8.718472675149555e-7
outer loop
vertex -79.50639343261719 28.077877044677734 10.5
vertex -79.63235473632812 28.150598526000977 5.300000190734863
vertex -79.55752563476562 28.10739517211914 10.5
endloop
endfacet
facet normal -0.2114579871428562 -0.9773870879408484 0
outer loop
vertex -32.265071868896484 -8.210721015930176 -2.700000047683716
vertex -30.2047061920166 -8.656481742858887 -2.700000047683716
vertex -32.265071868896484 -8.210721015930176 7.5
endloop
endfacet
facet normal 0.9659331157538523 0.25879183891702384 0
outer loop
vertex -79.74054718017578 28.554372787475586 10.5
vertex -79.78244018554688 28.710737228393555 5.300000190734863
vertex -79.78244018554688 28.710737228393555 10.5
endloop
endfacet
facet normal 0 0 -1
outer loop
vertex 52.61994552612305 30.631702423095703 -5.699999809265137
vertex 51.14553451538086 31.631702423095703 -5.699999809265137
vertex 52.35313034057617 32.35639953613281 -5.699999809265137
endloop
endfacet
facet normal 0 0 1
outer loop
vertex -84.69037628173828 25.797189712524414 11.5
vertex -83.95404815673828 24.631526947021484 11.5
vertex -80.01537322998047 27.829204559326172 11.5
endloop
endfacet
facet normal 0 0 1
outer loop
vertex 54.8458251953125 35.25691604614258 11.5
vertex 59.02296829223633 32.368045806884766 11.5
vertex 59.05378341674805 32.398860931396484 11.5
endloop
endfacet
facet normal 0 0 -1
outer loop
vertex 82.22905731201172 -64.99305725097656 -5.699999809265137
vertex 82.06583404541016 -64.25243377685547 -5.699999809265137
vertex 82.1149673461914 -64.21959686279297 -5.699999809265137
endloop
endfacet
facet normal 1 0 0
outer loop
vertex -16.59400749206543 -44.53324508666992 10.5
vertex -16.59400749206543 -44.53324508666992 5.300000190734863
vertex -16.59400749206543 13.046651840209961 5.300000190734863
endloop
endfacet
facet normal 0 0 -1
outer loop
vertex 80.72803497314453 -65.51124572753906 -5.699999809265137
vertex 20.705991744995117 -65.51124572753906 -5.699999809265137
vertex 80.85065460205078 -64.74329376220703 -5.699999809265137
endloop
endfacet
facet normal 0 0 1
outer loop
vertex -84.69037628173828 25.797189712524414 11.5
vertex -80.06536865234375 27.900598526000977 11.5
vertex -80.1021957397461 27.97958755493164 11.5
endloop
endfacet
facet normal 0 1 0
outer loop
vertex 50.279510498046875 33.1317024230957 -2.700000047683716
vertex 20.39405632019043 33.1317024230957 -2.700000047683716
vertex 50.279510498046875 33.1317024230957 7.5
endloop
endfacet
facet normal 0 0 1
outer loop
vertex -80.01537322998047 27.829204559326172 11.5
vertex -83.95404815673828 24.631526947021484 11.5
vertex -79.95375061035156 27.767576217651367 11.5
endloop
endfacet
facet normal 0.9238890588690446 -0.38266043289327806 0
outer loop
vertex 59.40599060058594 26.743602752685547 5.300000190734863
vertex 59.360321044921875 26.633338928222656 10.5
vertex 59.360321044921875 26.633338928222656 5.300000190734863
endloop
endfacet
facet normal 0 0 1
outer loop
vertex -26.10284996032715 37.042789459228516 11.5
vertex -30.527603149414062 34.26018142700195 11.5
vertex -25.332651138305664 33.50485610961914 11.5
endloop
endfacet
facet normal 0 0 1
outer loop
vertex -24.351442337036133 31.81180763244629 11.5
vertex -24.95285415649414 32.65313720703125 11.5
vertex -31.941118240356445 31.423410415649414 11.5
endloop
endfacet
facet normal -0.6347653774733224 -0.7727049343450256 0
outer loop
vertex -26.22154998779297 -7.868287086486816 7.5
vertex -26.22154998779297 -7.868287086486816 -2.700000047683716
vertex -24.395442962646484 -9.368406295776367 -2.700000047683716
endloop
endfacet
facet normal 0 0 1
outer loop
vertex -85.0633316040039 30.5433406829834 11.5
vertex -80.2654037475586 28.581327438354492 11.5
vertex -80.2154541015625 28.960737228393555 11.5
endloop
endfacet
facet normal 0 0 -1
outer loop
vertex 50.279510498046875 31.3996524810791 -5.699999809265137
vertex 52.61994552612305 30.631702423095703 -5.699999809265137
vertex 20.551654815673828 30.631702423095703 -5.699999809265137
endloop
endfacet
facet normal 0 0 1
outer loop
vertex -30.676538467407227 34.80772399902344 11.5
vertex -30.59984016418457 34.52883529663086 11.5
vertex -26.10284996032715 37.042789459228516 11.5
endloop
endfacet
facet normal 0 0 1
outer loop
vertex -30.716623306274414 33.62260818481445 11.5
vertex -25.332651138305664 33.50485610961914 11.5
vertex -30.574562072753906 33.86866760253906 11.5
endloop
endfacet
facet normal 0 0 -1
outer loop
vertex 19.402565002441406 30.198986053466797 -5.699999809265137
vertex 19.24946403503418 30.942974090576172 -5.699999809265137
vertex 20.497173309326172 30.621551513671875 -5.699999809265137
endloop
endfacet
facet normal 0 0 1
outer loop
vertex -63.38445281982422 18.190670013427734 11.5
vertex -31.4179744720459 -6.031159400939941 11.5
vertex -63.314353942871094 18.141584396362305 11.5
endloop
endfacet
facet normal 0 0 1
outer loop
vertex -30.907663345336914 35.111820220947266 11.5
vertex -26.850725173950195 38.21281051635742 11.5
vertex -62.84968566894531 59.32632064819336 11.5
endloop
endfacet
facet normal -0.8843496388815156 0.4668251452204914 0
outer loop
vertex 15.004552841186523 29.596092224121094 -2.700000047683716
vertex 13.952506065368652 27.603103637695312 -2.700000047683716
vertex 15.004552841186523 29.596092224121094 7.5
endloop
endfacet
facet normal -0.9998100661789311 0.01948926800270912 0
outer loop
vertex 13.895100593566895 27.494356155395508 -2.700000047683716
vertex 13.800572395324707 22.645008087158203 -2.700000047683716
vertex 13.895100593566895 27.494356155395508 7.5
endloop
endfacet
facet normal -0.334388195616025 0.9424354273013399 0
outer loop
vertex 13.71375846862793 18.19136619567871 -2.700000047683716
vertex 12.260274887084961 17.67565155029297 -2.700000047683716
vertex 13.71375846862793 18.19136619567871 7.5
endloop
endfacet
facet normal 0 0 1
outer loop
vertex -64.1039810180664 59.598548889160156 11.5
vertex -64.76912689208984 54.537166595458984 11.5
vertex -64.68217468261719 54.544795989990234 11.5
endloop
endfacet
facet normal 0.4664075154487329 0.8845699687039688 0
outer loop
vertex 8.067583084106445 19.860055923461914 -2.700000047683716
vertex 5.96484899520874 20.968765258789062 -2.700000047683716
vertex 8.067583084106445 19.860055923461914 7.5
endloop
endfacet
facet normal 0.7639379230748605 0.6452897408823899 8.122874186668887e-8
outer loop
vertex 10.454058647155762 17.03478240966797 7.5
vertex 8.067583084106445 19.860055923461914 -2.700000047683716
vertex 9.309927940368652 18.3892822265625 7.5
endloop
endfacet
facet normal 0.7639379230748631 0.645289740882392 0
outer loop
vertex 10.454058647155762 17.03478240966797 -2.700000047683716
vertex 9.309927940368652 18.3892822265625 -2.700000047683716
vertex 10.454058647155762 17.03478240966797 7.5
endloop
endfacet
facet normal -0.7071067811865476 -0.7071067811865476 0
outer loop
vertex 79.39594268798828 32.456703186035156 10.5
vertex 79.80599212646484 32.046653747558594 5.300000190734863
vertex 79.80599212646484 32.046653747558594 10.5
endloop
endfacet
facet normal 0 0 -1
outer loop
vertex 16.80570411682129 27.856565475463867 -5.699999809265137
vertex 16.38146209716797 28.494218826293945 -5.699999809265137
vertex 19.24946403503418 30.942974090576172 -5.699999809265137
endloop
endfacet
facet normal 0 0 -1
outer loop
vertex 16.769153594970703 27.806123733520508 -5.699999809265137
vertex 15.618807792663574 27.049453735351562 -5.699999809265137
vertex 16.38146209716797 28.494218826293945 -5.699999809265137
endloop
endfacet
facet normal -0.9238795346618935 -0.3826834271730656 0
outer loop
vertex 3.8059918880462646 7.7436017990112305 5.300000190734863
vertex 3.8516640663146973 7.6333394050598145 5.300000190734863
vertex 3.8059918880462646 7.7436017990112305 10.5
endloop
endfacet
facet normal 0 0 -1
outer loop
vertex 16.216827392578125 26.538475036621094 -5.699999809265137
vertex 15.618807792663574 27.049453735351562 -5.699999809265137
vertex 16.230012893676758 26.59935760498047 -5.699999809265137
endloop
endfacet
facet normal 0 0 1
outer loop
vertex 53.23411560058594 32.356475830078125 11.5
vertex 52.949466705322266 32.07182312011719 11.5
vertex 57.85157775878906 25.831703186035156 11.5
endloop
endfacet
facet normal 0 0 -1
outer loop
vertex 16.13204002380371 13.201208114624023 -5.699999809265137
vertex 15.44286060333252 18.15766143798828 -5.699999809265137
vertex 16.216827392578125 26.538475036621094 -5.699999809265137
endloop
endfacet
facet normal -0.707107397892733 -0.7071061644798242 0
outer loop
vertex 3.8059918880462646 13.046651840209961 5.300000190734863
vertex 3.3959412574768066 13.456703186035156 10.5
vertex 3.3959412574768066 13.456703186035156 5.300000190734863
endloop
endfacet
facet normal 0 0 -1
outer loop
vertex 15.341353416442871 17.598970413208008 -5.699999809265137
vertex 15.419495582580566 17.89059829711914 -5.699999809265137
vertex 16.13204002380371 13.201208114624023 -5.699999809265137
endloop
endfacet
facet normal 0.500073569450415 0.8659829242757162 0
outer loop
vertex -29.58725357055664 -0.7485902905464172 10.5
vertex -30.477802276611328 -0.23433087766170502 5.300000190734863
vertex -30.477802276611328 -0.23433087766170502 10.5
endloop
endfacet
facet normal 0 0 1
outer loop
vertex -31.4179744720459 -6.031159400939941 11.5
vertex -29.457862854003906 -1.2315585613250732 11.5
vertex -29.83728790283203 -1.1815786361694336 11.5
endloop
endfacet
facet normal 0.3826865448947145 -0.9238782432531603 0
outer loop
vertex 20.104354858398438 6.37737512588501 5.300000190734863
vertex 19.99409294128418 6.331702709197998 10.5
vertex 19.99409294128418 6.331702709197998 5.300000190734863
endloop
endfacet
facet normal 0 0 1
outer loop
vertex -29.457862854003906 -1.2315585613250732 11.5
vertex -30.18382453918457 -6.298167705535889 11.5
vertex -26.669845581054688 -5.602814674377441 11.5
endloop
endfacet
facet normal 0 0 1
outer loop
vertex -31.941118240356445 31.423410415649414 11.5
vertex -16.762203216552734 21.465057373046875 11.5
vertex -23.964208602905273 31.380651473999023 11.5
endloop
endfacet
facet normal 0.9238760031863049 -0.3826919527981985 0
outer loop
vertex 21.40599250793457 7.7436017990112305 5.300000190734863
vertex 21.360319137573242 7.6333394050598145 10.5
vertex 21.360319137573242 7.6333394050598145 5.300000190734863
endloop
endfacet
facet normal 0 0 1
outer loop
vertex -26.669845581054688 -5.602814674377441 11.5
vertex -26.62257194519043 -5.593970775604248 11.5
vertex -28.644018173217773 -0.9198631644248962 11.5
endloop
endfacet
facet normal 0 0 1
outer loop
vertex -25.820526123046875 -5.593970775604248 11.5
vertex -25.43168830871582 -5.698159694671631 11.5
vertex -17.09400749206543 13.046651840209961 11.5
endloop
endfacet
facet normal 0 0 1
outer loop
vertex -28.644018173217773 -0.9198631644248962 11.5
vertex -26.22154998779297 -5.5588860511779785 11.5
vertex -25.820526123046875 -5.593970775604248 11.5
endloop
endfacet
facet normal 0 0 -1
outer loop
vertex 15.21375846862793 17.325340270996094 -5.699999809265137
vertex 15.341353416442871 17.598970413208008 -5.699999809265137
vertex 16.13204002380371 13.201208114624023 -5.699999809265137
endloop
endfacet
facet normal 0 0 -1
outer loop
vertex -21.89400863647461 -5.74999475479126 -5.699999809265137
vertex -22.689706802368164 -9.067638397216797 -5.699999809265137
vertex -22.76784896850586 -8.776009559631348 -5.699999809265137
endloop
endfacet
facet normal 0 0 -1
outer loop
vertex 15.040586471557617 17.078025817871094 -5.699999809265137
vertex 15.21375846862793 17.325340270996094 -5.699999809265137
vertex 16.13204002380371 13.201208114624023 -5.699999809265137
endloop
endfacet
facet normal -0.5000149552055528 -0.8660167692203129 0
outer loop
vertex -31.277751922607422 34.74814224243164 10.5
vertex -31.157663345336914 34.67880630493164 5.300000190734863
vertex -31.157663345336914 34.67880630493164 10.5
endloop
endfacet
facet normal 0.38268335200724984 -0.9238795657965865 -7.931878126070659e-8
outer loop
vertex 19.99409294128418 6.331702709197998 10.5
vertex 20.104354858398438 6.37737512588501 5.300000190734863
vertex 20.069704055786133 6.3630218505859375 10.5
endloop
endfacet
facet normal -0.9659250085864706 -0.2588220967908784 0
outer loop
vertex -31.157663345336914 34.67880630493164 10.5
vertex -31.082307815551758 34.397579193115234 5.300000190734863
vertex -31.082307815551758 34.397579193115234 10.5
endloop
endfacet
facet normal 0 0 -1
outer loop
vertex -83.66564178466797 24.498973846435547 -5.699999809265137
vertex -84.36685943603516 24.2039737701416 -5.699999809265137
vertex -84.44790649414062 25.57353973388672 -5.699999809265137
endloop
endfacet
facet normal 0 0 1
outer loop
vertex 54.8458251953125 35.25691604614258 11.5
vertex 58.90599060058594 32.046653747558594 11.5
vertex 58.91358947753906 32.13347625732422 11.5
endloop
endfacet
facet normal 0 0 -1
outer loop
vertex -85.20329284667969 29.001720428466797 -5.699999809265137
vertex -85.92495727539062 29.2982177734375 -5.699999809265137
vertex -85.2048568725586 29.057376861572266 -5.699999809265137
endloop
endfacet
facet normal -0.8616237084516426 0.5075476184891804 0
outer loop
vertex -70.4674072265625 59.87181091308594 7.5
vertex -87.24124145507812 31.396190643310547 -2.700000047683716
vertex -87.24124145507812 31.396190643310547 7.5
endloop
endfacet
facet normal 0 0 -1
outer loop
vertex 14.306154251098633 16.563770294189453 -5.699999809265137
vertex 14.57978343963623 16.69136619567871 -5.699999809265137
vertex 16.13204002380371 13.201208114624023 -5.699999809265137
endloop
endfacet
facet normal 0.5160755247702907 0.8565430828236492 1.6753915841208645e-7
outer loop
vertex -11.028220176696777 26.25009536743164 7.5
vertex -22.479753494262695 33.149757385253906 -2.700000047683716
vertex -16.902999877929688 29.78970718383789 7.5
endloop
endfacet
facet normal 0 0 -1
outer loop
vertex -21.89400863647461 -5.74999475479126 -5.699999809265137
vertex -22.895442962646484 -8.502381324768066 -5.699999809265137
vertex -23.068614959716797 -8.25506591796875 -5.699999809265137
endloop
endfacet
facet normal -0.9659250085864706 -0.2588220967908784 0
outer loop
vertex -31.157663345336914 34.67880630493164 5.300000190734863
vertex -31.082307815551758 34.397579193115234 5.300000190734863
vertex -31.157663345336914 34.67880630493164 10.5
endloop
endfacet
facet normal 0 0 -1
outer loop
vertex 14.552525520324707 11.631702423095703 -5.699999809265137
vertex 10.454058647155762 15.302732467651367 -5.699999809265137
vertex 10.754825592041016 15.329046249389648 -5.699999809265137
endloop
endfacet
facet normal -0.5334386077538441 0.8458387859146922 -8.15490911962241e-9
outer loop
vertex -68.4511947631836 61.14336013793945 7.5
vertex -70.4674072265625 59.87181091308594 -2.700000047683716
vertex -69.04102325439453 60.77137756347656 7.5
endloop
endfacet
facet normal -0.8736984901503491 0.4864678286474867 0
outer loop
vertex -31.151580810546875 33.869239807128906 5.300000190734863
vertex -32.44655990600586 31.5434513092041 5.300000190734863
vertex -31.151580810546875 33.869239807128906 10.5
endloop
endfacet
facet normal 0 0 -1
outer loop
vertex 6.961771011352539 18.48504638671875 -5.699999809265137
vertex 6.330246925354004 18.057659149169922 -5.699999809265137
vertex 6.279727458953857 18.09424591064453 -5.699999809265137
endloop
endfacet
facet normal -0.5002066883540458 -0.8659060393171297 0
outer loop
vertex -47.7239990234375 44.248592376708984 10.5
vertex -47.7239990234375 44.248592376708984 5.300000190734863
vertex -31.364330291748047 34.798126220703125 5.300000190734863
endloop
endfacet
facet normal 0.7071034920806764 -0.7071100702771196 0
outer loop
vertex 59.40599060058594 32.046653747558594 5.300000190734863
vertex 59.816043853759766 32.456703186035156 5.300000190734863
vertex 59.40599060058594 32.046653747558594 10.5
endloop
endfacet
facet normal 0.9774659576968658 0.211093111075991 9.038685782666358e-8
outer loop
vertex -23.081165313720703 33.991085052490234 7.5
vertex -23.933204650878906 37.93645477294922 -2.700000047683716
vertex -23.539766311645508 36.1146354675293 7.5
endloop
endfacet
facet normal 0 0 -1
outer loop
vertex 9.340717315673828 15.707955360412598 -5.699999809265137
vertex 8.644184112548828 15.50730037689209 -5.699999809265137
vertex 9.131250381469727 15.9174222946167 -5.699999809265137
endloop
endfacet
facet normal 0 0 1
outer loop
vertex -8.036669731140137 18.89827537536621 11.5
vertex 3.3959412574768066 13.956703186035156 11.5
vertex 3.4827654361724854 13.949106216430664 11.5
endloop
endfacet
facet normal -0.3847571960146678 -0.9230178222087212 0
outer loop
vertex -20.563852310180664 -66.09136962890625 7.5
vertex -17.800430297851562 -67.24329376220703 -2.700000047683716
vertex -17.800430297851562 -67.24329376220703 7.5
endloop
endfacet
facet normal 0 0 -1
outer loop
vertex 9.095840454101562 14.365521430969238 -5.699999809265137
vertex 9.340717315673828 15.707955360412598 -5.699999809265137
vertex 9.588032722473145 15.534782409667969 -5.699999809265137
endloop
endfacet
facet normal 0.5059098746495049 0.8625863427693033 0
outer loop
vertex -61.99945831298828 61.50495910644531 -2.700000047683716
vertex -61.99945831298828 61.50495910644531 7.5
vertex -42.06535339355469 49.81353759765625 7.5
endloop
endfacet
facet normal -0.30678050056157297 0.9517802921237256 2.5741169523111626e-7
outer loop
vertex 20.39405632019043 33.1317024230957 7.5
vertex 18.388307571411133 32.485206604003906 -2.700000047683716
vertex 19.147438049316406 32.729888916015625 7.5
endloop
endfacet
facet normal 0 0 1
outer loop
vertex -11.9349946975708 23.36224365234375 11.5
vertex -16.629167556762695 21.353418350219727 11.5
vertex -11.595208168029785 21.821672439575195 11.5
endloop
endfacet
facet normal 0 0 -1
outer loop
vertex -31.14702606201172 -5.969303131103516 -5.699999809265137
vertex -31.629749298095703 -6.5760498046875 -5.699999809265137
vertex -83.6191177368164 24.457040786743164 -5.699999809265137
endloop
endfacet
facet normal -0.5002066724543693 -0.8659060485018726 0
outer loop
vertex -64.23674011230469 53.78748321533203 5.300000190734863
vertex -47.7239990234375 44.248592376708984 5.300000190734863
vertex -64.23674011230469 53.78748321533203 10.5
endloop
endfacet
facet normal -0.9238794667241561 -0.38268359118923423 0
outer loop
vertex 3.837311029434204 7.667990684509277 10.5
vertex 3.8516640663146973 7.6333394050598145 5.300000190734863
vertex 3.8516640663146973 7.6333394050598145 10.5
endloop
endfacet
facet normal 0 0 1
outer loop
vertex -11.113149642944336 20.82465362548828 11.5
vertex -16.369670867919922 20.385034561157227 11.5
vertex -10.828499794006348 20.54000473022461 11.5
endloop
endfacet
facet normal -0.8454484744796923 -0.5340569978943832 0
outer loop
vertex -85.60530090332031 22.921310424804688 -2.700000047683716
vertex -85.60530090332031 22.921310424804688 7.5
vertex -85.89509582519531 23.380075454711914 -2.700000047683716
endloop
endfacet
facet normal 0 0 1
outer loop
vertex -8.787635803222656 19.034147262573242 11.5
vertex -16.369670867919922 20.385034561157227 11.5
vertex -8.398797988891602 18.92995834350586 11.5
endloop
endfacet
facet normal 0 0 1
outer loop
vertex 57.541202545166016 37.55612564086914 11.5
vertex 59.6450309753418 32.92654800415039 11.5
vertex 59.729217529296875 32.9491081237793 11.5
endloop
endfacet
facet normal -0.9833273553195276 -0.18184419781863617 0
outer loop
vertex -87.49684143066406 28.273332595825195 -2.700000047683716
vertex -86.8803939819336 24.939876556396484 -2.700000047683716
vertex -87.49684143066406 28.273332595825195 7.5
endloop
endfacet
facet normal -0.7071067811865476 -0.7071067811865476 0
outer loop
vertex 3.8516640663146973 7.6333394050598145 10.5
vertex 5.107628345489502 6.37737512588501 5.300000190734863
vertex 4.044889450073242 7.4401140213012695 10.5
endloop
endfacet
facet normal 0 0 1
outer loop
vertex -11.595208168029785 21.821672439575195 11.5
vertex -16.369670867919922 20.55868148803711 11.5
vertex -16.36207389831543 20.471858978271484 11.5
endloop
endfacet
facet normal 0 0 -1
outer loop
vertex -9.910322189331055 18.72502326965332 -5.699999809265137
vertex 5.522504806518555 19.243928909301758 -5.699999809265137
vertex 5.010037422180176 18.646610260009766 -5.699999809265137
endloop
endfacet
facet normal 0.8660256762157695 -0.4999995281013119 0.000005786588239303711
outer loop
vertex -79.78244018554688 28.710737228393555 10.5
vertex -65.24246978759766 53.894676208496094 5.300000190734863
vertex -77.25836944580078 33.08256149291992 10.5
endloop
endfacet
facet normal 0 0 1
outer loop
vertex 20.757047653198242 30.822301864624023 11.5
vertex 21.816041946411133 25.831703186035156 11.5
vertex 57.85157775878906 25.831703186035156 11.5
endloop
endfacet
facet normal 0 0 1
outer loop
vertex -19.470298767089844 14.954280853271484 11.5
vertex -16.946216583251953 13.398859977722168 11.5
vertex -16.537511825561523 13.810256004333496 11.5
endloop
endfacet
facet normal -1 0 0
outer loop
vertex 79.80599212646484 -44.53324508666992 5.300000190734863
vertex 79.80599212646484 -44.53324508666992 10.5
vertex 79.80599212646484 32.046653747558594 10.5
endloop
endfacet
facet normal 0 0 1
outer loop
vertex -19.470298767089844 14.954280853271484 11.5
vertex -17.027021408081055 13.296651840209961 11.5
vertex -16.97702980041504 13.368045806884766 11.5
endloop
endfacet
facet normal 0 -1 0
outer loop
vertex 21.816041946411133 25.331703186035156 5.300000190734863
vertex 57.99409103393555 25.331703186035156 5.300000190734863
vertex 21.816041946411133 25.331703186035156 10.5
endloop
endfacet
facet normal -0.9659263079260136 -0.2588172476020946 -3.098702179355391e-7
outer loop
vertex -17.012163162231445 21.031997680664062 10.5
vertex -16.86207389831543 20.471858978271484 5.300000190734863
vertex -16.88974380493164 20.575119018554688 10.5
endloop
endfacet
facet normal 0 0 1
outer loop
vertex 80.29839324951172 -44.62007141113281 11.5
vertex 85.1412353515625 -60.847877502441406 11.5
vertex 80.30599212646484 -44.53324508666992 11.5
endloop
endfacet
facet normal -0.9659224067230994 -0.25883180675924494 0
outer loop
vertex -16.86207389831543 20.471858978271484 5.300000190734863
vertex -16.86207389831543 20.471858978271484 10.5
vertex -16.88974380493164 20.575119018554688 10.5
endloop
endfacet
facet normal 0 0 1
outer loop
vertex -67.59477996826172 58.95315933227539 11.5
vertex -65.5638198852539 54.27777099609375 11.5
vertex -65.49242401123047 54.327762603759766 11.5
endloop
endfacet
facet normal 0 0 1
outer loop
vertex 79.4827651977539 -45.435699462890625 11.5
vertex 85.1412353515625 -60.847877502441406 11.5
vertex 79.7481460571289 -45.29550552368164 11.5
endloop
endfacet
facet normal 0 0 1
outer loop
vertex -67.59477996826172 58.95315933227539 11.5
vertex -65.37128448486328 54.37588882446289 11.5
vertex -64.8800277709961 54.509429931640625 11.5
endloop
endfacet
facet normal -0.8843479341914073 0.4668283745568497 0
outer loop
vertex 13.952506065368652 27.603103637695312 7.5
vertex 13.895100593566895 27.494356155395508 -2.700000047683716
vertex 13.895100593566895 27.494356155395508 7.5
endloop
endfacet
facet normal 0 0 1
outer loop
vertex -24.756877899169922 -6.085331439971924 11.5
vertex -22.930770874023438 -7.585450649261475 11.5
vertex -17.09400749206543 13.046651840209961 11.5
endloop
endfacet
facet normal 0 0 1
outer loop
vertex -22.225317001342773 -8.578544616699219 11.5
vertex -22.12112808227539 -8.96738338470459 11.5
vertex -17.09400749206543 13.046651840209961 11.5
endloop
endfacet
facet normal 0 0 1
outer loop
vertex 19.536518096923828 30.428897857666016 11.5
vertex 21.64503288269043 25.801549911499023 11.5
vertex 21.729217529296875 25.824106216430664 11.5
endloop
endfacet
facet normal -0.3343881956160248 0.9424354273013391 -3.8532046690181006e-8
outer loop
vertex 13.71375846862793 18.19136619567871 7.5
vertex 10.454058647155762 17.03478240966797 -2.700000047683716
vertex 12.260274887084961 17.67565155029297 7.5
endloop
endfacet
facet normal 0 0 -1
outer loop
vertex -67.81793212890625 58.710819244384766 -5.699999809265137
vertex -67.80888366699219 59.500709533691406 -5.699999809265137
vertex -67.7608642578125 58.736358642578125 -5.699999809265137
endloop
endfacet
facet normal -0.5002066724543693 -0.8659060485018726 0
outer loop
vertex -64.23674011230469 53.78748321533203 10.5
vertex -47.7239990234375 44.248592376708984 5.300000190734863
vertex -47.7239990234375 44.248592376708984 10.5
endloop
endfacet
facet normal 0 0 1
outer loop
vertex 53.46501159667969 32.68622970581055 11.5
vertex 53.23411560058594 32.356475830078125 11.5
vertex 57.85157775878906 25.831703186035156 11.5
endloop
endfacet
facet normal 0 1 0
outer loop
vertex 79.39594268798828 -44.94329833984375 10.5
vertex 62.217891693115234 -44.94329833984375 5.300000190734863
vertex 62.217891693115234 -44.94329833984375 10.5
endloop
endfacet
facet normal 0.4664075154487329 0.8845699687039688 0
outer loop
vertex 8.067583084106445 19.860055923461914 7.5
vertex 5.96484899520874 20.968765258789062 -2.700000047683716
vertex 5.96484899520874 20.968765258789062 7.5
endloop
endfacet
facet normal 0 0 1
outer loop
vertex 62.360408782958984 -45.44329833984375 11.5
vertex 61.305992126464844 -51.65824508666992 11.5
vertex 80.63117980957031 -64.93389892578125 11.5
endloop
endfacet
facet normal 0 0 1
outer loop
vertex -24.756877899169922 -6.085331439971924 11.5
vertex -17.09400749206543 13.046651840209961 11.5
vertex -25.066848754882812 -5.868287086486816 11.5
endloop
endfacet
facet normal 0 0 -1
outer loop
vertex -26.22154998779297 -6.136236190795898 -5.699999809265137
vertex -26.557231903076172 -6.171905517578125 -5.699999809265137
vertex -26.515413284301758 -5.441477298736572 -5.699999809265137
endloop
endfacet
facet normal 0 0 1
outer loop
vertex -29.457862854003906 -1.2315585613250732 11.5
vertex -26.669845581054688 -5.602814674377441 11.5
vertex -28.898176193237305 -1.0796457529067993 11.5
endloop
endfacet
facet normal 0 0 1
outer loop
vertex -46.357662200927734 8.351635932922363 11.5
vertex -31.4179744720459 -6.031159400939941 11.5
vertex -46.31330490112305 8.330951690673828 11.5
endloop
endfacet
facet normal 0.7071067811865476 -0.7071067811865476 0
outer loop
vertex 20.104354858398438 6.37737512588501 5.300000190734863
vertex 21.360319137573242 7.6333394050598145 5.300000190734863
vertex 20.104354858398438 6.37737512588501 10.5
endloop
endfacet
facet normal -0.2583998196658905 0.9660380599110137 0
outer loop
vertex -29.02679443359375 -0.5986763834953308 10.500643730163574
vertex -29.58725357055664 -0.7485902905464172 5.300000190734863
vertex -29.58725357055664 -0.7485902905464172 10.5
endloop
endfacet
facet normal -0.38262127387593137 0.9239052769508135 0
outer loop
vertex 62.14228057861328 -44.97461700439453 10.5
vertex 62.107627868652344 -44.98896789550781 5.300000190734863
vertex 62.107627868652344 -44.98896789550781 10.5
endloop
endfacet
facet normal 0.49979512472722226 0.8661432682011132 0.0008199077965407472
outer loop
vertex -30.477802276611328 -0.23433087766170502 10.5
vertex -46.101837158203125 8.786209106445312 5.300000190734863
vertex -46.107662200927734 8.784647941589355 10.5
endloop
endfacet
facet normal 0.8453143631400342 0.5342692462318503 -9.433087462611194e-8
outer loop
vertex -9.764411926269531 24.25051498413086 7.5
vertex -11.028220176696777 26.25009536743164 -2.700000047683716
vertex -10.352591514587402 25.18112564086914 7.5
endloop
endfacet
facet normal 0 0 -1
outer loop
vertex -64.39109802246094 59.46555709838867 -5.699999809265137
vertex -64.09487915039062 60.1873664855957 -5.699999809265137
vertex -64.33549499511719 59.46712875366211 -5.699999809265137
endloop
endfacet
facet normal 0.01686462934418451 0.9998577820255655 0
outer loop
vertex -7.997774600982666 21.204273223876953 -2.700000047683716
vertex -7.997774600982666 21.204273223876953 7.5
vertex 5.96484899520874 20.968765258789062 7.5
endloop
endfacet
facet normal -1 0 0
outer loop
vertex 3.8059918880462646 13.046651840209961 5.300000190734863
vertex 3.8059918880462646 7.7436017990112305 5.300000190734863
vertex 3.8059918880462646 13.046651840209961 10.5
endloop
endfacet
facet normal 0.7071084257375708 -0.7071051366316995 0
outer loop
vertex -16.183958053588867 13.456703186035156 5.300000190734863
vertex -16.59400749206543 13.046651840209961 10.5
vertex -16.59400749206543 13.046651840209961 5.300000190734863
endloop
endfacet
facet normal 0 0 -1
outer loop
vertex -25.9207820892334 -6.16254997253418 -5.699999809265137
vertex -26.45890235900879 -5.416334629058838 -5.699999809265137
vertex -21.89400863647461 -5.74999475479126 -5.699999809265137
endloop
endfacet
facet normal 0 0 1
outer loop
vertex -62.84968566894531 59.32632064819336 11.5
vertex -47.47566223144531 44.68782043457031 11.5
vertex -31.11427879333496 35.231109619140625 11.5
endloop
endfacet
facet normal 0 0 1
outer loop
vertex 80.27584075927734 32.2176628112793 11.5
vertex 80.29839324951172 32.13347625732422 11.5
vertex 84.90309143066406 34.326271057128906 11.5
endloop
endfacet
facet normal -0.3826837197266462 -0.9238794134821805 0
outer loop
vertex 5.107628345489502 6.37737512588501 5.300000190734863
vertex 5.217891216278076 6.331702709197998 5.300000190734863
vertex 5.107628345489502 6.37737512588501 10.5
endloop
endfacet
facet normal 0 0 -1
outer loop
vertex -17.453880310058594 -65.51124572753906 -5.699999809265137
vertex -19.55341148376465 -64.63606262207031 -5.699999809265137
vertex -17.69662857055664 -64.73176574707031 -5.699999809265137
endloop
endfacet
facet normal 0 0 1
outer loop
vertex -64.1039810180664 59.598548889160156 11.5
vertex -67.59477996826172 58.95315933227539 11.5
vertex -64.8800277709961 54.509429931640625 11.5
endloop
endfacet
facet normal 0 0 -1
outer loop
vertex -21.403141021728516 -61.70314025878906 -5.699999809265137
vertex -22.143798828125 -61.866275787353516 -5.699999809265137
vertex -21.882478713989258 -60.54591751098633 -5.699999809265137
endloop
endfacet
facet normal 0 0 -1
outer loop
vertex -25.35552406311035 -6.368287086486816 -5.699999809265137
vertex -25.629152297973633 -6.240691661834717 -5.699999809265137
vertex -21.89400863647461 -5.74999475479126 -5.699999809265137
endloop
endfacet
facet normal -0.9771600695502888 0.2125045846010731 0
outer loop
vertex -87.24124145507812 31.396190643310547 -2.700000047683716
vertex -87.6734848022461 29.408605575561523 -2.700000047683716
vertex -87.24124145507812 31.396190643310547 7.5
endloop
endfacet
facet normal 0.46631408639578004 0.884619224767843 -9.649488638138212e-8
outer loop
vertex 83.12570190429688 39.35664367675781 -2.700000047683716
vertex 81.96479034423828 39.96860122680664 -2.700000047683716
vertex 84.0694580078125 38.85915756225586 7.5
endloop
endfacet
facet normal -0.7071100702771196 0.7071034920806764 0
outer loop
vertex 79.80599212646484 -44.53324508666992 5.300000190734863
vertex 79.39594268798828 -44.94329833984375 5.300000190734863
vertex 79.80599212646484 -44.53324508666992 10.5
endloop
endfacet
facet normal 0.8981311824498192 -0.43972761922727793 0
outer loop
vertex 86.4583740234375 -63.40958786010742 7.5
vertex 86.53498840332031 -63.25310516357422 -2.700000047683716
vertex 86.53498840332031 -63.25310516357422 7.5
endloop
endfacet
facet normal 0.6830028641391341 -0.7304156950516189 0
outer loop
vertex 85.21257019042969 -64.57452392578125 7.5
vertex 86.4583740234375 -63.40958786010742 -2.700000047683716
vertex 86.4583740234375 -63.40958786010742 7.5
endloop
endfacet
facet normal 0.9518107385426905 0.30668602510518483 0
outer loop
vertex 86.95947265625 35.47439956665039 -2.700000047683716
vertex 87.60591125488281 33.46815490722656 7.5
vertex 87.60591125488281 33.46815490722656 -2.700000047683716
endloop
endfacet
facet normal 0.6830045930370198 -0.730414078376217 3.958030466865613e-7
outer loop
vertex 83.14276885986328 -66.50997924804688 7.5
vertex 86.4583740234375 -63.40958786010742 -2.700000047683716
vertex 85.21257019042969 -64.57452392578125 7.5
endloop
endfacet
facet normal -0.5334386077538441 0.8458387859146922 0
outer loop
vertex -68.4511947631836 61.14336013793945 -2.700000047683716
vertex -69.04102325439453 60.77137756347656 -2.700000047683716
vertex -68.4511947631836 61.14336013793945 7.5
endloop
endfacet
facet normal 0 0 1
outer loop
vertex 16.84043312072754 28.126928329467773 11.5
vertex 21.02297019958496 25.243045806884766 11.5
vertex 21.053783416748047 25.273860931396484 11.5
endloop
endfacet
facet normal 0.3263246421792853 -0.9452577573903118 0
outer loop
vertex 81.37128448486328 -67.12153625488281 7.5
vertex 83.14276885986328 -66.50997924804688 -2.700000047683716
vertex 83.14276885986328 -66.50997924804688 7.5
endloop
endfacet
facet normal -0.5133907278882628 0.8581549746510589 0
outer loop
vertex 50.279510498046875 33.1317024230957 -2.700000047683716
vertex 50.279510498046875 33.1317024230957 7.5
vertex 51.07314682006836 33.60649490356445 7.5
endloop
endfacet
facet normal -0.7071078550213298 0.7071057073501344 0
outer loop
vertex 60.85166549682617 -46.24493408203125 5.300000190734863
vertex 62.107627868652344 -44.98896789550781 10.5
vertex 62.107627868652344 -44.98896789550781 5.300000190734863
endloop
endfacet
facet normal -0.181802716052575 0.9833350255309259 0
outer loop
vertex -64.06758117675781 61.953819274902344 -2.700000047683716
vertex -68.4511947631836 61.14336013793945 -2.700000047683716
vertex -64.06758117675781 61.953819274902344 7.5
endloop
endfacet
facet normal 0 0 1
outer loop
vertex 16.84043312072754 28.126928329467773 11.5
vertex 20.936145782470703 25.092662811279297 11.5
vertex 20.972978591918945 25.17165184020996 11.5
endloop
endfacet
facet normal -0.8811381440362209 0.47285893364124526 2.6139033377500145e-7
outer loop
vertex 52.07481384277344 34.97724914550781 -2.700000047683716
vertex 51.46501159667969 33.84092712402344 -2.700000047683716
vertex 53.01642990112305 36.731876373291016 7.5
endloop
endfacet
facet normal -0.7071100702771196 0.7071034920806764 0
outer loop
vertex 60.39594268798828 -52.06829833984375 5.300000190734863
vertex 60.805992126464844 -51.65824508666992 10.5
vertex 60.805992126464844 -51.65824508666992 5.300000190734863
endloop
endfacet
facet normal 0 0 1
outer loop
vertex 57.541202545166016 37.55612564086914 11.5
vertex 59.46383285522461 32.80891036987305 11.5
vertex 59.49464797973633 32.839725494384766 11.5
endloop
endfacet
facet normal 0 0 1
outer loop
vertex 60.39594268798828 -52.56829833984375 11.5
vertex 21.622669219970703 -56.244693756103516 11.5
vertex 21.7363224029541 -56.33796691894531 11.5
endloop
endfacet
facet normal 0 0 1
outer loop
vertex -19.216596603393555 -64.15095520019531 11.5
vertex -17.338363647460938 -64.93389892578125 11.5
vertex 2.052438497543335 -52.01179885864258 11.5
endloop
endfacet
facet normal 0 0 -1
outer loop
vertex -11.38486099243164 19.92086410522461 -5.699999809265137
vertex -10.971641540527344 21.716711044311523 -5.699999809265137
vertex -10.844045639038086 21.443082809448242 -5.699999809265137
endloop
endfacet
facet normal 0 0 1
outer loop
vertex 20.936145782470703 25.092662811279297 11.5
vertex 16.019227981567383 18.146425247192383 11.5
vertex 20.91358757019043 25.00847625732422 11.5
endloop
endfacet
facet normal 0 0 -1
outer loop
vertex -12.273287773132324 24.978118896484375 -5.699999809265137
vertex -24.934316635131836 31.69890022277832 -5.699999809265137
vertex -23.37232208251953 31.6683406829834 -5.699999809265137
endloop
endfacet
facet normal 0 0 1
outer loop
vertex -22.08462142944336 -60.2684440612793 11.5
vertex 2.052438497543335 -52.01179885864258 11.5
vertex 1.9135879278182983 -51.74507141113281 11.5
endloop
endfacet
facet normal 0 0 -1
outer loop
vertex -10.971641540527344 21.716711044311523 -5.699999809265137
vertex -11.38486099243164 19.92086410522461 -5.699999809265137
vertex -12.170354843139648 23.548568725585938 -5.699999809265137
endloop
endfacet
facet normal 0 0 1
outer loop
vertex 80.30599212646484 32.046653747558594 11.5
vertex 80.30599212646484 -44.53324508666992 11.5
vertex 85.29591369628906 33.10713577270508 11.5
endloop
endfacet
facet normal 0 0 -1
outer loop
vertex -10.971641540527344 21.716711044311523 -5.699999809265137
vertex -12.170354843139648 23.548568725585938 -5.699999809265137
vertex -11.032417297363281 21.943531036376953 -5.699999809265137
endloop
endfacet
facet normal 0 0 1
outer loop
vertex -22.08462142944336 -60.2684440612793 11.5
vertex 1.905991792678833 -51.65824508666992 11.5
vertex 1.905991792678833 -46.497711181640625 11.5
endloop
endfacet
facet normal 0 0 -1
outer loop
vertex -11.032417297363281 21.943531036376953 -5.699999809265137
vertex -12.170354843139648 23.548568725585938 -5.699999809265137
vertex -11.392349243164062 23.584312438964844 -5.699999809265137
endloop
endfacet
facet normal 0 0 1
outer loop
vertex 16.84043312072754 28.126928329467773 11.5
vertex 16.019227981567383 18.146425247192383 11.5
vertex 20.936145782470703 25.092662811279297 11.5
endloop
endfacet
facet normal 0 0 -1
outer loop
vertex -11.392349243164062 23.584312438964844 -5.699999809265137
vertex -12.195764541625977 23.605445861816406 -5.699999809265137
vertex -12.971312522888184 24.67575454711914 -5.699999809265137
endloop
endfacet
facet normal 0 0 1
outer loop
vertex 21.493003845214844 -56.17538833618164 11.5
vertex 21.622669219970703 -56.244693756103516 11.5
vertex 60.39594268798828 -52.56829833984375 11.5
endloop
endfacet
facet normal 0 0 1
outer loop
vertex 21.898900985717773 -56.58128356933594 11.5
vertex 21.94158172607422 -56.721981048583984 11.5
vertex 60.39594268798828 -52.56829833984375 11.5
endloop
endfacet
facet normal 0 0 1
outer loop
vertex 2.6450321674346924 -52.538143157958984 11.5
vertex -17.338363647460938 -64.93389892578125 11.5
vertex 2.7292182445526123 -52.560699462890625 11.5
endloop
endfacet
facet normal 0 0 1
outer loop
vertex 21.94158172607422 -56.721981048583984 11.5
vertex 21.955991744995117 -56.8682975769043 11.5
vertex 60.39594268798828 -52.56829833984375 11.5
endloop
endfacet
facet normal 0 0 1
outer loop
vertex 16.019227981567383 18.146425247192383 11.5
vertex 20.90599250793457 7.886118412017822 11.5
vertex 20.90599250793457 24.92165184020996 11.5
endloop
endfacet
facet normal 0 0 1
outer loop
vertex 21.94158172607422 -57.01461410522461 11.5
vertex 21.898900985717773 -57.155311584472656 11.5
vertex 60.39594268798828 -52.56829833984375 11.5
endloop
endfacet
facet normal 0 0 1
outer loop
vertex 2.463834285736084 -52.42050552368164 11.5
vertex -17.338363647460938 -64.93389892578125 11.5
vertex 2.4946484565734863 -52.45132064819336 11.5
endloop
endfacet
facet normal 0 0 -1
outer loop
vertex -11.38486099243164 19.92086410522461 -5.699999809265137
vertex -9.095579147338867 19.866567611694336 -5.699999809265137
vertex -9.910322189331055 18.72502326965332 -5.699999809265137
endloop
endfacet
facet normal 0 0 1
outer loop
vertex 51.46366882324219 31.15233039855957 11.5
vertex 57.85157775878906 25.831703186035156 11.5
vertex 52.649169921875 31.861555099487305 11.5
endloop
endfacet
facet normal 0 0 -1
outer loop
vertex -9.910322189331055 18.72502326965332 -5.699999809265137
vertex -8.863800048828125 19.704273223876953 -5.699999809265137
vertex -8.590170860290527 19.576679229736328 -5.699999809265137
endloop
endfacet
facet normal 0 0 -1
outer loop
vertex -8.298542022705078 19.498537063598633 -5.699999809265137
vertex -8.026946067810059 19.474775314331055 -5.699999809265137
vertex -9.910322189331055 18.72502326965332 -5.699999809265137
endloop
endfacet
facet normal 0 0 1
outer loop
vertex 15.98807430267334 17.790342330932617 11.5
vertex 15.883885383605957 17.401504516601562 11.5
vertex 20.90599250793457 7.886118412017822 11.5
endloop
endfacet
facet normal 0 0 -1
outer loop
vertex -11.38486099243164 19.92086410522461 -5.699999809265137
vertex -10.670873641967773 21.19576644897461 -5.699999809265137
vertex -10.44283390045166 20.970203399658203 -5.699999809265137
endloop
endfacet
facet normal 0 0 -1
outer loop
vertex -10.670873641967773 21.19576644897461 -5.699999809265137
vertex -11.38486099243164 19.92086410522461 -5.699999809265137
vertex -10.844045639038086 21.443082809448242 -5.699999809265137
endloop
endfacet
facet normal 0 -1 0
outer loop
vertex 59.816043853759766 32.456703186035156 10.5
vertex 79.39594268798828 32.456703186035156 5.300000190734863
vertex 79.39594268798828 32.456703186035156 10.5
endloop
endfacet
facet normal 0 0 1
outer loop
vertex 21.7363224029541 -57.39862823486328 11.5
vertex 21.622669219970703 -57.49189758300781 11.5
vertex 60.39594268798828 -52.56829833984375 11.5
endloop
endfacet
facet normal 0 0 1
outer loop
vertex 15.71375846862793 17.036664962768555 11.5
vertex 15.48286247253418 16.706912994384766 11.5
vertex 20.90599250793457 7.886118412017822 11.5
endloop
endfacet
facet normal 0 0 1
outer loop
vertex 21.493003845214844 -57.56120681762695 11.5
vertex 21.352310180664062 -57.603885650634766 11.5
vertex 60.39594268798828 -52.56829833984375 11.5
endloop
endfacet
facet normal 0 1 0
outer loop
vertex 0.9940926432609558 -44.94329833984375 10.5
vertex -16.183958053588867 -44.94329833984375 5.300000190734863
vertex -16.183958053588867 -44.94329833984375 10.5
endloop
endfacet
facet normal 0 0 1
outer loop
vertex 2.816042423248291 -52.56829833984375 11.5
vertex 21.205991744995117 -56.1182975769043 11.5
vertex 60.39594268798828 -52.56829833984375 11.5
endloop
endfacet
facet normal 0 0 1
outer loop
vertex 51.069374084472656 30.961576461791992 11.5
vertex 57.85157775878906 25.831703186035156 11.5
vertex 51.46366882324219 31.15233039855957 11.5
endloop
endfacet
facet normal 0 1 0
outer loop
vertex 60.39594268798828 -52.06829833984375 10.5
vertex 2.816042423248291 -52.06829833984375 5.300000190734863
vertex 2.816042423248291 -52.06829833984375 10.5
endloop
endfacet
facet normal 0 0 1
outer loop
vertex -22.08462142944336 -60.2684440612793 11.5
vertex -16.537511825561523 -45.296852111816406 11.5
vertex -16.947561264038086 -44.88679885864258 11.5
endloop
endfacet
facet normal 0.3826770914042628 0.923882158997766 0
outer loop
vertex 1.0697040557861328 -44.97461700439453 10.5
vertex 0.9940926432609558 -44.94329833984375 5.300000190734863
vertex 0.9940926432609558 -44.94329833984375 10.5
endloop
endfacet
facet normal 0 0 1
outer loop
vertex 6.593166828155518 18.026710510253906 11.5
vertex 3.7481493949890137 13.808910369873047 11.5
vertex 8.690314292907715 15.544968605041504 11.5
endloop
endfacet
facet normal 0 0 1
outer loop
vertex -16.270782470703125 -45.435699462890625 11.5
vertex -22.08462142944336 -60.2684440612793 11.5
vertex -16.183958053588867 -45.44329833984375 11.5
endloop
endfacet
facet normal 0.7071076536758497 0.7071059086961504 -1.6210282941157624e-7
outer loop
vertex 2.3603196144104004 -46.24493408203125 10.5
vertex 1.1043553352355957 -44.98896789550781 5.300000190734863
vertex 2.1670942306518555 -46.05170822143555 10.5
endloop
endfacet
facet normal 0 0 1
outer loop
vertex -17.063854217529297 -44.70425796508789 11.5
vertex -22.08462142944336 -60.2684440612793 11.5
vertex -17.027021408081055 -44.78324508666992 11.5
endloop
endfacet
facet normal 1 0 0
outer loop
vertex 2.405991792678833 -51.65824508666992 10.5
vertex 2.405991792678833 -46.35519790649414 5.300000190734863
vertex 2.405991792678833 -46.35519790649414 10.5
endloop
endfacet
facet normal 0 0 1
outer loop
vertex 4.29839563369751 13.133476257324219 11.5
vertex 8.690314292907715 15.544968605041504 11.5
vertex 4.158199787139893 13.398859977722168 11.5
endloop
endfacet
facet normal 0 0 1
outer loop
vertex 21.205991744995117 -56.1182975769043 11.5
vertex 2.816042423248291 -52.56829833984375 11.5
vertex 21.059673309326172 -56.13270950317383 11.5
endloop
endfacet
facet normal 0 0 1
outer loop
vertex -17.027021408081055 -44.78324508666992 11.5
vertex -22.08462142944336 -60.2684440612793 11.5
vertex -16.97702980041504 -44.85464096069336 11.5
endloop
endfacet
facet normal 0 0 1
outer loop
vertex 2.816042423248291 -52.56829833984375 11.5
vertex 20.78931427001953 -56.244693756103516 11.5
vertex 20.91897964477539 -56.17538833618164 11.5
endloop
endfacet
facet normal 0 0 1
outer loop
vertex 50.279510498046875 30.822301864624023 11.5
vertex 57.85157775878906 25.831703186035156 11.5
vertex 50.68053436279297 30.85738754272461 11.5
endloop
endfacet
facet normal 0 0 1
outer loop
vertex 2.816042423248291 -52.56829833984375 11.5
vertex 20.675661087036133 -56.33796691894531 11.5
vertex 20.78931427001953 -56.244693756103516 11.5
endloop
endfacet
facet normal 0 0 1
outer loop
vertex 2.816042423248291 -52.56829833984375 11.5
vertex 20.47040367126465 -56.721981048583984 11.5
vertex 20.51308250427246 -56.58128356933594 11.5
endloop
endfacet
facet normal 0 0 1
outer loop
vertex 4.29839563369751 13.133476257324219 11.5
vertex 4.3059916496276855 13.046651840209961 11.5
vertex 8.690314292907715 15.544968605041504 11.5
endloop
endfacet
facet normal 0 0 1
outer loop
vertex 2.816042423248291 -52.56829833984375 11.5
vertex 20.47040367126465 -57.01461410522461 11.5
vertex 20.455991744995117 -56.8682975769043 11.5
endloop
endfacet
facet normal -0.513390727888262 0.8581549746510576 5.555812621365022e-8
outer loop
vertex 51.07314682006836 33.60649490356445 -2.700000047683716
vertex 50.279510498046875 33.1317024230957 -2.700000047683716
vertex 51.46501159667969 33.84092712402344 7.5
endloop
endfacet
facet normal 0 0 -1
outer loop
vertex 81.52617645263672 38.24184799194336 -5.699999809265137
vertex 81.07047271728516 37.63361740112305 -5.699999809265137
vertex 81.00947570800781 37.64676284790039 -5.699999809265137
endloop
endfacet
facet normal 0 0 1
outer loop
vertex 3.7481493949890137 13.808910369873047 11.5
vertex 6.593166828155518 18.026710510253906 11.5
vertex 3.4827654361724854 13.949106216430664 11.5
endloop
endfacet
facet normal 0 0 -1
outer loop
vertex 84.67327880859375 34.46012878417969 -5.699999809265137
vertex 85.41719055175781 34.613304138183594 -5.699999809265137
vertex 85.8734130859375 33.197391510009766 -5.699999809265137
endloop
endfacet
facet normal 0.8453139566338989 0.5342698894004193 8.212138547029881e-8
outer loop
vertex -10.352591514587402 25.18112564086914 -2.700000047683716
vertex -11.028220176696777 26.25009536743164 -2.700000047683716
vertex -9.764411926269531 24.25051498413086 7.5
endloop
endfacet
facet normal 0.9238890588690446 -0.38266043289327806 0
outer loop
vertex 59.360321044921875 26.633338928222656 10.5
vertex 59.40599060058594 26.743602752685547 5.300000190734863
vertex 59.40599060058594 26.743602752685547 10.5
endloop
endfacet
facet normal 0 0 -1
outer loop
vertex -24.934316635131836 31.69890022277832 -5.699999809265137
vertex -25.65110969543457 32.984283447265625 -5.699999809265137
vertex -24.48493194580078 32.98762512207031 -5.699999809265137
endloop
endfacet
facet normal 0 0 -1
outer loop
vertex 82.96792602539062 37.481849670410156 -5.699999809265137
vertex 82.27958679199219 37.094390869140625 -5.699999809265137
vertex 81.52617645263672 38.24184799194336 -5.699999809265137
endloop
endfacet
facet normal 0 0 -1
outer loop
vertex -24.581165313720703 33.12506103515625 -5.699999809265137
vertex -25.65110969543457 32.984283447265625 -5.699999809265137
vertex -24.70876121520996 33.39868927001953 -5.699999809265137
endloop
endfacet
facet normal 0 0 -1
outer loop
vertex -24.769779205322266 33.62641525268555 -5.699999809265137
vertex -25.65110969543457 32.984283447265625 -5.699999809265137
vertex -25.626094818115234 34.05015563964844 -5.699999809265137
endloop
endfacet
facet normal 0 0 -1
outer loop
vertex -23.37232208251953 31.6683406829834 -5.699999809265137
vertex -24.934316635131836 31.69890022277832 -5.699999809265137
vertex -23.883520126342773 32.14629364013672 -5.699999809265137
endloop
endfacet
facet normal 0 0 -1
outer loop
vertex 84.6441879272461 34.507301330566406 -5.699999809265137
vertex 82.33012390136719 37.057796478271484 -5.699999809265137
vertex 85.41719055175781 34.613304138183594 -5.699999809265137
endloop
endfacet
facet normal 0 0 -1
outer loop
vertex -25.62972640991211 34.08674240112305 -5.699999809265137
vertex -26.335756301879883 37.224361419677734 -5.699999809265137
vertex -24.769779205322266 33.62641525268555 -5.699999809265137
endloop
endfacet
facet normal 0 0 -1
outer loop
vertex -26.335756301879883 37.224361419677734 -5.699999809265137
vertex -26.438976287841797 38.64064407348633 -5.699999809265137
vertex -24.769779205322266 33.62641525268555 -5.699999809265137
endloop
endfacet
facet normal 0 0 -1
outer loop
vertex 85.8734130859375 33.197391510009766 -5.699999809265137
vertex 85.10599517822266 33.311038970947266 -5.699999809265137
vertex 85.09584045410156 33.36552047729492 -5.699999809265137
endloop
endfacet
facet normal 0 0 1
outer loop
vertex 2.816042423248291 -52.56829833984375 11.5
vertex -17.338363647460938 -64.93389892578125 11.5
vertex 20.51308250427246 -57.155311584472656 11.5
endloop
endfacet
facet normal 0.707106146647265 -0.7071074157252606 0
outer loop
vertex 58.29758071899414 25.570600509643555 10.5
vertex 59.360321044921875 26.633338928222656 5.300000190734863
vertex 59.360321044921875 26.633338928222656 10.5
endloop
endfacet
facet normal 0 0 1
outer loop
vertex 20.91897964477539 -57.56120681762695 11.5
vertex -17.338363647460938 -64.93389892578125 11.5
vertex 21.059673309326172 -57.603885650634766 11.5
endloop
endfacet
facet normal 0 0 -1
outer loop
vertex 81.00947570800781 37.64676284790039 -5.699999809265137
vertex 58.67913055419922 38.524635314941406 -5.699999809265137
vertex 81.52617645263672 38.24184799194336 -5.699999809265137
endloop
endfacet
facet normal 0 0 1
outer loop
vertex -17.338363647460938 -64.93389892578125 11.5
vertex 20.58238983154297 -57.28497314453125 11.5
vertex 20.51308250427246 -57.155311584472656 11.5
endloop
endfacet
facet normal 0 0 1
outer loop
vertex 20.78931427001953 -57.49189758300781 11.5
vertex -17.338363647460938 -64.93389892578125 11.5
vertex 20.91897964477539 -57.56120681762695 11.5
endloop
endfacet
facet normal 0 0 1
outer loop
vertex 0.8515762686729431 -45.44329833984375 11.5
vertex -22.08462142944336 -60.2684440612793 11.5
vertex 1.905991792678833 -46.497711181640625 11.5
endloop
endfacet
facet normal 0 0 -1
outer loop
vertex -27.184776306152344 38.381866455078125 -5.699999809265137
vertex -26.438976287841797 38.64064407348633 -5.699999809265137
vertex -27.13870620727539 38.340457916259766 -5.699999809265137
endloop
endfacet
facet normal -0.7071067811865476 -0.7071067811865476 0
outer loop
vertex 3.8516640663146973 7.6333394050598145 5.300000190734863
vertex 5.107628345489502 6.37737512588501 5.300000190734863
vertex 3.8516640663146973 7.6333394050598145 10.5
endloop
endfacet
facet normal 0 0 -1
outer loop
vertex 58.50926971435547 37.74961853027344 -5.699999809265137
vertex 57.25505065917969 38.070899963378906 -5.699999809265137
vertex 58.67913055419922 38.524635314941406 -5.699999809265137
endloop
endfacet
facet normal 0.9774660621148747 0.21109262756815708 -1.0535680974781962e-7
outer loop
vertex -23.081165313720703 33.991085052490234 7.5
vertex -23.539766311645508 36.1146354675293 -2.700000047683716
vertex -23.933204650878906 37.93645477294922 -2.700000047683716
endloop
endfacet
facet normal 0 0 -1
outer loop
vertex 57.35842514038086 37.297645568847656 -5.699999809265137
vertex 57.25505065917969 38.070899963378906 -5.699999809265137
vertex 57.40595626831055 37.32687759399414 -5.699999809265137
endloop
endfacet
facet normal 0.3826646811532343 -0.9238872992946128 0
outer loop
vertex 58.0697021484375 25.363021850585938 10.5
vertex 58.10435485839844 25.37737464904785 5.300000190734863
vertex 58.10435485839844 25.37737464904785 10.5
endloop
endfacet
facet normal 0 0 -1
outer loop
vertex 54.815086364746094 34.990074157714844 -5.699999809265137
vertex 54.38847732543945 35.62565612792969 -5.699999809265137
vertex 57.25505065917969 38.070899963378906 -5.699999809265137
endloop
endfacet
facet normal 0.7071090424346723 0.7071045199311914 0
outer loop
vertex 2.816042423248291 -52.06829833984375 10.5
vertex 2.405991792678833 -51.65824508666992 5.300000190734863
vertex 2.405991792678833 -51.65824508666992 10.5
endloop
endfacet
facet normal 0 0 -1
outer loop
vertex 54.779029846191406 34.94071960449219 -5.699999809265137
vertex 52.98778533935547 33.023738861083984 -5.699999809265137
vertex 54.38847732543945 35.62565612792969 -5.699999809265137
endloop
endfacet
facet normal 0.5059098746494572 0.8625863427692222 -4.339412935182159e-7
outer loop
vertex -42.06535339355469 49.81353759765625 -2.700000047683716
vertex -61.99945831298828 61.50495910644531 -2.700000047683716
vertex -25.20372772216797 39.92414093017578 7.5
endloop
endfacet
facet normal -0.7071067811865476 -0.7071067811865476 0
outer loop
vertex 79.39594268798828 32.456703186035156 5.300000190734863
vertex 79.80599212646484 32.046653747558594 5.300000190734863
vertex 79.39594268798828 32.456703186035156 10.5
endloop
endfacet
facet normal 0 0 -1
outer loop
vertex 54.22747039794922 33.70161437988281 -5.699999809265137
vertex 52.98778533935547 33.023738861083984 -5.699999809265137
vertex 54.2411003112793 33.761199951171875 -5.699999809265137
endloop
endfacet
facet normal 0 1 0
outer loop
vertex 60.39594268798828 -52.06829833984375 5.300000190734863
vertex 2.816042423248291 -52.06829833984375 5.300000190734863
vertex 60.39594268798828 -52.06829833984375 10.5
endloop
endfacet
facet normal 1 0 0
outer loop
vertex 21.40599250793457 7.7436017990112305 10.5
vertex 21.40599250793457 24.92165184020996 5.300000190734863
vertex 21.40599250793457 24.92165184020996 10.5
endloop
endfacet
facet normal 0.7071073181037348 0.7071062442689526 0
outer loop
vertex 2.3603196144104004 -46.24493408203125 5.300000190734863
vertex 1.1043553352355957 -44.98896789550781 5.300000190734863
vertex 2.3603196144104004 -46.24493408203125 10.5
endloop
endfacet
facet normal 0 0 -1
outer loop
vertex 54.19412612915039 32.171939849853516 -5.699999809265137
vertex 52.96501159667969 32.97490310668945 -5.699999809265137
vertex 52.98778533935547 33.023738861083984 -5.699999809265137
endloop
endfacet
facet normal 0.3826783788523241 -0.9238816257286134 1.0694114681484297e-7
outer loop
vertex 57.99409103393555 25.331703186035156 10.5
vertex 58.10435485839844 25.37737464904785 5.300000190734863
vertex 58.0697021484375 25.363021850585938 10.5
endloop
endfacet
facet normal -0.8454493401651609 -0.5340556274530646 8.623350992180235e-8
outer loop
vertex -86.8803939819336 24.939876556396484 7.5
vertex -85.89509582519531 23.380075454711914 -2.700000047683716
vertex -85.60530090332031 22.921310424804688 7.5
endloop
endfacet
facet normal -0.983326808201142 -0.1818471563510254 0
outer loop
vertex -87.69148254394531 29.325841903686523 7.5
vertex -87.49684143066406 28.273332595825195 -2.700000047683716
vertex -87.49684143066406 28.273332595825195 7.5
endloop
endfacet
facet normal 0 0 1
outer loop
vertex 14.86845874786377 16.19136619567871 11.5
vertex 20.90599250793457 7.886118412017822 11.5
vertex 15.198212623596191 16.42226219177246 11.5
endloop
endfacet
facet normal -0.977163558067875 0.21248854271261422 0
outer loop
vertex -87.6734848022461 29.408607482910156 7.5
vertex -87.69148254394531 29.325841903686523 -2.700000047683716
vertex -87.69148254394531 29.325841903686523 7.5
endloop
endfacet
facet normal 0.1941178667447357 -0.980978212709371 3.152579724709767e-8
outer loop
vertex -30.2047061920166 -8.656481742858887 7.5
vertex -27.126811981201172 -8.047422409057617 -2.700000047683716
vertex -26.22154998779297 -7.868287086486816 7.5
endloop
endfacet
facet normal 0.7071090424346723 0.7071045199311914 0
outer loop
vertex 2.816042423248291 -52.06829833984375 5.300000190734863
vertex 2.405991792678833 -51.65824508666992 5.300000190734863
vertex 2.816042423248291 -52.06829833984375 10.5
endloop
endfacet
facet normal 0 0 1
outer loop
vertex 54.8458251953125 35.25691604614258 11.5
vertex 59.05378341674805 32.398860931396484 11.5
vertex 59.46383285522461 32.80891036987305 11.5
endloop
endfacet
facet normal 0.999998644848808 -0.0016462990456346332 0
outer loop
vertex 87.44975280761719 -61.384666442871094 -2.700000047683716
vertex 87.5694808959961 11.340836524963379 -2.700000047683716
vertex 87.44975280761719 -61.384666442871094 7.5
endloop
endfacet
facet normal 0 0 1
outer loop
vertex 11.225772857666016 14.859793663024902 11.5
vertex 19.85157585144043 6.831702709197998 11.5
vertex 20.90599250793457 7.886118412017822 11.5
endloop
endfacet
facet normal 0.8981311824498192 -0.43972761922727793 0
outer loop
vertex 86.4583740234375 -63.40958786010742 -2.700000047683716
vertex 86.53498840332031 -63.25310516357422 -2.700000047683716
vertex 86.4583740234375 -63.40958786010742 7.5
endloop
endfacet
facet normal 0.5004099170012568 0.8657886087069956 0
outer loop
vertex -63.064353942871094 18.57459831237793 5.300000190734863
vertex -79.63235473632812 28.150598526000977 5.300000190734863
vertex -63.064353942871094 18.57459831237793 10.5
endloop
endfacet
facet normal 0 -1 0
outer loop
vertex 57.99409103393555 25.331703186035156 5.300000190734863
vertex 57.99409103393555 25.331703186035156 10.5
vertex 21.816041946411133 25.331703186035156 10.5
endloop
endfacet
facet normal -0.5040751495842603 -0.8636597961996412 0
outer loop
vertex -85.60530090332031 22.921310424804688 7.5
vertex -32.265071868896484 -8.210721015930176 -2.700000047683716
vertex -32.265071868896484 -8.210721015930176 7.5
endloop
endfacet
facet normal 0.4998112331220337 0.8661339728767273 0.0008199230504940463
outer loop
vertex -63.064353942871094 18.57459831237793 5.300000190734863
vertex -46.107662200927734 8.784647941589355 10.5
vertex -46.101837158203125 8.786209106445312 5.300000190734863
endloop
endfacet
facet normal 0 0 1
outer loop
vertex 10.855081558227539 14.760466575622559 11.5
vertex 19.85157585144043 6.831702709197998 11.5
vertex 11.225772857666016 14.859793663024902 11.5
endloop
endfacet
facet normal 0.7604993605719035 0.6493386809437166 0
outer loop
vertex 86.95947265625 35.47439956665039 7.5
vertex 84.0694580078125 38.85915756225586 -2.700000047683716
vertex 84.0694580078125 38.85915756225586 7.5
endloop
endfacet
facet normal 0.32632527985176457 -0.9452575372509163 0
outer loop
vertex 81.01859283447266 -67.24329376220703 7.5
vertex 81.01859283447266 -67.24329376220703 -2.700000047683716
vertex 81.37128448486328 -67.12153625488281 -2.700000047683716
endloop
endfacet
facet normal 0 0 -1
outer loop
vertex 85.7183609008789 -60.98207473754883 -5.699999809265137
vertex 85.0944595336914 -60.54591751098633 -5.699999809265137
vertex 85.10599517822266 -60.48795700073242 -5.699999809265137
endloop
endfacet
facet normal 0 0 1
outer loop
vertex 10.454058647155762 14.725381851196289 11.5
vertex 19.85157585144043 6.831702709197998 11.5
vertex 10.855081558227539 14.760466575622559 11.5
endloop
endfacet
facet normal 0 0 -1
outer loop
vertex 85.04277801513672 -62.361968994140625 -5.699999809265137
vertex 84.61512756347656 -61.70314025878906 -5.699999809265137
vertex 85.0944595336914 -60.54591751098633 -5.699999809265137
endloop
endfacet
facet normal 0 0 -1
outer loop
vertex 54.19412612915039 32.171939849853516 -5.699999809265137
vertex 52.57835388183594 32.51409912109375 -5.699999809265137
vertex 52.791839599609375 32.72758865356445 -5.699999809265137
endloop
endfacet
facet normal 0.5000065269211271 0.8660216354319747 0
outer loop
vertex -79.55752563476562 28.10739517211914 10.5
vertex -79.63235473632812 28.150598526000977 5.300000190734863
vertex -79.63235473632812 28.150598526000977 10.5
endloop
endfacet
facet normal -1 0 0
outer loop
vertex 79.80599212646484 32.046653747558594 5.300000190734863
vertex 79.80599212646484 -44.53324508666992 5.300000190734863
vertex 79.80599212646484 32.046653747558594 10.5
endloop
endfacet
facet normal 0.9659218987561927 0.2588337024064122 0.0000013492067526212075
outer loop
vertex -79.65544128417969 28.236772537231445 10.5
vertex -79.78244018554688 28.710737228393555 5.300000190734863
vertex -79.74054718017578 28.554372787475586 10.5
endloop
endfacet
facet normal 0 0 -1
outer loop
vertex 52.61994552612305 30.631702423095703 -5.699999809265137
vertex 52.35313034057617 32.35639953613281 -5.699999809265137
vertex 52.57835388183594 32.51409912109375 -5.699999809265137
endloop
endfacet
facet normal 0.5004131472297192 0.8657867415773491 -0.000013730396969173471
outer loop
vertex -63.064353942871094 18.57459831237793 10.5
vertex -79.63235473632812 28.150598526000977 5.300000190734863
vertex -79.50639343261719 28.077877044677734 10.5
endloop
endfacet
facet normal 0.1941177662064907 -0.9809782326040686 0
outer loop
vertex -30.2047061920166 -8.656481742858887 -2.700000047683716
vertex -27.126811981201172 -8.047422409057617 -2.700000047683716
vertex -30.2047061920166 -8.656481742858887 7.5
endloop
endfacet
facet normal 0 0 -1
outer loop
vertex 85.04277801513672 -62.361968994140625 -5.699999809265137
vertex 82.22905731201172 -64.99305725097656 -5.699999809265137
vertex 84.58229064941406 -61.75227737426758 -5.699999809265137
endloop
endfacet
facet normal 0 0 1
outer loop
vertex -84.69037628173828 25.797189712524414 11.5
vertex -80.2654037475586 28.581327438354492 11.5
vertex -85.33611297607422 29.28900909423828 11.5
endloop
endfacet
facet normal 0 0 -1
outer loop
vertex 82.22905731201172 -64.99305725097656 -5.699999809265137
vertex 82.1149673461914 -64.21959686279297 -5.699999809265137
vertex 84.58229064941406 -61.75227737426758 -5.699999809265137
endloop
endfacet
facet normal 0 0 -1
outer loop
vertex 52.61994552612305 30.631702423095703 -5.699999809265137
vertex 50.58027648925781 31.425966262817383 -5.699999809265137
vertex 50.87190628051758 31.504106521606445 -5.699999809265137
endloop
endfacet
facet normal 0 0 -1
outer loop
vertex 82.06583404541016 -64.25243377685547 -5.699999809265137
vertex 82.22905731201172 -64.99305725097656 -5.699999809265137
vertex 80.72803497314453 -65.51124572753906 -5.699999809265137
endloop
endfacet
facet normal 0 0 -1
outer loop
vertex 80.85065460205078 -64.74329376220703 -5.699999809265137
vertex 80.90861511230469 -64.73176574707031 -5.699999809265137
vertex 80.72803497314453 -65.51124572753906 -5.699999809265137
endloop
endfacet
facet normal 0 0 -1
outer loop
vertex 52.61994552612305 30.631702423095703 -5.699999809265137
vertex 50.279510498046875 31.3996524810791 -5.699999809265137
vertex 50.58027648925781 31.425966262817383 -5.699999809265137
endloop
endfacet
facet normal 0 -1 0
outer loop
vertex -17.800430297851562 -67.24329376220703 7.5
vertex -17.800430297851562 -67.24329376220703 -2.700000047683716
vertex 81.01859283447266 -67.24329376220703 -2.700000047683716
endloop
endfacet
facet normal 1 0 0
outer loop
vertex 59.40599060058594 26.743602752685547 5.300000190734863
vertex 59.40599060058594 32.046653747558594 5.300000190734863
vertex 59.40599060058594 26.743602752685547 10.5
endloop
endfacet
facet normal 0 0 1
outer loop
vertex -84.69037628173828 25.797189712524414 11.5
vertex -80.01537322998047 27.829204559326172 11.5
vertex -80.06536865234375 27.900598526000977 11.5
endloop
endfacet
facet normal 0 0 -1
outer loop
vertex 85.8734130859375 33.197391510009766 -5.699999809265137
vertex 85.7183609008789 -60.98207473754883 -5.699999809265137
vertex 85.10599517822266 33.311038970947266 -5.699999809265137
endloop
endfacet
facet normal 0 0 1
outer loop
vertex -84.69037628173828 25.797189712524414 11.5
vertex -80.1021957397461 27.97958755493164 11.5
vertex -80.11347961425781 28.02168083190918 11.5
endloop
endfacet
facet normal 0 0 1
outer loop
vertex -83.95404815673828 24.631526947021484 11.5
vertex -79.75641632080078 27.644874572753906 11.5
vertex -79.88235473632812 27.71758460998535 11.5
endloop
endfacet
facet normal 0 0 1
outer loop
vertex -79.95375061035156 27.767576217651367 11.5
vertex -83.95404815673828 24.631526947021484 11.5
vertex -79.88235473632812 27.71758460998535 11.5
endloop
endfacet
facet normal -0.9452577021617288 -0.3263248021587208 0
outer loop
vertex -24.394012451171875 -60.6558837890625 -2.700000047683716
vertex -23.660701751708984 -62.78004837036133 -2.700000047683716
vertex -24.394012451171875 -60.6558837890625 7.5
endloop
endfacet
facet normal 0 0 -1
outer loop
vertex 20.705991744995117 -65.51124572753906 -5.699999809265137
vertex 20.705991744995117 -64.74329376220703 -5.699999809265137
vertex 80.85065460205078 -64.74329376220703 -5.699999809265137
endloop
endfacet
facet normal -0.3067773673759148 0.951781302015187 -4.2271318599092766e-7
outer loop
vertex 19.147438049316406 32.729888916015625 -2.700000047683716
vertex 18.388307571411133 32.485206604003906 -2.700000047683716
vertex 20.39405632019043 33.1317024230957 7.5
endloop
endfacet
facet normal 0 0 1
outer loop
vertex -25.332651138305664 33.50485610961914 11.5
vertex -30.716623306274414 33.62260818481445 11.5
vertex -25.251293182373047 33.20122528076172 11.5
endloop
endfacet
facet normal 0 0 1
outer loop
vertex -24.95285415649414 32.65313720703125 11.5
vertex -25.081165313720703 32.83638381958008 11.5
vertex -31.941118240356445 31.423410415649414 11.5
endloop
endfacet
facet normal 0 0 1
outer loop
vertex -23.964208602905273 31.380651473999023 11.5
vertex -24.248857498168945 31.665302276611328 11.5
vertex -31.941118240356445 31.423410415649414 11.5
endloop
endfacet
facet normal 0.7071062442689526 -0.7071073181037348 0
outer loop
vertex 58.10435485839844 25.37737464904785 5.300000190734863
vertex 59.360321044921875 26.633338928222656 5.300000190734863
vertex 58.10435485839844 25.37737464904785 10.5
endloop
endfacet
facet normal -0.6493330071837558 0.7605042049730566 0
outer loop
vertex 18.388307571411133 32.485206604003906 -2.700000047683716
vertex 15.004552841186523 29.596092224121094 -2.700000047683716
vertex 18.388307571411133 32.485206604003906 7.5
endloop
endfacet
facet normal 0 0 1
outer loop
vertex -26.850725173950195 38.21281051635742 11.5
vertex -30.907663345336914 35.111820220947266 11.5
vertex -26.10284996032715 37.042789459228516 11.5
endloop
endfacet
facet normal 0 0 1
outer loop
vertex -30.527603149414062 34.26018142700195 11.5
vertex -30.508047103881836 34.12407684326172 11.5
vertex -25.332651138305664 33.50485610961914 11.5
endloop
endfacet
facet normal 0 0 -1
outer loop
vertex 20.66629981994629 31.3996524810791 -5.699999809265137
vertex 50.279510498046875 31.3996524810791 -5.699999809265137
vertex 20.551654815673828 30.631702423095703 -5.699999809265137
endloop
endfacet
facet normal 0 0 1
outer loop
vertex -30.59984016418457 34.52883529663086 11.5
vertex -30.527603149414062 34.26018142700195 11.5
vertex -26.10284996032715 37.042789459228516 11.5
endloop
endfacet
facet normal 0 0 -1
outer loop
vertex -21.89400863647461 -60.48795700073242 -5.699999809265137
vertex -22.661970138549805 -60.36530303955078 -5.699999809265137
vertex -22.663393020629883 -9.36835765838623 -5.699999809265137
endloop
endfacet
facet normal 0 0 1
outer loop
vertex -30.508047103881836 34.12407684326172 11.5
vertex -30.574562072753906 33.86866760253906 11.5
vertex -25.332651138305664 33.50485610961914 11.5
endloop
endfacet
facet normal 0 0 -1
outer loop
vertex 20.497173309326172 30.621551513671875 -5.699999809265137
vertex 19.24946403503418 30.942974090576172 -5.699999809265137
vertex 20.66629981994629 31.3996524810791 -5.699999809265137
endloop
endfacet
facet normal 0 0 1
outer loop
vertex -63.38445281982422 18.190670013427734 11.5
vertex -79.75641632080078 27.644874572753906 11.5
vertex -31.4179744720459 -6.031159400939941 11.5
endloop
endfacet
facet normal 0 0 -1
outer loop
vertex 19.35539436340332 30.16989517211914 -5.699999809265137
vertex 19.24946403503418 30.942974090576172 -5.699999809265137
vertex 19.402565002441406 30.198986053466797 -5.699999809265137
endloop
endfacet
facet normal 0 0 1
outer loop
vertex -30.716623306274414 33.62260818481445 11.5
vertex -31.941118240356445 31.423410415649414 11.5
vertex -25.251293182373047 33.20122528076172 11.5
endloop
endfacet
facet normal 0 0 -1
outer loop
vertex -30.189044952392578 -6.8877458572387695 -5.699999809265137
vertex -31.629749298095703 -6.5760498046875 -5.699999809265137
vertex -31.094663619995117 -5.987873554229736 -5.699999809265137
endloop
endfacet
facet normal 0 0 1
outer loop
vertex -62.84968566894531 59.32632064819336 11.5
vertex -31.11427879333496 35.231109619140625 11.5
vertex -30.907663345336914 35.111820220947266 11.5
endloop
endfacet
facet normal 0 0 1
outer loop
vertex -31.11427879333496 35.231109619140625 11.5
vertex -47.47566223144531 44.68782043457031 11.5
vertex -47.43278503417969 44.657798767089844 11.5
endloop
endfacet
facet normal -0.8843479341914073 0.4668283745568497 0
outer loop
vertex 13.952506065368652 27.603103637695312 -2.700000047683716
vertex 13.895100593566895 27.494356155395508 -2.700000047683716
vertex 13.952506065368652 27.603103637695312 7.5
endloop
endfacet
facet normal 0 0 1
outer loop
vertex 59.02296829223633 32.368045806884766 11.5
vertex 54.8458251953125 35.25691604614258 11.5
vertex 58.97298049926758 32.296653747558594 11.5
endloop
endfacet
facet normal 0.46631408639578226 0.8846192247678473 0
outer loop
vertex 83.12570190429688 39.35664367675781 7.5
vertex 81.96479034423828 39.96860122680664 -2.700000047683716
vertex 81.96479034423828 39.96860122680664 7.5
endloop
endfacet
facet normal 0 0 1
outer loop
vertex -64.51116180419922 54.51464080810547 11.5
vertex -64.43207550048828 54.47774887084961 11.5
vertex -62.84968566894531 59.32632064819336 11.5
endloop
endfacet
facet normal 0 0 1
outer loop
vertex 10.053034782409668 14.760466575622559 11.5
vertex 19.85157585144043 6.831702709197998 11.5
vertex 10.454058647155762 14.725381851196289 11.5
endloop
endfacet
facet normal 0 0 1
outer loop
vertex 58.7653923034668 37.94617462158203 11.5
vertex 79.39594268798828 32.956703186035156 11.5
vertex 81.37997436523438 37.666259765625 11.5
endloop
endfacet
facet normal 0 0 1
outer loop
vertex 58.7653923034668 37.94617462158203 11.5
vertex 59.816043853759766 32.956703186035156 11.5
vertex 79.39594268798828 32.956703186035156 11.5
endloop
endfacet
facet normal 0 0 -1
outer loop
vertex -21.89400863647461 -5.74999475479126 -5.699999809265137
vertex -25.122102737426758 -6.529922962188721 -5.699999809265137
vertex -25.35552406311035 -6.368287086486816 -5.699999809265137
endloop
endfacet
facet normal 0 0 1
outer loop
vertex 10.053034782409668 14.760466575622559 11.5
vertex 5.36040735244751 6.831702709197998 11.5
vertex 19.85157585144043 6.831702709197998 11.5
endloop
endfacet
facet normal 0 0 1
outer loop
vertex 80.29839324951172 32.13347625732422 11.5
vertex 80.30599212646484 32.046653747558594 11.5
vertex 85.29591369628906 33.10713577270508 11.5
endloop
endfacet
facet normal 0 0 1
outer loop
vertex -64.1039810180664 59.598548889160156 11.5
vertex -64.59535217285156 54.537200927734375 11.5
vertex -64.51116180419922 54.51464080810547 11.5
endloop
endfacet
facet normal 0 0 1
outer loop
vertex -64.68217468261719 54.544795989990234 11.5
vertex -64.59535217285156 54.537200927734375 11.5
vertex -64.1039810180664 59.598548889160156 11.5
endloop
endfacet
facet normal 0 0 1
outer loop
vertex 9.664196968078613 14.864655494689941 11.5
vertex 5.36040735244751 6.831702709197998 11.5
vertex 10.053034782409668 14.760466575622559 11.5
endloop
endfacet
facet normal 0 0 -1
outer loop
vertex -19.55341148376465 -64.63606262207031 -5.699999809265137
vertex -18.902986526489258 -64.21959686279297 -5.699999809265137
vertex -18.853851318359375 -64.25243377685547 -5.699999809265137
endloop
endfacet
facet normal 0 0 1
outer loop
vertex -64.1039810180664 59.598548889160156 11.5
vertex -64.81127166748047 54.525882720947266 11.5
vertex -64.76912689208984 54.537166595458984 11.5
endloop
endfacet
facet normal 0 0 1
outer loop
vertex -63.98668670654297 54.22046661376953 11.5
vertex -47.47566223144531 44.68782043457031 11.5
vertex -62.84968566894531 59.32632064819336 11.5
endloop
endfacet
facet normal 0 0 1
outer loop
vertex 8.9696044921875 15.265679359436035 11.5
vertex 4.3059916496276855 7.886118412017822 11.5
vertex 9.299358367919922 15.034782409667969 11.5
endloop
endfacet
facet normal 0 0 1
outer loop
vertex 54.8458251953125 35.25691604614258 11.5
vertex 58.9361457824707 32.2176628112793 11.5
vertex 58.97298049926758 32.296653747558594 11.5
endloop
endfacet
facet normal 0.4999999683801606 0.8660254220401608 0
outer loop
vertex -30.477802276611328 -0.23433087766170502 5.300000190734863
vertex -46.101837158203125 8.786209106445312 5.300000190734863
vertex -30.477802276611328 -0.23433087766170502 10.5
endloop
endfacet
facet normal 0 0 1
outer loop
vertex 9.299358367919922 15.034782409667969 11.5
vertex 5.36040735244751 6.831702709197998 11.5
vertex 9.664196968078613 14.864655494689941 11.5
endloop
endfacet
facet normal 0 0 1
outer loop
vertex 79.4827651977539 32.9491081237793 11.5
vertex 81.37997436523438 37.666259765625 11.5
vertex 79.39594268798828 32.956703186035156 11.5
endloop
endfacet
facet normal 0 0 1
outer loop
vertex 4.3059916496276855 13.046651840209961 11.5
vertex 4.3059916496276855 7.886118412017822 11.5
vertex 8.9696044921875 15.265679359436035 11.5
endloop
endfacet
facet normal 0 0 -1
outer loop
vertex -21.882478713989258 -60.54591751098633 -5.699999809265137
vertex -22.661970138549805 -60.36530303955078 -5.699999809265137
vertex -21.89400863647461 -60.48795700073242 -5.699999809265137
endloop
endfacet
facet normal 0.500073569450415 0.8659829242757162 0
outer loop
vertex -29.58725357055664 -0.7485902905464172 5.300000190734863
vertex -30.477802276611328 -0.23433087766170502 5.300000190734863
vertex -29.58725357055664 -0.7485902905464172 10.5
endloop
endfacet
facet normal 0 -1 0
outer loop
vertex -16.183958053588867 13.456703186035156 5.300000190734863
vertex 3.3959412574768066 13.456703186035156 5.300000190734863
vertex -16.183958053588867 13.456703186035156 10.5
endloop
endfacet
facet normal 0 0 1
outer loop
vertex 4.3059916496276855 7.886118412017822 11.5
vertex 5.36040735244751 6.831702709197998 11.5
vertex 9.299358367919922 15.034782409667969 11.5
endloop
endfacet
facet normal 0 0 -1
outer loop
vertex -63.17217254638672 59.28337478637695 -5.699999809265137
vertex -62.63712692260742 59.8709831237793 -5.699999809265137
vertex -63.1197624206543 59.26474380493164 -5.699999809265137
endloop
endfacet
facet normal -0.8660251772513351 0.5000003923666398 0
outer loop
vertex -29.02707290649414 -0.5985153317451477 5.300000190734863
vertex -16.86207389831543 20.471858978271484 10.5
vertex -16.86207389831543 20.471858978271484 5.300000190734863
endloop
endfacet
facet normal -0.8660317856954121 0.49998894221678913 0.00006185589821151723
outer loop
vertex -16.86207389831543 20.471858978271484 10.5
vertex -29.02707290649414 -0.5985153317451477 5.300000190734863
vertex -29.02679443359375 -0.5986763834953308 10.500643730163574
endloop
endfacet
facet normal 0 0 -1
outer loop
vertex -64.33549499511719 59.46712875366211 -5.699999809265137
vertex -64.09487915039062 60.1873664855957 -5.699999809265137
vertex -63.17217254638672 59.28337478637695 -5.699999809265137
endloop
endfacet
facet normal 0.46631327026874675 0.8846196549767887 1.18698128836528e-7
outer loop
vertex 84.0694580078125 38.85915756225586 7.5
vertex 81.96479034423828 39.96860122680664 -2.700000047683716
vertex 83.12570190429688 39.35664367675781 7.5
endloop
endfacet
facet normal 0.9773514417013633 0.21162268168669102 0
outer loop
vertex -9.344045639038086 22.30910873413086 7.5
vertex -9.764411926269531 24.25051498413086 -2.700000047683716
vertex -9.764411926269531 24.25051498413086 7.5
endloop
endfacet
facet normal 0.9238760031863049 -0.3826919527981985 0
outer loop
vertex 21.360319137573242 7.6333394050598145 10.5
vertex 21.40599250793457 7.7436017990112305 5.300000190734863
vertex 21.40599250793457 7.7436017990112305 10.5
endloop
endfacet
facet normal 0 0 -1
outer loop
vertex -64.39109802246094 59.46555709838867 -5.699999809265137
vertex -67.80888366699219 59.500709533691406 -5.699999809265137
vertex -64.09487915039062 60.1873664855957 -5.699999809265137
endloop
endfacet
facet normal 0 0 -1
outer loop
vertex -25.9207820892334 -6.16254997253418 -5.699999809265137
vertex -26.22154998779297 -6.136236190795898 -5.699999809265137
vertex -26.45890235900879 -5.416334629058838 -5.699999809265137
endloop
endfacet
facet normal -0.3826783788522883 0.9238816257285268 4.4581891995900626e-7
outer loop
vertex 62.217891693115234 -44.94329833984375 10.5
vertex 62.107627868652344 -44.98896789550781 5.300000190734863
vertex 62.14228057861328 -44.97461700439453 10.5
endloop
endfacet
facet normal -0.965925588764076 -0.2588199315562329 0
outer loop
vertex -16.86207389831543 20.471858978271484 5.300000190734863
vertex -17.012163162231445 21.031997680664062 10.5
vertex -17.012163162231445 21.031997680664062 5.300000190734863
endloop
endfacet
facet normal 0.707106939821386 -0.7071066225516736 0
outer loop
vertex 20.29758071899414 6.570600509643555 10.5
vertex 21.360319137573242 7.6333394050598145 5.300000190734863
vertex 21.360319137573242 7.6333394050598145 10.5
endloop
endfacet
facet normal 0 0 1
outer loop
vertex 61.305992126464844 -46.497711181640625 11.5
vertex 61.305992126464844 -51.65824508666992 11.5
vertex 62.360408782958984 -45.44329833984375 11.5
endloop
endfacet
facet normal 0 0 1
outer loop
vertex 62.360408782958984 -45.44329833984375 11.5
vertex 84.57091522216797 -62.01276397705078 11.5
vertex 85.1412353515625 -60.847877502441406 11.5
endloop
endfacet
facet normal -0.9452577021617288 -0.3263248021587208 0
outer loop
vertex -24.394012451171875 -60.6558837890625 7.5
vertex -23.660701751708984 -62.78004837036133 -2.700000047683716
vertex -23.660701751708984 -62.78004837036133 7.5
endloop
endfacet
facet normal 0 0 1
outer loop
vertex 54.8458251953125 35.25691604614258 11.5
vertex 58.91358947753906 32.13347625732422 11.5
vertex 58.9361457824707 32.2176628112793 11.5
endloop
endfacet
facet normal 0 0 1
outer loop
vertex -28.898176193237305 -1.0796457529067993 11.5
vertex -26.669845581054688 -5.602814674377441 11.5
vertex -28.856061935424805 -1.0683616399765015 11.5
endloop
endfacet
facet normal 0 0 1
outer loop
vertex 61.158199310302734 -52.01045608520508 11.5
vertex 60.74949645996094 -52.421852111816406 11.5
vertex 80.63117980957031 -64.93389892578125 11.5
endloop
endfacet
facet normal 0 0 1
outer loop
vertex 21.463834762573242 25.683910369873047 11.5
vertex 21.494647979736328 25.714725494384766 11.5
vertex 19.536518096923828 30.428897857666016 11.5
endloop
endfacet
facet normal 0.7071059086960968 -0.7071076536757961 -4.214677405029239e-7
outer loop
vertex 20.104354858398438 6.37737512588501 10.5
vertex 21.360319137573242 7.6333394050598145 5.300000190734863
vertex 20.29758071899414 6.570600509643555 10.5
endloop
endfacet
facet normal 0 0 1
outer loop
vertex 61.305992126464844 -51.65824508666992 11.5
vertex 61.298397064208984 -51.74507141113281 11.5
vertex 80.63117980957031 -64.93389892578125 11.5
endloop
endfacet
facet normal 0 0 1
outer loop
vertex -28.644018173217773 -0.9198631644248962 11.5
vertex -25.820526123046875 -5.593970775604248 11.5
vertex -28.594011306762695 -0.8484525680541992 11.5
endloop
endfacet
facet normal -0.500002886170037 -0.8660237374469784 0
outer loop
vertex -31.92045783996582 29.639371871948242 10.5
vertex -17.012163162231445 21.031997680664062 5.300000190734863
vertex -17.012163162231445 21.031997680664062 10.5
endloop
endfacet
facet normal -0.9999999996119189 -0.00002785968615473994 0
outer loop
vertex -24.394012451171875 -60.6558837890625 7.5
vertex -24.39466094970703 -37.37857437133789 7.5
vertex -24.394012451171875 -60.6558837890625 -2.700000047683716
endloop
endfacet
facet normal 0 0 1
outer loop
vertex 62.360408782958984 -45.44329833984375 11.5
vertex 80.63117980957031 -64.93389892578125 11.5
vertex 81.92449188232422 -64.48741912841797 11.5
endloop
endfacet
facet normal 0 0 1
outer loop
vertex -28.594011306762695 -0.8484525680541992 11.5
vertex -25.820526123046875 -5.593970775604248 11.5
vertex -17.09400749206543 13.046651840209961 11.5
endloop
endfacet
facet normal -0.9999999996119069 -0.000027859645063864824 -1.6279949632678984e-7
outer loop
vertex -24.39466094970703 -37.3785400390625 -2.700000047683716
vertex -24.394012451171875 -60.6558837890625 -2.700000047683716
vertex -24.395442962646484 -9.368406295776367 7.5
endloop
endfacet
facet normal 1 0 0
outer loop
vertex -16.59400749206543 13.046651840209961 5.300000190734863
vertex -16.59400749206543 13.046651840209961 10.5
vertex -16.59400749206543 -44.53324508666992 10.5
endloop
endfacet
facet normal -0.9999999996102585 -0.00002791889491840063 1.351196771180836e-7
outer loop
vertex -24.395442962646484 -9.368406295776367 7.5
vertex -24.394012451171875 -60.6558837890625 -2.700000047683716
vertex -24.39466094970703 -37.37857437133789 7.5
endloop
endfacet
facet normal 0 0 1
outer loop
vertex -79.75641632080078 27.644874572753906 11.5
vertex -83.95404815673828 24.631526947021484 11.5
vertex -31.4179744720459 -6.031159400939941 11.5
endloop
endfacet
facet normal 0 0 -1
outer loop
vertex -84.36685943603516 24.2039737701416 -5.699999809265137
vertex -83.66564178466797 24.498973846435547 -5.699999809265137
vertex -83.6191177368164 24.457040786743164 -5.699999809265137
endloop
endfacet
facet normal -0.4999844969986323 -0.8660343542609295 9.378765752524793e-7
outer loop
vertex -31.364330291748047 34.798126220703125 10.5
vertex -31.157663345336914 34.67880630493164 5.300000190734863
vertex -31.277751922607422 34.74814224243164 10.5
endloop
endfacet
facet normal 0 0 -1
outer loop
vertex -84.44790649414062 25.57353973388672 -5.699999809265137
vertex -85.23787689208984 25.582860946655273 -5.699999809265137
vertex -84.47351837158203 25.630701065063477 -5.699999809265137
endloop
endfacet
facet normal 0 0 -1
outer loop
vertex 16.13204002380371 13.201208114624023 -5.699999809265137
vertex 14.827098846435547 16.864538192749023 -5.699999809265137
vertex 15.040586471557617 17.078025817871094 -5.699999809265137
endloop
endfacet
facet normal 0 0 -1
outer loop
vertex 5.705991744995117 -65.51124572753906 -5.699999809265137
vertex -17.638669967651367 -64.74329376220703 -5.699999809265137
vertex 5.705991744995117 -64.74329376220703 -5.699999809265137
endloop
endfacet
facet normal -0.8660321449602356 0.49998832375923885 0
outer loop
vertex -31.151580810546875 33.869239807128906 5.300000190734863
vertex -31.151580810546875 33.869239807128906 10.5
vertex -31.09796905517578 33.962100982666016 10.5
endloop
endfacet
facet normal 0 0 -1
outer loop
vertex -84.47351837158203 25.630701065063477 -5.699999809265137
vertex -85.92495727539062 29.2982177734375 -5.699999809265137
vertex -85.20329284667969 29.001720428466797 -5.699999809265137
endloop
endfacet
facet normal -0.9771600272047872 0.21250477931834344 -3.973732337295501e-8
outer loop
vertex -87.24124145507812 31.396190643310547 7.5
vertex -87.6734848022461 29.408605575561523 -2.700000047683716
vertex -87.6734848022461 29.408607482910156 7.5
endloop
endfacet
facet normal 0 -1 0
outer loop
vertex 5.217891216278076 6.331702709197998 10.5
vertex 19.99409294128418 6.331702709197998 5.300000190734863
vertex 19.99409294128418 6.331702709197998 10.5
endloop
endfacet
facet normal -0.8736984901503491 0.4864678286474867 0
outer loop
vertex -31.151580810546875 33.869239807128906 10.5
vertex -32.44655990600586 31.5434513092041 5.300000190734863
vertex -32.44655990600586 31.5434513092041 10.5
endloop
endfacet
facet normal 0 0 -1
outer loop
vertex -85.2048568725586 29.057376861572266 -5.699999809265137
vertex -85.92495727539062 29.2982177734375 -5.699999809265137
vertex -85.02059936523438 30.221818923950195 -5.699999809265137
endloop
endfacet
facet normal -0.9928990530802028 0.11895995289355471 0
outer loop
vertex -32.44655990600586 31.5434513092041 10.5
vertex -32.46061325073242 31.42615509033203 5.300000190734863
vertex -32.46061325073242 31.42615509033203 10.5
endloop
endfacet
facet normal 0 0 -1
outer loop
vertex -21.89400863647461 -5.74999475479126 -5.699999809265137
vertex -22.76784896850586 -8.776009559631348 -5.699999809265137
vertex -22.895442962646484 -8.502381324768066 -5.699999809265137
endloop
endfacet
facet normal -0.7909855772535119 -0.6118347951669049 0
outer loop
vertex -31.99273681640625 29.73281478881836 10.5
vertex -31.92045783996582 29.639371871948242 5.300000190734863
vertex -31.92045783996582 29.639371871948242 10.5
endloop
endfacet
facet normal 0.8660251588584824 -0.5000004242239605 0
outer loop
vertex -79.78244018554688 28.710737228393555 10.5
vertex -79.78244018554688 28.710737228393555 5.300000190734863
vertex -65.24246978759766 53.894676208496094 5.300000190734863
endloop
endfacet
facet normal -0.5002066883540458 -0.8659060393171297 0
outer loop
vertex -47.7239990234375 44.248592376708984 10.5
vertex -31.364330291748047 34.798126220703125 5.300000190734863
vertex -31.364330291748047 34.798126220703125 10.5
endloop
endfacet
facet normal 0 0 -1
outer loop
vertex 16.13204002380371 13.201208114624023 -5.699999809265137
vertex 14.552525520324707 11.631702423095703 -5.699999809265137
vertex 14.306154251098633 16.563770294189453 -5.699999809265137
endloop
endfacet
facet normal 0.516075749589482 0.8565429473678796 0
outer loop
vertex -22.479753494262695 33.149757385253906 -2.700000047683716
vertex -22.479753494262695 33.149757385253906 7.5
vertex -16.902999877929688 29.78970718383789 7.5
endloop
endfacet
facet normal 0.012376651116290707 0.9999234063202769 0
outer loop
vertex 81.96479034423828 39.96860122680664 7.5
vertex 58.42033767700195 40.26002502441406 -2.700000047683716
vertex 58.42033767700195 40.26002502441406 7.5
endloop
endfacet
facet normal -0.5000021956654437 -0.8660241361126926 0
outer loop
vertex -31.364330291748047 34.798126220703125 5.300000190734863
vertex -31.157663345336914 34.67880630493164 5.300000190734863
vertex -31.364330291748047 34.798126220703125 10.5
endloop
endfacet
facet normal 0 0 -1
outer loop
vertex 14.552525520324707 11.631702423095703 -5.699999809265137
vertex 10.754825592041016 15.329046249389648 -5.699999809265137
vertex 11.032844543457031 15.40354061126709 -5.699999809265137
endloop
endfacet
facet normal -0.9659261737541017 -0.2588177483418807 0
outer loop
vertex -31.082307815551758 34.397579193115234 5.300000190734863
vertex -31.0075740814209 34.11866760253906 5.300000190734863
vertex -31.082307815551758 34.397579193115234 10.5
endloop
endfacet
facet normal -0.5334386494751622 0.8458387596026296 0
outer loop
vertex -70.4674072265625 59.87181091308594 7.5
vertex -69.04102325439453 60.77137756347656 7.5
vertex -70.4674072265625 59.87181091308594 -2.700000047683716
endloop
endfacet
facet normal 0 0 -1
outer loop
vertex 14.552525520324707 11.631702423095703 -5.699999809265137
vertex 10.153290748596191 15.329046249389648 -5.699999809265137
vertex 10.454058647155762 15.302732467651367 -5.699999809265137
endloop
endfacet
facet normal -0.181802716052575 0.9833350255309259 0
outer loop
vertex -64.06758117675781 61.953819274902344 7.5
vertex -68.4511947631836 61.14336013793945 -2.700000047683716
vertex -68.4511947631836 61.14336013793945 7.5
endloop
endfacet
facet normal 0.38267407409146903 -0.9238834087796127 0
outer loop
vertex 58.10435485839844 25.37737464904785 5.300000190734863
vertex 57.99409103393555 25.331703186035156 10.5
vertex 57.99409103393555 25.331703186035156 5.300000190734863
endloop
endfacet
facet normal -0.8660261189672457 0.4999987612649957 0
outer loop
vertex -31.0075740814209 34.11866760253906 5.300000190734863
vertex -31.151580810546875 33.869239807128906 5.300000190734863
vertex -31.0075740814209 34.11866760253906 10.5
endloop
endfacet
facet normal 0 0 -1
outer loop
vertex 6.961771011352539 18.48504638671875 -5.699999809265137
vertex 5.071012020111084 18.633459091186523 -5.699999809265137
vertex 5.522504806518555 19.243928909301758 -5.699999809265137
endloop
endfacet
facet normal -0.9928990530802028 0.11895995289355471 0
outer loop
vertex -32.44655990600586 31.5434513092041 5.300000190734863
vertex -32.46061325073242 31.42615509033203 5.300000190734863
vertex -32.44655990600586 31.5434513092041 10.5
endloop
endfacet
facet normal -0.707107397892733 -0.7071061644798242 0
outer loop
vertex 3.3959412574768066 13.456703186035156 10.5
vertex 3.8059918880462646 13.046651840209961 5.300000190734863
vertex 3.8059918880462646 13.046651840209961 10.5
endloop
endfacet
facet normal -0.7909855772535119 -0.6118347951669049 0
outer loop
vertex -31.99273681640625 29.73281478881836 5.300000190734863
vertex -31.92045783996582 29.639371871948242 5.300000190734863
vertex -31.99273681640625 29.73281478881836 10.5
endloop
endfacet
facet normal 0 0 -1
outer loop
vertex -31.629749298095703 -6.5760498046875 -5.699999809265137
vertex -84.36685943603516 24.2039737701416 -5.699999809265137
vertex -83.6191177368164 24.457040786743164 -5.699999809265137
endloop
endfacet
facet normal 0 0 1
outer loop
vertex 54.8458251953125 35.25691604614258 11.5
vertex 53.49537658691406 32.7513427734375 11.5
vertex 58.90599060058594 32.046653747558594 11.5
endloop
endfacet
facet normal 0.9774660621148803 0.21109262756815828 0
outer loop
vertex -23.539766311645508 36.1146354675293 7.5
vertex -23.933204650878906 37.93645477294922 -2.700000047683716
vertex -23.933204650878906 37.93645477294922 7.5
endloop
endfacet
facet normal -0.7303636393414039 -0.6830585292110624 0
outer loop
vertex -23.660701751708984 -62.78004837036133 7.5
vertex -20.563852310180664 -66.09136962890625 -2.700000047683716
vertex -20.563852310180664 -66.09136962890625 7.5
endloop
endfacet
facet normal 0 0 -1
outer loop
vertex 9.340717315673828 15.707955360412598 -5.699999809265137
vertex 8.673274993896484 15.46013069152832 -5.699999809265137
vertex 8.644184112548828 15.50730037689209 -5.699999809265137
endloop
endfacet
facet normal 0 0 1
outer loop
vertex -8.036669731140137 18.89827537536621 11.5
vertex -8.398797988891602 18.92995834350586 11.5
vertex 3.3959412574768066 13.956703186035156 11.5
endloop
endfacet
facet normal 0.21209945875675046 0.977248084978985 0
outer loop
vertex -61.99945831298828 61.50495910644531 7.5
vertex -64.06758117675781 61.953819274902344 -2.700000047683716
vertex -64.06758117675781 61.953819274902344 7.5
endloop
endfacet
facet normal 0 0 -1
outer loop
vertex 9.861661911010742 15.407187461853027 -5.699999809265137
vertex 9.095840454101562 14.365521430969238 -5.699999809265137
vertex 9.588032722473145 15.534782409667969 -5.699999809265137
endloop
endfacet
facet normal 0 0 1
outer loop
vertex -16.392227172851562 20.30084800720215 11.5
vertex -16.429061889648438 20.221858978271484 11.5
vertex 3.3959412574768066 13.956703186035156 11.5
endloop
endfacet
facet normal 0 0 -1
outer loop
vertex 9.095840454101562 14.365521430969238 -5.699999809265137
vertex 8.673274993896484 15.46013069152832 -5.699999809265137
vertex 9.340717315673828 15.707955360412598 -5.699999809265137
endloop
endfacet
facet normal 0 0 1
outer loop
vertex -16.429061889648438 20.221858978271484 11.5
vertex -19.470298767089844 14.954280853271484 11.5
vertex 3.3959412574768066 13.956703186035156 11.5
endloop
endfacet
facet normal 0 0 1
outer loop
vertex -23.669843673706055 31.174535751342773 11.5
vertex -11.9349946975708 23.36224365234375 11.5
vertex -12.688309669494629 24.554126739501953 11.5
endloop
endfacet
facet normal 0 0 -1
outer loop
vertex 9.131250381469727 15.9174222946167 -5.699999809265137
vertex 6.330246925354004 18.057659149169922 -5.699999809265137
vertex 6.961771011352539 18.48504638671875 -5.699999809265137
endloop
endfacet
facet normal 0 0 1
outer loop
vertex -16.690811157226562 21.415067672729492 11.5
vertex -16.629167556762695 21.353418350219727 11.5
vertex -11.9349946975708 23.36224365234375 11.5
endloop
endfacet
facet normal 0 0 1
outer loop
vertex -23.669843673706055 31.174535751342773 11.5
vertex -16.690811157226562 21.415067672729492 11.5
vertex -11.9349946975708 23.36224365234375 11.5
endloop
endfacet
facet normal 0 0 -1
outer loop
vertex 8.644184112548828 15.50730037689209 -5.699999809265137
vertex 6.330246925354004 18.057659149169922 -5.699999809265137
vertex 9.131250381469727 15.9174222946167 -5.699999809265137
endloop
endfacet
facet normal 0 0 1
outer loop
vertex -16.762203216552734 21.465057373046875 11.5
vertex -16.690811157226562 21.415067672729492 11.5
vertex -23.669843673706055 31.174535751342773 11.5
endloop
endfacet
facet normal -0.30677736737594224 0.9517813020152719 0
outer loop
vertex 18.388307571411133 32.485206604003906 7.5
vertex 19.147438049316406 32.729888916015625 7.5
vertex 18.388307571411133 32.485206604003906 -2.700000047683716
endloop
endfacet
facet normal 0 0 1
outer loop
vertex -16.369670867919922 20.385034561157227 11.5
vertex -9.461514472961426 19.420665740966797 11.5
vertex -10.828499794006348 20.54000473022461 11.5
endloop
endfacet
facet normal -0.5040751495842603 -0.8636597961996412 0
outer loop
vertex -85.60530090332031 22.921310424804688 -2.700000047683716
vertex -32.265071868896484 -8.210721015930176 -2.700000047683716
vertex -85.60530090332031 22.921310424804688 7.5
endloop
endfacet
facet normal 0 0 1
outer loop
vertex -11.344045639038086 21.154407501220703 11.5
vertex -16.36207389831543 20.471858978271484 11.5
vertex -11.113149642944336 20.82465362548828 11.5
endloop
endfacet
facet normal -0.9238795657965894 -0.38268335200725107 -1.867298535000474e-9
outer loop
vertex 3.8059918880462646 7.7436017990112305 10.5
vertex 3.8516640663146973 7.6333394050598145 5.300000190734863
vertex 3.837311029434204 7.667990684509277 10.5
endloop
endfacet
facet normal 0 0 1
outer loop
vertex -16.36207389831543 20.471858978271484 11.5
vertex -11.344045639038086 21.154407501220703 11.5
vertex -11.514172554016113 21.51924705505371 11.5
endloop
endfacet
facet normal 0 0 1
outer loop
vertex -16.369670867919922 20.385034561157227 11.5
vertex -8.787635803222656 19.034147262573242 11.5
vertex -9.152475357055664 19.204273223876953 11.5
endloop
endfacet
facet normal 0 0 1
outer loop
vertex -16.629167556762695 21.353418350219727 11.5
vertex -16.53104591369629 21.160940170288086 11.5
vertex -11.595208168029785 21.821672439575195 11.5
endloop
endfacet
facet normal -0.7071067811865476 -0.7071067811865476 0
outer loop
vertex 4.044889450073242 7.4401140213012695 10.5
vertex 5.107628345489502 6.37737512588501 5.300000190734863
vertex 5.107628345489502 6.37737512588501 10.5
endloop
endfacet
facet normal 0.2588008060454032 -0.965930713245132 0
outer loop
vertex -64.75064849853516 54.026458740234375 5.300000190734863
vertex -64.6823501586914 54.04475784301758 5.300000190734863
vertex -64.75064849853516 54.026458740234375 10.5
endloop
endfacet
facet normal -0.983326808201142 -0.1818471563510254 0
outer loop
vertex -87.69148254394531 29.325841903686523 -2.700000047683716
vertex -87.49684143066406 28.273332595825195 -2.700000047683716
vertex -87.69148254394531 29.325841903686523 7.5
endloop
endfacet
facet normal 0 0 1
outer loop
vertex 57.85157775878906 25.831703186035156 11.5
vertex 50.279510498046875 30.822301864624023 11.5
vertex 20.757047653198242 30.822301864624023 11.5
endloop
endfacet
facet normal 0 0 1
outer loop
vertex -16.53104591369629 21.160940170288086 11.5
vertex -16.380949020385742 20.60077476501465 11.5
vertex -11.595208168029785 21.821672439575195 11.5
endloop
endfacet
facet normal -0.9771625412739164 0.21249321855320508 -3.973516156810425e-8
outer loop
vertex -87.69148254394531 29.325841903686523 -2.700000047683716
vertex -87.6734848022461 29.408607482910156 7.5
vertex -87.6734848022461 29.408605575561523 -2.700000047683716
endloop
endfacet
facet normal 0 0 1
outer loop
vertex -16.380949020385742 20.60077476501465 11.5
vertex -16.369670867919922 20.55868148803711 11.5
vertex -11.595208168029785 21.821672439575195 11.5
endloop
endfacet
facet normal 0 0 1
outer loop
vertex -16.270782470703125 13.949106216430664 11.5
vertex -16.183958053588867 13.956703186035156 11.5
vertex -19.470298767089844 14.954280853271484 11.5
endloop
endfacet
facet normal 0 0 -1
outer loop
vertex 10.687615394592285 11.631702423095703 -5.699999809265137
vertex 9.10599136352539 14.311039924621582 -5.699999809265137
vertex 14.552525520324707 11.631702423095703 -5.699999809265137
endloop
endfacet
facet normal 0 0 1
outer loop
vertex -19.470298767089844 14.954280853271484 11.5
vertex -16.537511825561523 13.810256004333496 11.5
vertex -16.270782470703125 13.949106216430664 11.5
endloop
endfacet
facet normal 0 0 1
outer loop
vertex -85.0633316040039 30.5433406829834 11.5
vertex -80.2154541015625 28.960737228393555 11.5
vertex -65.67550659179688 54.14466857910156 11.5
endloop
endfacet
facet normal 0 0 1
outer loop
vertex 80.30599212646484 -44.53324508666992 11.5
vertex 85.1412353515625 -60.847877502441406 11.5
vertex 85.29591369628906 33.10713577270508 11.5
endloop
endfacet
facet normal 0 0 1
outer loop
vertex -19.470298767089844 14.954280853271484 11.5
vertex -16.97702980041504 13.368045806884766 11.5
vertex -16.946216583251953 13.398859977722168 11.5
endloop
endfacet
facet normal -0.3826837197266462 -0.9238794134821805 0
outer loop
vertex 5.107628345489502 6.37737512588501 10.5
vertex 5.217891216278076 6.331702709197998 5.300000190734863
vertex 5.217891216278076 6.331702709197998 10.5
endloop
endfacet
facet normal 0.8660322609038293 -0.49998811848811703 0.00006666719233370177
outer loop
vertex -77.25836944580078 33.08256149291992 10.5
vertex -65.24246978759766 53.894676208496094 5.300000190734863
vertex -65.24272918701172 53.894920349121094 10.500694274902344
endloop
endfacet
facet normal 0.9999986448397085 -0.0016463045722892638 -3.940488483726345e-8
outer loop
vertex 87.5694808959961 11.340592384338379 7.5
vertex 87.44975280761719 -61.384666442871094 7.5
vertex 87.5694808959961 11.340836524963379 -2.700000047683716
endloop
endfacet
facet normal 0 0 1
outer loop
vertex 19.536518096923828 30.428897857666016 11.5
vertex 21.729217529296875 25.824106216430664 11.5
vertex 20.757047653198242 30.822301864624023 11.5
endloop
endfacet
facet normal 0 0 -1
outer loop
vertex -85.02059936523438 30.221818923950195 -5.699999809265137
vertex -85.6078109741211 30.756553649902344 -5.699999809265137
vertex -85.00192260742188 30.274272918701172 -5.699999809265137
endloop
endfacet
facet normal 0.7071084257375708 -0.7071051366316995 0
outer loop
vertex 21.816041946411133 25.331703186035156 5.300000190734863
vertex 21.40599250793457 24.92165184020996 10.5
vertex 21.40599250793457 24.92165184020996 5.300000190734863
endloop
endfacet
facet normal 0 0 1
outer loop
vertex -68.76180267333984 58.217159271240234 11.5
vertex -85.0633316040039 30.5433406829834 11.5
vertex -65.67550659179688 54.14466857910156 11.5
endloop
endfacet
facet normal 0 0 1
outer loop
vertex 80.158203125 -44.88545608520508 11.5
vertex 85.1412353515625 -60.847877502441406 11.5
vertex 80.29839324951172 -44.62007141113281 11.5
endloop
endfacet
facet normal 0 0 1
outer loop
vertex 53.46501159667969 32.68622970581055 11.5
vertex 57.85157775878906 25.831703186035156 11.5
vertex 58.90599060058594 32.046653747558594 11.5
endloop
endfacet
facet normal 0 0 1
outer loop
vertex -68.76180267333984 58.217159271240234 11.5
vertex -65.62548065185547 54.21609115600586 11.5
vertex -65.5638198852539 54.27777099609375 11.5
endloop
endfacet
facet normal 0 0 1
outer loop
vertex -67.59477996826172 58.95315933227539 11.5
vertex -65.49242401123047 54.327762603759766 11.5
vertex -65.41343688964844 54.364593505859375 11.5
endloop
endfacet
facet normal -0.8843496388815156 0.4668251452204914 0
outer loop
vertex 15.004552841186523 29.596092224121094 7.5
vertex 13.952506065368652 27.603103637695312 -2.700000047683716
vertex 13.952506065368652 27.603103637695312 7.5
endloop
endfacet
facet normal 0 0 1
outer loop
vertex -67.59477996826172 58.95315933227539 11.5
vertex -65.41343688964844 54.364593505859375 11.5
vertex -65.37128448486328 54.37588882446289 11.5
endloop
endfacet
facet normal 0 0 -1
outer loop
vertex -85.6078109741211 30.756553649902344 -5.699999809265137
vertex -69.1882095336914 58.630821228027344 -5.699999809265137
vertex -85.00192260742188 30.274272918701172 -5.699999809265137
endloop
endfacet
facet normal 0 0 1
outer loop
vertex -17.063854217529297 13.21766185760498 11.5
vertex -28.594011306762695 -0.8484525680541992 11.5
vertex -17.08641242980957 13.133476257324219 11.5
endloop
endfacet
facet normal 0 0 1
outer loop
vertex 21.816041946411133 25.831703186035156 11.5
vertex 20.757047653198242 30.822301864624023 11.5
vertex 21.729217529296875 25.824106216430664 11.5
endloop
endfacet
facet normal 0 0 1
outer loop
vertex -17.09400749206543 13.046651840209961 11.5
vertex -17.08641242980957 13.133476257324219 11.5
vertex -28.594011306762695 -0.8484525680541992 11.5
endloop
endfacet
facet normal 0 0 1
outer loop
vertex 62.360408782958984 -45.44329833984375 11.5
vertex 85.1412353515625 -60.847877502441406 11.5
vertex 79.39594268798828 -45.44329833984375 11.5
endloop
endfacet
facet normal 0 0 1
outer loop
vertex -17.09400749206543 13.046651840209961 11.5
vertex -22.395442962646484 -8.213706016540527 11.5
vertex -22.225317001342773 -8.578544616699219 11.5
endloop
endfacet
facet normal -0.30358103780218615 0.9528056220903336 0
outer loop
vertex 58.42033767700195 40.26002502441406 7.5
vertex 56.39659118652344 39.6152229309082 -2.700000047683716
vertex 56.39659118652344 39.6152229309082 7.5
endloop
endfacet
facet normal 0 0 -1
outer loop
vertex -68.93306732177734 57.884525299072266 -5.699999809265137
vertex -85.00192260742188 30.274272918701172 -5.699999809265137
vertex -69.1882095336914 58.630821228027344 -5.699999809265137
endloop
endfacet
facet normal -0.9998100696030122 0.019489092344688225 0
outer loop
vertex 13.71375846862793 18.19136619567871 -2.700000047683716
vertex 13.71375846862793 18.19136619567871 7.5
vertex 13.800572395324707 22.645008087158203 7.5
endloop
endfacet
facet normal 0 0 -1
outer loop
vertex -68.93306732177734 57.884525299072266 -5.699999809265137
vertex -69.1882095336914 58.630821228027344 -5.699999809265137
vertex -68.89115905761719 57.93091583251953 -5.699999809265137
endloop
endfacet
facet normal 0 0 1
outer loop
vertex 19.536518096923828 30.428897857666016 11.5
vertex 21.566041946411133 25.76471519470215 11.5
vertex 21.64503288269043 25.801549911499023 11.5
endloop
endfacet
facet normal 0 0 -1
outer loop
vertex -67.81793212890625 58.710819244384766 -5.699999809265137
vertex -69.1882095336914 58.630821228027344 -5.699999809265137
vertex -67.80888366699219 59.500709533691406 -5.699999809265137
endloop
endfacet
facet normal -0.4999744119495291 -0.866040176542406 0.0000031813615918253572
outer loop
vertex -64.6823501586914 54.04475784301758 10.5
vertex -64.23674011230469 53.78748321533203 5.300000190734863
vertex -64.29417419433594 53.82065963745117 10.5
endloop
endfacet
facet normal -0.33438838888211847 0.9424353587280249 0
outer loop
vertex 10.454058647155762 17.03478240966797 -2.700000047683716
vertex 10.454058647155762 17.03478240966797 7.5
vertex 12.260274887084961 17.67565155029297 7.5
endloop
endfacet
facet normal 0 0 1
outer loop
vertex -22.930770874023438 -7.585450649261475 11.5
vertex -22.626338958740234 -7.883951663970947 11.5
vertex -17.09400749206543 13.046651840209961 11.5
endloop
endfacet
facet normal 0 0 -1
outer loop
vertex -67.7608642578125 58.736358642578125 -5.699999809265137
vertex -67.80888366699219 59.500709533691406 -5.699999809265137
vertex -64.39109802246094 59.46555709838867 -5.699999809265137
endloop
endfacet
facet normal 0 0 1
outer loop
vertex -22.626338958740234 -7.883951663970947 11.5
vertex -22.395442962646484 -8.213706016540527 11.5
vertex -17.09400749206543 13.046651840209961 11.5
endloop
endfacet
facet normal 0 0 1
outer loop
vertex 57.541202545166016 37.55612564086914 11.5
vertex 59.566043853759766 32.88971710205078 11.5
vertex 59.6450309753418 32.92654800415039 11.5
endloop
endfacet
facet normal 0 0 1
outer loop
vertex -62.84968566894531 59.32632064819336 11.5
vertex -64.1039810180664 59.598548889160156 11.5
vertex -64.51116180419922 54.51464080810547 11.5
endloop
endfacet
facet normal 0 0 1
outer loop
vertex 57.541202545166016 37.55612564086914 11.5
vertex 59.49464797973633 32.839725494384766 11.5
vertex 59.566043853759766 32.88971710205078 11.5
endloop
endfacet
facet normal 0 0 1
outer loop
vertex 52.649169921875 31.861555099487305 11.5
vertex 57.85157775878906 25.831703186035156 11.5
vertex 52.949466705322266 32.07182312011719 11.5
endloop
endfacet
facet normal -0.881138144036251 0.4728589336412614 0
outer loop
vertex 51.46501159667969 33.84092712402344 7.5
vertex 52.07481384277344 34.97724914550781 7.5
vertex 51.46501159667969 33.84092712402344 -2.700000047683716
endloop
endfacet
facet normal 0 0 -1
outer loop
vertex -25.629152297973633 -6.240691661834717 -5.699999809265137
vertex -25.9207820892334 -6.16254997253418 -5.699999809265137
vertex -21.89400863647461 -5.74999475479126 -5.699999809265137
endloop
endfacet
facet normal 0 1 0
outer loop
vertex 0.9940926432609558 -44.94329833984375 5.300000190734863
vertex -16.183958053588867 -44.94329833984375 5.300000190734863
vertex 0.9940926432609558 -44.94329833984375 10.5
endloop
endfacet
facet normal 0 0 -1
outer loop
vertex -21.370309829711914 -61.75227737426758 -5.699999809265137
vertex -22.143798828125 -61.866275787353516 -5.699999809265137
vertex -21.403141021728516 -61.70314025878906 -5.699999809265137
endloop
endfacet
facet normal 0.6343794304811786 0.7730218225783638 0
outer loop
vertex 20.78931427001953 -57.49189758300781 5.300000190734863
vertex 20.675661087036133 -57.39862823486328 5.300000190734863
vertex 20.78931427001953 -57.49189758300781 11.5
endloop
endfacet
facet normal 0.7730206815986687 0.6343808208172199 0
outer loop
vertex 20.675661087036133 -57.39862823486328 5.300000190734863
vertex 20.58238983154297 -57.28497314453125 5.300000190734863
vertex 20.675661087036133 -57.39862823486328 11.5
endloop
endfacet
facet normal 0.8819162323750103 0.4714061508651184 0
outer loop
vertex 20.58238983154297 -57.28497314453125 5.300000190734863
vertex 20.51308250427246 -57.155311584472656 5.300000190734863
vertex 20.58238983154297 -57.28497314453125 11.5
endloop
endfacet
facet normal 0.471405454157962 0.881916604781952 0
outer loop
vertex 20.91897964477539 -57.56120681762695 5.300000190734863
vertex 20.78931427001953 -57.49189758300781 5.300000190734863
vertex 20.91897964477539 -57.56120681762695 11.5
endloop
endfacet
facet normal 0.29028390780238306 0.9569405691426075 0
outer loop
vertex 21.059673309326172 -57.603885650634766 5.300000190734863
vertex 20.91897964477539 -57.56120681762695 5.300000190734863
vertex 21.059673309326172 -57.603885650634766 11.5
endloop
endfacet
facet normal 0.098022651870274 0.9951841838174073 0
outer loop
vertex 21.205991744995117 -57.6182975769043 5.300000190734863
vertex 21.059673309326172 -57.603885650634766 5.300000190734863
vertex 21.205991744995117 -57.6182975769043 11.5
endloop
endfacet
facet normal -0.098022651870274 0.9951841838174073 0
outer loop
vertex 21.352310180664062 -57.603885650634766 5.300000190734863
vertex 21.205991744995117 -57.6182975769043 5.300000190734863
vertex 21.352310180664062 -57.603885650634766 11.5
endloop
endfacet
facet normal -0.29028390780238306 0.9569405691426075 0
outer loop
vertex 21.493003845214844 -57.56120681762695 5.300000190734863
vertex 21.352310180664062 -57.603885650634766 5.300000190734863
vertex 21.493003845214844 -57.56120681762695 11.5
endloop
endfacet
facet normal -0.471405454157962 0.881916604781952 0
outer loop
vertex 21.622669219970703 -57.49189758300781 5.300000190734863
vertex 21.493003845214844 -57.56120681762695 5.300000190734863
vertex 21.622669219970703 -57.49189758300781 11.5
endloop
endfacet
facet normal -0.6343794304811786 0.7730218225783638 0
outer loop
vertex 21.7363224029541 -57.39862823486328 5.300000190734863
vertex 21.622669219970703 -57.49189758300781 5.300000190734863
vertex 21.7363224029541 -57.39862823486328 11.5
endloop
endfacet
facet normal -0.7730206815986687 0.6343808208172199 0
outer loop
vertex 21.829593658447266 -57.28497314453125 5.300000190734863
vertex 21.7363224029541 -57.39862823486328 5.300000190734863
vertex 21.829593658447266 -57.28497314453125 11.5
endloop
endfacet
facet normal 0.9569427553947636 0.29027670057632554 0
outer loop
vertex 20.51308250427246 -57.155311584472656 5.300000190734863
vertex 20.47040367126465 -57.01461410522461 5.300000190734863
vertex 20.51308250427246 -57.155311584472656 11.5
endloop
endfacet
facet normal 0.9951840591663966 0.09802391739312354 0
outer loop
vertex 20.47040367126465 -57.01461410522461 5.300000190734863
vertex 20.455991744995117 -56.8682975769043 5.300000190734863
vertex 20.47040367126465 -57.01461410522461 11.5
endloop
endfacet
facet normal 0.9951840591663966 -0.09802391739312354 0
outer loop
vertex 20.455991744995117 -56.8682975769043 5.300000190734863
vertex 20.47040367126465 -56.721981048583984 5.300000190734863
vertex 20.455991744995117 -56.8682975769043 11.5
endloop
endfacet
facet normal 0.9569427553947636 -0.29027670057632554 0
outer loop
vertex 20.47040367126465 -56.721981048583984 5.300000190734863
vertex 20.51308250427246 -56.58128356933594 5.300000190734863
vertex 20.47040367126465 -56.721981048583984 11.5
endloop
endfacet
facet normal 0.8819219980712056 -0.4713953641245241 0
outer loop
vertex 20.51308250427246 -56.58128356933594 5.300000190734863
vertex 20.58238983154297 -56.45161819458008 5.300000190734863
vertex 20.51308250427246 -56.58128356933594 11.5
endloop
endfacet
facet normal 0.7730102397966485 -0.6343935443945878 0
outer loop
vertex 20.58238983154297 -56.45161819458008 5.300000190734863
vertex 20.675661087036133 -56.33796691894531 5.300000190734863
vertex 20.58238983154297 -56.45161819458008 11.5
endloop
endfacet
facet normal 0.6343949344546084 -0.7730090990009969 0
outer loop
vertex 20.675661087036133 -56.33796691894531 5.300000190734863
vertex 20.78931427001953 -56.244693756103516 5.300000190734863
vertex 20.675661087036133 -56.33796691894531 11.5
endloop
endfacet
facet normal 0.4713852739059721 -0.8819273913109807 0
outer loop
vertex 20.78931427001953 -56.244693756103516 5.300000190734863
vertex 20.91897964477539 -56.17538833618164 5.300000190734863
vertex 20.78931427001953 -56.244693756103516 11.5
endloop
endfacet
facet normal 0.29028390780238306 -0.9569405691426075 0
outer loop
vertex 20.91897964477539 -56.17538833618164 5.300000190734863
vertex 21.059673309326172 -56.13270950317383 5.300000190734863
vertex 20.91897964477539 -56.17538833618164 11.5
endloop
endfacet
facet normal -0.29028390780238306 -0.9569405691426075 0
outer loop
vertex 21.352310180664062 -56.13270950317383 5.300000190734863
vertex 21.493003845214844 -56.17538833618164 5.300000190734863
vertex 21.352310180664062 -56.13270950317383 11.5
endloop
endfacet
facet normal -0.8819219980712056 -0.4713953641245241 0
outer loop
vertex 21.829593658447266 -56.45161819458008 5.300000190734863
vertex 21.898900985717773 -56.58128356933594 5.300000190734863
vertex 21.829593658447266 -56.45161819458008 11.5
endloop
endfacet
facet normal -0.6343949344546084 -0.7730090990009969 0
outer loop
vertex 21.622669219970703 -56.244693756103516 5.300000190734863
vertex 21.7363224029541 -56.33796691894531 5.300000190734863
vertex 21.622669219970703 -56.244693756103516 11.5
endloop
endfacet
facet normal -0.4713852739059721 -0.8819273913109807 0
outer loop
vertex 21.493003845214844 -56.17538833618164 5.300000190734863
vertex 21.622669219970703 -56.244693756103516 5.300000190734863
vertex 21.493003845214844 -56.17538833618164 11.5
endloop
endfacet
facet normal -0.7730102397966485 -0.6343935443945878 0
outer loop
vertex 21.7363224029541 -56.33796691894531 5.300000190734863
vertex 21.829593658447266 -56.45161819458008 5.300000190734863
vertex 21.7363224029541 -56.33796691894531 11.5
endloop
endfacet
facet normal 0.098022651870274 -0.9951841838174073 0
outer loop
vertex 21.059673309326172 -56.13270950317383 5.300000190734863
vertex 21.205991744995117 -56.1182975769043 5.300000190734863
vertex 21.059673309326172 -56.13270950317383 11.5
endloop
endfacet
facet normal -0.098022651870274 -0.9951841838174073 0
outer loop
vertex 21.205991744995117 -56.1182975769043 5.300000190734863
vertex 21.352310180664062 -56.13270950317383 5.300000190734863
vertex 21.205991744995117 -56.1182975769043 11.5
endloop
endfacet
facet normal 0.6343794304811786 0.7730218225783638 0
outer loop
vertex 20.78931427001953 -57.49189758300781 11.5
vertex 20.675661087036133 -57.39862823486328 5.300000190734863
vertex 20.675661087036133 -57.39862823486328 11.5
endloop
endfacet
facet normal 0.471405454157962 0.881916604781952 0
outer loop
vertex 20.91897964477539 -57.56120681762695 11.5
vertex 20.78931427001953 -57.49189758300781 5.300000190734863
vertex 20.78931427001953 -57.49189758300781 11.5
endloop
endfacet
facet normal 0.7730206815986687 0.6343808208172199 0
outer loop
vertex 20.675661087036133 -57.39862823486328 11.5
vertex 20.58238983154297 -57.28497314453125 5.300000190734863
vertex 20.58238983154297 -57.28497314453125 11.5
endloop
endfacet
facet normal 0.8819162323750103 0.4714061508651184 0
outer loop
vertex 20.58238983154297 -57.28497314453125 11.5
vertex 20.51308250427246 -57.155311584472656 5.300000190734863
vertex 20.51308250427246 -57.155311584472656 11.5
endloop
endfacet
facet normal 0.29028390780238306 0.9569405691426075 0
outer loop
vertex 21.059673309326172 -57.603885650634766 11.5
vertex 20.91897964477539 -57.56120681762695 5.300000190734863
vertex 20.91897964477539 -57.56120681762695 11.5
endloop
endfacet
facet normal 0.098022651870274 0.9951841838174073 0
outer loop
vertex 21.205991744995117 -57.6182975769043 11.5
vertex 21.059673309326172 -57.603885650634766 5.300000190734863
vertex 21.059673309326172 -57.603885650634766 11.5
endloop
endfacet
facet normal -0.098022651870274 0.9951841838174073 0
outer loop
vertex 21.352310180664062 -57.603885650634766 11.5
vertex 21.205991744995117 -57.6182975769043 5.300000190734863
vertex 21.205991744995117 -57.6182975769043 11.5
endloop
endfacet
facet normal -0.29028390780238306 0.9569405691426075 0
outer loop
vertex 21.493003845214844 -57.56120681762695 11.5
vertex 21.352310180664062 -57.603885650634766 5.300000190734863
vertex 21.352310180664062 -57.603885650634766 11.5
endloop
endfacet
facet normal -0.471405454157962 0.881916604781952 0
outer loop
vertex 21.622669219970703 -57.49189758300781 11.5
vertex 21.493003845214844 -57.56120681762695 5.300000190734863
vertex 21.493003845214844 -57.56120681762695 11.5
endloop
endfacet
facet normal -0.6343794304811786 0.7730218225783638 0
outer loop
vertex 21.7363224029541 -57.39862823486328 11.5
vertex 21.622669219970703 -57.49189758300781 5.300000190734863
vertex 21.622669219970703 -57.49189758300781 11.5
endloop
endfacet
facet normal -0.7730206815986687 0.6343808208172199 0
outer loop
vertex 21.829593658447266 -57.28497314453125 11.5
vertex 21.7363224029541 -57.39862823486328 5.300000190734863
vertex 21.7363224029541 -57.39862823486328 11.5
endloop
endfacet
facet normal -0.8819162323750103 0.4714061508651184 0
outer loop
vertex 21.829593658447266 -57.28497314453125 5.300000190734863
vertex 21.829593658447266 -57.28497314453125 11.5
vertex 21.898900985717773 -57.155311584472656 11.5
endloop
endfacet
facet normal 0.9569427553947636 0.29027670057632554 0
outer loop
vertex 20.51308250427246 -57.155311584472656 11.5
vertex 20.47040367126465 -57.01461410522461 5.300000190734863
vertex 20.47040367126465 -57.01461410522461 11.5
endloop
endfacet
facet normal 0.9951840591663966 0.09802391739312354 0
outer loop
vertex 20.47040367126465 -57.01461410522461 11.5
vertex 20.455991744995117 -56.8682975769043 5.300000190734863
vertex 20.455991744995117 -56.8682975769043 11.5
endloop
endfacet
facet normal 0.9951840591663966 -0.09802391739312354 0
outer loop
vertex 20.455991744995117 -56.8682975769043 11.5
vertex 20.47040367126465 -56.721981048583984 5.300000190734863
vertex 20.47040367126465 -56.721981048583984 11.5
endloop
endfacet
facet normal 0.9569427553947636 -0.29027670057632554 0
outer loop
vertex 20.47040367126465 -56.721981048583984 11.5
vertex 20.51308250427246 -56.58128356933594 5.300000190734863
vertex 20.51308250427246 -56.58128356933594 11.5
endloop
endfacet
facet normal 0.8819219980712056 -0.4713953641245241 0
outer loop
vertex 20.51308250427246 -56.58128356933594 11.5
vertex 20.58238983154297 -56.45161819458008 5.300000190734863
vertex 20.58238983154297 -56.45161819458008 11.5
endloop
endfacet
facet normal 0.7730102397966485 -0.6343935443945878 0
outer loop
vertex 20.58238983154297 -56.45161819458008 11.5
vertex 20.675661087036133 -56.33796691894531 5.300000190734863
vertex 20.675661087036133 -56.33796691894531 11.5
endloop
endfacet
facet normal 0.6343949344546084 -0.7730090990009969 0
outer loop
vertex 20.675661087036133 -56.33796691894531 11.5
vertex 20.78931427001953 -56.244693756103516 5.300000190734863
vertex 20.78931427001953 -56.244693756103516 11.5
endloop
endfacet
facet normal 0.4713852739059721 -0.8819273913109807 0
outer loop
vertex 20.78931427001953 -56.244693756103516 11.5
vertex 20.91897964477539 -56.17538833618164 5.300000190734863
vertex 20.91897964477539 -56.17538833618164 11.5
endloop
endfacet
facet normal 0.29028390780238306 -0.9569405691426075 0
outer loop
vertex 20.91897964477539 -56.17538833618164 11.5
vertex 21.059673309326172 -56.13270950317383 5.300000190734863
vertex 21.059673309326172 -56.13270950317383 11.5
endloop
endfacet
facet normal -0.29028390780238306 -0.9569405691426075 0
outer loop
vertex 21.352310180664062 -56.13270950317383 11.5
vertex 21.493003845214844 -56.17538833618164 5.300000190734863
vertex 21.493003845214844 -56.17538833618164 11.5
endloop
endfacet
facet normal -0.7730102397966485 -0.6343935443945878 0
outer loop
vertex 21.7363224029541 -56.33796691894531 11.5
vertex 21.829593658447266 -56.45161819458008 5.300000190734863
vertex 21.829593658447266 -56.45161819458008 11.5
endloop
endfacet
facet normal -0.4713852739059721 -0.8819273913109807 0
outer loop
vertex 21.493003845214844 -56.17538833618164 11.5
vertex 21.622669219970703 -56.244693756103516 5.300000190734863
vertex 21.622669219970703 -56.244693756103516 11.5
endloop
endfacet
facet normal -0.6343949344546084 -0.7730090990009969 0
outer loop
vertex 21.622669219970703 -56.244693756103516 11.5
vertex 21.7363224029541 -56.33796691894531 5.300000190734863
vertex 21.7363224029541 -56.33796691894531 11.5
endloop
endfacet
facet normal 0.098022651870274 -0.9951841838174073 0
outer loop
vertex 21.059673309326172 -56.13270950317383 11.5
vertex 21.205991744995117 -56.1182975769043 5.300000190734863
vertex 21.205991744995117 -56.1182975769043 11.5
endloop
endfacet
facet normal -0.098022651870274 -0.9951841838174073 0
outer loop
vertex 21.205991744995117 -56.1182975769043 11.5
vertex 21.352310180664062 -56.13270950317383 5.300000190734863
vertex 21.352310180664062 -56.13270950317383 11.5
endloop
endfacet
facet normal -0.8819162323750103 0.4714061508651184 0
outer loop
vertex 21.898900985717773 -57.155311584472656 5.300000190734863
vertex 21.829593658447266 -57.28497314453125 5.300000190734863
vertex 21.898900985717773 -57.155311584472656 11.5
endloop
endfacet
facet normal -0.9569391518069228 0.29028858010443176 0
outer loop
vertex 21.94158172607422 -57.01461410522461 5.300000190734863
vertex 21.898900985717773 -57.155311584472656 5.300000190734863
vertex 21.94158172607422 -57.01461410522461 11.5
endloop
endfacet
facet normal -0.9951853246241753 0.0980110690313855 0
outer loop
vertex 21.955991744995117 -56.8682975769043 5.300000190734863
vertex 21.94158172607422 -57.01461410522461 5.300000190734863
vertex 21.955991744995117 -56.8682975769043 11.5
endloop
endfacet
facet normal -0.9951853246241753 -0.0980110690313855 0
outer loop
vertex 21.94158172607422 -56.721981048583984 5.300000190734863
vertex 21.955991744995117 -56.8682975769043 5.300000190734863
vertex 21.94158172607422 -56.721981048583984 11.5
endloop
endfacet
facet normal -0.9569391518069228 -0.29028858010443176 0
outer loop
vertex 21.898900985717773 -56.58128356933594 5.300000190734863
vertex 21.94158172607422 -56.721981048583984 5.300000190734863
vertex 21.898900985717773 -56.58128356933594 11.5
endloop
endfacet
facet normal -0.9569391518069228 0.29028858010443176 0
outer loop
vertex 21.94158172607422 -57.01461410522461 11.5
vertex 21.898900985717773 -57.155311584472656 5.300000190734863
vertex 21.898900985717773 -57.155311584472656 11.5
endloop
endfacet
facet normal -0.9951853246241753 0.0980110690313855 0
outer loop
vertex 21.955991744995117 -56.8682975769043 11.5
vertex 21.94158172607422 -57.01461410522461 5.300000190734863
vertex 21.94158172607422 -57.01461410522461 11.5
endloop
endfacet
facet normal -0.9951853246241753 -0.0980110690313855 0
outer loop
vertex 21.94158172607422 -56.721981048583984 11.5
vertex 21.955991744995117 -56.8682975769043 5.300000190734863
vertex 21.955991744995117 -56.8682975769043 11.5
endloop
endfacet
facet normal -0.9569391518069228 -0.29028858010443176 0
outer loop
vertex 21.898900985717773 -56.58128356933594 11.5
vertex 21.94158172607422 -56.721981048583984 5.300000190734863
vertex 21.94158172607422 -56.721981048583984 11.5
endloop
endfacet
facet normal -0.8819219980712056 -0.4713953641245241 0
outer loop
vertex 21.829593658447266 -56.45161819458008 11.5
vertex 21.898900985717773 -56.58128356933594 5.300000190734863
vertex 21.898900985717773 -56.58128356933594 11.5
endloop
endfacet
facet normal 0 1 0
outer loop
vertex 80.85065460205078 -64.74329376220703 -5.699999809265137
vertex 20.705991744995117 -64.74329376220703 -4.949999809265137
vertex 20.59181022644043 -64.74329376220703 -4.375974655151367
endloop
endfacet
facet normal -0.5864945991406761 -0.8099531376436649 0
outer loop
vertex 82.27958679199219 37.094390869140625 0
vertex 82.27958679199219 37.094390869140625 -5.699999809265137
vertex 82.33012390136719 37.057796478271484 0
endloop
endfacet
facet normal 0 1 0
outer loop
vertex 80.85065460205078 -64.74329376220703 -5.699999809265137
vertex 20.705991744995117 -64.74329376220703 -5.699999809265137
vertex 20.705991744995117 -64.74329376220703 -4.949999809265137
endloop
endfacet
facet normal 0.9748216969220298 -0.22298578252896367 0
outer loop
vertex 54.22747039794922 33.70161437988281 -5.699999809265137
vertex 54.2411003112793 33.761199951171875 -5.699999809265137
vertex 54.2411003112793 33.761199951171875 0
endloop
endfacet
facet normal -0.8063448250265278 -0.591445706006002 0
outer loop
vertex -27.13870620727539 38.340457916259766 0
vertex -27.13870620727539 38.340457916259766 -5.699999809265137
vertex -26.36141586303711 37.28074264526367 0
endloop
endfacet
facet normal -0.9951098592623172 -0.09877432864328287 0
outer loop
vertex -25.62972640991211 34.08674240112305 0
vertex -25.62972640991211 34.08674240112305 -5.699999809265137
vertex -25.626094818115234 34.05015563964844 0
endloop
endfacet
facet normal -0.999724718430183 0.023462467041880538 0
outer loop
vertex -25.626094818115234 34.05015563964844 0
vertex -25.626094818115234 34.05015563964844 -5.699999809265137
vertex -25.65110969543457 32.984283447265625 0
endloop
endfacet
facet normal -0.8733798508730539 -0.4870396658270883 0
outer loop
vertex -25.65110969543457 32.984283447265625 0
vertex -25.65110969543457 32.984283447265625 -5.699999809265137
vertex -24.934316635131836 31.69890022277832 0
endloop
endfacet
facet normal -0.6684780525264064 -0.7437318692180018 0
outer loop
vertex -27.184776306152344 38.381866455078125 -5.699999809265137
vertex -27.13870620727539 38.340457916259766 -5.699999809265137
vertex -27.13870620727539 38.340457916259766 0
endloop
endfacet
facet normal -0.9101734092960325 -0.41422743150404345 0
outer loop
vertex -26.36141586303711 37.28074264526367 -5.699999809265137
vertex -26.335756301879883 37.224361419677734 -5.699999809265137
vertex -26.335756301879883 37.224361419677734 0
endloop
endfacet
facet normal -0.8063448250265278 -0.591445706006002 0
outer loop
vertex -26.36141586303711 37.28074264526367 -5.699999809265137
vertex -26.36141586303711 37.28074264526367 0
vertex -27.13870620727539 38.340457916259766 -5.699999809265137
endloop
endfacet
facet normal -0.975605386750908 -0.21953161353803025 0
outer loop
vertex -26.335756301879883 37.224361419677734 -5.699999809265137
vertex -25.62972640991211 34.08674240112305 -5.699999809265137
vertex -25.62972640991211 34.08674240112305 0
endloop
endfacet
facet normal -0.9951098592623172 -0.09877432864328287 0
outer loop
vertex -25.62972640991211 34.08674240112305 -5.699999809265137
vertex -25.626094818115234 34.05015563964844 -5.699999809265137
vertex -25.626094818115234 34.05015563964844 0
endloop
endfacet
facet normal -0.999724718430183 0.023462467041880538 0
outer loop
vertex -25.626094818115234 34.05015563964844 -5.699999809265137
vertex -25.65110969543457 32.984283447265625 -5.699999809265137
vertex -25.65110969543457 32.984283447265625 0
endloop
endfacet
facet normal -0.8733798508730539 -0.4870396658270883 0
outer loop
vertex -25.65110969543457 32.984283447265625 -5.699999809265137
vertex -24.934316635131836 31.69890022277832 -5.699999809265137
vertex -24.934316635131836 31.69890022277832 0
endloop
endfacet
facet normal -1 0 0
outer loop
vertex 85.10599517822266 -16.544496536254883 -1
vertex 85.10599517822266 -10.630583763122559 0
vertex 85.10599517822266 -10.630583763122559 -1
endloop
endfacet
facet normal -1 0 0
outer loop
vertex 85.10599517822266 -16.544496536254883 -1
vertex 85.10599517822266 -16.544496536254883 0
vertex 85.10599517822266 -10.630583763122559 0
endloop
endfacet
facet normal -1 0 0
outer loop
vertex 85.10599517822266 33.311038970947266 -5.699999809265137
vertex 85.10599517822266 -35.544498443603516 -1
vertex 85.10599517822266 -16.544496536254883 -1
endloop
endfacet
facet normal -1 0 0
outer loop
vertex 85.10599517822266 33.311038970947266 -5.699999809265137
vertex 85.10599517822266 -41.458412170410156 -1
vertex 85.10599517822266 -35.544498443603516 -1
endloop
endfacet
facet normal -0.5024486033739363 -0.8646070789483399 0
outer loop
vertex -27.184776306152344 38.381866455078125 0
vertex -63.1197624206543 59.26474380493164 -5.699999809265137
vertex -27.184776306152344 38.381866455078125 -5.699999809265137
endloop
endfacet
facet normal 0.5556382874016121 0.8314241357895521 0
outer loop
vertex -18.853851318359375 -64.25243377685547 -5.699999809265137
vertex -18.902986526489258 -64.21959686279297 -5.699999809265137
vertex -18.902986526489258 -64.21959686279297 0
endloop
endfacet
facet normal 0.3826797616910655 0.9238810529457075 0
outer loop
vertex -17.69662857055664 -64.73176574707031 -5.699999809265137
vertex -18.853851318359375 -64.25243377685547 -5.699999809265137
vertex -18.853851318359375 -64.25243377685547 0
endloop
endfacet
facet normal 0.19507945183141215 0.9807874425547851 0
outer loop
vertex -17.638669967651367 -64.74329376220703 -5.699999809265137
vertex -17.69662857055664 -64.73176574707031 -5.699999809265137
vertex -17.69662857055664 -64.73176574707031 0
endloop
endfacet
facet normal 0.8314788271743352 0.5555564417417838 0
outer loop
vertex -21.370309829711914 -61.75227737426758 -5.699999809265137
vertex -21.403141021728516 -61.70314025878906 -5.699999809265137
vertex -21.403141021728516 -61.70314025878906 0
endloop
endfacet
facet normal 0.7071062345615007 0.7071073278111719 0
outer loop
vertex -18.902986526489258 -64.21959686279297 -5.699999809265137
vertex -21.370309829711914 -61.75227737426758 -5.699999809265137
vertex -21.370309829711914 -61.75227737426758 0
endloop
endfacet
facet normal 0.9238794378307301 0.3826836609440937 0
outer loop
vertex -21.403141021728516 -61.70314025878906 -5.699999809265137
vertex -21.882478713989258 -60.54591751098633 -5.699999809265137
vertex -21.882478713989258 -60.54591751098633 0
endloop
endfacet
facet normal 0.9807819937023516 0.1951042237702618 -0.0010112844525152508
outer loop
vertex -21.882478713989258 -60.54591751098633 -5.699999809265137
vertex -21.89400863647461 -60.48795700073242 -5.699999809265137
vertex -21.89400863647461 -60.458412170410156 0
endloop
endfacet
facet normal 0 1 0
outer loop
vertex 5.705991744995117 -64.74329376220703 -5.699999809265137
vertex -17.638669967651367 -64.74329376220703 -5.699999809265137
vertex -12.609122276306152 -64.74329376220703 -1.9500000476837158
endloop
endfacet
facet normal 0 1 0
outer loop
vertex 5.705991744995117 -64.74329376220703 -5.699999809265137
vertex -12.609122276306152 -64.74329376220703 -1.9500000476837158
vertex 5.705991744995117 -64.74329376220703 -4.949999809265137
endloop
endfacet
facet normal 0 1 0
outer loop
vertex 5.705991744995117 -64.74329376220703 -4.949999809265137
vertex -12.609122276306152 -64.74329376220703 -1.9500000476837158
vertex 5.820172309875488 -64.74329376220703 -4.375974655151367
endloop
endfacet
facet normal 0 1 0
outer loop
vertex -12.609122276306152 -64.74329376220703 -1.9500000476837158
vertex -17.638669967651367 -64.74329376220703 -5.699999809265137
vertex -17.638669967651367 -64.74329376220703 0
endloop
endfacet
facet normal 0.7071062345615007 0.7071073278111719 0
outer loop
vertex -18.902986526489258 -64.21959686279297 0
vertex -18.902986526489258 -64.21959686279297 -5.699999809265137
vertex -21.370309829711914 -61.75227737426758 0
endloop
endfacet
facet normal 0.5556382874016121 0.8314241357895521 0
outer loop
vertex -18.853851318359375 -64.25243377685547 0
vertex -18.853851318359375 -64.25243377685547 -5.699999809265137
vertex -18.902986526489258 -64.21959686279297 0
endloop
endfacet
facet normal -1 0 0
outer loop
vertex 85.10599517822266 33.311038970947266 -5.699999809265137
vertex 85.10599517822266 -60.48795700073242 -5.699999809265137
vertex 85.10599517822266 -41.458412170410156 -1
endloop
endfacet
facet normal -0.005255364404005662 -0.9999861904770682 -3.7640688652250816e-7
outer loop
vertex -9.910322189331055 18.72502326965332 0
vertex -6.807569980621338 18.708717346191406 -1.0499999523162842
vertex 5.010037422180176 18.646610260009766 0
endloop
endfacet
facet normal -0.005255397847010494 -0.999986190301381 0
outer loop
vertex -6.807569980621338 18.708717346191406 -1.0499999523162842
vertex -6.807569980621338 18.708717346191406 -2.8499999046325684
vertex 5.010037422180176 18.646610260009766 0
endloop
endfacet
facet normal -0.6298873906608864 -0.7766864715483162 4.967220496010074e-7
outer loop
vertex -11.38486099243164 19.92086410522461 0
vertex -10.405424118041992 19.12654685974121 -1.0499999523162842
vertex -9.910322189331055 18.72502326965332 0
endloop
endfacet
facet normal -0.005255237027963415 -0.9999861911465477 0
outer loop
vertex -9.910322189331055 18.72502326965332 0
vertex -9.910322189331055 18.72502326965332 -1.0499999523162842
vertex -6.807569980621338 18.708717346191406 -1.0499999523162842
endloop
endfacet
facet normal -0.6298867551837052 -0.7766869869156705 0
outer loop
vertex -10.405424118041992 19.12654685974121 -1.0499999523162842
vertex -9.910322189331055 18.72502326965332 -1.0499999523162842
vertex -9.910322189331055 18.72502326965332 0
endloop
endfacet
facet normal -0.005255455103458279 -0.9999861900004415 2.374220822168795e-7
outer loop
vertex -6.807569980621338 18.708717346191406 -2.8499999046325684
vertex -9.910322189331055 18.72502326965332 -5.699999809265137
vertex 5.010037422180176 18.646610260009766 0
endloop
endfacet
facet normal -1 0 0
outer loop
vertex 85.10599517822266 -41.458412170410156 -1
vertex 85.10599517822266 -35.544498443603516 0
vertex 85.10599517822266 -35.544498443603516 -1
endloop
endfacet
facet normal -1 0 0
outer loop
vertex 85.10599517822266 -41.458412170410156 -1
vertex 85.10599517822266 -41.458412170410156 0
vertex 85.10599517822266 -35.544498443603516 0
endloop
endfacet
facet normal -0.6298877118920237 -0.7766862110321201 0
outer loop
vertex -10.405424118041992 19.12654685974121 -1.0499999523162842
vertex -11.38486099243164 19.92086410522461 -5.699999809265137
vertex -10.405424118041992 19.12654685974121 -2.8499999046325684
endloop
endfacet
facet normal -0.6719501022756149 -0.7405964218464673 0
outer loop
vertex -13.017447471618652 24.717613220214844 0
vertex -13.017447471618652 24.717613220214844 -5.699999809265137
vertex -12.971312522888184 24.67575454711914 0
endloop
endfacet
facet normal -0.8097635108227557 -0.5867563860240508 0
outer loop
vertex -12.971312522888184 24.67575454711914 0
vertex -12.971312522888184 24.67575454711914 -5.699999809265137
vertex -12.195764541625977 23.605445861816406 0
endloop
endfacet
facet normal -0.9130295758959225 -0.4078933604991777 0
outer loop
vertex -12.195764541625977 23.605445861816406 0
vertex -12.195764541625977 23.605445861816406 -5.699999809265137
vertex -12.170354843139648 23.548568725585938 0
endloop
endfacet
facet normal 0.3826797616910655 0.9238810529457075 0
outer loop
vertex -17.69662857055664 -64.73176574707031 0
vertex -17.69662857055664 -64.73176574707031 -5.699999809265137
vertex -18.853851318359375 -64.25243377685547 0
endloop
endfacet
facet normal 0.19507945183141215 0.9807874425547851 0
outer loop
vertex -17.638669967651367 -64.74329376220703 0
vertex -17.638669967651367 -64.74329376220703 -5.699999809265137
vertex -17.69662857055664 -64.73176574707031 0
endloop
endfacet
facet normal 1 0 0
outer loop
vertex -21.89400863647461 -60.458412170410156 0
vertex -21.89400863647461 -60.48795700073242 -5.699999809265137
vertex -21.89400863647461 -60.458412170410156 -1
endloop
endfacet
facet normal 0.8314788271743352 0.5555564417417838 0
outer loop
vertex -21.370309829711914 -61.75227737426758 0
vertex -21.370309829711914 -61.75227737426758 -5.699999809265137
vertex -21.403141021728516 -61.70314025878906 0
endloop
endfacet
facet normal -0.9773515005791138 -0.21162240976738417 0
outer loop
vertex -12.170354843139648 23.548568725585938 0
vertex -12.170354843139648 23.548568725585938 -5.699999809265137
vertex -11.38486099243164 19.92086410522461 0
endloop
endfacet
facet normal -0.5054789339900998 -0.8628389463232594 0
outer loop
vertex -24.934316635131836 31.69890022277832 -5.699999809265137
vertex -13.017447471618652 24.717613220214844 0
vertex -24.934316635131836 31.69890022277832 0
endloop
endfacet
facet normal -0.6298877118920237 -0.77668621103212 0
outer loop
vertex -11.38486099243164 19.92086410522461 0
vertex -11.38486099243164 19.92086410522461 -5.699999809265137
vertex -10.405424118041992 19.12654685974121 -1.0499999523162842
endloop
endfacet
facet normal -0.005255237027963414 -0.9999861911465476 0
outer loop
vertex -9.910322189331055 18.72502326965332 -2.8499999046325684
vertex -9.910322189331055 18.72502326965332 -5.699999809265137
vertex -6.807569980621338 18.708717346191406 -2.8499999046325684
endloop
endfacet
facet normal -0.6298867551837052 -0.7766869869156705 0
outer loop
vertex -10.405424118041992 19.12654685974121 -2.8499999046325684
vertex -9.910322189331055 18.72502326965332 -5.699999809265137
vertex -9.910322189331055 18.72502326965332 -2.8499999046325684
endloop
endfacet
facet normal -0.6298873906609535 -0.7766864715483989 -1.8300285819230626e-7
outer loop
vertex -11.38486099243164 19.92086410522461 -5.699999809265137
vertex -9.910322189331055 18.72502326965332 -5.699999809265137
vertex -10.405424118041992 19.12654685974121 -2.8499999046325684
endloop
endfacet
facet normal -0.6719501022756149 -0.7405964218464673 0
outer loop
vertex -13.017447471618652 24.717613220214844 -5.699999809265137
vertex -12.971312522888184 24.67575454711914 -5.699999809265137
vertex -12.971312522888184 24.67575454711914 0
endloop
endfacet
facet normal -0.8097635108227557 -0.5867563860240508 0
outer loop
vertex -12.971312522888184 24.67575454711914 -5.699999809265137
vertex -12.195764541625977 23.605445861816406 -5.699999809265137
vertex -12.195764541625977 23.605445861816406 0
endloop
endfacet
facet normal 0.9238794378307301 0.3826836609440937 0
outer loop
vertex -21.403141021728516 -61.70314025878906 0
vertex -21.403141021728516 -61.70314025878906 -5.699999809265137
vertex -21.882478713989258 -60.54591751098633 0
endloop
endfacet
facet normal 0.9914307421349258 0.13063339370080707 0
outer loop
vertex -21.882478713989258 -60.54591751098633 0
vertex -21.882478713989258 -60.54591751098633 -5.699999809265137
vertex -21.89400863647461 -60.458412170410156 0
endloop
endfacet
facet normal 1 0 0
outer loop
vertex -21.89400863647461 -60.458412170410156 -1
vertex -21.89400863647461 -60.48795700073242 -5.699999809265137
vertex -21.89400863647461 -41.458412170410156 -1
endloop
endfacet
facet normal 0 1 0
outer loop
vertex 5.820172309875488 -64.74329376220703 -4.375974655151367
vertex -12.609122276306152 -64.74329376220703 -1.9500000476837158
vertex 6.145331859588623 -64.74329376220703 -3.8893399238586426
endloop
endfacet
facet normal 1 0 0
outer loop
vertex -21.89400863647461 -41.458412170410156 -1
vertex -21.89400863647461 -60.48795700073242 -5.699999809265137
vertex -21.89400863647461 -24.566593170166016 -1
endloop
endfacet
facet normal 0 1 0
outer loop
vertex -12.609122276306152 -64.74329376220703 -0.44999998807907104
vertex -12.609122276306152 -64.74329376220703 -1.9500000476837158
vertex -17.638669967651367 -64.74329376220703 0
endloop
endfacet
facet normal 0 1 0
outer loop
vertex -12.609122276306152 -64.74329376220703 -0.44999998807907104
vertex -17.638669967651367 -64.74329376220703 0
vertex -12.609122276306152 -64.74329376220703 0
endloop
endfacet
facet normal -0.9130295758959225 -0.4078933604991777 0
outer loop
vertex -12.195764541625977 23.605445861816406 -5.699999809265137
vertex -12.170354843139648 23.548568725585938 -5.699999809265137
vertex -12.170354843139648 23.548568725585938 0
endloop
endfacet
facet normal -0.5054789339900998 -0.8628389463232594 0
outer loop
vertex -24.934316635131836 31.69890022277832 -5.699999809265137
vertex -13.017447471618652 24.717613220214844 -5.699999809265137
vertex -13.017447471618652 24.717613220214844 0
endloop
endfacet
facet normal -0.9773515005791138 -0.21162240976738417 0
outer loop
vertex -11.38486099243164 19.92086410522461 -5.699999809265137
vertex -11.38486099243164 19.92086410522461 0
vertex -12.170354843139648 23.548568725585938 -5.699999809265137
endloop
endfacet
facet normal 0 1 0
outer loop
vertex 80.85065460205078 -64.74329376220703 0
vertex 75.82110595703125 -64.74329376220703 -0.44999998807907104
vertex 75.82110595703125 -64.74329376220703 0
endloop
endfacet
facet normal 0 1 0
outer loop
vertex 80.85065460205078 -64.74329376220703 0
vertex 75.82110595703125 -64.74329376220703 -1.9500000476837158
vertex 75.82110595703125 -64.74329376220703 -0.44999998807907104
endloop
endfacet
facet normal 0.8642842175424661 -0.5030037686807198 0
outer loop
vertex -78.505859375 41.43610763549805 -1
vertex -78.505859375 41.43610763549805 0
vertex -85.00192260742188 30.274272918701172 0
endloop
endfacet
facet normal -0.5024486033739363 -0.8646070789483399 0
outer loop
vertex -63.1197624206543 59.26474380493164 0
vertex -63.1197624206543 59.26474380493164 -5.699999809265137
vertex -27.184776306152344 38.381866455078125 0
endloop
endfacet
facet normal -0.3349501358175175 -0.9422358550362147 0
outer loop
vertex -63.17217254638672 59.28337478637695 0
vertex -63.17217254638672 59.28337478637695 -5.699999809265137
vertex -63.1197624206543 59.26474380493164 0
endloop
endfacet
facet normal 0.028254357544575618 -0.9996007659459568 0
outer loop
vertex -64.39109802246094 59.46555709838867 0
vertex -64.39109802246094 59.46555709838867 -5.699999809265137
vertex -64.33549499511719 59.46712875366211 0
endloop
endfacet
facet normal -0.15602178529383226 -0.9877536142752024 0
outer loop
vertex -64.33549499511719 59.46712875366211 0
vertex -64.33549499511719 59.46712875366211 -5.699999809265137
vertex -63.17217254638672 59.28337478637695 0
endloop
endfacet
facet normal -1 0 0
outer loop
vertex 85.10599517822266 -60.48795700073242 -5.699999809265137
vertex 85.10599517822266 -60.458412170410156 -1
vertex 85.10599517822266 -41.458412170410156 -1
endloop
endfacet
facet normal -0.9914221162112465 0.13069708703181523 -0.0006774426998563693
outer loop
vertex 85.10599517822266 -60.458412170410156 0
vertex 85.10599517822266 -60.48795700073242 -5.699999809265137
vertex 85.0944595336914 -60.54591751098633 0
endloop
endfacet
facet normal -0.9238810529457075 0.3826797616910655 0
outer loop
vertex 85.0944595336914 -60.54591751098633 0
vertex 85.0944595336914 -60.54591751098633 -5.699999809265137
vertex 84.61512756347656 -61.70314025878906 0
endloop
endfacet
facet normal -0.8314340996298438 0.5556233778133449 0
outer loop
vertex 84.61512756347656 -61.70314025878906 0
vertex 84.61512756347656 -61.70314025878906 -5.699999809265137
vertex 84.58229064941406 -61.75227737426758 0
endloop
endfacet
facet normal -0.7071062345615007 0.7071073278111719 0
outer loop
vertex 84.58229064941406 -61.75227737426758 0
vertex 84.58229064941406 -61.75227737426758 -5.699999809265137
vertex 82.1149673461914 -64.21959686279297 0
endloop
endfacet
facet normal -1 0 0
outer loop
vertex 85.10599517822266 -60.48795700073242 -5.699999809265137
vertex 85.10599517822266 -60.458412170410156 0
vertex 85.10599517822266 -60.458412170410156 -1
endloop
endfacet
facet normal -0.5556531976113701 0.8314141711471243 0
outer loop
vertex 82.1149673461914 -64.21959686279297 0
vertex 82.1149673461914 -64.21959686279297 -5.699999809265137
vertex 82.06583404541016 -64.25243377685547 0
endloop
endfacet
facet normal -0.3826808384335502 0.923880606948644 0
outer loop
vertex 82.06583404541016 -64.25243377685547 0
vertex 82.06583404541016 -64.25243377685547 -5.699999809265137
vertex 80.90861511230469 -64.73176574707031 0
endloop
endfacet
facet normal -0.1950732765035795 0.9807886708125039 0
outer loop
vertex 80.90861511230469 -64.73176574707031 0
vertex 80.90861511230469 -64.73176574707031 -5.699999809265137
vertex 80.85065460205078 -64.74329376220703 0
endloop
endfacet
facet normal -0.3349501358175175 -0.9422358550362147 0
outer loop
vertex -63.17217254638672 59.28337478637695 -5.699999809265137
vertex -63.1197624206543 59.26474380493164 -5.699999809265137
vertex -63.1197624206543 59.26474380493164 0
endloop
endfacet
facet normal -0.15602178529383226 -0.9877536142752024 0
outer loop
vertex -64.33549499511719 59.46712875366211 -5.699999809265137
vertex -63.17217254638672 59.28337478637695 -5.699999809265137
vertex -63.17217254638672 59.28337478637695 0
endloop
endfacet
facet normal 0.028254357544575618 -0.9996007659459568 0
outer loop
vertex -64.39109802246094 59.46555709838867 -5.699999809265137
vertex -64.33549499511719 59.46712875366211 -5.699999809265137
vertex -64.33549499511719 59.46712875366211 0
endloop
endfacet
facet normal 0.21149914041016998 -0.9773781835122775 0
outer loop
vertex -64.39109802246094 59.46555709838867 0
vertex -67.7608642578125 58.736358642578125 -5.699999809265137
vertex -64.39109802246094 59.46555709838867 -5.699999809265137
endloop
endfacet
facet normal 0.21149914041016998 -0.9773781835122775 0
outer loop
vertex -67.7608642578125 58.736358642578125 0
vertex -67.7608642578125 58.736358642578125 -5.699999809265137
vertex -64.39109802246094 59.46555709838867 0
endloop
endfacet
facet normal 0 1 0
outer loop
vertex 80.85065460205078 -64.74329376220703 0
vertex 80.85065460205078 -64.74329376220703 -5.699999809265137
vertex 75.82110595703125 -64.74329376220703 -1.9500000476837158
endloop
endfacet
facet normal 0.40848646430855123 -0.9127643773048434 0
outer loop
vertex -67.81793212890625 58.710819244384766 0
vertex -67.81793212890625 58.710819244384766 -5.699999809265137
vertex -67.7608642578125 58.736358642578125 0
endloop
endfacet
facet normal 0.58786339836517 -0.8089602121628439 0
outer loop
vertex -68.89115905761719 57.93091583251953 0
vertex -68.89115905761719 57.93091583251953 -5.699999809265137
vertex -67.81793212890625 58.710819244384766 0
endloop
endfacet
facet normal 0 1 0
outer loop
vertex 67.82110595703125 -64.74329376220703 -1.9500000476837158
vertex 75.82110595703125 -64.74329376220703 -1.9500000476837158
vertex 80.85065460205078 -64.74329376220703 -5.699999809265137
endloop
endfacet
facet normal -0.9807639630277426 0.19519746111595984 0
outer loop
vertex 85.10599517822266 -60.48795700073242 -5.699999809265137
vertex 85.0944595336914 -60.54591751098633 -5.699999809265137
vertex 85.0944595336914 -60.54591751098633 0
endloop
endfacet
facet normal 0.7865620012760042 -0.6175108457325853 -0.0007573317068874946
outer loop
vertex -68.94879150390625 57.857505798339844 0
vertex -68.93306732177734 57.884525299072266 -5.699999809265137
vertex -68.89115905761719 57.93091583251953 0
endloop
endfacet
facet normal -0.9238810529457075 0.3826797616910655 0
outer loop
vertex 85.0944595336914 -60.54591751098633 -5.699999809265137
vertex 84.61512756347656 -61.70314025878906 -5.699999809265137
vertex 84.61512756347656 -61.70314025878906 0
endloop
endfacet
facet normal -0.8314340996298438 0.5556233778133449 0
outer loop
vertex 84.61512756347656 -61.70314025878906 -5.699999809265137
vertex 84.58229064941406 -61.75227737426758 -5.699999809265137
vertex 84.58229064941406 -61.75227737426758 0
endloop
endfacet
facet normal -0.7071062345615007 0.7071073278111719 0
outer loop
vertex 84.58229064941406 -61.75227737426758 -5.699999809265137
vertex 82.1149673461914 -64.21959686279297 -5.699999809265137
vertex 82.1149673461914 -64.21959686279297 0
endloop
endfacet
facet normal -0.5556531976113701 0.8314141711471243 0
outer loop
vertex 82.1149673461914 -64.21959686279297 -5.699999809265137
vertex 82.06583404541016 -64.25243377685547 -5.699999809265137
vertex 82.06583404541016 -64.25243377685547 0
endloop
endfacet
facet normal -0.3826808384335502 0.923880606948644 0
outer loop
vertex 82.06583404541016 -64.25243377685547 -5.699999809265137
vertex 80.90861511230469 -64.73176574707031 -5.699999809265137
vertex 80.90861511230469 -64.73176574707031 0
endloop
endfacet
facet normal -0.1950732765035795 0.9807886708125039 0
outer loop
vertex 80.90861511230469 -64.73176574707031 -5.699999809265137
vertex 80.85065460205078 -64.74329376220703 -5.699999809265137
vertex 80.85065460205078 -64.74329376220703 0
endloop
endfacet
facet normal 0.8642962566273656 -0.5029830820016943 0
outer loop
vertex -68.94879150390625 57.857505798339844 -1
vertex -68.93306732177734 57.884525299072266 -5.699999809265137
vertex -68.94879150390625 57.857505798339844 0
endloop
endfacet
facet normal 0.8642842767366739 -0.5030036669704702 -1.5841906218118387e-7
outer loop
vertex -78.505859375 41.43610763549805 -1
vertex -68.93306732177734 57.884525299072266 -5.699999809265137
vertex -68.94879150390625 57.857505798339844 -1
endloop
endfacet
facet normal 0.33425320233367306 0.9424833137672437 0
outer loop
vertex -31.094663619995117 -5.987873554229736 -5.699999809265137
vertex -31.14702606201172 -5.969303131103516 -5.699999809265137
vertex -31.14702606201172 -5.969303131103516 0
endloop
endfacet
facet normal 0.40848646430855123 -0.9127643773048434 0
outer loop
vertex -67.81793212890625 58.710819244384766 -5.699999809265137
vertex -67.7608642578125 58.736358642578125 -5.699999809265137
vertex -67.7608642578125 58.736358642578125 0
endloop
endfacet
facet normal 0 1 0
outer loop
vertex 80.85065460205078 -64.74329376220703 -5.699999809265137
vertex -4.609121799468994 -64.74329376220703 -0.44999998807907104
vertex 67.82110595703125 -64.74329376220703 -1.9500000476837158
endloop
endfacet
facet normal 0.58786339836517 -0.8089602121628439 0
outer loop
vertex -68.89115905761719 57.93091583251953 -5.699999809265137
vertex -67.81793212890625 58.710819244384766 -5.699999809265137
vertex -67.81793212890625 58.710819244384766 0
endloop
endfacet
facet normal 0.7420458526797182 -0.6703491273365171 0
outer loop
vertex -68.93306732177734 57.884525299072266 -5.699999809265137
vertex -68.89115905761719 57.93091583251953 -5.699999809265137
vertex -68.89115905761719 57.93091583251953 0
endloop
endfacet
facet normal 0.15550941842304697 0.987834409595923 0
outer loop
vertex -29.93264389038086 -6.170804023742676 -5.699999809265137
vertex -31.094663619995117 -5.987873554229736 -5.699999809265137
vertex -31.094663619995117 -5.987873554229736 0
endloop
endfacet
facet normal 0.864284217542466 -0.5030037686807198 0
outer loop
vertex -85.00192260742188 30.274272918701172 0
vertex -85.00192260742188 30.274272918701172 -5.699999809265137
vertex -78.505859375 41.43610763549805 -1
endloop
endfacet
facet normal 0.9420646579798595 -0.3354313345310638 0
outer loop
vertex -85.02059936523438 30.221818923950195 0
vertex -85.02059936523438 30.221818923950195 -5.699999809265137
vertex -85.00192260742188 30.274272918701172 0
endloop
endfacet
facet normal 0 1 0
outer loop
vertex 67.82110595703125 -64.74329376220703 -0.44999998807907104
vertex -4.609121799468994 -64.74329376220703 -0.44999998807907104
vertex 67.82110595703125 -64.74329376220703 0
endloop
endfacet
facet normal 0 1 0
outer loop
vertex -4.609121799468994 -64.74329376220703 -0.44999998807907104
vertex 67.82110595703125 -64.74329376220703 -0.44999998807907104
vertex 67.82110595703125 -64.74329376220703 -1.9500000476837158
endloop
endfacet
facet normal 0.8642842645302027 -0.503003687944155 -2.566816062951819e-7
outer loop
vertex -85.00192260742188 30.274272918701172 -5.699999809265137
vertex -68.93306732177734 57.884525299072266 -5.699999809265137
vertex -78.505859375 41.43610763549805 -1
endloop
endfacet
facet normal 0 1 0
outer loop
vertex -4.609121799468994 -64.74329376220703 0
vertex 67.82110595703125 -64.74329376220703 0
vertex -4.609121799468994 -64.74329376220703 -0.44999998807907104
endloop
endfacet
facet normal 0.9420646579798595 -0.3354313345310638 0
outer loop
vertex -85.02059936523438 30.221818923950195 -5.699999809265137
vertex -85.00192260742188 30.274272918701172 -5.699999809265137
vertex -85.00192260742188 30.274272918701172 0
endloop
endfacet
facet normal 0.9877108719665614 -0.15629214119415907 0
outer loop
vertex -85.02059936523438 30.221818923950195 0
vertex -85.2048568725586 29.057376861572266 -5.699999809265137
vertex -85.02059936523438 30.221818923950195 -5.699999809265137
endloop
endfacet
facet normal 0 1 0
outer loop
vertex 80.85065460205078 -64.74329376220703 -5.699999809265137
vertex -4.609121799468994 -64.74329376220703 -1.9500000476837158
vertex -4.609121799468994 -64.74329376220703 -0.44999998807907104
endloop
endfacet
facet normal 0 1 0
outer loop
vertex 80.85065460205078 -64.74329376220703 -5.699999809265137
vertex 19.780017852783203 -64.74329376220703 -3.564180612564087
vertex 19.205991744995117 -64.74329376220703 -3.450000047683716
endloop
endfacet
facet normal 0 1 0
outer loop
vertex 80.85065460205078 -64.74329376220703 -5.699999809265137
vertex 20.266651153564453 -64.74329376220703 -3.8893399238586426
vertex 19.780017852783203 -64.74329376220703 -3.564180612564087
endloop
endfacet
facet normal 0 1 0
outer loop
vertex 80.85065460205078 -64.74329376220703 -5.699999809265137
vertex 20.59181022644043 -64.74329376220703 -4.375974655151367
vertex 20.266651153564453 -64.74329376220703 -3.8893399238586426
endloop
endfacet
facet normal 0 1 0
outer loop
vertex 19.205991744995117 -64.74329376220703 -3.450000047683716
vertex -12.609122276306152 -64.74329376220703 -1.9500000476837158
vertex 80.85065460205078 -64.74329376220703 -5.699999809265137
endloop
endfacet
facet normal 0 1 0
outer loop
vertex -12.609122276306152 -64.74329376220703 -1.9500000476837158
vertex -4.609121799468994 -64.74329376220703 -1.9500000476837158
vertex 80.85065460205078 -64.74329376220703 -5.699999809265137
endloop
endfacet
facet normal -0.7071067811865476 -0.7071067811865476 0
outer loop
vertex 9.10599136352539 13.213326454162598 -5.699999809265137
vertex 10.687615394592285 11.631702423095703 -5.699999809265137
vertex 10.687615394592285 11.631702423095703 0
endloop
endfacet
facet normal 0 -1 0
outer loop
vertex 10.687615394592285 11.631702423095703 -5.699999809265137
vertex 14.552525520324707 11.631702423095703 -5.699999809265137
vertex 14.552525520324707 11.631702423095703 0
endloop
endfacet
facet normal 0 1 0
outer loop
vertex 7.205991744995117 -64.74329376220703 -3.450000047683716
vertex -12.609122276306152 -64.74329376220703 -1.9500000476837158
vertex 19.205991744995117 -64.74329376220703 -3.450000047683716
endloop
endfacet
facet normal 0 1 0
outer loop
vertex 6.631966590881348 -64.74329376220703 -3.564180612564087
vertex -12.609122276306152 -64.74329376220703 -1.9500000476837158
vertex 7.205991744995117 -64.74329376220703 -3.450000047683716
endloop
endfacet
facet normal 0 1 0
outer loop
vertex 6.145331859588623 -64.74329376220703 -3.8893399238586426
vertex -12.609122276306152 -64.74329376220703 -1.9500000476837158
vertex 6.631966590881348 -64.74329376220703 -3.564180612564087
endloop
endfacet
facet normal 0.7048557603180629 -0.7093506588045474 0
outer loop
vertex 14.552525520324707 11.631702423095703 -5.699999809265137
vertex 16.13204002380371 13.201208114624023 -5.699999809265137
vertex 16.13204002380371 13.201208114624023 0
endloop
endfacet
facet normal -0.7071067811865476 -0.7071067811865476 0
outer loop
vertex 9.10599136352539 13.213326454162598 -5.699999809265137
vertex 10.687615394592285 11.631702423095703 0
vertex 9.10599136352539 13.213326454162598 0
endloop
endfacet
facet normal 0 -1 0
outer loop
vertex 10.687615394592285 11.631702423095703 0
vertex 10.687615394592285 11.631702423095703 -5.699999809265137
vertex 14.552525520324707 11.631702423095703 0
endloop
endfacet
facet normal 0.7048557603180629 -0.7093506588045474 0
outer loop
vertex 14.552525520324707 11.631702423095703 0
vertex 14.552525520324707 11.631702423095703 -5.699999809265137
vertex 16.13204002380371 13.201208114624023 0
endloop
endfacet
facet normal 0.501625942099617 0.8650846283530136 0
outer loop
vertex -31.14702606201172 -5.969303131103516 0
vertex -31.14702606201172 -5.969303131103516 -5.699999809265137
vertex -83.6191177368164 24.457040786743164 0
endloop
endfacet
facet normal 0.9773599093877247 0.21158357101064912 0
outer loop
vertex -84.47351837158203 25.630701065063477 0
vertex -84.47351837158203 25.630701065063477 -5.699999809265137
vertex -85.20329284667969 29.001720428466797 0
endloop
endfacet
facet normal 0.9877108719665614 -0.15629214119415907 0
outer loop
vertex -85.2048568725586 29.057376861572266 0
vertex -85.2048568725586 29.057376861572266 -5.699999809265137
vertex -85.02059936523438 30.221818923950195 0
endloop
endfacet
facet normal -0.02852081501281032 0.9995931988118992 0
outer loop
vertex -29.87710952758789 -6.169219493865967 -5.699999809265137
vertex -29.93264389038086 -6.170804023742676 -5.699999809265137
vertex -29.93264389038086 -6.170804023742676 0
endloop
endfacet
facet normal -0.21157969235536617 0.9773607490496068 0
outer loop
vertex -26.515413284301758 -5.441477298736572 -5.699999809265137
vertex -29.87710952758789 -6.169219493865967 -5.699999809265137
vertex -29.87710952758789 -6.169219493865967 0
endloop
endfacet
facet normal 0.9996053882540559 0.02809035018397278 0
outer loop
vertex -85.20329284667969 29.001720428466797 0
vertex -85.20329284667969 29.001720428466797 -5.699999809265137
vertex -85.2048568725586 29.057376861572266 0
endloop
endfacet
facet normal 0.8084632043126344 0.5885467247997795 0
outer loop
vertex -83.66564178466797 24.498973846435547 0
vertex -83.66564178466797 24.498973846435547 -5.699999809265137
vertex -84.44790649414062 25.57353973388672 0
endloop
endfacet
facet normal 0.9125818194046607 0.40889414631672005 0
outer loop
vertex -84.44790649414062 25.57353973388672 0
vertex -84.44790649414062 25.57353973388672 -5.699999809265137
vertex -84.47351837158203 25.630701065063477 0
endloop
endfacet
facet normal 0.6695063121441144 0.7428063664234359 0
outer loop
vertex -83.6191177368164 24.457040786743164 0
vertex -83.6191177368164 24.457040786743164 -5.699999809265137
vertex -83.66564178466797 24.498973846435547 0
endloop
endfacet
facet normal 0.501625942099617 0.8650846283530136 0
outer loop
vertex -31.14702606201172 -5.969303131103516 -5.699999809265137
vertex -83.6191177368164 24.457040786743164 -5.699999809265137
vertex -83.6191177368164 24.457040786743164 0
endloop
endfacet
facet normal 0.9996053882540559 0.02809035018397278 0
outer loop
vertex -85.2048568725586 29.057376861572266 -5.699999809265137
vertex -85.2048568725586 29.057376861572266 0
vertex -85.20329284667969 29.001720428466797 -5.699999809265137
endloop
endfacet
facet normal 0.9773599093877247 0.21158357101064912 0
outer loop
vertex -84.47351837158203 25.630701065063477 -5.699999809265137
vertex -85.20329284667969 29.001720428466797 -5.699999809265137
vertex -85.20329284667969 29.001720428466797 0
endloop
endfacet
facet normal -0.005255364404006034 -0.999986190477139 0
outer loop
vertex 5.010037422180176 18.646610260009766 0
vertex -9.910322189331055 18.72502326965332 -5.699999809265137
vertex 5.010037422180176 18.646610260009766 -5.699999809265137
endloop
endfacet
facet normal -0.21083457799492267 -0.9775217546027827 0
outer loop
vertex 5.010037422180176 18.646610260009766 -5.699999809265137
vertex 5.071012020111084 18.633459091186523 -5.699999809265137
vertex 5.071012020111084 18.633459091186523 0
endloop
endfacet
facet normal -0.40649894620823795 0.9136512500574779 0
outer loop
vertex -26.45890235900879 -5.416334629058838 -5.699999809265137
vertex -26.515413284301758 -5.441477298736572 -5.699999809265137
vertex -26.515413284301758 -5.441477298736572 0
endloop
endfacet
facet normal -0.5843465304378697 0.8115042405096993 0
outer loop
vertex -24.83225440979004 -4.245020866394043 -5.699999809265137
vertex -26.45890235900879 -5.416334629058838 -5.699999809265137
vertex -26.45890235900879 -5.416334629058838 0
endloop
endfacet
facet normal -0.7406003705729107 -0.6719457501221862 0
outer loop
vertex 6.330246925354004 18.057659149169922 -5.699999809265137
vertex 8.644184112548828 15.50730037689209 -5.699999809265137
vertex 8.644184112548828 15.50730037689209 0
endloop
endfacet
facet normal -1 0 0
outer loop
vertex 9.10599136352539 14.311039924621582 -5.699999809265137
vertex 9.10599136352539 13.213326454162598 -5.699999809265137
vertex 9.10599136352539 13.213326454162598 0
endloop
endfacet
facet normal 0.45588036579703856 0.890041062019477 0
outer loop
vertex -21.89400863647461 -5.74999475479126 -5.699999809265137
vertex -24.83225440979004 -4.245020866394043 -5.699999809265137
vertex -24.83225440979004 -4.245020866394043 0
endloop
endfacet
facet normal -0.9830819435302044 -0.1831662968585544 0
outer loop
vertex 9.095840454101562 14.365521430969238 -5.699999809265137
vertex 9.10599136352539 14.311039924621582 -5.699999809265137
vertex 9.10599136352539 14.311039924621582 0
endloop
endfacet
facet normal -0.8511474197998417 -0.52492672799932 0
outer loop
vertex 8.644184112548828 15.50730037689209 -5.699999809265137
vertex 8.673274993896484 15.46013069152832 -5.699999809265137
vertex 8.673274993896484 15.46013069152832 0
endloop
endfacet
facet normal 0.4558809767240874 0.8900407491014621 0
outer loop
vertex -22.2520751953125 -5.566592216491699 -1
vertex -21.89400863647461 -5.74999475479126 -1
vertex -21.89400863647461 -5.74999475479126 -5.699999809265137
endloop
endfacet
facet normal 0.33425320233367306 0.9424833137672437 0
outer loop
vertex -31.094663619995117 -5.987873554229736 0
vertex -31.094663619995117 -5.987873554229736 -5.699999809265137
vertex -31.14702606201172 -5.969303131103516 0
endloop
endfacet
facet normal 0.15550941842304697 0.987834409595923 0
outer loop
vertex -29.93264389038086 -6.170804023742676 0
vertex -29.93264389038086 -6.170804023742676 -5.699999809265137
vertex -31.094663619995117 -5.987873554229736 0
endloop
endfacet
facet normal -0.02852081501281032 0.9995931988118992 0
outer loop
vertex -29.87710952758789 -6.169219493865967 0
vertex -29.87710952758789 -6.169219493865967 -5.699999809265137
vertex -29.93264389038086 -6.170804023742676 0
endloop
endfacet
facet normal -0.21157969235536617 0.9773607490496068 0
outer loop
vertex -26.515413284301758 -5.441477298736572 0
vertex -26.515413284301758 -5.441477298736572 -5.699999809265137
vertex -29.87710952758789 -6.169219493865967 0
endloop
endfacet
facet normal 0.4558802598480143 0.8900411162867152 -6.894299344497738e-8
outer loop
vertex -22.2520751953125 -5.566592216491699 -1
vertex -21.89400863647461 -5.74999475479126 -5.699999809265137
vertex -24.83225440979004 -4.245020866394043 0
endloop
endfacet
facet normal -0.40649894620823795 0.9136512500574779 0
outer loop
vertex -26.45890235900879 -5.416334629058838 0
vertex -26.45890235900879 -5.416334629058838 -5.699999809265137
vertex -26.515413284301758 -5.441477298736572 0
endloop
endfacet
facet normal -0.9328988806839497 -0.3601384156385344 0
outer loop
vertex 8.673274993896484 15.46013069152832 -5.699999809265137
vertex 9.095840454101562 14.365521430969238 -5.699999809265137
vertex 9.095840454101562 14.365521430969238 0
endloop
endfacet
facet normal -0.4074039138184095 -0.913248077471528 0
outer loop
vertex 5.071012020111084 18.633459091186523 -5.699999809265137
vertex 6.279727458953857 18.09424591064453 -5.699999809265137
vertex 6.279727458953857 18.09424591064453 0
endloop
endfacet
facet normal -0.5865487198152624 -0.8099139456035294 0
outer loop
vertex 6.279727458953857 18.09424591064453 -5.699999809265137
vertex 6.330246925354004 18.057659149169922 -5.699999809265137
vertex 6.330246925354004 18.057659149169922 0
endloop
endfacet
facet normal 0.8084632043126344 0.5885467247997795 0
outer loop
vertex -83.66564178466797 24.498973846435547 -5.699999809265137
vertex -84.44790649414062 25.57353973388672 -5.699999809265137
vertex -84.44790649414062 25.57353973388672 0
endloop
endfacet
facet normal 0.9125818194046607 0.40889414631672005 0
outer loop
vertex -84.44790649414062 25.57353973388672 -5.699999809265137
vertex -84.47351837158203 25.630701065063477 -5.699999809265137
vertex -84.47351837158203 25.630701065063477 0
endloop
endfacet
facet normal 0.6695063121441144 0.7428063664234359 0
outer loop
vertex -83.6191177368164 24.457040786743164 -5.699999809265137
vertex -83.66564178466797 24.498973846435547 -5.699999809265137
vertex -83.66564178466797 24.498973846435547 0
endloop
endfacet
facet normal 0.9999797937616749 -0.006357048714440678 0
outer loop
vertex 16.13204002380371 13.201208114624023 -5.699999809265137
vertex 16.216827392578125 26.538475036621094 -5.699999809265137
vertex 16.216827392578125 26.538475036621094 0
endloop
endfacet
facet normal 0.9773421457098951 -0.21166560943898827 0
outer loop
vertex 16.216827392578125 26.538475036621094 -5.699999809265137
vertex 16.230012893676758 26.59935760498047 -5.699999809265137
vertex 16.230012893676758 26.59935760498047 0
endloop
endfacet
facet normal 0.9130235535369987 -0.40790684069609706 0
outer loop
vertex 16.230012893676758 26.59935760498047 -5.699999809265137
vertex 16.769153594970703 27.806123733520508 -5.699999809265137
vertex 16.769153594970703 27.806123733520508 0
endloop
endfacet
facet normal 0.8097610175988965 -0.5867598268262745 0
outer loop
vertex 16.769153594970703 27.806123733520508 -5.699999809265137
vertex 16.80570411682129 27.856565475463867 -5.699999809265137
vertex 16.80570411682129 27.856565475463867 0
endloop
endfacet
facet normal 0.6719456006744108 -0.7406005061666548 0
outer loop
vertex 16.80570411682129 27.856565475463867 -5.699999809265137
vertex 19.35539436340332 30.16989517211914 -5.699999809265137
vertex 19.35539436340332 30.16989517211914 0
endloop
endfacet
facet normal -0.21083457799492267 -0.9775217546027827 0
outer loop
vertex 5.010037422180176 18.646610260009766 0
vertex 5.010037422180176 18.646610260009766 -5.699999809265137
vertex 5.071012020111084 18.633459091186523 0
endloop
endfacet
facet normal -0.7406003705729107 -0.6719457501221862 0
outer loop
vertex 6.330246925354004 18.057659149169922 0
vertex 6.330246925354004 18.057659149169922 -5.699999809265137
vertex 8.644184112548828 15.50730037689209 0
endloop
endfacet
facet normal -1 0 0
outer loop
vertex 9.10599136352539 14.311039924621582 0
vertex 9.10599136352539 14.311039924621582 -5.699999809265137
vertex 9.10599136352539 13.213326454162598 0
endloop
endfacet
facet normal -0.9830819435302044 -0.1831662968585544 0
outer loop
vertex 9.095840454101562 14.365521430969238 0
vertex 9.095840454101562 14.365521430969238 -5.699999809265137
vertex 9.10599136352539 14.311039924621582 0
endloop
endfacet
facet normal -0.9328988806839497 -0.3601384156385344 0
outer loop
vertex 8.673274993896484 15.46013069152832 0
vertex 8.673274993896484 15.46013069152832 -5.699999809265137
vertex 9.095840454101562 14.365521430969238 0
endloop
endfacet
facet normal -0.8511474197998417 -0.52492672799932 0
outer loop
vertex 8.644184112548828 15.50730037689209 0
vertex 8.644184112548828 15.50730037689209 -5.699999809265137
vertex 8.673274993896484 15.46013069152832 0
endloop
endfacet
facet normal -0.4074039138184095 -0.913248077471528 0
outer loop
vertex 5.071012020111084 18.633459091186523 0
vertex 5.071012020111084 18.633459091186523 -5.699999809265137
vertex 6.279727458953857 18.09424591064453 0
endloop
endfacet
facet normal -0.5865487198152624 -0.8099139456035294 0
outer loop
vertex 6.279727458953857 18.09424591064453 0
vertex 6.279727458953857 18.09424591064453 -5.699999809265137
vertex 6.330246925354004 18.057659149169922 0
endloop
endfacet
facet normal 0.9999797937616749 -0.006357048714440678 0
outer loop
vertex 16.13204002380371 13.201208114624023 0
vertex 16.13204002380371 13.201208114624023 -5.699999809265137
vertex 16.216827392578125 26.538475036621094 0
endloop
endfacet
facet normal 0.9773421457098951 -0.21166560943898827 0
outer loop
vertex 16.216827392578125 26.538475036621094 0
vertex 16.216827392578125 26.538475036621094 -5.699999809265137
vertex 16.230012893676758 26.59935760498047 0
endloop
endfacet
facet normal 0.9130235535369987 -0.40790684069609706 0
outer loop
vertex 16.230012893676758 26.59935760498047 0
vertex 16.230012893676758 26.59935760498047 -5.699999809265137
vertex 16.769153594970703 27.806123733520508 0
endloop
endfacet
facet normal 0.8097610175988965 -0.5867598268262745 0
outer loop
vertex 16.769153594970703 27.806123733520508 0
vertex 16.769153594970703 27.806123733520508 -5.699999809265137
vertex 16.80570411682129 27.856565475463867 0
endloop
endfacet
facet normal 0.6719456006744108 -0.7406005061666548 0
outer loop
vertex 16.80570411682129 27.856565475463867 0
vertex 16.80570411682129 27.856565475463867 -5.699999809265137
vertex 19.35539436340332 30.16989517211914 0
endloop
endfacet
facet normal -0.5843465304378697 0.8115042405096993 0
outer loop
vertex -24.83225440979004 -4.245020866394043 0
vertex -24.83225440979004 -4.245020866394043 -5.699999809265137
vertex -26.45890235900879 -5.416334629058838 0
endloop
endfacet
facet normal 1 0 0
outer loop
vertex -21.89400863647461 -24.566593170166016 -1
vertex -21.89400863647461 -60.48795700073242 -5.699999809265137
vertex -21.89400863647461 -5.74999475479126 -5.699999809265137
endloop
endfacet
facet normal 1 0 0
outer loop
vertex -21.89400863647461 -24.566593170166016 -1
vertex -21.89400863647461 -5.74999475479126 -5.699999809265137
vertex -21.89400863647461 -5.74999475479126 -1
endloop
endfacet
facet normal 0.5249190395241446 -0.8511521614523748 0
outer loop
vertex 19.35539436340332 30.16989517211914 -5.699999809265137
vertex 19.402565002441406 30.198986053466797 -5.699999809265137
vertex 19.402565002441406 30.198986053466797 0
endloop
endfacet
facet normal 0.36013868871222954 -0.9328987752659105 0
outer loop
vertex 19.402565002441406 30.198986053466797 -5.699999809265137
vertex 20.497173309326172 30.621551513671875 -5.699999809265137
vertex 20.497173309326172 30.621551513671875 0
endloop
endfacet
facet normal 0.1831662968585544 -0.9830819435302044 0
outer loop
vertex 20.497173309326172 30.621551513671875 -5.699999809265137
vertex 20.551654815673828 30.631702423095703 -5.699999809265137
vertex 20.551654815673828 30.631702423095703 0
endloop
endfacet
facet normal 0.5249190395241446 -0.8511521614523748 0
outer loop
vertex 19.35539436340332 30.16989517211914 0
vertex 19.35539436340332 30.16989517211914 -5.699999809265137
vertex 19.402565002441406 30.198986053466797 0
endloop
endfacet
facet normal 0.36013868871222954 -0.9328987752659105 0
outer loop
vertex 19.402565002441406 30.198986053466797 0
vertex 19.402565002441406 30.198986053466797 -5.699999809265137
vertex 20.497173309326172 30.621551513671875 0
endloop
endfacet
facet normal 0.1831662968585544 -0.9830819435302044 0
outer loop
vertex 20.497173309326172 30.621551513671875 0
vertex 20.497173309326172 30.621551513671875 -5.699999809265137
vertex 20.551654815673828 30.631702423095703 0
endloop
endfacet
facet normal 0 -1 0
outer loop
vertex 20.551654815673828 30.631702423095703 -5.699999809265137
vertex 52.61994552612305 30.631702423095703 -5.699999809265137
vertex 52.61994552612305 30.631702423095703 0
endloop
endfacet
facet normal 0 -1 0
outer loop
vertex 20.551654815673828 30.631702423095703 0
vertex 20.551654815673828 30.631702423095703 -5.699999809265137
vertex 52.61994552612305 30.631702423095703 0
endloop
endfacet
facet normal -1 0 0
outer loop
vertex 85.10599517822266 33.311038970947266 -5.699999809265137
vertex 85.10599517822266 -16.544496536254883 -1
vertex 85.10599517822266 -10.630583763122559 -1
endloop
endfacet
facet normal -1 0 0
outer loop
vertex 85.10599517822266 33.311038970947266 -5.699999809265137
vertex 85.10599517822266 -10.630583763122559 -1
vertex 85.10599517822266 8.369416236877441 -1
endloop
endfacet
facet normal -1 0 0
outer loop
vertex 85.10599517822266 33.311038970947266 -5.699999809265137
vertex 85.10599517822266 8.369416236877441 -1
vertex 85.10599517822266 14.283329963684082 -1
endloop
endfacet
facet normal -1 0 0
outer loop
vertex 85.10599517822266 33.311038970947266 -5.699999809265137
vertex 85.10599517822266 14.283329963684082 -1
vertex 85.10599517822266 33.283329010009766 -1
endloop
endfacet
facet normal -1 0 0
outer loop
vertex 85.10599517822266 14.283329963684082 -1
vertex 85.10599517822266 8.369416236877441 -1
vertex 85.10599517822266 8.369416236877441 0
endloop
endfacet
facet normal -1 0 0
outer loop
vertex 85.10599517822266 14.283329963684082 -1
vertex 85.10599517822266 8.369416236877441 0
vertex 85.10599517822266 14.283329963684082 0
endloop
endfacet
facet normal 0.6993586865329215 -0.7147708916645578 0
outer loop
vertex 52.61994552612305 30.631702423095703 -5.699999809265137
vertex 54.19412612915039 32.171939849853516 -5.699999809265137
vertex 54.19412612915039 32.171939849853516 0
endloop
endfacet
facet normal 0.9997625021991781 -0.0217930997436951 0
outer loop
vertex 54.19412612915039 32.171939849853516 -5.699999809265137
vertex 54.22747039794922 33.70161437988281 -5.699999809265137
vertex 54.22747039794922 33.70161437988281 0
endloop
endfacet
facet normal -0.975605386750908 -0.21953161353803025 0
outer loop
vertex -26.335756301879883 37.224361419677734 0
vertex -26.335756301879883 37.224361419677734 -5.699999809265137
vertex -25.62972640991211 34.08674240112305 0
endloop
endfacet
facet normal -0.6684780525264064 -0.7437318692180018 0
outer loop
vertex -27.184776306152344 38.381866455078125 0
vertex -27.184776306152344 38.381866455078125 -5.699999809265137
vertex -27.13870620727539 38.340457916259766 0
endloop
endfacet
facet normal -0.9101734092960325 -0.41422743150404345 0
outer loop
vertex -26.36141586303711 37.28074264526367 0
vertex -26.36141586303711 37.28074264526367 -5.699999809265137
vertex -26.335756301879883 37.224361419677734 0
endloop
endfacet
facet normal 0.4558802810150683 0.890041105444924 0
outer loop
vertex -24.83225440979004 -4.245020866394043 0
vertex -22.2520751953125 -5.566592216491699 0
vertex -22.2520751953125 -5.566592216491699 -1
endloop
endfacet
facet normal 0.807471159560316 -0.5899070490156212 0
outer loop
vertex 54.779029846191406 34.94071960449219 -5.699999809265137
vertex 54.815086364746094 34.990074157714844 -5.699999809265137
vertex 54.815086364746094 34.990074157714844 0
endloop
endfacet
facet normal 0.6719463023760993 -0.74059986951328 0
outer loop
vertex 54.815086364746094 34.990074157714844 -5.699999809265137
vertex 57.35842514038086 37.297645568847656 -5.699999809265137
vertex 57.35842514038086 37.297645568847656 0
endloop
endfacet
facet normal 0.5238647375971685 -0.8518014655436146 0
outer loop
vertex 57.35842514038086 37.297645568847656 -5.699999809265137
vertex 57.40595626831055 37.32687759399414 -5.699999809265137
vertex 57.40595626831055 37.32687759399414 0
endloop
endfacet
facet normal 0.35779145877083923 -0.9338015163998369 0
outer loop
vertex 57.40595626831055 37.32687759399414 -5.699999809265137
vertex 58.50926971435547 37.74961853027344 -5.699999809265137
vertex 58.50926971435547 37.74961853027344 0
endloop
endfacet
facet normal 0.17945693563039572 -0.9837658299891027 0
outer loop
vertex 58.50926971435547 37.74961853027344 -5.699999809265137
vertex 58.56416320800781 37.7596321105957 -5.699999809265137
vertex 58.56416320800781 37.7596321105957 0
endloop
endfacet
facet normal 0.6993586865329215 -0.7147708916645578 0
outer loop
vertex 52.61994552612305 30.631702423095703 0
vertex 52.61994552612305 30.631702423095703 -5.699999809265137
vertex 54.19412612915039 32.171939849853516 0
endloop
endfacet
facet normal 0.9997625021991781 -0.0217930997436951 0
outer loop
vertex 54.19412612915039 32.171939849853516 0
vertex 54.19412612915039 32.171939849853516 -5.699999809265137
vertex 54.22747039794922 33.70161437988281 0
endloop
endfacet
facet normal 0.9748216969220298 -0.22298578252896367 0
outer loop
vertex 54.22747039794922 33.70161437988281 0
vertex 54.22747039794922 33.70161437988281 -5.699999809265137
vertex 54.2411003112793 33.761199951171875 0
endloop
endfacet
facet normal 0.9098472901387203 -0.4149432595274047 0
outer loop
vertex 54.2411003112793 33.761199951171875 0
vertex 54.2411003112793 33.761199951171875 -5.699999809265137
vertex 54.779029846191406 34.94071960449219 0
endloop
endfacet
facet normal 0.807471159560316 -0.5899070490156212 0
outer loop
vertex 54.779029846191406 34.94071960449219 0
vertex 54.779029846191406 34.94071960449219 -5.699999809265137
vertex 54.815086364746094 34.990074157714844 0
endloop
endfacet
facet normal 0.6719463023760993 -0.74059986951328 0
outer loop
vertex 54.815086364746094 34.990074157714844 0
vertex 54.815086364746094 34.990074157714844 -5.699999809265137
vertex 57.35842514038086 37.297645568847656 0
endloop
endfacet
facet normal 0.5238647375971685 -0.8518014655436146 0
outer loop
vertex 57.35842514038086 37.297645568847656 0
vertex 57.35842514038086 37.297645568847656 -5.699999809265137
vertex 57.40595626831055 37.32687759399414 0
endloop
endfacet
facet normal 0.35779145877083923 -0.9338015163998369 0
outer loop
vertex 57.40595626831055 37.32687759399414 0
vertex 57.40595626831055 37.32687759399414 -5.699999809265137
vertex 58.50926971435547 37.74961853027344 0
endloop
endfacet
facet normal 0.17945693563039572 -0.9837658299891027 0
outer loop
vertex 58.50926971435547 37.74961853027344 0
vertex 58.50926971435547 37.74961853027344 -5.699999809265137
vertex 58.56416320800781 37.7596321105957 0
endloop
endfacet
facet normal -0.0050286170441829385 -0.9999873564253814 0
outer loop
vertex 58.56416320800781 37.7596321105957 0
vertex 58.56416320800781 37.7596321105957 -5.699999809265137
vertex 70.02263641357422 37.70201110839844 -1.0499999523162842
endloop
endfacet
facet normal -0.00502857047104086 -0.9999873566594297 5.517512092026728e-7
outer loop
vertex 58.56416320800781 37.7596321105957 -5.699999809265137
vertex 81.00947570800781 37.64676284790039 -5.699999809265137
vertex 73.62258911132812 37.68391036987305 -2.8499999046325684
endloop
endfacet
facet normal -0.0050279854332738304 -0.9999873595981271 -0.000002539466574503488
outer loop
vertex 58.56416320800781 37.7596321105957 -5.699999809265137
vertex 73.62258911132812 37.68391036987305 -2.8499999046325684
vertex 70.02263641357422 37.70201110839844 -2.8499999046325684
endloop
endfacet
facet normal -0.21067292469079893 -0.9775566064439567 0
outer loop
vertex 81.00947570800781 37.64676284790039 -5.699999809265137
vertex 81.07047271728516 37.63361740112305 -5.699999809265137
vertex 81.07047271728516 37.63361740112305 0
endloop
endfacet
facet normal -0.4073002923629716 -0.913294296402336 0
outer loop
vertex 81.07047271728516 37.63361740112305 -5.699999809265137
vertex 82.27958679199219 37.094390869140625 -5.699999809265137
vertex 82.27958679199219 37.094390869140625 0
endloop
endfacet
facet normal -0.9830695467370066 -0.18323281987214057 0
outer loop
vertex 85.09584045410156 33.36552047729492 -5.699999809265137
vertex 85.10599517822266 33.311038970947266 -5.699999809265137
vertex 85.10599517822266 33.311038970947266 0
endloop
endfacet
facet normal -0.8511616441324157 -0.5249036631209608 0
outer loop
vertex 84.6441879272461 34.507301330566406 -5.699999809265137
vertex 84.67327880859375 34.46012878417969 -5.699999809265137
vertex 84.67327880859375 34.46012878417969 0
endloop
endfacet
facet normal -0.7405999218273581 -0.6719462447170244 0
outer loop
vertex 82.33012390136719 37.057796478271484 -5.699999809265137
vertex 84.6441879272461 34.507301330566406 -5.699999809265137
vertex 84.6441879272461 34.507301330566406 0
endloop
endfacet
facet normal -0.5864945991406761 -0.8099531376436649 0
outer loop
vertex 82.27958679199219 37.094390869140625 -5.699999809265137
vertex 82.33012390136719 37.057796478271484 -5.699999809265137
vertex 82.33012390136719 37.057796478271484 0
endloop
endfacet
facet normal -0.9328998675584457 -0.3601358592384748 0
outer loop
vertex 84.67327880859375 34.46012878417969 -5.699999809265137
vertex 85.09584045410156 33.36552047729492 -5.699999809265137
vertex 85.09584045410156 33.36552047729492 0
endloop
endfacet
facet normal -0.005028617044182939 -0.9999873564253815 0
outer loop
vertex 70.02263641357422 37.70201110839844 -1.0499999523162842
vertex 58.56416320800781 37.7596321105957 -5.699999809265137
vertex 70.02263641357422 37.70201110839844 -2.8499999046325684
endloop
endfacet
facet normal -0.005028783341661431 -0.9999873555891108 0
outer loop
vertex 73.62258911132812 37.68391036987305 -2.8499999046325684
vertex 81.00947570800781 37.64676284790039 -5.699999809265137
vertex 81.00947570800781 37.64676284790039 0
endloop
endfacet
facet normal -0.21067292469079893 -0.9775566064439567 0
outer loop
vertex 81.00947570800781 37.64676284790039 0
vertex 81.00947570800781 37.64676284790039 -5.699999809265137
vertex 81.07047271728516 37.63361740112305 0
endloop
endfacet
facet normal -0.4073002923629716 -0.913294296402336 0
outer loop
vertex 81.07047271728516 37.63361740112305 0
vertex 81.07047271728516 37.63361740112305 -5.699999809265137
vertex 82.27958679199219 37.094390869140625 0
endloop
endfacet
facet normal -1 0 0
outer loop
vertex 85.10599517822266 33.311038970947266 0
vertex 85.10599517822266 33.311038970947266 -5.699999809265137
vertex 85.10599517822266 33.283329010009766 -1
endloop
endfacet
facet normal -0.005028783341661431 -0.9999873555891109 0
outer loop
vertex 73.62258911132812 37.68391036987305 -1.0499999523162842
vertex 73.62258911132812 37.68391036987305 -2.8499999046325684
vertex 81.00947570800781 37.64676284790039 0
endloop
endfacet
facet normal -0.0050285704710359876 -0.9999873566584605 -0.0000014976104428748843
outer loop
vertex 73.62258911132812 37.68391036987305 -1.0499999523162842
vertex 81.00947570800781 37.64676284790039 0
vertex 58.56416320800781 37.7596321105957 0
endloop
endfacet
facet normal -0.0050279854331706 -0.9999873595775962 0.000006892837927314348
outer loop
vertex 58.56416320800781 37.7596321105957 0
vertex 70.02263641357422 37.70201110839844 -1.0499999523162842
vertex 73.62258911132812 37.68391036987305 -1.0499999523162842
endloop
endfacet
facet normal -0.9830695467370066 -0.18323281987214057 0
outer loop
vertex 85.09584045410156 33.36552047729492 0
vertex 85.09584045410156 33.36552047729492 -5.699999809265137
vertex 85.10599517822266 33.311038970947266 0
endloop
endfacet
facet normal -0.9328998675584457 -0.3601358592384748 0
outer loop
vertex 84.67327880859375 34.46012878417969 0
vertex 84.67327880859375 34.46012878417969 -5.699999809265137
vertex 85.09584045410156 33.36552047729492 0
endloop
endfacet
facet normal -0.8511616441324157 -0.5249036631209608 0
outer loop
vertex 84.6441879272461 34.507301330566406 0
vertex 84.6441879272461 34.507301330566406 -5.699999809265137
vertex 84.67327880859375 34.46012878417969 0
endloop
endfacet
facet normal -0.7405999218273581 -0.6719462447170244 0
outer loop
vertex 82.33012390136719 37.057796478271484 0
vertex 82.33012390136719 37.057796478271484 -5.699999809265137
vertex 84.6441879272461 34.507301330566406 0
endloop
endfacet
facet normal 0.9098472901387203 -0.4149432595274047 0
outer loop
vertex 54.2411003112793 33.761199951171875 -5.699999809265137
vertex 54.779029846191406 34.94071960449219 -5.699999809265137
vertex 54.779029846191406 34.94071960449219 0
endloop
endfacet
facet normal 0 0.8944271909999157 0.44721359549995787
outer loop
vertex 60.39594268798828 -52.06829833984375 10.5
vertex 2.816042423248291 -52.06829833984375 10.5
vertex 2.816042423248291 -52.56829833984375 11.5
endloop
endfacet
facet normal 0 0.8944271909999157 0.44721359549995787
outer loop
vertex 60.39594268798828 -52.06829833984375 10.5
vertex 2.816042423248291 -52.56829833984375 11.5
vertex 60.39594268798828 -52.56829833984375 11.5
endloop
endfacet
facet normal -0.41677686049639057 0.8006448606964289 0.4304240416091648
outer loop
vertex 60.74949645996094 -52.421852111816406 11.5
vertex 60.39594268798828 -52.06829833984375 10.5
vertex 60.482765197753906 -52.560699462890625 11.5
endloop
endfacet
facet normal -0.07804326601463563 0.8916991639021621 0.44584958195108104
outer loop
vertex 60.482765197753906 -52.560699462890625 11.5
vertex 60.39594268798828 -52.06829833984375 10.5
vertex 60.39594268798828 -52.56829833984375 11.5
endloop
endfacet
facet normal -0.6350119151232353 0.630854852560511 0.4458497758801467
outer loop
vertex 60.805992126464844 -51.65824508666992 10.5
vertex 60.74949645996094 -52.421852111816406 11.5
vertex 61.158199310302734 -52.01045608520508 11.5
endloop
endfacet
facet normal -0.6324583374399856 0.6324524537234884 0.4472139814247631
outer loop
vertex 60.805992126464844 -51.65824508666992 10.5
vertex 60.39594268798828 -52.06829833984375 10.5
vertex 60.74949645996094 -52.421852111816406 11.5
endloop
endfacet
facet normal -0.8917021280677333 0.07800091986217025 0.44585106403386665
outer loop
vertex 61.305992126464844 -51.65824508666992 11.5
vertex 60.805992126464844 -51.65824508666992 10.5
vertex 61.298397064208984 -51.74507141113281 11.5
endloop
endfacet
facet normal -0.7983870639286066 0.42177293584073583 0.42975072628646643
outer loop
vertex 60.805992126464844 -51.65824508666992 10.5
vertex 61.158199310302734 -52.01045608520508 11.5
vertex 61.298397064208984 -51.74507141113281 11.5
endloop
endfacet
facet normal -0.894427770529372 -2.732062438555302e-7 0.4472124364390849
outer loop
vertex 60.805992126464844 -46.35519790649414 10.5
vertex 61.305992126464844 -51.65824508666992 11.5
vertex 61.10599136352539 -46.41487121582031 11.100000381469727
endloop
endfacet
facet normal -0.8944263380060491 0 0.44721530148362443
outer loop
vertex 61.10599136352539 -46.41487121582031 11.100000381469727
vertex 61.305992126464844 -51.65824508666992 11.5
vertex 61.305992126464844 -46.497711181640625 11.5
endloop
endfacet
facet normal -0.8944271909999159 0 0.4472135954999579
outer loop
vertex 60.805992126464844 -46.35519790649414 10.5
vertex 60.805992126464844 -51.65824508666992 10.5
vertex 61.305992126464844 -51.65824508666992 11.5
endloop
endfacet
facet normal -0.8263421186980557 0.3422866004902896 0.4472120145863809
outer loop
vertex 60.85166549682617 -46.24493408203125 10.5
vertex 60.805992126464844 -46.35519790649414 10.5
vertex 61.10599136352539 -46.41487121582031 11.100000381469727
endloop
endfacet
facet normal -0.6324537736860887 0.6324557354936835 0.44721579443415205
outer loop
vertex 62.277565002441406 -45.2432975769043 11.100000381469727
vertex 62.107627868652344 -44.98896789550781 10.5
vertex 61.305992126464844 -46.497711181640625 11.5
endloop
endfacet
facet normal -0.6324533537242655 0.6324556418394927 0.44721652079090796
outer loop
vertex 62.360408782958984 -45.44329833984375 11.5
vertex 62.277565002441406 -45.2432975769043 11.100000381469727
vertex 61.305992126464844 -46.497711181640625 11.5
endloop
endfacet
facet normal -0.6324570208799667 0.6324547506809263 0.4472125949487164
outer loop
vertex 61.91440200805664 -45.182193756103516 10.5
vertex 60.85166549682617 -46.24493408203125 10.5
vertex 61.10599136352539 -46.41487121582031 11.100000381469727
endloop
endfacet
facet normal -0.6324574232686835 0.632454970633693 0.4472117148209245
outer loop
vertex 62.107627868652344 -44.98896789550781 10.5
vertex 61.10599136352539 -46.41487121582031 11.100000381469727
vertex 61.305992126464844 -46.497711181640625 11.5
endloop
endfacet
facet normal -0.6324547936139349 0.6324547936139349 0.44721568406028633
outer loop
vertex 61.91440200805664 -45.182193756103516 10.5
vertex 61.10599136352539 -46.41487121582031 11.100000381469727
vertex 62.107627868652344 -44.98896789550781 10.5
endloop
endfacet
facet normal -0.34227811234170025 0.8263452453988843 0.4472127337391682
outer loop
vertex 62.217891693115234 -44.94329833984375 10.5
vertex 62.14228057861328 -44.97461700439453 10.5
vertex 62.277565002441406 -45.2432975769043 11.100000381469727
endloop
endfacet
facet normal -0.3422273488201077 0.8263671548861931 0.4472110989732465
outer loop
vertex 62.107627868652344 -44.98896789550781 10.5
vertex 62.277565002441406 -45.2432975769043 11.100000381469727
vertex 62.14228057861328 -44.97461700439453 10.5
endloop
endfacet
facet normal 0.000033014439336503524 0.8944290725532804 0.4472098311548231
outer loop
vertex 62.360408782958984 -45.44329833984375 11.5
vertex 62.217891693115234 -44.94329833984375 10.5
vertex 62.277565002441406 -45.2432975769043 11.100000381469727
endloop
endfacet
facet normal 0 0.8944271909999159 0.4472135954999579
outer loop
vertex 79.39594268798828 -44.94329833984375 10.5
vertex 62.360408782958984 -45.44329833984375 11.5
vertex 79.39594268798828 -45.44329833984375 11.5
endloop
endfacet
facet normal 0 0.8944271909999159 0.4472135954999579
outer loop
vertex 79.39594268798828 -44.94329833984375 10.5
vertex 62.217891693115234 -44.94329833984375 10.5
vertex 62.360408782958984 -45.44329833984375 11.5
endloop
endfacet
facet normal -0.42176941411063534 0.7983906451756055 0.42974752939004984
outer loop
vertex 79.7481460571289 -45.29550552368164 11.5
vertex 79.39594268798828 -44.94329833984375 10.5
vertex 79.4827651977539 -45.435699462890625 11.5
endloop
endfacet
facet normal -0.07804326601463563 0.8916991639021621 0.44584958195108104
outer loop
vertex 79.4827651977539 -45.435699462890625 11.5
vertex 79.39594268798828 -44.94329833984375 10.5
vertex 79.39594268798828 -45.44329833984375 11.5
endloop
endfacet
facet normal -0.6329295465516783 0.6329413228614791 0.44585364293257457
outer loop
vertex 79.80599212646484 -44.53324508666992 10.5
vertex 79.7481460571289 -45.29550552368164 11.5
vertex 80.158203125 -44.88545608520508 11.5
endloop
endfacet
facet normal -0.6329404228746639 0.6329345346733589 0.44584783941279804
outer loop
vertex 79.80599212646484 -44.53324508666992 10.5
vertex 79.39594268798828 -44.94329833984375 10.5
vertex 79.7481460571289 -45.29550552368164 11.5
endloop
endfacet
facet normal -0.7983965215544757 0.4217549794754414 0.42975077854191684
outer loop
vertex 79.80599212646484 -44.53324508666992 10.5
vertex 80.158203125 -44.88545608520508 11.5
vertex 80.29839324951172 -44.62007141113281 11.5
endloop
endfacet
facet normal -0.8916994025120991 0.0780398580819868 0.44584970125604956
outer loop
vertex 80.30599212646484 -44.53324508666992 11.5
vertex 79.80599212646484 -44.53324508666992 10.5
vertex 80.29839324951172 -44.62007141113281 11.5
endloop
endfacet
facet normal -0.8944271909999159 0 0.4472135954999579
outer loop
vertex 79.80599212646484 32.046653747558594 10.5
vertex 80.30599212646484 -44.53324508666992 11.5
vertex 80.30599212646484 32.046653747558594 11.5
endloop
endfacet
facet normal -0.8944271909999159 0 0.4472135954999579
outer loop
vertex 79.80599212646484 32.046653747558594 10.5
vertex 79.80599212646484 -44.53324508666992 10.5
vertex 80.30599212646484 -44.53324508666992 11.5
endloop
endfacet
facet normal -0.6330144748805676 -0.632857749335908 0.44585170594847817
outer loop
vertex 79.80599212646484 32.046653747558594 10.5
vertex 80.18901062011719 32.368045806884766 11.5
vertex 80.158203125 32.398860931396484 11.5
endloop
endfacet
facet normal -0.8112398317143498 -0.3782939013393423 0.44585161169332277
outer loop
vertex 80.23900604248047 32.296653747558594 11.5
vertex 79.80599212646484 32.046653747558594 10.5
vertex 80.27584075927734 32.2176628112793 11.5
endloop
endfacet
facet normal -0.7331997456424555 -0.513455296093509 0.4458495171056771
outer loop
vertex 80.18901062011719 32.368045806884766 11.5
vertex 79.80599212646484 32.046653747558594 10.5
vertex 80.23900604248047 32.296653747558594 11.5
endloop
endfacet
facet normal -0.8646209513488825 -0.231620783197 0.44585022516509043
outer loop
vertex 80.27584075927734 32.2176628112793 11.5
vertex 79.80599212646484 32.046653747558594 10.5
vertex 80.29839324951172 32.13347625732422 11.5
endloop
endfacet
facet normal -0.8916991639021621 -0.07804326601463563 0.44584958195108104
outer loop
vertex 80.29839324951172 32.13347625732422 11.5
vertex 79.80599212646484 32.046653747558594 10.5
vertex 80.30599212646484 32.046653747558594 11.5
endloop
endfacet
facet normal -0.6329374787763283 -0.6329374787763283 0.4458478394256609
outer loop
vertex 79.39594268798828 32.456703186035156 10.5
vertex 79.80599212646484 32.046653747558594 10.5
vertex 79.7481460571289 32.80891036987305 11.5
endloop
endfacet
facet normal -0.6329302279024361 -0.6329420042249141 0.4458517084133683
outer loop
vertex 79.7481460571289 32.80891036987305 11.5
vertex 79.80599212646484 32.046653747558594 10.5
vertex 80.158203125 32.398860931396484 11.5
endloop
endfacet
facet normal -0.0780043261152452 -0.8917018896951184 0.4458509448475592
outer loop
vertex 79.4827651977539 32.9491081237793 11.5
vertex 79.39594268798828 32.956703186035156 11.5
vertex 79.39594268798828 32.456703186035156 10.5
endloop
endfacet
facet normal -0.42177811627086464 -0.7983853937943924 0.4297487447460131
outer loop
vertex 79.4827651977539 32.9491081237793 11.5
vertex 79.39594268798828 32.456703186035156 10.5
vertex 79.7481460571289 32.80891036987305 11.5
endloop
endfacet
facet normal 0 -0.894427190999916 0.447213595499958
outer loop
vertex 59.816043853759766 32.956703186035156 11.5
vertex 59.816043853759766 32.456703186035156 10.5
vertex 79.39594268798828 32.956703186035156 11.5
endloop
endfacet
facet normal 0 -0.894427190999916 0.447213595499958
outer loop
vertex 79.39594268798828 32.956703186035156 11.5
vertex 59.816043853759766 32.456703186035156 10.5
vertex 79.39594268798828 32.456703186035156 10.5
endloop
endfacet
facet normal 0.5134100570581702 -0.7332302653873112 0.44585142282107815
outer loop
vertex 59.49464797973633 32.839725494384766 11.5
vertex 59.816043853759766 32.456703186035156 10.5
vertex 59.566043853759766 32.88971710205078 11.5
endloop
endfacet
facet normal 0.3782768657850394 -0.8112481390932186 0.44585095001540287
outer loop
vertex 59.566043853759766 32.88971710205078 11.5
vertex 59.816043853759766 32.456703186035156 10.5
vertex 59.6450309753418 32.92654800415039 11.5
endloop
endfacet
facet normal 0.2316937989140344 -0.8646010226976371 0.4458509337155
outer loop
vertex 59.6450309753418 32.92654800415039 11.5
vertex 59.816043853759766 32.456703186035156 10.5
vertex 59.729217529296875 32.9491081237793 11.5
endloop
endfacet
facet normal 0.6329361160792808 -0.6329361160792808 0.44585170844682276
outer loop
vertex 59.816043853759766 32.456703186035156 10.5
vertex 59.49464797973633 32.839725494384766 11.5
vertex 59.46383285522461 32.80891036987305 11.5
endloop
endfacet
facet normal 0.07800091986217025 -0.8917021280677333 0.44585106403386665
outer loop
vertex 59.729217529296875 32.9491081237793 11.5
vertex 59.816043853759766 32.456703186035156 10.5
vertex 59.816043853759766 32.956703186035156 11.5
endloop
endfacet
facet normal 0.6329367974285491 -0.6329367974285491 0.44584977393936553
outer loop
vertex 59.05378341674805 32.398860931396484 11.5
vertex 59.40599060058594 32.046653747558594 10.5
vertex 59.46383285522461 32.80891036987305 11.5
endloop
endfacet
facet normal 0.63293317198265 -0.6329390601712779 0.44585170843395994
outer loop
vertex 59.40599060058594 32.046653747558594 10.5
vertex 59.816043853759766 32.456703186035156 10.5
vertex 59.46383285522461 32.80891036987305 11.5
endloop
endfacet
facet normal 0.6329367974285492 -0.6329367974285492 0.4458497739393656
outer loop
vertex 59.02296829223633 32.368045806884766 11.5
vertex 59.40599060058594 32.046653747558594 10.5
vertex 59.05378341674805 32.398860931396484 11.5
endloop
endfacet
facet normal 0.7332365613755949 -0.5134027197577236 0.44584951767100267
outer loop
vertex 59.02296829223633 32.368045806884766 11.5
vertex 58.97298049926758 32.296653747558594 11.5
vertex 59.40599060058594 32.046653747558594 10.5
endloop
endfacet
facet normal 0.8112409510190903 -0.3782944232887592 0.4458491322165683
outer loop
vertex 58.97298049926758 32.296653747558594 11.5
vertex 58.9361457824707 32.2176628112793 11.5
vertex 59.40599060058594 32.046653747558594 10.5
endloop
endfacet
facet normal 0.8646117935964142 -0.2316575076141011 0.44584890438355285
outer loop
vertex 58.91358947753906 32.13347625732422 11.5
vertex 59.40599060058594 32.046653747558594 10.5
vertex 58.9361457824707 32.2176628112793 11.5
endloop
endfacet
facet normal 0.8916991639021621 -0.07804326601463563 0.44584958195108104
outer loop
vertex 58.90599060058594 32.046653747558594 11.5
vertex 59.40599060058594 32.046653747558594 10.5
vertex 58.91358947753906 32.13347625732422 11.5
endloop
endfacet
facet normal 0.8944277705293641 2.732060435711085e-7 0.44721243643910086
outer loop
vertex 59.10599136352539 26.80327606201172 11.100000381469727
vertex 59.40599060058594 26.743602752685547 10.5
vertex 58.90599060058594 32.046653747558594 11.5
endloop
endfacet
facet normal 0.8944263380060489 0 0.4472153014836243
outer loop
vertex 58.90599060058594 26.886117935180664 11.5
vertex 59.10599136352539 26.80327606201172 11.100000381469727
vertex 58.90599060058594 32.046653747558594 11.5
endloop
endfacet
facet normal 0.8944271909999159 0 0.4472135954999579
outer loop
vertex 58.90599060058594 32.046653747558594 11.5
vertex 59.40599060058594 26.743602752685547 10.5
vertex 59.40599060058594 32.046653747558594 10.5
endloop
endfacet
facet normal 0.8263512552883029 -0.3422617965165737 0.44721411597655725
outer loop
vertex 59.10599136352539 26.80327606201172 11.100000381469727
vertex 59.360321044921875 26.633338928222656 10.5
vertex 59.40599060058594 26.743602752685547 10.5
endloop
endfacet
facet normal 0.6324554455542742 -0.6324554455542742 0.44721384010055976
outer loop
vertex 59.10599136352539 26.80327606201172 11.100000381469727
vertex 58.90599060058594 26.886117935180664 11.5
vertex 57.934417724609375 25.631702423095703 11.100000381469727
endloop
endfacet
facet normal 0.6324542486442932 -0.6324553837408752 0.44721562019786937
outer loop
vertex 59.10599136352539 26.80327606201172 11.100000381469727
vertex 58.29758071899414 25.570600509643555 10.5
vertex 59.360321044921875 26.633338928222656 10.5
endloop
endfacet
facet normal 0.6324569179670839 -0.6324557739050924 0.44721129342816
outer loop
vertex 57.85157775878906 25.831703186035156 11.5
vertex 57.934417724609375 25.631702423095703 11.100000381469727
vertex 58.90599060058594 26.886117935180664 11.5
endloop
endfacet
facet normal 0.6324553622758833 -0.6324553622758833 0.4472140756471809
outer loop
vertex 58.29758071899414 25.570600509643555 10.5
vertex 59.10599136352539 26.80327606201172 11.100000381469727
vertex 58.10435485839844 25.37737464904785 10.5
endloop
endfacet
facet normal 0.6324553622758832 -0.6324553622758832 0.4472140756471809
outer loop
vertex 57.934417724609375 25.631702423095703 11.100000381469727
vertex 58.10435485839844 25.37737464904785 10.5
vertex 59.10599136352539 26.80327606201172 11.100000381469727
endloop
endfacet
facet normal 0.34226593574487246 -0.8263505010781186 0.4472123417311167
outer loop
vertex 58.10435485839844 25.37737464904785 10.5
vertex 57.934417724609375 25.631702423095703 11.100000381469727
vertex 58.0697021484375 25.363021850585938 10.5
endloop
endfacet
facet normal 0.34227811234170025 -0.8263452453988843 0.4472127337391682
outer loop
vertex 57.99409103393555 25.331703186035156 10.5
vertex 58.0697021484375 25.363021850585938 10.5
vertex 57.934417724609375 25.631702423095703 11.100000381469727
endloop
endfacet
facet normal 0 -0.8944271909999159 0.4472135954999579
outer loop
vertex 21.816041946411133 25.831703186035156 11.5
vertex 21.816041946411133 25.331703186035156 10.5
vertex 57.85157775878906 25.831703186035156 11.5
endloop
endfacet
facet normal 0 -0.8944271909999159 0.4472135954999579
outer loop
vertex 57.85157775878906 25.831703186035156 11.5
vertex 21.816041946411133 25.331703186035156 10.5
vertex 57.99409103393555 25.331703186035156 10.5
endloop
endfacet
facet normal -0.000033017364246960684 -0.8944290726695524 0.4472098309220607
outer loop
vertex 57.85157775878906 25.831703186035156 11.5
vertex 57.99409103393555 25.331703186035156 10.5
vertex 57.934417724609375 25.631702423095703 11.100000381469727
endloop
endfacet
facet normal 0.07802209252606247 -0.8917006462161411 0.44585032310807055
outer loop
vertex 21.729217529296875 25.824106216430664 11.5
vertex 21.816041946411133 25.331703186035156 10.5
vertex 21.816041946411133 25.831703186035156 11.5
endloop
endfacet
facet normal 0.23166221150227145 -0.8646097606186162 0.4458504027192258
outer loop
vertex 21.64503288269043 25.801549911499023 11.5
vertex 21.816041946411133 25.331703186035156 10.5
vertex 21.729217529296875 25.824106216430664 11.5
endloop
endfacet
facet normal 0.5134063885364927 -0.733233413304951 0.44585047025105484
outer loop
vertex 21.494647979736328 25.714725494384766 11.5
vertex 21.816041946411133 25.331703186035156 10.5
vertex 21.566041946411133 25.76471519470215 11.5
endloop
endfacet
facet normal 0.3782941623142336 -0.8112403913671121 0.44585037195622845
outer loop
vertex 21.566041946411133 25.76471519470215 11.5
vertex 21.816041946411133 25.331703186035156 10.5
vertex 21.64503288269043 25.801549911499023 11.5
endloop
endfacet
facet normal 0.6329563860810111 -0.6329172082903401 0.4458497737682819
outer loop
vertex 21.816041946411133 25.331703186035156 10.5
vertex 21.494647979736328 25.714725494384766 11.5
vertex 21.463834762573242 25.683910369873047 11.5
endloop
endfacet
facet normal 0.6329382694793428 -0.6329353253750124 0.44584977393839936
outer loop
vertex 21.40599250793457 24.92165184020996 10.5
vertex 21.816041946411133 25.331703186035156 10.5
vertex 21.463834762573242 25.683910369873047 11.5
endloop
endfacet
facet normal 0.6329346440273286 -0.6329375881284897 0.4458517084458566
outer loop
vertex 21.053783416748047 25.273860931396484 11.5
vertex 21.40599250793457 24.92165184020996 10.5
vertex 21.463834762573242 25.683910369873047 11.5
endloop
endfacet
facet normal 0.7332239809774006 -0.5134193727503318 0.4458510305071733
outer loop
vertex 20.972978591918945 25.17165184020996 11.5
vertex 21.40599250793457 24.92165184020996 10.5
vertex 21.02297019958496 25.243045806884766 11.5
endloop
endfacet
facet normal 0.8917020088853294 -0.0780026229516351 0.4458510044426647
outer loop
vertex 20.90599250793457 24.92165184020996 11.5
vertex 21.40599250793457 24.92165184020996 10.5
vertex 20.91358757019043 25.00847625732422 11.5
endloop
endfacet
facet normal 0.6329557047106562 -0.6329165269621596 0.4458517082757387
outer loop
vertex 21.02297019958496 25.243045806884766 11.5
vertex 21.40599250793457 24.92165184020996 10.5
vertex 21.053783416748047 25.273860931396484 11.5
endloop
endfacet
facet normal 0.8646057725776647 -0.23167548308206173 0.4458512403975937
outer loop
vertex 20.91358757019043 25.00847625732422 11.5
vertex 21.40599250793457 24.92165184020996 10.5
vertex 20.936145782470703 25.092662811279297 11.5
endloop
endfacet
facet normal 0.811243985318689 -0.3782853838284887 0.4458512808840899
outer loop
vertex 20.936145782470703 25.092662811279297 11.5
vertex 21.40599250793457 24.92165184020996 10.5
vertex 20.972978591918945 25.17165184020996 11.5
endloop
endfacet
facet normal 0.894427190999916 0 0.447213595499958
outer loop
vertex 20.90599250793457 24.92165184020996 11.5
vertex 21.40599250793457 7.7436017990112305 10.5
vertex 21.40599250793457 24.92165184020996 10.5
endloop
endfacet
facet normal 0.8944271909999159 0 0.4472135954999579
outer loop
vertex 20.90599250793457 7.886118412017822 11.5
vertex 21.40599250793457 7.7436017990112305 10.5
vertex 20.90599250793457 24.92165184020996 11.5
endloop
endfacet
facet normal 0.894425308414443 -0.00003301527530431865 0.44721735943243535
outer loop
vertex 21.10599136352539 7.8032755851745605 11.100000381469727
vertex 21.40599250793457 7.7436017990112305 10.5
vertex 20.90599250793457 7.886118412017822 11.5
endloop
endfacet
facet normal 0.8263396281548303 -0.34229000957105593 0.4472140072591457
outer loop
vertex 21.10599136352539 7.8032755851745605 11.100000381469727
vertex 21.360319137573242 7.6333394050598145 10.5
vertex 21.40599250793457 7.7436017990112305 10.5
endloop
endfacet
facet normal 0.6324539732002492 -0.6324555339556189 0.4472157972971566
outer loop
vertex 20.104354858398438 6.37737512588501 10.5
vertex 20.29758071899414 6.570600509643555 10.5
vertex 21.10599136352539 7.8032755851745605 11.100000381469727
endloop
endfacet
facet normal 0.6324561081394564 -0.6324555933125454 0.44721269410065767
outer loop
vertex 20.90599250793457 7.886118412017822 11.5
vertex 19.934419631958008 6.631702899932861 11.100000381469727
vertex 21.10599136352539 7.8032755851745605 11.100000381469727
endloop
endfacet
facet normal 0.6324547093490283 -0.632455281377509 0.4472151134296919
outer loop
vertex 19.85157585144043 6.831702709197998 11.5
vertex 19.934419631958008 6.631702899932861 11.100000381469727
vertex 20.90599250793457 7.886118412017822 11.5
endloop
endfacet
facet normal 0.6324561985909215 -0.6324556837639369 0.44721243826464846
outer loop
vertex 19.934419631958008 6.631702899932861 11.100000381469727
vertex 20.104354858398438 6.37737512588501 10.5
vertex 21.10599136352539 7.8032755851745605 11.100000381469727
endloop
endfacet
facet normal 0.6324557828491763 -0.6324554990744696 0.4472132874044543
outer loop
vertex 21.10599136352539 7.8032755851745605 11.100000381469727
vertex 20.29758071899414 6.570600509643555 10.5
vertex 21.360319137573242 7.6333394050598145 10.5
endloop
endfacet
facet normal 0.342291464474589 -0.8263391960545973 0.4472136921111461
outer loop
vertex 20.069704055786133 6.3630218505859375 10.5
vertex 20.104354858398438 6.37737512588501 10.5
vertex 19.934419631958008 6.631702899932861 11.100000381469727
endloop
endfacet
facet normal 0.3422824327139591 -0.8263430945111534 0.4472134014194398
outer loop
vertex 19.99409294128418 6.331702709197998 10.5
vertex 20.069704055786133 6.3630218505859375 10.5
vertex 19.934419631958008 6.631702899932861 11.100000381469727
endloop
endfacet
facet normal 0 -0.894427190999916 0.447213595499958
outer loop
vertex 5.277564525604248 6.631702899932861 11.100000381469727
vertex 5.217891216278076 6.331702709197998 10.5
vertex 19.85157585144043 6.831702709197998 11.5
endloop
endfacet
facet normal 0 -0.8944271909999159 0.4472135954999579
outer loop
vertex 5.36040735244751 6.831702709197998 11.5
vertex 5.277564525604248 6.631702899932861 11.100000381469727
vertex 19.85157585144043 6.831702709197998 11.5
endloop
endfacet
facet normal 0 -0.894427190999916 0.447213595499958
outer loop
vertex 19.85157585144043 6.831702709197998 11.5
vertex 5.217891216278076 6.331702709197998 10.5
vertex 19.99409294128418 6.331702709197998 10.5
endloop
endfacet
facet normal 0 -0.894427190999916 0.447213595499958
outer loop
vertex 19.85157585144043 6.831702709197998 11.5
vertex 19.99409294128418 6.331702709197998 10.5
vertex 19.934419631958008 6.631702899932861 11.100000381469727
endloop
endfacet
facet normal -0.34228276703199306 -0.8263429713614668 0.44721337309434783
outer loop
vertex 5.277564525604248 6.631702899932861 11.100000381469727
vertex 5.107628345489502 6.37737512588501 10.5
vertex 5.217891216278076 6.331702709197998 10.5
endloop
endfacet
facet normal -0.6324554455542741 -0.6324554455542741 0.44721384010055965
outer loop
vertex 4.105991840362549 7.8032755851745605 11.100000381469727
vertex 5.36040735244751 6.831702709197998 11.5
vertex 4.3059916496276855 7.886118412017822 11.5
endloop
endfacet
facet normal -0.632455646606474 -0.632455646606474 0.4472132714390013
outer loop
vertex 4.044889450073242 7.4401140213012695 10.5
vertex 5.277564525604248 6.631702899932861 11.100000381469727
vertex 3.8516640663146973 7.6333394050598145 10.5
endloop
endfacet
facet normal -0.632455646606474 -0.632455646606474 0.4472132714390013
outer loop
vertex 4.044889450073242 7.4401140213012695 10.5
vertex 5.107628345489502 6.37737512588501 10.5
vertex 5.277564525604248 6.631702899932861 11.100000381469727
endloop
endfacet
facet normal -0.6324556466064739 -0.6324556466064739 0.44721327143900125
outer loop
vertex 3.8516640663146973 7.6333394050598145 10.5
vertex 5.277564525604248 6.631702899932861 11.100000381469727
vertex 4.105991840362549 7.8032755851745605 11.100000381469727
endloop
endfacet
facet normal -0.6324554455542742 -0.6324554455542742 0.44721384010055976
outer loop
vertex 4.105991840362549 7.8032755851745605 11.100000381469727
vertex 5.277564525604248 6.631702899932861 11.100000381469727
vertex 5.36040735244751 6.831702709197998 11.5
endloop
endfacet
facet normal -0.8263430235562063 -0.3422826539590965 0.4472133631933471
outer loop
vertex 3.837311029434204 7.667990684509277 10.5
vertex 3.8516640663146973 7.6333394050598145 10.5
vertex 4.105991840362549 7.8032755851745605 11.100000381469727
endloop
endfacet
facet normal -0.8263431153307983 -0.3422824413377363 0.4472133563493718
outer loop
vertex 3.8059918880462646 7.7436017990112305 10.5
vertex 3.837311029434204 7.667990684509277 10.5
vertex 4.105991840362549 7.8032755851745605 11.100000381469727
endloop
endfacet
facet normal -0.8944272762991317 1.6267982046942587e-8 0.44721342490148547
outer loop
vertex 3.8059918880462646 13.046651840209961 10.5
vertex 4.105991840362549 7.8032755851745605 11.100000381469727
vertex 4.3059916496276855 13.046651840209961 11.5
endloop
endfacet
facet normal -0.8944271909999159 0 0.4472135954999579
outer loop
vertex 4.3059916496276855 13.046651840209961 11.5
vertex 4.105991840362549 7.8032755851745605 11.100000381469727
vertex 4.3059916496276855 7.886118412017822 11.5
endloop
endfacet
facet normal -0.8944273331651763 0 0.44721331116932433
outer loop
vertex 3.8059918880462646 13.046651840209961 10.5
vertex 3.8059918880462646 7.7436017990112305 10.5
vertex 4.105991840362549 7.8032755851745605 11.100000381469727
endloop
endfacet
facet normal -0.8917014121144394 -0.07801236514456525 0.44585049345903605
outer loop
vertex 4.29839563369751 13.133476257324219 11.5
vertex 3.8059918880462646 13.046651840209961 10.5
vertex 4.3059916496276855 13.046651840209961 11.5
endloop
endfacet
facet normal -0.7983892141457414 -0.42176984930270006 0.4297497608549924
outer loop
vertex 4.158199787139893 13.398859977722168 11.5
vertex 3.8059918880462646 13.046651840209961 10.5
vertex 4.29839563369751 13.133476257324219 11.5
endloop
endfacet
facet normal -0.6329364993384275 -0.6329364993384275 0.4458506202871468
outer loop
vertex 3.7481493949890137 13.808910369873047 11.5
vertex 3.8059918880462646 13.046651840209961 10.5
vertex 4.158199787139893 13.398859977722168 11.5
endloop
endfacet
facet normal -0.6329371791096413 -0.6329360750724193 0.4458502575671015
outer loop
vertex 3.3959412574768066 13.456703186035156 10.5
vertex 3.8059918880462646 13.046651840209961 10.5
vertex 3.7481493949890137 13.808910369873047 11.5
endloop
endfacet
facet normal -0.42176966548939704 -0.7983895834624324 0.42974925513797696
outer loop
vertex 3.4827654361724854 13.949106216430664 11.5
vertex 3.3959412574768066 13.456703186035156 10.5
vertex 3.7481493949890137 13.808910369873047 11.5
endloop
endfacet
facet normal -0.078022305469946 -0.8917006313103761 0.44585031565518807
outer loop
vertex 3.3959412574768066 13.956703186035156 11.5
vertex 3.3959412574768066 13.456703186035156 10.5
vertex 3.4827654361724854 13.949106216430664 11.5
endloop
endfacet
facet normal 0 -0.8944271909999159 0.4472135954999579
outer loop
vertex 3.3959412574768066 13.956703186035156 11.5
vertex -16.183958053588867 13.456703186035156 10.5
vertex 3.3959412574768066 13.456703186035156 10.5
endloop
endfacet
facet normal 0 -0.8944271909999159 0.4472135954999579
outer loop
vertex -16.183958053588867 13.956703186035156 11.5
vertex -16.183958053588867 13.456703186035156 10.5
vertex 3.3959412574768066 13.956703186035156 11.5
endloop
endfacet
facet normal 0.07802209252606247 -0.8917006462161411 0.44585032310807055
outer loop
vertex -16.183958053588867 13.956703186035156 11.5
vertex -16.270782470703125 13.949106216430664 11.5
vertex -16.183958053588867 13.456703186035156 10.5
endloop
endfacet
facet normal 0.41678582252502977 -0.8006398541071842 0.430424676520017
outer loop
vertex -16.270782470703125 13.949106216430664 11.5
vertex -16.537511825561523 13.810256004333496 11.5
vertex -16.183958053588867 13.456703186035156 10.5
endloop
endfacet
facet normal 0.6350106102306876 -0.6308565002996037 0.44584930293114267
outer loop
vertex -16.946216583251953 13.398859977722168 11.5
vertex -16.59400749206543 13.046651840209961 10.5
vertex -16.537511825561523 13.810256004333496 11.5
endloop
endfacet
facet normal 0.6324570371168631 -0.6324540952509788 0.44721349890362744
outer loop
vertex -16.537511825561523 13.810256004333496 11.5
vertex -16.59400749206543 13.046651840209961 10.5
vertex -16.183958053588867 13.456703186035156 10.5
endloop
endfacet
facet normal 0.8917020088853294 -0.0780026229516351 0.4458510044426647
outer loop
vertex -17.08641242980957 13.133476257324219 11.5
vertex -17.09400749206543 13.046651840209961 11.5
vertex -16.59400749206543 13.046651840209961 10.5
endloop
endfacet
facet normal 0.86460515903219 -0.23167794315205237 0.44585115187891544
outer loop
vertex -17.063854217529297 13.21766185760498 11.5
vertex -17.08641242980957 13.133476257324219 11.5
vertex -16.59400749206543 13.046651840209961 10.5
endloop
endfacet
facet normal 0.8112457998784564 -0.3782816627779075 0.4458511363510753
outer loop
vertex -17.027021408081055 13.296651840209961 11.5
vertex -17.063854217529297 13.21766185760498 11.5
vertex -16.59400749206543 13.046651840209961 10.5
endloop
endfacet
facet normal 0.7332239809774006 -0.5134193727503318 0.4458510305071733
outer loop
vertex -17.027021408081055 13.296651840209961 11.5
vertex -16.59400749206543 13.046651840209961 10.5
vertex -16.97702980041504 13.368045806884766 11.5
endloop
endfacet
facet normal 0.6329460809447116 -0.6329264917620511 0.4458512247852558
outer loop
vertex -16.97702980041504 13.368045806884766 11.5
vertex -16.59400749206543 13.046651840209961 10.5
vertex -16.946216583251953 13.398859977722168 11.5
endloop
endfacet
facet normal 0.894427190999916 0 0.447213595499958
outer loop
vertex -17.09400749206543 13.046651840209961 11.5
vertex -16.59400749206543 -44.53324508666992 10.5
vertex -16.59400749206543 13.046651840209961 10.5
endloop
endfacet
facet normal 0.894427190999916 0 0.447213595499958
outer loop
vertex -17.09400749206543 -44.53324508666992 11.5
vertex -16.59400749206543 -44.53324508666992 10.5
vertex -17.09400749206543 13.046651840209961 11.5
endloop
endfacet
facet normal 0.8112403560502923 0.37829282612979803 0.4458515699356965
outer loop
vertex -17.063854217529297 -44.70425796508789 11.5
vertex -17.027021408081055 -44.78324508666992 11.5
vertex -16.59400749206543 -44.53324508666992 10.5
endloop
endfacet
facet normal 0.6595533476054062 0.6043949715601142 0.4468736958194685
outer loop
vertex -16.947561264038086 -44.88679885864258 11.5
vertex -16.59400749206543 -44.53324508666992 10.5
vertex -16.97702980041504 -44.85464096069336 11.5
endloop
endfacet
facet normal 0.7332302653873112 0.5134100570581702 0.44585142282107815
outer loop
vertex -17.027021408081055 -44.78324508666992 11.5
vertex -16.97702980041504 -44.85464096069336 11.5
vertex -16.59400749206543 -44.53324508666992 10.5
endloop
endfacet
facet normal 0.8646056022369927 0.2316754374384184 0.4458515944438518
outer loop
vertex -17.08641242980957 -44.62007141113281 11.5
vertex -17.063854217529297 -44.70425796508789 11.5
vertex -16.59400749206543 -44.53324508666992 10.5
endloop
endfacet
facet normal 0.8917021280677333 0.07800091986217025 0.44585106403386665
outer loop
vertex -17.09400749206543 -44.53324508666992 11.5
vertex -17.08641242980957 -44.62007141113281 11.5
vertex -16.59400749206543 -44.53324508666992 10.5
endloop
endfacet
facet normal 0.6324583374399856 0.6324524537234884 0.4472139814247631
outer loop
vertex -16.183958053588867 -44.94329833984375 10.5
vertex -16.59400749206543 -44.53324508666992 10.5
vertex -16.947561264038086 -44.88679885864258 11.5
endloop
endfacet
facet normal 0.6324583374399856 0.6324524537234884 0.4472139814247631
outer loop
vertex -16.947561264038086 -44.88679885864258 11.5
vertex -16.537511825561523 -45.296852111816406 11.5
vertex -16.183958053588867 -44.94329833984375 10.5
endloop
endfacet
facet normal 0.07804156201122066 0.8916992832110381 0.44584964160551904
outer loop
vertex -16.183958053588867 -45.44329833984375 11.5
vertex -16.183958053588867 -44.94329833984375 10.5
vertex -16.270782470703125 -45.435699462890625 11.5
endloop
endfacet
facet normal 0.4167791340958406 0.8006435030683642 0.4304243654543031
outer loop
vertex -16.183958053588867 -44.94329833984375 10.5
vertex -16.537511825561523 -45.296852111816406 11.5
vertex -16.270782470703125 -45.435699462890625 11.5
endloop
endfacet
facet normal 0 0.894426338006049 0.4472153014836244
outer loop
vertex 0.9344189763069153 -45.2432975769043 11.100000381469727
vertex -16.183958053588867 -45.44329833984375 11.5
vertex 0.8515762686729431 -45.44329833984375 11.5
endloop
endfacet
facet normal -8.324184558366313e-8 0.8944277629722388 0.44721245155347583
outer loop
vertex 0.9940926432609558 -44.94329833984375 10.5
vertex -16.183958053588867 -45.44329833984375 11.5
vertex 0.9344189763069153 -45.2432975769043 11.100000381469727
endloop
endfacet
facet normal 0 0.894427190999916 0.447213595499958
outer loop
vertex 0.9940926432609558 -44.94329833984375 10.5
vertex -16.183958053588867 -44.94329833984375 10.5
vertex -16.183958053588867 -45.44329833984375 11.5
endloop
endfacet
facet normal 0.3422392774465261 0.8263618438583733 0.44721178426766584
outer loop
vertex 1.0697040557861328 -44.97461700439453 10.5
vertex 0.9344189763069153 -45.2432975769043 11.100000381469727
vertex 1.1043553352355957 -44.98896789550781 10.5
endloop
endfacet
facet normal 0.34227691060977494 0.8263456011668685 0.44721299611660964
outer loop
vertex 0.9940926432609558 -44.94329833984375 10.5
vertex 0.9344189763069153 -45.2432975769043 11.100000381469727
vertex 1.0697040557861328 -44.97461700439453 10.5
endloop
endfacet
facet normal 0.6324555631035801 0.6324551448074158 0.4472140991806544
outer loop
vertex 2.105991840362549 -46.41487121582031 11.100000381469727
vertex 2.3603196144104004 -46.24493408203125 10.5
vertex 0.9344189763069153 -45.2432975769043 11.100000381469727
endloop
endfacet
facet normal 0.6324554672284138 0.6324546159058649 0.4472149827457189
outer loop
vertex 2.1670942306518555 -46.05170822143555 10.5
vertex 1.1043553352355957 -44.98896789550781 10.5
vertex 0.9344189763069153 -45.2432975769043 11.100000381469727
endloop
endfacet
facet normal 0.6324552988440122 0.6324548805480228 0.4472148466175037
outer loop
vertex 2.105991840362549 -46.41487121582031 11.100000381469727
vertex 0.9344189763069153 -45.2432975769043 11.100000381469727
vertex 0.8515762686729431 -45.44329833984375 11.5
endloop
endfacet
facet normal 0.63245588064026 0.6324574894777072 0.4472103342355908
outer loop
vertex 1.905991792678833 -46.497711181640625 11.5
vertex 2.105991840362549 -46.41487121582031 11.100000381469727
vertex 0.8515762686729431 -45.44329833984375 11.5
endloop
endfacet
facet normal 0.6324554806433704 0.6324539198881323 0.44721594808582016
outer loop
vertex 2.3603196144104004 -46.24493408203125 10.5
vertex 2.1670942306518555 -46.05170822143555 10.5
vertex 0.9344189763069153 -45.2432975769043 11.100000381469727
endloop
endfacet
facet normal 0.8263446098850723 0.3422786985456973 0.44721345936336837
outer loop
vertex 2.405991792678833 -46.35519790649414 10.5
vertex 2.3603196144104004 -46.24493408203125 10.5
vertex 2.105991840362549 -46.41487121582031 11.100000381469727
endloop
endfacet
facet normal 0.8944276615094795 -0.000008254328038687937 0.44721265440341684
outer loop
vertex 1.905991792678833 -46.497711181640625 11.5
vertex 2.405991792678833 -46.35519790649414 10.5
vertex 2.105991840362549 -46.41487121582031 11.100000381469727
endloop
endfacet
facet normal 0.8944271909999159 0 0.4472135954999579
outer loop
vertex 1.905991792678833 -46.497711181640625 11.5
vertex 1.905991792678833 -51.65824508666992 11.5
vertex 2.405991792678833 -51.65824508666992 10.5
endloop
endfacet
facet normal 0.8944271909999159 0 0.4472135954999579
outer loop
vertex 2.405991792678833 -51.65824508666992 10.5
vertex 2.405991792678833 -46.35519790649414 10.5
vertex 1.905991792678833 -46.497711181640625 11.5
endloop
endfacet
facet normal 0.891701361641015 0.07801187127258127 0.4458506808205075
outer loop
vertex 1.905991792678833 -51.65824508666992 11.5
vertex 1.9135879278182983 -51.74507141113281 11.5
vertex 2.405991792678833 -51.65824508666992 10.5
endloop
endfacet
facet normal 0.8006378758455531 0.4167888466016531 0.4304254280476284
outer loop
vertex 1.9135879278182983 -51.74507141113281 11.5
vertex 2.052438497543335 -52.01179885864258 11.5
vertex 2.405991792678833 -51.65824508666992 10.5
endloop
endfacet
facet normal 0.6308585055895768 0.6350092972433388 0.44584833558039344
outer loop
vertex 2.052438497543335 -52.01179885864258 11.5
vertex 2.463834285736084 -52.42050552368164 11.5
vertex 2.816042423248291 -52.06829833984375 10.5
endloop
endfacet
facet normal 0.6324575034090243 0.6324534583592667 0.447213740163501
outer loop
vertex 2.816042423248291 -52.06829833984375 10.5
vertex 2.405991792678833 -51.65824508666992 10.5
vertex 2.052438497543335 -52.01179885864258 11.5
endloop
endfacet
facet normal 0.5133934038561917 0.7332428456860924 0.44584990986554496
outer loop
vertex 2.566042423248291 -52.50130844116211 11.5
vertex 2.816042423248291 -52.06829833984375 10.5
vertex 2.4946484565734863 -52.45132064819336 11.5
endloop
endfacet
facet normal 0.37829907465099677 0.8112386827192793 0.4458493128603967
outer loop
vertex 2.566042423248291 -52.50130844116211 11.5
vertex 2.6450321674346924 -52.538143157958984 11.5
vertex 2.816042423248291 -52.06829833984375 10.5
endloop
endfacet
facet normal 0.6329464213214911 0.6329268327345475 0.4458502575315297
outer loop
vertex 2.816042423248291 -52.06829833984375 10.5
vertex 2.463834285736084 -52.42050552368164 11.5
vertex 2.4946484565734863 -52.45132064819336 11.5
endloop
endfacet
facet normal 0.07804177500759066 0.891699268297856 0.445849634148928
outer loop
vertex 2.816042423248291 -52.56829833984375 11.5
vertex 2.816042423248291 -52.06829833984375 10.5
vertex 2.7292182445526123 -52.560699462890625 11.5
endloop
endfacet
facet normal 0.23165869762727653 0.8646113378317541 0.44584916990661566
outer loop
vertex 2.7292182445526123 -52.560699462890625 11.5
vertex 2.816042423248291 -52.06829833984375 10.5
vertex 2.6450321674346924 -52.538143157958984 11.5
endloop
endfacet
facet normal -0.23159912337994162 0.8639222493666986 0.44721381139095706
outer loop
vertex -29.02679443359375 -0.5986763834953308 10.500643730163574
vertex -29.58725357055664 -0.7485902905464172 10.5
vertex -29.457862854003906 -1.2315585613250732 11.5
endloop
endfacet
facet normal -0.2344624882018919 0.8638213489900841 0.44591481098426106
outer loop
vertex -29.02679443359375 -0.5986763834953308 10.500643730163574
vertex -29.457862854003906 -1.2315585613250732 11.5
vertex -28.898176193237305 -1.0796457529067993 11.5
endloop
endfacet
facet normal -0.5165474897330606 0.7375878619274623 0.4349055492721938
outer loop
vertex -28.856061935424805 -1.0683616399765015 11.5
vertex -28.644018173217773 -0.9198631644248962 11.5
vertex -29.02679443359375 -0.5986763834953308 10.500643730163574
endloop
endfacet
facet normal -0.231655188159943 0.8645771606535598 0.44591726483150423
outer loop
vertex -28.856061935424805 -1.0683616399765015 11.5
vertex -29.02679443359375 -0.5986763834953308 10.500643730163574
vertex -28.898176193237305 -1.0796457529067993 11.5
endloop
endfacet
facet normal -0.7332060375537032 0.5134439182341077 0.44585227298198704
outer loop
vertex -29.02679443359375 -0.5986763834953308 10.500643730163574
vertex -28.644018173217773 -0.9198631644248962 11.5
vertex -28.594011306762695 -0.8484525680541992 11.5
endloop
endfacet
facet normal -0.7745932124707847 0.4472116068368326 0.4472215713766587
outer loop
vertex -28.594011306762695 -0.8484525680541992 11.5
vertex -19.470298767089844 14.954280853271484 11.5
vertex -29.02679443359375 -0.5986763834953308 10.500643730163574
endloop
endfacet
facet normal -0.7745969043466198 0.4472136178617937 0.4472131659238123
outer loop
vertex -16.86207389831543 20.471858978271484 10.5
vertex -19.470298767089844 14.954280853271484 11.5
vertex -16.429061889648438 20.221858978271484 11.5
endloop
endfacet
facet normal -0.7745955750002881 0.4472134391536055 0.4472156471215842
outer loop
vertex -16.86207389831543 20.471858978271484 10.5
vertex -29.02679443359375 -0.5986763834953308 10.500643730163574
vertex -19.470298767089844 14.954280853271484 11.5
endloop
endfacet
facet normal -0.8112367620548434 0.378301604539713 0.4458506609768028
outer loop
vertex -16.392227172851562 20.30084800720215 11.5
vertex -16.86207389831543 20.471858978271484 10.5
vertex -16.429061889648438 20.221858978271484 11.5
endloop
endfacet
facet normal -0.8646109875563941 0.23165729164986895 0.4458505797037886
outer loop
vertex -16.86207389831543 20.471858978271484 10.5
vertex -16.392227172851562 20.30084800720215 11.5
vertex -16.369670867919922 20.385034561157227 11.5
endloop
endfacet
facet normal -0.8917006462161411 0.07802209252606247 0.44585032310807055
outer loop
vertex -16.36207389831543 20.471858978271484 11.5
vertex -16.86207389831543 20.471858978271484 10.5
vertex -16.369670867919922 20.385034561157227 11.5
endloop
endfacet
facet normal -0.8917005269666048 -0.07802379610957792 0.4458502634833024
outer loop
vertex -16.86207389831543 20.471858978271484 10.5
vertex -16.36207389831543 20.471858978271484 11.5
vertex -16.369670867919922 20.55868148803711 11.5
endloop
endfacet
facet normal -0.8646111578843978 -0.23165733728625873 0.4458502256848612
outer loop
vertex -16.369670867919922 20.55868148803711 11.5
vertex -16.380949020385742 20.60077476501465 11.5
vertex -16.86207389831543 20.471858978271484 10.5
endloop
endfacet
facet normal -0.8646074020435418 -0.2316691306749743 0.44585138131872953
outer loop
vertex -17.012163162231445 21.031997680664062 10.5
vertex -16.88974380493164 20.575119018554688 10.5
vertex -16.380949020385742 20.60077476501465 11.5
endloop
endfacet
facet normal -0.8646044660580187 -0.23168231166839698 0.44585022567283317
outer loop
vertex -16.88974380493164 20.575119018554688 10.5
vertex -16.86207389831543 20.471858978271484 10.5
vertex -16.380949020385742 20.60077476501465 11.5
endloop
endfacet
facet normal -0.8646072893585652 -0.2316724075508122 0.44584989712642575
outer loop
vertex -17.012163162231445 21.031997680664062 10.5
vertex -16.380949020385742 20.60077476501465 11.5
vertex -16.53104591369629 21.160940170288086 11.5
endloop
endfacet
facet normal -0.8009178569641994 -0.40829238989304034 0.4379816328926405
outer loop
vertex -16.629167556762695 21.353418350219727 11.5
vertex -17.012163162231445 21.031997680664062 10.5
vertex -16.53104591369629 21.160940170288086 11.5
endloop
endfacet
facet normal -0.513412408544571 -0.7332224217567742 0.44586161416474657
outer loop
vertex -16.762203216552734 21.465057373046875 11.5
vertex -17.012163162231445 21.031997680664062 10.5
vertex -16.690811157226562 21.415067672729492 11.5
endloop
endfacet
facet normal -0.6329653204553051 -0.632906571121682 0.44585219000461146
outer loop
vertex -17.012163162231445 21.031997680664062 10.5
vertex -16.629167556762695 21.353418350219727 11.5
vertex -16.690811157226562 21.415067672729492 11.5
endloop
endfacet
facet normal -0.4472151130025622 -0.7745953796571363 0.44721431161795605
outer loop
vertex -31.92045783996582 29.639371871948242 10.5
vertex -16.762203216552734 21.465057373046875 11.5
vertex -31.719303131103516 29.869646072387695 11.100000381469727
endloop
endfacet
facet normal -0.447212479784104 -0.7745887751612943 0.4472283838482059
outer loop
vertex -16.762203216552734 21.465057373046875 11.5
vertex -31.92045783996582 29.639371871948242 10.5
vertex -17.012163162231445 21.031997680664062 10.5
endloop
endfacet
facet normal -0.4472152736874736 -0.7745956996425823 0.44721359670280203
outer loop
vertex -31.719303131103516 29.869646072387695 11.100000381469727
vertex -16.762203216552734 21.465057373046875 11.5
vertex -31.54834747314453 30.00188446044922 11.5
endloop
endfacet
facet normal -0.7074789839159105 -0.5472416585800133 0.4472136563566761
outer loop
vertex -31.719303131103516 29.869646072387695 11.100000381469727
vertex -31.99273681640625 29.73281478881836 10.5
vertex -31.92045783996582 29.639371871948242 10.5
endloop
endfacet
facet normal -0.862123855550171 -0.23820744754004045 0.4472132261324196
outer loop
vertex -32.15571594238281 31.44911766052246 11.100000381469727
vertex -31.719303131103516 29.869646072387695 11.100000381469727
vertex -31.54834747314453 30.00188446044922 11.5
endloop
endfacet
facet normal -0.8621230009395293 -0.2382064930093864 0.4472153820467152
outer loop
vertex -32.15571594238281 31.44911766052246 11.100000381469727
vertex -31.54834747314453 30.00188446044922 11.5
vertex -31.941118240356445 31.423410415649414 11.5
endloop
endfacet
facet normal -0.8621230667492139 -0.23820791725112658 0.44721449656491546
outer loop
vertex -32.46061325073242 31.42615509033203 10.5
vertex -31.99273681640625 29.73281478881836 10.5
vertex -32.15571594238281 31.44911766052246 11.100000381469727
endloop
endfacet
facet normal -0.8621239663738773 -0.23820747816096813 0.447212996179634
outer loop
vertex -31.719303131103516 29.869646072387695 11.100000381469727
vertex -32.15571594238281 31.44911766052246 11.100000381469727
vertex -31.99273681640625 29.73281478881836 10.5
endloop
endfacet
facet normal -0.8880756553787947 0.10640098588274159 0.4472141103841701
outer loop
vertex -32.44655990600586 31.5434513092041 10.5
vertex -32.46061325073242 31.42615509033203 10.5
vertex -32.15571594238281 31.44911766052246 11.100000381469727
endloop
endfacet
facet normal -0.7814600579864865 0.4351100401481868 0.4472129590407689
outer loop
vertex -31.151580810546875 33.869239807128906 10.5
vertex -32.15571594238281 31.44911766052246 11.100000381469727
vertex -31.941118240356445 31.423410415649414 11.5
endloop
endfacet
facet normal -0.7814596725752337 0.43511004583266644 0.4472136269772012
outer loop
vertex -31.151580810546875 33.869239807128906 10.5
vertex -32.44655990600586 31.5434513092041 10.5
vertex -32.15571594238281 31.44911766052246 11.100000381469727
endloop
endfacet
facet normal -0.7814595948067234 0.43511016992070234 0.4472136421399612
outer loop
vertex -31.151580810546875 33.869239807128906 10.5
vertex -31.941118240356445 31.423410415649414 11.5
vertex -30.716623306274414 33.62260818481445 11.5
endloop
endfacet
facet normal -0.7746026640864011 0.44720313195046957 0.44721367551086916
outer loop
vertex -31.09796905517578 33.962100982666016 10.5
vertex -31.151580810546875 33.869239807128906 10.5
vertex -30.716623306274414 33.62260818481445 11.5
endloop
endfacet
facet normal -0.774598010598252 0.44721047414359333 0.4472143935446319
outer loop
vertex -31.09796905517578 33.962100982666016 10.5
vertex -30.716623306274414 33.62260818481445 11.5
vertex -30.574562072753906 33.86866760253906 11.5
endloop
endfacet
facet normal -0.7745942981662385 0.4472181318737975 0.44721316591941135
outer loop
vertex -31.0075740814209 34.11866760253906 10.5
vertex -31.09796905517578 33.962100982666016 10.5
vertex -30.574562072753906 33.86866760253906 11.5
endloop
endfacet
facet normal -0.8717289227400139 0.22702006394474195 0.43422410783495213
outer loop
vertex -31.0075740814209 34.11866760253906 10.5
vertex -30.574562072753906 33.86866760253906 11.5
vertex -30.508047103881836 34.12407684326172 11.5
endloop
endfacet
facet normal -0.8864745789150826 -0.13206768271135966 0.44353235295813354
outer loop
vertex -30.98978614807129 34.123435974121094 10.536972045898438
vertex -31.0075740814209 34.11866760253906 10.5
vertex -30.508047103881836 34.12407684326172 11.5
endloop
endfacet
facet normal -0.8870162557536585 -0.12745000799128703 0.44380024503348475
outer loop
vertex -30.527603149414062 34.26018142700195 11.5
vertex -30.98978614807129 34.123435974121094 10.536972045898438
vertex -30.508047103881836 34.12407684326172 11.5
endloop
endfacet
facet normal -0.8939477742082513 -0.08179416361854201 0.44064395126457423
outer loop
vertex -31.0075740814209 34.11866760253906 10.5
vertex -30.98978614807129 34.123435974121094 10.536972045898438
vertex -30.527603149414062 34.26018142700195 11.5
endloop
endfacet
facet normal -0.8638667278202167 -0.23147114907646674 0.4473872860401958
outer loop
vertex -31.082307815551758 34.397579193115234 10.5
vertex -31.0075740814209 34.11866760253906 10.5
vertex -30.527603149414062 34.26018142700195 11.5
endloop
endfacet
facet normal -0.8637475502296605 -0.23224882124391513 0.4472143272560394
outer loop
vertex -30.59984016418457 34.52883529663086 11.5
vertex -31.082307815551758 34.397579193115234 10.5
vertex -30.527603149414062 34.26018142700195 11.5
endloop
endfacet
facet normal -0.8639497475821082 -0.23149756265072793 0.44721327366211305
outer loop
vertex -31.157663345336914 34.67880630493164 10.5
vertex -31.082307815551758 34.397579193115234 10.5
vertex -30.59984016418457 34.52883529663086 11.5
endloop
endfacet
facet normal -0.8630680024864456 -0.2373558010367051 0.4458428498902737
outer loop
vertex -31.157663345336914 34.67880630493164 10.5
vertex -30.59984016418457 34.52883529663086 11.5
vertex -30.676538467407227 34.80772399902344 11.5
endloop
endfacet
facet normal -0.7230024859362201 -0.5495098237252243 0.41869602214437013
outer loop
vertex -31.157663345336914 34.67880630493164 10.5
vertex -30.676538467407227 34.80772399902344 11.5
vertex -30.907663345336914 35.111820220947266 11.5
endloop
endfacet
facet normal -0.44722678376076963 -0.7745886204985095 0.4472143478033928
outer loop
vertex -31.277751922607422 34.74814224243164 10.5
vertex -31.157663345336914 34.67880630493164 10.5
vertex -30.907663345336914 35.111820220947266 11.5
endloop
endfacet
facet normal -0.4472004135098926 -0.7746058601099384 0.44721085814179834
outer loop
vertex -31.364330291748047 34.798126220703125 10.5
vertex -31.277751922607422 34.74814224243164 10.5
vertex -30.907663345336914 35.111820220947266 11.5
endloop
endfacet
facet normal -0.44721328628821094 -0.7745966942287861 0.44721386143224034
outer loop
vertex -31.11427879333496 35.231109619140625 11.5
vertex -31.364330291748047 34.798126220703125 10.5
vertex -30.907663345336914 35.111820220947266 11.5
endloop
endfacet
facet normal -0.4473924498387012 -0.7744759757063837 0.4472437354295421
outer loop
vertex -47.66779327392578 44.303367614746094 10.65108585357666
vertex -47.69622802734375 44.27180099487305 10.567978858947754
vertex -31.11427879333496 35.231109619140625 11.5
endloop
endfacet
facet normal -0.44739904650351553 -0.7744910766992331 0.44721098521951314
outer loop
vertex -47.53264236450195 44.48484420776367 11.100579261779785
vertex -47.66779327392578 44.303367614746094 10.65108585357666
vertex -31.11427879333496 35.231109619140625 11.5
endloop
endfacet
facet normal -0.44740195050316406 -0.7744983812659783 0.44719542942917445
outer loop
vertex -47.69622802734375 44.27180099487305 10.567978858947754
vertex -47.7239990234375 44.248592376708984 10.5
vertex -31.11427879333496 35.231109619140625 11.5
endloop
endfacet
facet normal -0.4473979111448079 -0.7744888465687605 0.44721598321599976
outer loop
vertex -47.43278503417969 44.657798767089844 11.5
vertex -47.53264236450195 44.48484420776367 11.100579261779785
vertex -31.11427879333496 35.231109619140625 11.5
endloop
endfacet
facet normal -0.4473983966878837 -0.7744897913052986 0.44721386137393593
outer loop
vertex -31.11427879333496 35.231109619140625 11.5
vertex -47.7239990234375 44.248592376708984 10.5
vertex -31.364330291748047 34.798126220703125 10.5
endloop
endfacet
facet normal -0.4480512631373189 -0.7740567801262085 0.4473099224717686
outer loop
vertex -47.7239990234375 44.248592376708984 10.5
vertex -47.69622802734375 44.27180099487305 10.567978858947754
vertex -47.66779327392578 44.303367614746094 10.65108585357666
endloop
endfacet
facet normal -0.44725639035632503 -0.774577975587525 0.44720317644238883
outer loop
vertex -47.7239990234375 44.248592376708984 10.5
vertex -47.66779327392578 44.303367614746094 10.65108585357666
vertex -47.53264236450195 44.48484420776367 11.100579261779785
endloop
endfacet
facet normal -0.48803398061971487 -0.7480281969160625 0.44975176528723065
outer loop
vertex -47.7239990234375 44.248592376708984 10.5
vertex -47.53264236450195 44.48484420776367 11.100579261779785
vertex -47.47566223144531 44.68782043457031 11.5
endloop
endfacet
facet normal -0.513397001406693 -0.7332379028985043 0.4458538961359647
outer loop
vertex -47.47566223144531 44.68782043457031 11.5
vertex -47.53264236450195 44.48484420776367 11.100579261779785
vertex -47.43278503417969 44.657798767089844 11.5
endloop
endfacet
facet normal -0.44658272384332237 -0.773077815685576 0.450460388557637
outer loop
vertex -64.23674011230469 53.78748321533203 10.5
vertex -47.7239990234375 44.248592376708984 10.5
vertex -47.47566223144531 44.68782043457031 11.5
endloop
endfacet
facet normal -0.44721342012597376 -0.774596222967374 0.4472145438421112
outer loop
vertex -47.47566223144531 44.68782043457031 11.5
vertex -63.98668670654297 54.22046661376953 11.5
vertex -64.23674011230469 53.78748321533203 10.5
endloop
endfacet
facet normal -0.4473826756119787 -0.7744962129485974 0.4472184675195647
outer loop
vertex -64.43207550048828 54.47774887084961 11.5
vertex -64.29417419433594 53.82065963745117 10.5
vertex -64.23674011230469 53.78748321533203 10.5
endloop
endfacet
facet normal -0.44716950184202425 -0.7745731482729157 0.44729841783415636
outer loop
vertex -64.6823501586914 54.04475784301758 10.5
vertex -64.29417419433594 53.82065963745117 10.5
vertex -64.43207550048828 54.47774887084961 11.5
endloop
endfacet
facet normal -0.4473919116423574 -0.7744931430901488 0.447214544378131
outer loop
vertex -64.43207550048828 54.47774887084961 11.5
vertex -64.23674011230469 53.78748321533203 10.5
vertex -63.98668670654297 54.22046661376953 11.5
endloop
endfacet
facet normal -0.3783860362797762 -0.8111569955694674 0.44592413714352236
outer loop
vertex -64.51116180419922 54.51464080810547 11.5
vertex -64.6823501586914 54.04475784301758 10.5
vertex -64.43207550048828 54.47774887084961 11.5
endloop
endfacet
facet normal -0.23167644305795956 -0.8645754308909651 0.44590957607088244
outer loop
vertex -64.59535217285156 54.537200927734375 11.5
vertex -64.6823501586914 54.04475784301758 10.5
vertex -64.51116180419922 54.51464080810547 11.5
endloop
endfacet
facet normal -0.07800266702847818 -0.8916829239418198 0.4458891645768163
outer loop
vertex -64.68217468261719 54.544795989990234 11.5
vertex -64.6823501586914 54.04475784301758 10.5
vertex -64.59535217285156 54.537200927734375 11.5
endloop
endfacet
facet normal 0.07823790507464008 -0.891677404135673 0.44585898798095264
outer loop
vertex -64.76912689208984 54.537166595458984 11.5
vertex -64.6823501586914 54.04475784301758 10.5
vertex -64.68217468261719 54.544795989990234 11.5
endloop
endfacet
facet normal 0.231502605371693 -0.8646520568446465 0.4458512804741514
outer loop
vertex -64.81127166748047 54.525882720947266 11.5
vertex -64.6823501586914 54.04475784301758 10.5
vertex -64.76912689208984 54.537166595458984 11.5
endloop
endfacet
facet normal 0.23165442578921663 -0.8646113903127235 0.44585128771123617
outer loop
vertex -64.81127166748047 54.525882720947266 11.5
vertex -64.75064849853516 54.026458740234375 10.5
vertex -64.6823501586914 54.04475784301758 10.5
endloop
endfacet
facet normal 0.20816779012523928 -0.8699318917730844 0.4470846394481441
outer loop
vertex -64.8800277709961 54.509429931640625 11.5
vertex -64.75064849853516 54.026458740234375 10.5
vertex -64.81127166748047 54.525882720947266 11.5
endloop
endfacet
facet normal 0.2347924002877775 -0.8637291201491126 0.44591987595704213
outer loop
vertex -64.8800277709961 54.509429931640625 11.5
vertex -65.37128448486328 54.37588882446289 11.5
vertex -65.24272918701172 53.894920349121094 10.500694274902344
endloop
endfacet
facet normal 0.23156874964816007 -0.8639304429582958 0.44721371168186536
outer loop
vertex -64.8800277709961 54.509429931640625 11.5
vertex -65.24272918701172 53.894920349121094 10.500694274902344
vertex -64.75064849853516 54.026458740234375 10.5
endloop
endfacet
facet normal 0.28548214189673193 -0.8476664298061206 0.44717062787911205
outer loop
vertex -65.24272918701172 53.894920349121094 10.500694274902344
vertex -65.24659729003906 53.90999984741211 10.53174877166748
vertex -65.41343688964844 54.364593505859375 11.5
endloop
endfacet
facet normal 0.3782676097099169 -0.811228288622842 0.4458949194399964
outer loop
vertex -65.41343688964844 54.364593505859375 11.5
vertex -65.49242401123047 54.327762603759766 11.5
vertex -65.24272918701172 53.894920349121094 10.500694274902344
endloop
endfacet
facet normal 0.5134038732216447 -0.7332214338967037 0.4458730669545707
outer loop
vertex -65.49242401123047 54.327762603759766 11.5
vertex -65.5638198852539 54.27777099609375 11.5
vertex -65.24272918701172 53.894920349121094 10.500694274902344
endloop
endfacet
facet normal -0.6655144108954996 0.6354827900852128 -0.3914743828093091
outer loop
vertex -65.24659729003906 53.90999984741211 10.53174877166748
vertex -65.24272918701172 53.894920349121094 10.500694274902344
vertex -65.37128448486328 54.37588882446289 11.5
endloop
endfacet
facet normal 0.23168240858149652 -0.8646033822443555 0.4458522770666283
outer loop
vertex -65.41343688964844 54.364593505859375 11.5
vertex -65.24659729003906 53.90999984741211 10.53174877166748
vertex -65.37128448486328 54.37588882446289 11.5
endloop
endfacet
facet normal 0.6330335100682776 -0.6328377547618058 0.445853060187628
outer loop
vertex -65.5638198852539 54.27777099609375 11.5
vertex -65.62548065185547 54.21609115600586 11.5
vertex -65.24272918701172 53.894920349121094 10.500694274902344
endloop
endfacet
facet normal 0.7331544840481198 -0.5135174867172485 0.44585232236216493
outer loop
vertex -65.24272918701172 53.894920349121094 10.500694274902344
vertex -65.62548065185547 54.21609115600586 11.5
vertex -65.67550659179688 54.14466857910156 11.5
endloop
endfacet
facet normal 0.7745909254155985 -0.4472110282976264 0.4472261110811692
outer loop
vertex -65.67550659179688 54.14466857910156 11.5
vertex -77.25836944580078 33.08256149291992 10.5
vertex -65.24272918701172 53.894920349121094 10.500694274902344
endloop
endfacet
facet normal 0.774596370558399 -0.4472133604691332 0.44721434786426584
outer loop
vertex -80.2154541015625 28.960737228393555 11.5
vertex -79.78244018554688 28.710737228393555 10.5
vertex -65.67550659179688 54.14466857910156 11.5
endloop
endfacet
facet normal 0.7746009506400008 -0.4472155046016586 0.44720427067671303
outer loop
vertex -65.67550659179688 54.14466857910156 11.5
vertex -79.78244018554688 28.710737228393555 10.5
vertex -77.25836944580078 33.08256149291992 10.5
endloop
endfacet
facet normal 0.9000540600531625 -0.11849294050207228 0.41935916829490044
outer loop
vertex -80.2654037475586 28.581327438354492 11.5
vertex -79.78244018554688 28.710737228393555 10.5
vertex -80.2154541015625 28.960737228393555 11.5
endloop
endfacet
facet normal 0.8639524203801497 0.23145816946173822 0.4472284998842339
outer loop
vertex -79.65544128417969 28.236772537231445 10.5
vertex -80.2654037475586 28.581327438354492 11.5
vertex -79.63235473632812 28.150598526000977 10.5
endloop
endfacet
facet normal 0.863844487271645 0.23450303016931956 0.44584866339577145
outer loop
vertex -80.11347961425781 28.02168083190918 11.5
vertex -79.63235473632812 28.150598526000977 10.5
vertex -80.2654037475586 28.581327438354492 11.5
endloop
endfacet
facet normal 0.8639489946627521 0.23150848662486037 0.44720907330004683
outer loop
vertex -79.74054718017578 28.554372787475586 10.5
vertex -80.2654037475586 28.581327438354492 11.5
vertex -79.65544128417969 28.236772537231445 10.5
endloop
endfacet
facet normal 0.8639566029652529 0.23147039311452566 0.4472140933648528
outer loop
vertex -80.2654037475586 28.581327438354492 11.5
vertex -79.74054718017578 28.554372787475586 10.5
vertex -79.78244018554688 28.710737228393555 10.5
endloop
endfacet
facet normal 0.7332060308097508 0.5134459800589134 0.44584990966193155
outer loop
vertex -80.06536865234375 27.900598526000977 11.5
vertex -80.01537322998047 27.829204559326172 11.5
vertex -79.63235473632812 28.150598526000977 10.5
endloop
endfacet
facet normal 0.8112673334139608 0.3782375020780131 0.4458494204966362
outer loop
vertex -80.1021957397461 27.97958755493164 11.5
vertex -80.06536865234375 27.900598526000977 11.5
vertex -79.63235473632812 28.150598526000977 10.5
endloop
endfacet
facet normal 0.8645816009907304 0.23176694691472932 0.4458505775998618
outer loop
vertex -80.1021957397461 27.97958755493164 11.5
vertex -79.63235473632812 28.150598526000977 10.5
vertex -80.11347961425781 28.02168083190918 11.5
endloop
endfacet
facet normal 0.6329660112519957 0.6329072418535321 0.44585025715938853
outer loop
vertex -79.95375061035156 27.767576217651367 11.5
vertex -79.63235473632812 28.150598526000977 10.5
vertex -80.01537322998047 27.829204559326172 11.5
endloop
endfacet
facet normal 0.5134100570581702 0.7332302653873112 0.44585142282107815
outer loop
vertex -79.88235473632812 27.71758460998535 11.5
vertex -79.63235473632812 28.150598526000977 10.5
vertex -79.95375061035156 27.767576217651367 11.5
endloop
endfacet
facet normal 0.4472106381215246 0.7745973089343938 0.44721544488370923
outer loop
vertex -79.50639343261719 28.077877044677734 10.5
vertex -79.88235473632812 27.71758460998535 11.5
vertex -79.75641632080078 27.644874572753906 11.5
endloop
endfacet
facet normal 0.4471794136235832 0.7746178418467962 0.44721110353375626
outer loop
vertex -79.50639343261719 28.077877044677734 10.5
vertex -79.55752563476562 28.10739517211914 10.5
vertex -79.88235473632812 27.71758460998535 11.5
endloop
endfacet
facet normal 0.4472192452653227 0.7745929729481762 0.44721434785080555
outer loop
vertex -79.63235473632812 28.150598526000977 10.5
vertex -79.88235473632812 27.71758460998535 11.5
vertex -79.55752563476562 28.10739517211914 10.5
endloop
endfacet
facet normal 0.4472807659104443 0.7745612763981495 0.4472077208088381
outer loop
vertex -63.11253356933594 18.54677963256836 10.6112699508667
vertex -79.50639343261719 28.077877044677734 10.5
vertex -63.1590461730957 18.495140075683594 10.74722957611084
endloop
endfacet
facet normal 0.4472812891634982 0.7745621525875422 0.4472056799093589
outer loop
vertex -63.08861541748047 18.568096160888672 10.550427436828613
vertex -79.50639343261719 28.077877044677734 10.5
vertex -63.11253356933594 18.54677963256836 10.6112699508667
endloop
endfacet
facet normal 0.47196601551109285 0.816569110877121 0.33235969575736923
outer loop
vertex -63.064353942871094 18.57459831237793 10.5
vertex -79.50639343261719 28.077877044677734 10.5
vertex -63.08861541748047 18.568096160888672 10.550427436828613
endloop
endfacet
facet normal 0.4472786685768901 0.7745580276748482 0.4472154451721606
outer loop
vertex -79.50639343261719 28.077877044677734 10.5
vertex -79.75641632080078 27.644874572753906 11.5
vertex -63.38445281982422 18.190670013427734 11.5
endloop
endfacet
facet normal 0.44727907377182885 0.7745585550169132 0.44721412658359366
outer loop
vertex -63.1590461730957 18.495140075683594 10.74722957611084
vertex -79.50639343261719 28.077877044677734 10.5
vertex -63.38445281982422 18.190670013427734 11.5
endloop
endfacet
facet normal 0.8329356671719014 0.33104789501065784 0.4434247011183659
outer loop
vertex -63.08861541748047 18.568096160888672 10.550427436828613
vertex -63.11253356933594 18.54677963256836 10.6112699508667
vertex -63.064353942871094 18.57459831237793 10.5
endloop
endfacet
facet normal 0.5766926838468593 0.6872268559511729 0.4417519630482381
outer loop
vertex -63.064353942871094 18.57459831237793 10.5
vertex -63.1590461730957 18.495140075683594 10.74722957611084
vertex -63.314353942871094 18.141584396362305 11.5
endloop
endfacet
facet normal 0.5124048193551035 0.7317622662109488 0.44940548155477616
outer loop
vertex -63.314353942871094 18.141584396362305 11.5
vertex -63.1590461730957 18.495140075683594 10.74722957611084
vertex -63.38445281982422 18.190670013427734 11.5
endloop
endfacet
facet normal 0.7332271416794253 0.5134192761941433 0.44584594372597147
outer loop
vertex -63.11253356933594 18.54677963256836 10.6112699508667
vertex -63.1590461730957 18.495140075683594 10.74722957611084
vertex -63.064353942871094 18.57459831237793 10.5
endloop
endfacet
facet normal 0.44721363168871725 0.7745968963636406 0.44721316592381727
outer loop
vertex -46.107662200927734 8.784647941589355 10.5
vertex -63.314353942871094 18.141584396362305 11.5
vertex -46.357662200927734 8.351635932922363 11.5
endloop
endfacet
facet normal 0.4472134015505314 0.7745963468400574 0.4472143478642434
outer loop
vertex -63.314353942871094 18.141584396362305 11.5
vertex -46.107662200927734 8.784647941589355 10.5
vertex -63.064353942871094 18.57459831237793 10.5
endloop
endfacet
facet normal 0.23164160129155795 0.8646156938706113 0.4458496052075455
outer loop
vertex -46.11994552612305 8.71499252319336 10.641461372375488
vertex -46.107662200927734 8.784647941589355 10.5
vertex -46.20369338989258 8.520808219909668 11.061545372009277
endloop
endfacet
facet normal 0.3782990166356028 0.811238024092637 0.4458505604782953
outer loop
vertex -46.20369338989258 8.520808219909668 11.061545372009277
vertex -46.107662200927734 8.784647941589355 10.5
vertex -46.357662200927734 8.351635932922363 11.5
endloop
endfacet
facet normal 0.37829040135402614 0.8112427104881951 0.4458493433023944
outer loop
vertex -46.20369338989258 8.520808219909668 11.061545372009277
vertex -46.357662200927734 8.351635932922363 11.5
vertex -46.31330490112305 8.330951690673828 11.5
endloop
endfacet
facet normal 0.4472137156481593 0.7745968366538792 0.44721318538474586
outer loop
vertex -46.31330490112305 8.330951690673828 11.5
vertex -30.727819442749023 -0.6673330068588257 11.5
vertex -30.477802276611328 -0.23433087766170502 10.5
endloop
endfacet
facet normal 0.45234640876633225 0.7839148032141015 0.42527674257828746
outer loop
vertex -30.477802276611328 -0.23433087766170502 10.5
vertex -46.107662200927734 8.784647941589355 10.5
vertex -46.11994552612305 8.71499252319336 10.641461372375488
endloop
endfacet
facet normal 0.44721342214673243 0.7745963062681422 0.44721439754055203
outer loop
vertex -30.477802276611328 -0.23433087766170502 10.5
vertex -46.11994552612305 8.71499252319336 10.641461372375488
vertex -46.20369338989258 8.520808219909668 11.061545372009277
endloop
endfacet
facet normal 0.44721394172253137 0.7745973936493344 0.4472119945625949
outer loop
vertex -30.477802276611328 -0.23433087766170502 10.5
vertex -46.20369338989258 8.520808219909668 11.061545372009277
vertex -46.31330490112305 8.330951690673828 11.5
endloop
endfacet
facet normal 0.4472795005772471 0.7745588520188184 0.4472131853184328
outer loop
vertex -30.477802276611328 -0.23433087766170502 10.5
vertex -30.727819442749023 -0.6673330068588257 11.5
vertex -29.58725357055664 -0.7485902905464172 10.5
endloop
endfacet
facet normal 0.4472775755229593 0.7745613485033918 0.4472107868096549
outer loop
vertex -29.58725357055664 -0.7485902905464172 10.5
vertex -30.727819442749023 -0.6673330068588257 11.5
vertex -29.83728790283203 -1.1815786361694336 11.5
endloop
endfacet
facet normal 0.11855916798601121 0.9000477284035753 0.41935403930572623
outer loop
vertex -29.58725357055664 -0.7485902905464172 10.5
vertex -29.83728790283203 -1.1815786361694336 11.5
vertex -29.457862854003906 -1.2315585613250732 11.5
endloop
endfacet
facet normal 0 -0.8660259888154337 0.49999898669522347
outer loop
vertex 80.63117980957031 -64.93389892578125 11.5
vertex -17.800430297851562 -67.24329376220703 7.5
vertex 81.01859283447266 -67.24329376220703 7.5
endloop
endfacet
facet normal 0 -0.8660259888154338 0.4999989866952235
outer loop
vertex -17.338363647460938 -64.93389892578125 11.5
vertex -17.800430297851562 -67.24329376220703 7.5
vertex 80.63117980957031 -64.93389892578125 11.5
endloop
endfacet
facet normal 0.28260621376899403 -0.818617711016546 0.4999987711476743
outer loop
vertex 81.01859283447266 -67.24329376220703 7.5
vertex 81.37128448486328 -67.12153625488281 7.5
vertex 81.92449188232422 -64.48741912841797 11.5
endloop
endfacet
facet normal 0.28260491925790837 -0.8186178995205627 0.49999919419512384
outer loop
vertex 80.63117980957031 -64.93389892578125 11.5
vertex 81.01859283447266 -67.24329376220703 7.5
vertex 81.92449188232422 -64.48741912841797 11.5
endloop
endfacet
facet normal 0.2826056329958607 -0.8186178190146323 0.4999989225895749
outer loop
vertex 81.92449188232422 -64.48741912841797 11.5
vertex 81.37128448486328 -67.12153625488281 7.5
vertex 83.14276885986328 -66.50997924804688 7.5
endloop
endfacet
facet normal 0.5914977813944164 -0.6325584939724099 0.5000001263088237
outer loop
vertex 84.57091522216797 -62.01276397705078 11.5
vertex 85.21257019042969 -64.57452392578125 7.5
vertex 86.4583740234375 -63.40958786010742 7.5
endloop
endfacet
facet normal 0.5915003793037777 -0.6325569881731297 0.4999989579957403
outer loop
vertex 81.92449188232422 -64.48741912841797 11.5
vertex 83.14276885986328 -66.50997924804688 7.5
vertex 84.57091522216797 -62.01276397705078 11.5
endloop
endfacet
facet normal 0.5914994728192765 -0.632557301522997 0.49999963394432817
outer loop
vertex 83.14276885986328 -66.50997924804688 7.5
vertex 85.21257019042969 -64.57452392578125 7.5
vertex 84.57091522216797 -62.01276397705078 11.5
endloop
endfacet
facet normal 0.7778072275605947 -0.3808088842435169 0.5000005104354484
outer loop
vertex 84.57091522216797 -62.01276397705078 11.5
vertex 86.4583740234375 -63.40958786010742 7.5
vertex 85.1412353515625 -60.847877502441406 11.5
endloop
endfacet
facet normal 0.7778029857737523 -0.38081458682821095 0.5000027657726455
outer loop
vertex 86.4583740234375 -63.40958786010742 7.5
vertex 86.53498840332031 -63.25310516357422 7.5
vertex 85.1412353515625 -60.847877502441406 11.5
endloop
endfacet
facet normal 0.7778092933822035 -0.3808057749143577 0.49999966492004067
outer loop
vertex 85.1412353515625 -60.847877502441406 11.5
vertex 86.53498840332031 -63.25310516357422 7.5
vertex 87.44975280761719 -61.384666442871094 7.5
endloop
endfacet
facet normal 0.8660245145764038 -0.0014257380605653914 0.4999995074234442
outer loop
vertex 85.1412353515625 -60.847877502441406 11.5
vertex 87.44975280761719 -61.384666442871094 7.5
vertex 85.29591369628906 33.10713577270508 11.5
endloop
endfacet
facet normal 0.8660243259323984 -0.001425804444828114 0.4999998339749924
outer loop
vertex 85.29591369628906 33.10713577270508 11.5
vertex 87.5694808959961 11.340592384338379 7.5
vertex 87.60591125488281 33.46815490722656 7.5
endloop
endfacet
facet normal 0.8660244737617355 -0.0014257419829772702 0.4999995781053288
outer loop
vertex 85.29591369628906 33.10713577270508 11.5
vertex 87.44975280761719 -61.384666442871094 7.5
vertex 87.5694808959961 11.340592384338379 7.5
endloop
endfacet
facet normal 0.824292145812761 0.2655983403909862 0.49999997993294765
outer loop
vertex 85.29591369628906 33.10713577270508 11.5
vertex 86.95947265625 35.47439956665039 7.5
vertex 84.90309143066406 34.326271057128906 11.5
endloop
endfacet
facet normal 0.8242923747519851 0.265597919523642 0.4999998260704156
outer loop
vertex 85.29591369628906 33.10713577270508 11.5
vertex 87.60591125488281 33.46815490722656 7.5
vertex 86.95947265625 35.47439956665039 7.5
endloop
endfacet
facet normal 0.6586117589124081 0.5623438356985145 0.49999996147418446
outer loop
vertex 82.60075378417969 37.02274703979492 11.5
vertex 84.90309143066406 34.326271057128906 11.5
vertex 86.95947265625 35.47439956665039 7.5
endloop
endfacet
facet normal 0.6586117706289513 0.562343797465658 0.49999998904090065
outer loop
vertex 86.95947265625 35.47439956665039 7.5
vertex 84.0694580078125 38.85915756225586 7.5
vertex 82.60075378417969 37.02274703979492 11.5
endloop
endfacet
facet normal 0.4038390650263897 0.7661029551312278 0.5000002716977376
outer loop
vertex 84.0694580078125 38.85915756225586 7.5
vertex 83.12570190429688 39.35664367675781 7.5
vertex 81.37997436523438 37.666259765625 11.5
endloop
endfacet
facet normal 0.4038397413196782 0.7661025247121784 0.5000003849603332
outer loop
vertex 83.12570190429688 39.35664367675781 7.5
vertex 81.96479034423828 39.96860122680664 7.5
vertex 81.37997436523438 37.666259765625 11.5
endloop
endfacet
facet normal 0.4038382504729988 0.7661036137620949 0.49999992043555996
outer loop
vertex 82.60075378417969 37.02274703979492 11.5
vertex 84.0694580078125 38.85915756225586 7.5
vertex 81.37997436523438 37.666259765625 11.5
endloop
endfacet
facet normal 0.010718492564350932 0.8659589330636669 0.5000002401643258
outer loop
vertex 81.96479034423828 39.96860122680664 7.5
vertex 58.42033767700195 40.26002502441406 7.5
vertex 58.7653923034668 37.94617462158203 11.5
endloop
endfacet
facet normal 0.010718515712286986 0.8659588728404911 0.5000003439696332
outer loop
vertex 81.96479034423828 39.96860122680664 7.5
vertex 58.7653923034668 37.94617462158203 11.5
vertex 81.37997436523438 37.666259765625 11.5
endloop
endfacet
facet normal -0.2629089146119101 0.8251538051596253 0.5000001004481682
outer loop
vertex 58.7653923034668 37.94617462158203 11.5
vertex 58.42033767700195 40.26002502441406 7.5
vertex 57.541202545166016 37.55612564086914 11.5
endloop
endfacet
facet normal -0.26290887087138065 0.8251538109139079 0.5000001139513774
outer loop
vertex 58.42033767700195 40.26002502441406 7.5
vertex 56.39659118652344 39.6152229309082 7.5
vertex 57.541202545166016 37.55612564086914 11.5
endloop
endfacet
facet normal -0.5620345489470542 0.6588758532648538 0.49999977577434185
outer loop
vertex 56.39659118652344 39.6152229309082 7.5
vertex 53.01642990112305 36.731876373291016 7.5
vertex 54.8458251953125 35.25691604614258 11.5
endloop
endfacet
facet normal -0.5620341048023016 0.6588759891242025 0.50000009599467
outer loop
vertex 57.541202545166016 37.55612564086914 11.5
vertex 56.39659118652344 39.6152229309082 7.5
vertex 54.8458251953125 35.25691604614258 11.5
endloop
endfacet
facet normal -0.7630880391907959 0.40950786085968804 0.4999999563380667
outer loop
vertex 52.07481384277344 34.97724914550781 7.5
vertex 51.46501159667969 33.84092712402344 7.5
vertex 54.8458251953125 35.25691604614258 11.5
endloop
endfacet
facet normal -0.7630876630765423 0.40950897495711763 0.49999961788980624
outer loop
vertex 53.01642990112305 36.731876373291016 7.5
vertex 52.07481384277344 34.97724914550781 7.5
vertex 54.8458251953125 35.25691604614258 11.5
endloop
endfacet
facet normal -0.7627711091544057 0.4111167668116115 0.4991625377426921
outer loop
vertex 54.8458251953125 35.25691604614258 11.5
vertex 51.46501159667969 33.84092712402344 7.5
vertex 53.49537658691406 32.7513427734375 11.5
endloop
endfacet
facet normal -0.785621032234957 0.3663684701265603 0.498571697759915
outer loop
vertex 51.46501159667969 33.84092712402344 7.5
vertex 53.46501159667969 32.68622970581055 11.5
vertex 53.49537658691406 32.7513427734375 11.5
endloop
endfacet
facet normal -0.7100813209547912 0.49720396324458427 0.4985706936483302
outer loop
vertex 51.46501159667969 33.84092712402344 7.5
vertex 53.23411560058594 32.356475830078125 11.5
vertex 53.46501159667969 32.68622970581055 11.5
endloop
endfacet
facet normal -0.6129588788175624 0.612950664412861 0.4985708534145865
outer loop
vertex 51.46501159667969 33.84092712402344 7.5
vertex 52.949466705322266 32.07182312011719 11.5
vertex 53.23411560058594 32.356475830078125 11.5
endloop
endfacet
facet normal -0.4972008595799855 0.7100833422591601 0.49857090998070075
outer loop
vertex 51.46501159667969 33.84092712402344 7.5
vertex 52.649169921875 31.861555099487305 11.5
vertex 52.949466705322266 32.07182312011719 11.5
endloop
endfacet
facet normal -0.4447459325101204 0.7434143017997253 0.49953601611428444
outer loop
vertex 51.46501159667969 33.84092712402344 7.5
vertex 51.07314682006836 33.60649490356445 7.5
vertex 51.46366882324219 31.15233039855957 11.5
endloop
endfacet
facet normal -0.44474691032189534 0.7434138421691362 0.4995358295762684
outer loop
vertex 51.07314682006836 33.60649490356445 7.5
vertex 50.279510498046875 33.1317024230957 7.5
vertex 51.46366882324219 31.15233039855957 11.5
endloop
endfacet
facet normal -0.444746605362292 0.7434140246109876 0.49953582957622933
outer loop
vertex 51.46501159667969 33.84092712402344 7.5
vertex 51.46366882324219 31.15233039855957 11.5
vertex 52.649169921875 31.861555099487305 11.5
endloop
endfacet
facet normal -0.3776378290672348 0.7805899667642741 0.4980652305113611
outer loop
vertex 50.279510498046875 33.1317024230957 7.5
vertex 51.069374084472656 30.961576461791992 11.5
vertex 51.46366882324219 31.15233039855957 11.5
endloop
endfacet
facet normal -0.22435627591206828 0.837311996934332 0.4985708387468214
outer loop
vertex 50.279510498046875 33.1317024230957 7.5
vertex 50.68053436279297 30.85738754272461 11.5
vertex 51.069374084472656 30.961576461791992 11.5
endloop
endfacet
facet normal -0.07555222432030044 0.863550218417603 0.4985708391704884
outer loop
vertex 50.279510498046875 33.1317024230957 7.5
vertex 50.279510498046875 30.822301864624023 11.5
vertex 50.68053436279297 30.85738754272461 11.5
endloop
endfacet
facet normal 0 0.866025452373827 0.4999999158407013
outer loop
vertex 50.279510498046875 33.1317024230957 7.5
vertex 20.757047653198242 30.822301864624023 11.5
vertex 50.279510498046875 30.822301864624023 11.5
endloop
endfacet
facet normal 0 0.8660254523738269 0.49999991584070125
outer loop
vertex 50.279510498046875 33.1317024230957 7.5
vertex 20.39405632019043 33.1317024230957 7.5
vertex 20.757047653198242 30.822301864624023 11.5
endloop
endfacet
facet normal -0.2656769893873483 0.8242667737764083 0.5000000229583055
outer loop
vertex 19.147438049316406 32.729888916015625 7.5
vertex 18.388307571411133 32.485206604003906 7.5
vertex 19.536518096923828 30.428897857666016 11.5
endloop
endfacet
facet normal -0.26567973457732996 0.8242659977556576 0.4999998435787655
outer loop
vertex 19.147438049316406 32.729888916015625 7.5
vertex 19.536518096923828 30.428897857666016 11.5
vertex 20.39405632019043 33.1317024230957 7.5
endloop
endfacet
facet normal -0.2656794031971204 0.8242660429486811 0.49999994515854207
outer loop
vertex 19.536518096923828 30.428897857666016 11.5
vertex 20.757047653198242 30.822301864624023 11.5
vertex 20.39405632019043 33.1317024230957 7.5
endloop
endfacet
facet normal -0.5623387637296466 0.6586158253229256 0.5000003094411183
outer loop
vertex 18.388307571411133 32.485206604003906 7.5
vertex 15.004552841186523 29.596092224121094 7.5
vertex 16.84043312072754 28.126928329467773 11.5
endloop
endfacet
facet normal -0.562338901385374 0.6586157831300659 0.5000002102006165
outer loop
vertex 18.388307571411133 32.485206604003906 7.5
vertex 16.84043312072754 28.126928329467773 11.5
vertex 19.536518096923828 30.428897857666016 11.5
endloop
endfacet
facet normal -0.7658685546091654 0.4042833165641992 0.500000357008592
outer loop
vertex 15.004552841186523 29.596092224121094 7.5
vertex 16.193376541137695 26.901153564453125 11.5
vertex 16.84043312072754 28.126928329467773 11.5
endloop
endfacet
facet normal -0.7658679168258257 0.40428530549341185 0.4999997257388936
outer loop
vertex 13.952506065368652 27.603103637695312 7.5
vertex 13.895100593566895 27.494356155395508 7.5
vertex 16.193376541137695 26.901153564453125 11.5
endloop
endfacet
facet normal -0.7658692643622642 0.4042824408318959 0.4999999779402084
outer loop
vertex 15.004552841186523 29.596092224121094 7.5
vertex 13.952506065368652 27.603103637695312 7.5
vertex 16.193376541137695 26.901153564453125 11.5
endloop
endfacet
facet normal -0.8661882421733229 0.016884581745639504 0.49943251798412513
outer loop
vertex 13.895100593566895 27.494356155395508 7.5
vertex 13.800572395324707 22.645008087158203 7.5
vertex 16.019227981567383 18.146425247192383 11.5
endloop
endfacet
facet normal -0.8661883184681848 0.016884430993198116 0.499432390759044
outer loop
vertex 13.800572395324707 22.645008087158203 7.5
vertex 13.71375846862793 18.19136619567871 7.5
vertex 16.019227981567383 18.146425247192383 11.5
endloop
endfacet
facet normal -0.8658336896461879 0.017223114689013122 0.5000353849419839
outer loop
vertex 16.193376541137695 26.901153564453125 11.5
vertex 13.895100593566895 27.494356155395508 7.5
vertex 16.019227981567383 18.146425247192383 11.5
endloop
endfacet
facet normal -0.7856323523922761 0.36634517013088214 0.4985709811013407
outer loop
vertex 13.71375846862793 18.19136619567871 7.5
vertex 15.71375846862793 17.036664962768555 11.5
vertex 15.883885383605957 17.401504516601562 11.5
endloop
endfacet
facet normal -0.8635501572214305 0.07555196578807775 0.4985709843426506
outer loop
vertex 13.71375846862793 18.19136619567871 7.5
vertex 15.98807430267334 17.790342330932617 11.5
vertex 16.019227981567383 18.146425247192383 11.5
endloop
endfacet
facet normal -0.8373116607958419 0.22435728636865374 0.49857094856058654
outer loop
vertex 13.71375846862793 18.19136619567871 7.5
vertex 15.883885383605957 17.401504516601562 11.5
vertex 15.98807430267334 17.790342330932617 11.5
endloop
endfacet
facet normal -0.3603116119433609 0.7885854283085417 0.49830569388499946
outer loop
vertex 13.71375846862793 18.19136619567871 7.5
vertex 14.485472679138184 16.016376495361328 11.5
vertex 14.86845874786377 16.19136619567871 11.5
endloop
endfacet
facet normal -0.4972038750874833 0.7100811950533195 0.4985709608768244
outer loop
vertex 13.71375846862793 18.19136619567871 7.5
vertex 14.86845874786377 16.19136619567871 11.5
vertex 15.198212623596191 16.42226219177246 11.5
endloop
endfacet
facet normal -0.6129557760974731 0.6129537224929323 0.4985709083277941
outer loop
vertex 13.71375846862793 18.19136619567871 7.5
vertex 15.198212623596191 16.42226219177246 11.5
vertex 15.48286247253418 16.706912994384766 11.5
endloop
endfacet
facet normal -0.7100798438125163 0.49720580485622223 0.4985709608756498
outer loop
vertex 13.71375846862793 18.19136619567871 7.5
vertex 15.48286247253418 16.706912994384766 11.5
vertex 15.71375846862793 17.036664962768555 11.5
endloop
endfacet
facet normal -0.28963750326898685 0.8163110252901737 0.49974636235775943
outer loop
vertex 13.71375846862793 18.19136619567871 7.5
vertex 11.225772857666016 14.859793663024902 11.5
vertex 14.485472679138184 16.016376495361328 11.5
endloop
endfacet
facet normal -0.28963781820327245 0.8163110029392543 0.499746216340611
outer loop
vertex 12.260274887084961 17.67565155029297 7.5
vertex 10.454058647155762 17.03478240966797 7.5
vertex 11.225772857666016 14.859793663024902 11.5
endloop
endfacet
facet normal -0.28963763848274754 0.8163110276161847 0.4997462801926052
outer loop
vertex 13.71375846862793 18.19136619567871 7.5
vertex 12.260274887084961 17.67565155029297 7.5
vertex 11.225772857666016 14.859793663024902 11.5
endloop
endfacet
facet normal 0.36634596468473535 0.7856320027117795 0.4985709482854865
outer loop
vertex 10.454058647155762 17.03478240966797 7.5
vertex 9.299358367919922 15.034782409667969 11.5
vertex 9.664196968078613 14.864655494689941 11.5
endloop
endfacet
facet normal 0.612953702356324 0.6129557953771341 0.4985709093812633
outer loop
vertex 10.454058647155762 17.03478240966797 7.5
vertex 8.690314292907715 15.544968605041504 11.5
vertex 8.9696044921875 15.265679359436035 11.5
endloop
endfacet
facet normal 0.07555018243448268 0.8635503523996223 0.4985709165250259
outer loop
vertex 10.454058647155762 17.03478240966797 7.5
vertex 10.053034782409668 14.760466575622559 11.5
vertex 10.454058647155762 14.725381851196289 11.5
endloop
endfacet
facet normal 0.22435728636865374 0.8373116607958419 0.49857094856058654
outer loop
vertex 10.053034782409668 14.760466575622559 11.5
vertex 10.454058647155762 17.03478240966797 7.5
vertex 9.664196968078613 14.864655494689941 11.5
endloop
endfacet
facet normal 0.4972052740627587 0.7100802601398033 0.4985708972693516
outer loop
vertex 9.299358367919922 15.034782409667969 11.5
vertex 10.454058647155762 17.03478240966797 7.5
vertex 8.9696044921875 15.265679359436035 11.5
endloop
endfacet
facet normal -0.07555036107518989 0.8635503406779357 0.4985709097575085
outer loop
vertex 10.454058647155762 17.03478240966797 7.5
vertex 10.454058647155762 14.725381851196289 11.5
vertex 10.855081558227539 14.760466575622559 11.5
endloop
endfacet
facet normal -0.22435839232105667 0.8373114138798111 0.4985708655564446
outer loop
vertex 10.454058647155762 17.03478240966797 7.5
vertex 10.855081558227539 14.760466575622559 11.5
vertex 11.225772857666016 14.859793663024902 11.5
endloop
endfacet
facet normal 0.6615246278201491 0.5590084501496265 0.49989470836239674
outer loop
vertex 8.690314292907715 15.544968605041504 11.5
vertex 10.454058647155762 17.03478240966797 7.5
vertex 6.593166828155518 18.026710510253906 11.5
endloop
endfacet
facet normal 0.6615896788309729 0.5588373341972017 0.49999993077169075
outer loop
vertex 10.454058647155762 17.03478240966797 7.5
vertex 9.309927940368652 18.3892822265625 7.5
vertex 6.593166828155518 18.026710510253906 11.5
endloop
endfacet
facet normal 0.6615898738309383 0.5588370110519048 0.5000000339229352
outer loop
vertex 9.309927940368652 18.3892822265625 7.5
vertex 8.067583084106445 19.860055923461914 7.5
vertex 6.593166828155518 18.026710510253906 11.5
endloop
endfacet
facet normal 0.40392057327167574 0.7660601684242541 0.4999999888416842
outer loop
vertex 6.593166828155518 18.026710510253906 11.5
vertex 8.067583084106445 19.860055923461914 7.5
vertex 5.375056743621826 18.668983459472656 11.5
endloop
endfacet
facet normal 0.4039207404457478 0.7660600331262301 0.5000000610843945
outer loop
vertex 8.067583084106445 19.860055923461914 7.5
vertex 5.96484899520874 20.968765258789062 7.5
vertex 5.375056743621826 18.668983459472656 11.5
endloop
endfacet
facet normal 0.014610058747356491 0.8661904531825596 0.49950039539402846
outer loop
vertex 5.96484899520874 20.968765258789062 7.5
vertex -7.997774600982666 21.204273223876953 7.5
vertex -8.036669731140137 18.89827537536621 11.5
endloop
endfacet
facet normal 0.014803529666693831 0.8658870068619925 0.5000205464348308
outer loop
vertex 5.96484899520874 20.968765258789062 7.5
vertex -8.036669731140137 18.89827537536621 11.5
vertex 5.375056743621826 18.668983459472656 11.5
endloop
endfacet
facet normal 0.4972056484516251 0.7100799791383033 0.4985709241168658
outer loop
vertex -7.997774600982666 21.204273223876953 7.5
vertex -9.461514472961426 19.420665740966797 11.5
vertex -9.152475357055664 19.204273223876953 11.5
endloop
endfacet
facet normal 0.07555287755201379 0.863550150838996 0.49857085723050215
outer loop
vertex -7.997774600982666 21.204273223876953 7.5
vertex -8.398797988891602 18.92995834350586 11.5
vertex -8.036669731140137 18.89827537536621 11.5
endloop
endfacet
facet normal 0.22435731169063902 0.8373117552986498 0.49857077845542
outer loop
vertex -7.997774600982666 21.204273223876953 7.5
vertex -8.787635803222656 19.034147262573242 11.5
vertex -8.398797988891602 18.92995834350586 11.5
endloop
endfacet
facet normal 0.36634350838842916 0.7856331927579698 0.4985708779086234
outer loop
vertex -7.997774600982666 21.204273223876953 7.5
vertex -9.152475357055664 19.204273223876953 11.5
vertex -8.787635803222656 19.034147262573242 11.5
endloop
endfacet
facet normal 0.5495175102517991 0.6696014946028512 0.4996642316118813
outer loop
vertex -9.344045639038086 22.30910873413086 7.5
vertex -9.461514472961426 19.420665740966797 11.5
vertex -7.997774600982666 21.204273223876953 7.5
endloop
endfacet
facet normal 0.5486730769536167 0.6700633583267366 0.4999729497224288
outer loop
vertex -9.461514472961426 19.420665740966797 11.5
vertex -9.344045639038086 22.30910873413086 7.5
vertex -10.828499794006348 20.54000473022461 11.5
endloop
endfacet
facet normal 0.6129536778290369 0.6129557314403082 0.4985710181411811
outer loop
vertex -10.828499794006348 20.54000473022461 11.5
vertex -9.344045639038086 22.30910873413086 7.5
vertex -11.113149642944336 20.82465362548828 11.5
endloop
endfacet
facet normal 0.8373110119781217 0.22435951295363513 0.4985710362299252
outer loop
vertex -11.595208168029785 21.821672439575195 11.5
vertex -11.514172554016113 21.51924705505371 11.5
vertex -9.344045639038086 22.30910873413086 7.5
endloop
endfacet
facet normal 0.7856323523922761 0.36634517013088214 0.4985709811013407
outer loop
vertex -11.514172554016113 21.51924705505371 11.5
vertex -11.344045639038086 21.154407501220703 11.5
vertex -9.344045639038086 22.30910873413086 7.5
endloop
endfacet
facet normal 0.7100811530861572 0.4972038457017795 0.4985710499529576
outer loop
vertex -11.344045639038086 21.154407501220703 11.5
vertex -11.113149642944336 20.82465362548828 11.5
vertex -9.344045639038086 22.30910873413086 7.5
endloop
endfacet
facet normal 0.8462568584116947 0.18664939253489185 0.49901035445922853
outer loop
vertex -11.9349946975708 23.36224365234375 11.5
vertex -11.595208168029785 21.821672439575195 11.5
vertex -9.344045639038086 22.30910873413086 7.5
endloop
endfacet
facet normal 0.8464112240895371 0.18327062856707171 0.4999999164398751
outer loop
vertex -9.344045639038086 22.30910873413086 7.5
vertex -9.764411926269531 24.25051498413086 7.5
vertex -11.9349946975708 23.36224365234375 11.5
endloop
endfacet
facet normal 0.7320633041909825 0.46269126103357777 0.5000001156201254
outer loop
vertex -10.352591514587402 25.18112564086914 7.5
vertex -11.028220176696777 26.25009536743164 7.5
vertex -12.688309669494629 24.554126739501953 11.5
endloop
endfacet
facet normal 0.7320636129488041 0.4626906766744836 0.5000002043148102
outer loop
vertex -9.764411926269531 24.25051498413086 7.5
vertex -10.352591514587402 25.18112564086914 7.5
vertex -12.688309669494629 24.554126739501953 11.5
endloop
endfacet
facet normal 0.7320632769583477 0.46269154489239267 0.49999989281408497
outer loop
vertex -11.9349946975708 23.36224365234375 11.5
vertex -9.764411926269531 24.25051498413086 7.5
vertex -12.688309669494629 24.554126739501953 11.5
endloop
endfacet
facet normal 0.44709735175207155 0.7420578931188321 0.49945374291952643
outer loop
vertex -16.902999877929688 29.78970718383789 7.5
vertex -22.479753494262695 33.149757385253906 7.5
vertex -23.669843673706055 31.174535751342773 11.5
endloop
endfacet
facet normal 0.4470972396319838 0.7420581476456974 0.49945346512572775
outer loop
vertex -11.028220176696777 26.25009536743164 7.5
vertex -16.902999877929688 29.78970718383789 7.5
vertex -23.669843673706055 31.174535751342773 11.5
endloop
endfacet
facet normal 0.4471221676615867 0.7416592055612551 0.5000233894447857
outer loop
vertex -12.688309669494629 24.554126739501953 11.5
vertex -11.028220176696777 26.25009536743164 7.5
vertex -23.669843673706055 31.174535751342773 11.5
endloop
endfacet
facet normal 0.6129566912497261 0.6129525840345126 0.49857118285917973
outer loop
vertex -23.964208602905273 31.380651473999023 11.5
vertex -22.479753494262695 33.149757385253906 7.5
vertex -24.248857498168945 31.665302276611328 11.5
endloop
endfacet
facet normal 0.49720267342818397 0.710081831095633 0.4985712533667977
outer loop
vertex -22.479753494262695 33.149757385253906 7.5
vertex -23.964208602905273 31.380651473999023 11.5
vertex -23.669843673706055 31.174535751342773 11.5
endloop
endfacet
facet normal 0.7100793862396244 0.4972062557382661 0.4985711629168823
outer loop
vertex -24.248857498168945 31.665302276611328 11.5
vertex -22.479753494262695 33.149757385253906 7.5
vertex -24.351442337036133 31.81180763244629 11.5
endloop
endfacet
facet normal 0.7051918280039093 0.5040969373322859 0.4985887719240316
outer loop
vertex -22.479753494262695 33.149757385253906 7.5
vertex -23.081165313720703 33.991085052490234 7.5
vertex -24.95285415649414 32.65313720703125 11.5
endloop
endfacet
facet normal 0.7051922841469859 0.5040961205789144 0.4985889525419166
outer loop
vertex -24.351442337036133 31.81180763244629 11.5
vertex -22.479753494262695 33.149757385253906 7.5
vertex -24.95285415649414 32.65313720703125 11.5
endloop
endfacet
facet normal 0.7100801245391756 0.4972053847867208 0.49857097997528654
outer loop
vertex -23.081165313720703 33.991085052490234 7.5
vertex -25.081165313720703 32.83638381958008 11.5
vertex -24.95285415649414 32.65313720703125 11.5
endloop
endfacet
facet normal 0.7856322969148871 0.3663452826487608 0.4985709858437795
outer loop
vertex -25.081165313720703 32.83638381958008 11.5
vertex -23.081165313720703 33.991085052490234 7.5
vertex -25.251293182373047 33.20122528076172 11.5
endloop
endfacet
facet normal 0.837311465105616 0.2243578148381183 0.49857103939534164
outer loop
vertex -25.251293182373047 33.20122528076172 11.5
vertex -23.081165313720703 33.991085052490234 7.5
vertex -25.332651138305664 33.50485610961914 11.5
endloop
endfacet
facet normal 0.8470609802704325 0.18293091047147939 0.49902302321372854
outer loop
vertex -23.081165313720703 33.991085052490234 7.5
vertex -23.539766311645508 36.1146354675293 7.5
vertex -25.332651138305664 33.50485610961914 11.5
endloop
endfacet
facet normal 0.8465104650190813 0.18281158318499244 0.4999999576665737
outer loop
vertex -23.539766311645508 36.1146354675293 7.5
vertex -23.933204650878906 37.93645477294922 7.5
vertex -26.10284996032715 37.042789459228516 11.5
endloop
endfacet
facet normal 0.8464263109299025 0.1842647905388551 0.49960883412252416
outer loop
vertex -25.332651138305664 33.50485610961914 11.5
vertex -23.539766311645508 36.1146354675293 7.5
vertex -26.10284996032715 37.042789459228516 11.5
endloop
endfacet
facet normal 0.7296940242898569 0.4664190195297598 0.4999999291365663
outer loop
vertex -26.10284996032715 37.042789459228516 11.5
vertex -23.933204650878906 37.93645477294922 7.5
vertex -26.850725173950195 38.21281051635742 11.5
endloop
endfacet
facet normal 0.72969426777327 0.4664184025343824 0.5000001493560841
outer loop
vertex -23.933204650878906 37.93645477294922 7.5
vertex -25.20372772216797 39.92414093017578 7.5
vertex -26.850725173950195 38.21281051635742 11.5
endloop
endfacet
facet normal 0.43813075043493044 0.7470215953666934 0.500000181579092
outer loop
vertex -42.06535339355469 49.81353759765625 7.5
vertex -61.99945831298828 61.50495910644531 7.5
vertex -62.84968566894531 59.32632064819336 11.5
endloop
endfacet
facet normal 0.43813082550938026 0.7470221109774704 0.4999993454488044
outer loop
vertex -42.06535339355469 49.81353759765625 7.5
vertex -62.84968566894531 59.32632064819336 11.5
vertex -25.20372772216797 39.92414093017578 7.5
endloop
endfacet
facet normal 0.43813066427769337 0.7470216167986449 0.500000225055075
outer loop
vertex -26.850725173950195 38.21281051635742 11.5
vertex -25.20372772216797 39.92414093017578 7.5
vertex -62.84968566894531 59.32632064819336 11.5
endloop
endfacet
facet normal 0.1836834807084594 0.8463214890636924 0.5000003160637395
outer loop
vertex -61.99945831298828 61.50495910644531 7.5
vertex -64.06758117675781 61.953819274902344 7.5
vertex -62.84968566894531 59.32632064819336 11.5
endloop
endfacet
facet normal 0.18368290579334662 0.8463215044531078 0.5000005012192897
outer loop
vertex -62.84968566894531 59.32632064819336 11.5
vertex -64.06758117675781 61.953819274902344 7.5
vertex -64.1039810180664 59.598548889160156 11.5
endloop
endfacet
facet normal -0.15744579402799527 0.8515932393742849 0.4999997765948562
outer loop
vertex -64.06758117675781 61.953819274902344 7.5
vertex -68.4511947631836 61.14336013793945 7.5
vertex -67.59477996826172 58.95315933227539 11.5
endloop
endfacet
facet normal -0.1574451269654676 0.851593085232637 0.5000002491787245
outer loop
vertex -64.06758117675781 61.953819274902344 7.5
vertex -67.59477996826172 58.95315933227539 11.5
vertex -64.1039810180664 59.598548889160156 11.5
endloop
endfacet
facet normal -0.46197124261988753 0.7325176492763735 0.5000004644906373
outer loop
vertex -68.4511947631836 61.14336013793945 7.5
vertex -69.04102325439453 60.77137756347656 7.5
vertex -68.76180267333984 58.217159271240234 11.5
endloop
endfacet
facet normal -0.46197128153001205 0.7325176308950159 0.5000004554692642
outer loop
vertex -69.04102325439453 60.77137756347656 7.5
vertex -70.4674072265625 59.87181091308594 7.5
vertex -68.76180267333984 58.217159271240234 11.5
endloop
endfacet
facet normal -0.4619726939962305 0.7325170900956721 0.4999999427196309
outer loop
vertex -67.59477996826172 58.95315933227539 11.5
vertex -68.4511947631836 61.14336013793945 7.5
vertex -68.76180267333984 58.217159271240234 11.5
endloop
endfacet
facet normal -0.7461880481252771 0.4395491477963779 0.4999999435064642
outer loop
vertex -87.24124145507812 31.396190643310547 7.5
vertex -85.0633316040039 30.5433406829834 11.5
vertex -70.4674072265625 59.87181091308594 7.5
endloop
endfacet
facet normal -0.746187751720961 0.4395490699483054 0.5000004542889909
outer loop
vertex -70.4674072265625 59.87181091308594 7.5
vertex -85.0633316040039 30.5433406829834 11.5
vertex -68.76180267333984 58.217159271240234 11.5
endloop
endfacet
facet normal -0.8462454011511885 0.18403453601679964 0.500000010583545
outer loop
vertex -87.24124145507812 31.396190643310547 7.5
vertex -87.6734848022461 29.408607482910156 7.5
vertex -85.0633316040039 30.5433406829834 11.5
endloop
endfacet
facet normal -0.8462454111230509 0.18403425890381422 0.5000000957028934
outer loop
vertex -85.0633316040039 30.5433406829834 11.5
vertex -87.6734848022461 29.408607482910156 7.5
vertex -85.33611297607422 29.28900909423828 11.5
endloop
endfacet
facet normal -0.8462478437605686 0.1840203409242211 0.5000011010555094
outer loop
vertex -87.6734848022461 29.408607482910156 7.5
vertex -87.69148254394531 29.325841903686523 7.5
vertex -85.33611297607422 29.28900909423828 11.5
endloop
endfacet
facet normal -0.8515865202846841 -0.15748256265184354 0.49999964092990296
outer loop
vertex -85.33611297607422 29.28900909423828 11.5
vertex -87.49684143066406 28.273332595825195 7.5
vertex -84.69037628173828 25.797189712524414 11.5
endloop
endfacet
facet normal -0.8515860863853999 -0.15748427369795348 0.4999998410126009
outer loop
vertex -87.69148254394531 29.325841903686523 7.5
vertex -87.49684143066406 28.273332595825195 7.5
vertex -85.33611297607422 29.28900909423828 11.5
endloop
endfacet
facet normal -0.8515864091333326 -0.15748168359638895 0.5000001071110315
outer loop
vertex -87.49684143066406 28.273332595825195 7.5
vertex -86.8803939819336 24.939876556396484 7.5
vertex -84.69037628173828 25.797189712524414 11.5
endloop
endfacet
facet normal -0.7321805381629354 -0.4625056974332028 0.5000001393772415
outer loop
vertex -86.8803939819336 24.939876556396484 7.5
vertex -85.60530090332031 22.921310424804688 7.5
vertex -84.69037628173828 25.797189712524414 11.5
endloop
endfacet
facet normal -0.732180820845746 -0.4625054063056576 0.4999999947236881
outer loop
vertex -84.69037628173828 25.797189712524414 11.5
vertex -85.60530090332031 22.921310424804688 7.5
vertex -83.95404815673828 24.631526947021484 11.5
endloop
endfacet
facet normal -0.4365419128154574 -0.7479513714686244 0.4999999042736163
outer loop
vertex -85.60530090332031 22.921310424804688 7.5
vertex -32.265071868896484 -8.210721015930176 7.5
vertex -31.4179744720459 -6.031159400939941 11.5
endloop
endfacet
facet normal -0.436541904283042 -0.7479513500419241 0.49999994377539525
outer loop
vertex -83.95404815673828 24.631526947021484 11.5
vertex -85.60530090332031 22.921310424804688 7.5
vertex -31.4179744720459 -6.031159400939941 11.5
endloop
endfacet
facet normal -0.18312799239492866 -0.8464420645715011 0.4999999697253368
outer loop
vertex -31.4179744720459 -6.031159400939941 11.5
vertex -32.265071868896484 -8.210721015930176 7.5
vertex -30.2047061920166 -8.656481742858887 7.5
endloop
endfacet
facet normal -0.18312771935991667 -0.8464420718864776 0.5000000573425594
outer loop
vertex -31.4179744720459 -6.031159400939941 11.5
vertex -30.2047061920166 -8.656481742858887 7.5
vertex -30.18382453918457 -6.298167705535889 11.5
endloop
endfacet
facet normal 0.16811100191516495 -0.8495520425864791 0.5000000179722204
outer loop
vertex -30.18382453918457 -6.298167705535889 11.5
vertex -30.2047061920166 -8.656481742858887 7.5
vertex -26.22154998779297 -7.868287086486816 7.5
endloop
endfacet
facet normal 0.1681110182434318 -0.849552032228934 0.5000000300808439
outer loop
vertex -30.18382453918457 -6.298167705535889 11.5
vertex -26.22154998779297 -7.868287086486816 7.5
vertex -26.669845581054688 -5.602814674377441 11.5
endloop
endfacet
facet normal -0.22435727520350798 -0.8373116191270069 0.49857102356451455
outer loop
vertex -25.820526123046875 -5.593970775604248 11.5
vertex -26.22154998779297 -7.868287086486816 7.5
vertex -25.43168830871582 -5.698159694671631 11.5
endloop
endfacet
facet normal -0.36634600498858466 -0.7856319407619922 0.4985710162890033
outer loop
vertex -25.43168830871582 -5.698159694671631 11.5
vertex -26.22154998779297 -7.868287086486816 7.5
vertex -25.066848754882812 -5.868287086486816 11.5
endloop
endfacet
facet normal -0.49720473199081844 -0.7100805607931531 0.49857100965621703
outer loop
vertex -25.066848754882812 -5.868287086486816 11.5
vertex -26.22154998779297 -7.868287086486816 7.5
vertex -24.756877899169922 -6.085331439971924 11.5
endloop
endfacet
facet normal -0.07555017855690743 -0.8635503080783333 0.49857099387934223
outer loop
vertex -26.22154998779297 -5.5588860511779785 11.5
vertex -26.22154998779297 -7.868287086486816 7.5
vertex -25.820526123046875 -5.593970775604248 11.5
endloop
endfacet
facet normal 0.0755505358391461 -0.8635502846348804 0.49857098034425856
outer loop
vertex -26.62257194519043 -5.593970775604248 11.5
vertex -26.22154998779297 -7.868287086486816 7.5
vertex -26.22154998779297 -5.5588860511779785 11.5
endloop
endfacet
facet normal 0.15925438868609285 -0.8512686738739011 0.49997968415245503
outer loop
vertex -26.669845581054688 -5.602814674377441 11.5
vertex -26.22154998779297 -7.868287086486816 7.5
vertex -26.62257194519043 -5.593970775604248 11.5
endloop
endfacet
facet normal -0.5498407175398558 -0.6693254714647885 0.49967849521837066
outer loop
vertex -26.22154998779297 -7.868287086486816 7.5
vertex -24.395442962646484 -9.368406295776367 7.5
vertex -24.756877899169922 -6.085331439971924 11.5
endloop
endfacet
facet normal -0.5498407175398558 -0.6693254714647885 0.49967849521837066
outer loop
vertex -24.756877899169922 -6.085331439971924 11.5
vertex -24.395442962646484 -9.368406295776367 7.5
vertex -22.930770874023438 -7.585450649261475 11.5
endloop
endfacet
facet normal -0.8635488819329664 -0.07556450668073265 0.4985712926376941
outer loop
vertex -22.12112808227539 -8.96738338470459 11.5
vertex -24.395442962646484 -9.368406295776367 7.5
vertex -22.086042404174805 -9.368341445922852 11.5
endloop
endfacet
facet normal -0.8373118928645694 -0.22435679828771266 0.49857077845541486
outer loop
vertex -22.225317001342773 -8.578544616699219 11.5
vertex -24.395442962646484 -9.368406295776367 7.5
vertex -22.12112808227539 -8.96738338470459 11.5
endloop
endfacet
facet normal -0.6070329658336724 -0.6190940711161463 0.4982303779377683
outer loop
vertex -22.930770874023438 -7.585450649261475 11.5
vertex -24.395442962646484 -9.368406295776367 7.5
vertex -22.626338958740234 -7.883951663970947 11.5
endloop
endfacet
facet normal -0.7856328259740905 -0.36634429496346466 0.49857087790973764
outer loop
vertex -22.395442962646484 -8.213706016540527 11.5
vertex -24.395442962646484 -9.368406295776367 7.5
vertex -22.225317001342773 -8.578544616699219 11.5
endloop
endfacet
facet normal -0.7100815223694804 -0.4972033853007965 0.49857098314569886
outer loop
vertex -24.395442962646484 -9.368406295776367 7.5
vertex -22.395442962646484 -8.213706016540527 11.5
vertex -22.626338958740234 -7.883951663970947 11.5
endloop
endfacet
facet normal -0.8660253342586914 -0.000024127194023864207 0.5000001198399859
outer loop
vertex -24.39466094970703 -37.37857437133789 7.5
vertex -24.394012451171875 -60.6558837890625 7.5
vertex -22.08462142944336 -60.2684440612793 11.5
endloop
endfacet
facet normal -0.8660254613152027 -0.00002417847386054193 0.49999989976918163
outer loop
vertex -24.395442962646484 -9.368406295776367 7.5
vertex -24.39466094970703 -37.37857437133789 7.5
vertex -22.08462142944336 -60.2684440612793 11.5
endloop
endfacet
facet normal -0.8660254519509981 -0.000024176774127752065 0.49999991598854604
outer loop
vertex -24.395442962646484 -9.368406295776367 7.5
vertex -22.08462142944336 -60.2684440612793 11.5
vertex -22.086042404174805 -9.368341445922852 11.5
endloop
endfacet
facet normal -0.8186171438537846 -0.28260555497289974 0.5000000720871264
outer loop
vertex -24.394012451171875 -60.6558837890625 7.5
vertex -23.660701751708984 -62.78004837036133 7.5
vertex -21.638164520263672 -61.561683654785156 11.5
endloop
endfacet
facet normal -0.8186170809373554 -0.2826059870052485 0.4999999309063878
outer loop
vertex -22.08462142944336 -60.2684440612793 11.5
vertex -24.394012451171875 -60.6558837890625 7.5
vertex -21.638164520263672 -61.561683654785156 11.5
endloop
endfacet
facet normal -0.6325132182024558 -0.5915461894718764 0.5000001345204577
outer loop
vertex -21.638164520263672 -61.561683654785156 11.5
vertex -23.660701751708984 -62.78004837036133 7.5
vertex -19.216596603393555 -64.15095520019531 11.5
endloop
endfacet
facet normal -0.6325133198181268 -0.5915459021631551 0.5000003458865114
outer loop
vertex -23.660701751708984 -62.78004837036133 7.5
vertex -20.563852310180664 -66.09136962890625 7.5
vertex -19.216596603393555 -64.15095520019531 11.5
endloop
endfacet
facet normal -0.33321225023762385 -0.7993553166907352 0.5000006739693792
outer loop
vertex -19.216596603393555 -64.15095520019531 11.5
vertex -20.563852310180664 -66.09136962890625 7.5
vertex -17.338363647460938 -64.93389892578125 11.5
endloop
endfacet
facet normal -0.3332096869495568 -0.7993573161794872 0.4999991855926422
outer loop
vertex -20.563852310180664 -66.09136962890625 7.5
vertex -17.800430297851562 -67.24329376220703 7.5
vertex -17.338363647460938 -64.93389892578125 11.5
endloop
endfacet
facet normal -9.549288917252755e-8 -0.8660256133547735 -0.4999996370133474
outer loop
vertex -17.800430297851562 -67.24329376220703 -2.700000047683716
vertex 5.705991744995117 -65.94425964355469 -4.949999809265137
vertex 5.820172309875488 -66.27567291259766 -4.375974655151367
endloop
endfacet
facet normal 3.812022250515533e-7 -0.8660150070314689 -0.5000180072718777
outer loop
vertex 19.205991744995117 -66.81028747558594 -3.450000047683716
vertex 19.780017852783203 -66.7443618774414 -3.564180612564087
vertex 81.01859283447266 -67.24329376220703 -2.700000047683716
endloop
endfacet
facet normal -2.968207985317091e-8 -0.8660276150715533 -0.49999616991880697
outer loop
vertex 19.780017852783203 -66.7443618774414 -3.564180612564087
vertex 20.266651153564453 -66.55663299560547 -3.8893399238586426
vertex 81.01859283447266 -67.24329376220703 -2.700000047683716
endloop
endfacet
facet normal -2.9151624178053263e-7 -0.8660244170743899 -0.5000017090279574
outer loop
vertex -17.800430297851562 -67.24329376220703 -2.700000047683716
vertex 5.820172309875488 -66.27567291259766 -4.375974655151367
vertex 6.145331859588623 -66.55663299560547 -3.8893399238586426
endloop
endfacet
facet normal 2.6990918910389847e-8 -0.8660257320586809 -0.4999994314119016
outer loop
vertex 81.01859283447266 -67.24329376220703 -2.700000047683716
vertex 20.705991744995117 -65.94425964355469 -4.949999809265137
vertex 80.72803497314453 -65.51124572753906 -5.699999809265137
endloop
endfacet
facet normal -6.977437619852798e-8 -0.8660257297005101 -0.49999943549637543
outer loop
vertex -17.800430297851562 -67.24329376220703 -2.700000047683716
vertex -17.453880310058594 -65.51124572753906 -5.699999809265137
vertex 5.705991744995117 -65.94425964355469 -4.949999809265137
endloop
endfacet
facet normal 0 -0.866028611414061 -0.49999444418136624
outer loop
vertex 81.01859283447266 -67.24329376220703 -2.700000047683716
vertex 7.205991744995117 -66.81028747558594 -3.450000047683716
vertex 19.205991744995117 -66.81028747558594 -3.450000047683716
endloop
endfacet
facet normal 0 -0.866028611414061 -0.49999444418136624
outer loop
vertex -17.800430297851562 -67.24329376220703 -2.700000047683716
vertex 7.205991744995117 -66.81028747558594 -3.450000047683716
vertex 81.01859283447266 -67.24329376220703 -2.700000047683716
endloop
endfacet
facet normal 1.171834051169729e-7 -0.8660243666344695 -0.5000017963921252
outer loop
vertex 20.266651153564453 -66.55663299560547 -3.8893399238586426
vertex 20.59181022644043 -66.27567291259766 -4.375974655151367
vertex 81.01859283447266 -67.24329376220703 -2.700000047683716
endloop
endfacet
facet normal 3.7646943469077844e-8 -0.8660256083724496 -0.4999996456430016
outer loop
vertex 20.59181022644043 -66.27567291259766 -4.375974655151367
vertex 20.705991744995117 -65.94425964355469 -4.949999809265137
vertex 81.01859283447266 -67.24329376220703 -2.700000047683716
endloop
endfacet
facet normal 0 -0.8660247967225231 -0.500001051460607
outer loop
vertex -17.453880310058594 -65.51124572753906 -5.699999809265137
vertex 5.705991744995117 -65.51124572753906 -5.699999809265137
vertex 5.705991744995117 -65.94425964355469 -4.949999809265137
endloop
endfacet
facet normal -8.687674306344764e-7 -0.86601606843522 -0.5000161689498148
outer loop
vertex -17.800430297851562 -67.24329376220703 -2.700000047683716
vertex 6.631966590881348 -66.7443618774414 -3.564180612564087
vertex 7.205991744995117 -66.81028747558594 -3.450000047683716
endloop
endfacet
facet normal 0 -0.8660247967225231 -0.5000010514606071
outer loop
vertex 20.705991744995117 -65.94425964355469 -4.949999809265137
vertex 20.705991744995117 -65.51124572753906 -5.699999809265137
vertex 80.72803497314453 -65.51124572753906 -5.699999809265137
endloop
endfacet
facet normal 7.214865391374333e-8 -0.8660275875512319 -0.49999621758588153
outer loop
vertex -17.800430297851562 -67.24329376220703 -2.700000047683716
vertex 6.145331859588623 -66.55663299560547 -3.8893399238586426
vertex 6.631966590881348 -66.7443618774414 -3.564180612564087
endloop
endfacet
facet normal 0.28260609788433866 -0.8186173753366255 -0.49999938623518553
outer loop
vertex 81.01859283447266 -67.24329376220703 -2.700000047683716
vertex 80.72803497314453 -65.51124572753906 -5.699999809265137
vertex 81.37128448486328 -67.12153625488281 -2.700000047683716
endloop
endfacet
facet normal 0.2826055030609286 -0.8186174426348353 -0.4999996122535313
outer loop
vertex 81.37128448486328 -67.12153625488281 -2.700000047683716
vertex 82.22905731201172 -64.99305725097656 -5.699999809265137
vertex 83.14276885986328 -66.50997924804688 -2.700000047683716
endloop
endfacet
facet normal 0.2826061124610712 -0.8186173701091883 -0.49999938655478005
outer loop
vertex 82.22905731201172 -64.99305725097656 -5.699999809265137
vertex 81.37128448486328 -67.12153625488281 -2.700000047683716
vertex 80.72803497314453 -65.51124572753906 -5.699999809265137
endloop
endfacet
facet normal 0.5914993543886299 -0.6325571748717088 -0.4999999342761521
outer loop
vertex 83.14276885986328 -66.50997924804688 -2.700000047683716
vertex 82.22905731201172 -64.99305725097656 -5.699999809265137
vertex 85.21257019042969 -64.57452392578125 -2.700000047683716
endloop
endfacet
facet normal 0.5914989910850504 -0.6325568717694806 -0.5000007475220174
outer loop
vertex 82.22905731201172 -64.99305725097656 -5.699999809265137
vertex 85.04277801513672 -62.361968994140625 -5.699999809265137
vertex 86.4583740234375 -63.40958786010742 -2.700000047683716
endloop
endfacet
facet normal 0.5914983552688344 -0.6325591076841582 -0.49999867099831885
outer loop
vertex 85.21257019042969 -64.57452392578125 -2.700000047683716
vertex 82.22905731201172 -64.99305725097656 -5.699999809265137
vertex 86.4583740234375 -63.40958786010742 -2.700000047683716
endloop
endfacet
facet normal 0.777808511474556 -0.3808053921020795 -0.5000011728223415
outer loop
vertex 86.53498840332031 -63.25310516357422 -2.700000047683716
vertex 85.04277801513672 -62.361968994140625 -5.699999809265137
vertex 87.44975280761719 -61.384666442871094 -2.700000047683716
endloop
endfacet
facet normal 0.7778081496838257 -0.38080734940883015 -0.5000002449215848
outer loop
vertex 85.04277801513672 -62.361968994140625 -5.699999809265137
vertex 85.7183609008789 -60.98207473754883 -5.699999809265137
vertex 87.44975280761719 -61.384666442871094 -2.700000047683716
endloop
endfacet
facet normal 0.7778036119869302 -0.3808148934239903 -0.5000015581241322
outer loop
vertex 86.4583740234375 -63.40958786010742 -2.700000047683716
vertex 85.04277801513672 -62.361968994140625 -5.699999809265137
vertex 86.53498840332031 -63.25310516357422 -2.700000047683716
endloop
endfacet
facet normal 0.8660243091251711 -0.0014258201486964709 -0.4999998630411546
outer loop
vertex 87.5694808959961 11.340836524963379 -2.700000047683716
vertex 85.8734130859375 33.197391510009766 -5.699999809265137
vertex 87.60591125488281 33.46815490722656 -2.700000047683716
endloop
endfacet
facet normal 0.8660244438059821 -0.0014257776952494863 -0.4999996298883661
outer loop
vertex 87.5694808959961 11.340836524963379 -2.700000047683716
vertex 85.7183609008789 -60.98207473754883 -5.699999809265137
vertex 85.8734130859375 33.197391510009766 -5.699999809265137
endloop
endfacet
facet normal 0.8660240205814622 -0.0014257364506683797 -0.5000003630513604
outer loop
vertex 87.44975280761719 -61.384666442871094 -2.700000047683716
vertex 85.7183609008789 -60.98207473754883 -5.699999809265137
vertex 87.5694808959961 11.340836524963379 -2.700000047683716
endloop
endfacet
facet normal 0.8242934042197099 0.2655963498720554 -0.49999896269344685
outer loop
vertex 85.41719055175781 34.613304138183594 -5.699999809265137
vertex 86.95947265625 35.47439956665039 -2.700000047683716
vertex 85.8734130859375 33.197391510009766 -5.699999809265137
endloop
endfacet
facet normal 0.824292393172808 0.26559792545907507 -0.49999979254923743
outer loop
vertex 87.60591125488281 33.46815490722656 -2.700000047683716
vertex 85.8734130859375 33.197391510009766 -5.699999809265137
vertex 86.95947265625 35.47439956665039 -2.700000047683716
endloop
endfacet
facet normal 0.6586104529202534 0.5623446450160086 -0.5000007715254028
outer loop
vertex 85.41719055175781 34.613304138183594 -5.699999809265137
vertex 82.96792602539062 37.481849670410156 -5.699999809265137
vertex 84.0694580078125 38.85915756225586 -2.700000047683716
endloop
endfacet
facet normal 0.6586121029029304 0.56234408117181 -0.49999923228022336
outer loop
vertex 86.95947265625 35.47439956665039 -2.700000047683716
vertex 85.41719055175781 34.613304138183594 -5.699999809265137
vertex 84.0694580078125 38.85915756225586 -2.700000047683716
endloop
endfacet
facet normal 0.4038403096856952 0.7661024734575275 -0.5000000044352201
outer loop
vertex 82.96792602539062 37.481849670410156 -5.699999809265137
vertex 81.52617645263672 38.24184799194336 -5.699999809265137
vertex 81.96479034423828 39.96860122680664 -2.700000047683716
endloop
endfacet
facet normal 0.40383902490746804 0.7661028790236218 -0.5000004207133262
outer loop
vertex 84.0694580078125 38.85915756225586 -2.700000047683716
vertex 82.96792602539062 37.481849670410156 -5.699999809265137
vertex 83.12570190429688 39.35664367675781 -2.700000047683716
endloop
endfacet
facet normal 0.40383977120178605 0.7661025813999086 -0.5000002739680105
outer loop
vertex 83.12570190429688 39.35664367675781 -2.700000047683716
vertex 82.96792602539062 37.481849670410156 -5.699999809265137
vertex 81.96479034423828 39.96860122680664 -2.700000047683716
endloop
endfacet
facet normal 0.010718489437315997 0.8659586804270374 -0.5000006777767869
outer loop
vertex 81.96479034423828 39.96860122680664 -2.700000047683716
vertex 58.67913055419922 38.524635314941406 -5.699999809265137
vertex 58.42033767700195 40.26002502441406 -2.700000047683716
endloop
endfacet
facet normal 0.010718334955963528 0.8659592236934085 -0.49999974019601356
outer loop
vertex 81.52617645263672 38.24184799194336 -5.699999809265137
vertex 58.67913055419922 38.524635314941406 -5.699999809265137
vertex 81.96479034423828 39.96860122680664 -2.700000047683716
endloop
endfacet
facet normal -0.2629076254146302 0.8251538309964123 -0.5000007356902437
outer loop
vertex 58.67913055419922 38.524635314941406 -5.699999809265137
vertex 57.25505065917969 38.070899963378906 -5.699999809265137
vertex 58.42033767700195 40.26002502441406 -2.700000047683716
endloop
endfacet
facet normal -0.2629088546613451 0.8251537600378284 -0.5000002064360508
outer loop
vertex 58.42033767700195 40.26002502441406 -2.700000047683716
vertex 57.25505065917969 38.070899963378906 -5.699999809265137
vertex 56.39659118652344 39.6152229309082 -2.700000047683716
endloop
endfacet
facet normal -0.5620342681446754 0.6588759870713489 -0.4999999150918275
outer loop
vertex 57.25505065917969 38.070899963378906 -5.699999809265137
vertex 54.38847732543945 35.62565612792969 -5.699999809265137
vertex 53.01642990112305 36.731876373291016 -2.700000047683716
endloop
endfacet
facet normal -0.5620343815228751 0.658875656992669 -0.5000002226086284
outer loop
vertex 57.25505065917969 38.070899963378906 -5.699999809265137
vertex 53.01642990112305 36.731876373291016 -2.700000047683716
vertex 56.39659118652344 39.6152229309082 -2.700000047683716
endloop
endfacet
facet normal -0.7627915880765631 0.41063414201727466 -0.4995283721365299
outer loop
vertex 54.38847732543945 35.62565612792969 -5.699999809265137
vertex 52.98778533935547 33.023738861083984 -5.699999809265137
vertex 52.07481384277344 34.97724914550781 -2.700000047683716
endloop
endfacet
facet normal -0.7635132531113387 0.40973605005158503 -0.49916318134600607
outer loop
vertex 52.07481384277344 34.97724914550781 -2.700000047683716
vertex 52.98778533935547 33.023738861083984 -5.699999809265137
vertex 51.46501159667969 33.84092712402344 -2.700000047683716
endloop
endfacet
facet normal -0.7630875553608958 0.40950891715180104 -0.4999998296264621
outer loop
vertex 52.07481384277344 34.97724914550781 -2.700000047683716
vertex 53.01642990112305 36.731876373291016 -2.700000047683716
vertex 54.38847732543945 35.62565612792969 -5.699999809265137
endloop
endfacet
facet normal -0.49719643910329975 0.7100864770463938 -0.49857085359940556
outer loop
vertex 52.57835388183594 32.51409912109375 -5.699999809265137
vertex 52.35313034057617 32.35639953613281 -5.699999809265137
vertex 51.46501159667969 33.84092712402344 -2.700000047683716
endloop
endfacet
facet normal -0.7856238393167977 0.3663626246462492 -0.4985715699470297
outer loop
vertex 52.98778533935547 33.023738861083984 -5.699999809265137
vertex 52.96501159667969 32.97490310668945 -5.699999809265137
vertex 51.46501159667969 33.84092712402344 -2.700000047683716
endloop
endfacet
facet normal -0.7100803781237277 0.4972052203434221 -0.49857078280512285
outer loop
vertex 52.96501159667969 32.97490310668945 -5.699999809265137
vertex 52.791839599609375 32.72758865356445 -5.699999809265137
vertex 51.46501159667969 33.84092712402344 -2.700000047683716
endloop
endfacet
facet normal -0.6129602060058744 0.612949253442558 -0.49857095639181237
outer loop
vertex 52.791839599609375 32.72758865356445 -5.699999809265137
vertex 52.57835388183594 32.51409912109375 -5.699999809265137
vertex 51.46501159667969 33.84092712402344 -2.700000047683716
endloop
endfacet
facet normal -0.44576750866228565 0.7428027141053707 -0.499535240136984
outer loop
vertex 52.35313034057617 32.35639953613281 -5.699999809265137
vertex 51.14553451538086 31.631702423095703 -5.699999809265137
vertex 51.46501159667969 33.84092712402344 -2.700000047683716
endloop
endfacet
facet normal -0.44462185898022943 0.7432069069033288 -0.4999548940136019
outer loop
vertex 51.46501159667969 33.84092712402344 -2.700000047683716
vertex 51.14553451538086 31.631702423095703 -5.699999809265137
vertex 51.07314682006836 33.60649490356445 -2.700000047683716
endloop
endfacet
facet normal -0.4446228571053784 0.7432064818116295 -0.49995463827494424
outer loop
vertex 50.279510498046875 33.1317024230957 -2.700000047683716
vertex 51.07314682006836 33.60649490356445 -2.700000047683716
vertex 51.14553451538086 31.631702423095703 -5.699999809265137
endloop
endfacet
facet normal -0.22435243301941413 0.8373129833968557 -0.4985709113389251
outer loop
vertex 50.87190628051758 31.504106521606445 -5.699999809265137
vertex 50.58027648925781 31.425966262817383 -5.699999809265137
vertex 50.279510498046875 33.1317024230957 -2.700000047683716
endloop
endfacet
facet normal -0.36634843235906434 0.7856308370514578 -0.4985709718604579
outer loop
vertex 51.14553451538086 31.631702423095703 -5.699999809265137
vertex 50.87190628051758 31.504106521606445 -5.699999809265137
vertex 50.279510498046875 33.1317024230957 -2.700000047683716
endloop
endfacet
facet normal -0.07555134312220481 0.8635503185165433 -0.4985707993278461
outer loop
vertex 50.58027648925781 31.425966262817383 -5.699999809265137
vertex 50.279510498046875 31.3996524810791 -5.699999809265137
vertex 50.279510498046875 33.1317024230957 -2.700000047683716
endloop
endfacet
facet normal 0 0.8660254947720967 -0.49999984240472023
outer loop
vertex 50.279510498046875 31.3996524810791 -5.699999809265137
vertex 20.66629981994629 31.3996524810791 -5.699999809265137
vertex 20.39405632019043 33.1317024230957 -2.700000047683716
endloop
endfacet
facet normal 0 0.8660254947720967 -0.49999984240472023
outer loop
vertex 50.279510498046875 31.3996524810791 -5.699999809265137
vertex 20.39405632019043 33.1317024230957 -2.700000047683716
vertex 50.279510498046875 33.1317024230957 -2.700000047683716
endloop
endfacet
facet normal -0.2656769661300974 0.8242667016204449 -0.500000154267636
outer loop
vertex 18.388307571411133 32.485206604003906 -2.700000047683716
vertex 19.147438049316406 32.729888916015625 -2.700000047683716
vertex 19.24946403503418 30.942974090576172 -5.699999809265137
endloop
endfacet
facet normal -0.2656797364913894 0.8242660036939882 -0.49999983277218013
outer loop
vertex 20.39405632019043 33.1317024230957 -2.700000047683716
vertex 19.24946403503418 30.942974090576172 -5.699999809265137
vertex 19.147438049316406 32.729888916015625 -2.700000047683716
endloop
endfacet
facet normal -0.265679676949823 0.8242660074453058 -0.499999858225993
outer loop
vertex 20.66629981994629 31.3996524810791 -5.699999809265137
vertex 19.24946403503418 30.942974090576172 -5.699999809265137
vertex 20.39405632019043 33.1317024230957 -2.700000047683716
endloop
endfacet
facet normal -0.5623388019978892 0.6586158701430088 -0.500000207363303
outer loop
vertex 19.24946403503418 30.942974090576172 -5.699999809265137
vertex 15.004552841186523 29.596092224121094 -2.700000047683716
vertex 18.388307571411133 32.485206604003906 -2.700000047683716
endloop
endfacet
facet normal -0.5623388324336128 0.65861578112003 -0.5000002903967694
outer loop
vertex 19.24946403503418 30.942974090576172 -5.699999809265137
vertex 16.38146209716797 28.494218826293945 -5.699999809265137
vertex 15.004552841186523 29.596092224121094 -2.700000047683716
endloop
endfacet
facet normal -0.7658684705637241 0.40428559779981416 -0.4999986412061827
outer loop
vertex 16.38146209716797 28.494218826293945 -5.699999809265137
vertex 13.895100593566895 27.494356155395508 -2.700000047683716
vertex 13.952506065368652 27.603103637695312 -2.700000047683716
endloop
endfacet
facet normal -0.7658690793553763 0.40428257418388097 -0.5000001534985796
outer loop
vertex 16.38146209716797 28.494218826293945 -5.699999809265137
vertex 15.618807792663574 27.049453735351562 -5.699999809265137
vertex 13.895100593566895 27.494356155395508 -2.700000047683716
endloop
endfacet
facet normal -0.76586917103827 0.40428239156858964 -0.5000001607207087
outer loop
vertex 13.952506065368652 27.603103637695312 -2.700000047683716
vertex 15.004552841186523 29.596092224121094 -2.700000047683716
vertex 16.38146209716797 28.494218826293945 -5.699999809265137
endloop
endfacet
facet normal -0.8658608265926099 0.016878047261328175 -0.500000160492981
outer loop
vertex 13.71375846862793 18.19136619567871 -2.700000047683716
vertex 13.800572395324707 22.645008087158203 -2.700000047683716
vertex 15.618807792663574 27.049453735351562 -5.699999809265137
endloop
endfacet
facet normal -0.8658609210965142 0.016878201285585485 -0.49999999163925907
outer loop
vertex 13.895100593566895 27.494356155395508 -2.700000047683716
vertex 15.618807792663574 27.049453735351562 -5.699999809265137
vertex 13.800572395324707 22.645008087158203 -2.700000047683716
endloop
endfacet
facet normal -0.8661832997749015 0.017139684772673424 -0.4994324002274548
outer loop
vertex 15.44286060333252 18.15766143798828 -5.699999809265137
vertex 13.71375846862793 18.19136619567871 -2.700000047683716
vertex 15.618807792663574 27.049453735351562 -5.699999809265137
endloop
endfacet
facet normal -0.36634737294731345 0.7856313032977273 -0.49857101561694944
outer loop
vertex 14.57978343963623 16.69136619567871 -5.699999809265137
vertex 14.306154251098633 16.563770294189453 -5.699999809265137
vertex 13.71375846862793 18.19136619567871 -2.700000047683716
endloop
endfacet
facet normal -0.8635502234359189 0.07555093085953239 -0.49857102648472523
outer loop
vertex 15.44286060333252 18.15766143798828 -5.699999809265137
vertex 15.419495582580566 17.89059829711914 -5.699999809265137
vertex 13.71375846862793 18.19136619567871 -2.700000047683716
endloop
endfacet
facet normal -0.837311217716565 0.22435890356664914 -0.4985709649351577
outer loop
vertex 15.419495582580566 17.89059829711914 -5.699999809265137
vertex 15.341353416442871 17.598970413208008 -5.699999809265137
vertex 13.71375846862793 18.19136619567871 -2.700000047683716
endloop
endfacet
facet normal -0.785632867218771 0.3663440872564705 -0.49857096553834396
outer loop
vertex 15.341353416442871 17.598970413208008 -5.699999809265137
vertex 15.21375846862793 17.325340270996094 -5.699999809265137
vertex 13.71375846862793 18.19136619567871 -2.700000047683716
endloop
endfacet
facet normal -0.7100802662111463 0.49720514198113885 -0.49857102034216044
outer loop
vertex 15.21375846862793 17.325340270996094 -5.699999809265137
vertex 15.040586471557617 17.078025817871094 -5.699999809265137
vertex 13.71375846862793 18.19136619567871 -2.700000047683716
endloop
endfacet
facet normal -0.6129547297436626 0.6129547297436626 -0.49857095640414817
outer loop
vertex 15.040586471557617 17.078025817871094 -5.699999809265137
vertex 14.827098846435547 16.864538192749023 -5.699999809265137
vertex 13.71375846862793 18.19136619567871 -2.700000047683716
endloop
endfacet
facet normal -0.4972038750605508 0.7100811950148559 -0.4985709609584641
outer loop
vertex 14.827098846435547 16.864538192749023 -5.699999809265137
vertex 14.57978343963623 16.69136619567871 -5.699999809265137
vertex 13.71375846862793 18.19136619567871 -2.700000047683716
endloop
endfacet
facet normal -0.2893756358703348 0.8164039344895051 -0.4997462927473254
outer loop
vertex 14.306154251098633 16.563770294189453 -5.699999809265137
vertex 11.032844543457031 15.40354061126709 -5.699999809265137
vertex 10.454058647155762 17.03478240966797 -2.700000047683716
endloop
endfacet
facet normal -0.2895911866939483 0.8161795773734178 -0.4999878419199209
outer loop
vertex 10.454058647155762 17.03478240966797 -2.700000047683716
vertex 12.260274887084961 17.67565155029297 -2.700000047683716
vertex 14.306154251098633 16.563770294189453 -5.699999809265137
endloop
endfacet
facet normal -0.2895910326592926 0.816179674357552 -0.4999877728194212
outer loop
vertex 13.71375846862793 18.19136619567871 -2.700000047683716
vertex 14.306154251098633 16.563770294189453 -5.699999809265137
vertex 12.260274887084961 17.67565155029297 -2.700000047683716
endloop
endfacet
facet normal -0.22435535569159543 0.8373122362812422 -0.49857085087899305
outer loop
vertex 10.754825592041016 15.329046249389648 -5.699999809265137
vertex 10.454058647155762 17.03478240966797 -2.700000047683716
vertex 11.032844543457031 15.40354061126709 -5.699999809265137
endloop
endfacet
facet normal -0.07555110493077777 0.8635503341459083 -0.49857080835146034
outer loop
vertex 10.454058647155762 15.302732467651367 -5.699999809265137
vertex 10.454058647155762 17.03478240966797 -2.700000047683716
vertex 10.754825592041016 15.329046249389648 -5.699999809265137
endloop
endfacet
facet normal 0.07555086674084832 0.8635503497751255 -0.4985708173749893
outer loop
vertex 10.153290748596191 15.329046249389648 -5.699999809265137
vertex 10.454058647155762 17.03478240966797 -2.700000047683716
vertex 10.454058647155762 15.302732467651367 -5.699999809265137
endloop
endfacet
facet normal 0.497205701178595 0.710079892507332 -0.49857099491674933
outer loop
vertex 9.588032722473145 15.534782409667969 -5.699999809265137
vertex 9.340717315673828 15.707955360412598 -5.699999809265137
vertex 10.454058647155762 17.03478240966797 -2.700000047683716
endloop
endfacet
facet normal 0.6129547297436626 0.6129547297436626 -0.49857095640414817
outer loop
vertex 9.340717315673828 15.707955360412598 -5.699999809265137
vertex 9.131250381469727 15.9174222946167 -5.699999809265137
vertex 10.454058647155762 17.03478240966797 -2.700000047683716
endloop
endfacet
facet normal 0.2243556751961944 0.8373121263485394 -0.4985708917264899
outer loop
vertex 10.153290748596191 15.329046249389648 -5.699999809265137
vertex 9.861661911010742 15.407187461853027 -5.699999809265137
vertex 10.454058647155762 17.03478240966797 -2.700000047683716
endloop
endfacet
facet normal 0.36634512538757763 0.7856323553648484 -0.4985710092942035
outer loop
vertex 9.861661911010742 15.407187461853027 -5.699999809265137
vertex 9.588032722473145 15.534782409667969 -5.699999809265137
vertex 10.454058647155762 17.03478240966797 -2.700000047683716
endloop
endfacet
facet normal 0.6615307799193483 0.5589515163637583 -0.4999502270966121
outer loop
vertex 9.131250381469727 15.9174222946167 -5.699999809265137
vertex 6.961771011352539 18.48504638671875 -5.699999809265137
vertex 9.309927940368652 18.3892822265625 -2.700000047683716
endloop
endfacet
facet normal 0.6615898399998846 0.5588369824752206 -0.5000001106269047
outer loop
vertex 9.309927940368652 18.3892822265625 -2.700000047683716
vertex 6.961771011352539 18.48504638671875 -5.699999809265137
vertex 8.067583084106445 19.860055923461914 -2.700000047683716
endloop
endfacet
facet normal 0.6616360799338326 0.5588765286850476 -0.4998947123292486
outer loop
vertex 10.454058647155762 17.03478240966797 -2.700000047683716
vertex 9.131250381469727 15.9174222946167 -5.699999809265137
vertex 9.309927940368652 18.3892822265625 -2.700000047683716
endloop
endfacet
facet normal 0.40392078806595305 0.7660599926777829 -0.5000000845866875
outer loop
vertex 6.961771011352539 18.48504638671875 -5.699999809265137
vertex 5.522504806518555 19.243928909301758 -5.699999809265137
vertex 5.96484899520874 20.968765258789062 -2.700000047683716
endloop
endfacet
facet normal 0.40392072574012966 0.7660600052361388 -0.5000001156951603
outer loop
vertex 8.067583084106445 19.860055923461914 -2.700000047683716
vertex 6.961771011352539 18.48504638671875 -5.699999809265137
vertex 5.96484899520874 20.968765258789062 -2.700000047683716
endloop
endfacet
facet normal 0.014605196704656804 0.8659021959590767 -0.5000000752624614
outer loop
vertex 5.522504806518555 19.243928909301758 -5.699999809265137
vertex -7.997774600982666 21.204273223876953 -2.700000047683716
vertex 5.96484899520874 20.968765258789062 -2.700000047683716
endloop
endfacet
facet normal 0.01475752688448267 0.8661879985633959 -0.4995003168617533
outer loop
vertex 5.522504806518555 19.243928909301758 -5.699999809265137
vertex -8.026946067810059 19.474775314331055 -5.699999809265137
vertex -7.997774600982666 21.204273223876953 -2.700000047683716
endloop
endfacet
facet normal 0.4972059919390092 0.7100797392663736 -0.49857092320285257
outer loop
vertex -8.863800048828125 19.704273223876953 -5.699999809265137
vertex -9.095579147338867 19.866567611694336 -5.699999809265137
vertex -7.997774600982666 21.204273223876953 -2.700000047683716
endloop
endfacet
facet normal 0.3663429097259037 0.7856334758540572 -0.49857087170334297
outer loop
vertex -8.590170860290527 19.576679229736328 -5.699999809265137
vertex -8.863800048828125 19.704273223876953 -5.699999809265137
vertex -7.997774600982666 21.204273223876953 -2.700000047683716
endloop
endfacet
facet normal 0.07555144012402398 0.863550292241157 -0.49857083013890646
outer loop
vertex -8.026946067810059 19.474775314331055 -5.699999809265137
vertex -8.298542022705078 19.498537063598633 -5.699999809265137
vertex -7.997774600982666 21.204273223876953 -2.700000047683716
endloop
endfacet
facet normal 0.22435824879840252 0.8373115122569198 -0.4985707649252455
outer loop
vertex -8.590170860290527 19.576679229736328 -5.699999809265137
vertex -7.997774600982666 21.204273223876953 -2.700000047683716
vertex -8.298542022705078 19.498537063598633 -5.699999809265137
endloop
endfacet
facet normal 0.5493945029889921 0.6694516070278679 -0.5000002259332325
outer loop
vertex -7.997774600982666 21.204273223876953 -2.700000047683716
vertex -10.44283390045166 20.970203399658203 -5.699999809265137
vertex -9.344045639038086 22.30910873413086 -2.700000047683716
endloop
endfacet
facet normal 0.5489208498788009 0.6700908326344892 -0.49966406373437755
outer loop
vertex -9.095579147338867 19.866567611694336 -5.699999809265137
vertex -10.44283390045166 20.970203399658203 -5.699999809265137
vertex -7.997774600982666 21.204273223876953 -2.700000047683716
endloop
endfacet
facet normal 0.7100820118997822 0.49720252978371204 -0.4985711391095905
outer loop
vertex -9.344045639038086 22.30910873413086 -2.700000047683716
vertex -10.670873641967773 21.19576644897461 -5.699999809265137
vertex -10.844045639038086 21.443082809448242 -5.699999809265137
endloop
endfacet
facet normal 0.8373120739749014 0.22435533367364557 -0.4985711333681849
outer loop
vertex -10.971641540527344 21.716711044311523 -5.699999809265137
vertex -11.032417297363281 21.943531036376953 -5.699999809265137
vertex -9.344045639038086 22.30910873413086 -2.700000047683716
endloop
endfacet
facet normal 0.7856307458191342 0.3663483898164131 -0.49857114688135756
outer loop
vertex -10.844045639038086 21.443082809448242 -5.699999809265137
vertex -10.971641540527344 21.716711044311523 -5.699999809265137
vertex -9.344045639038086 22.30910873413086 -2.700000047683716
endloop
endfacet
facet normal 0.6096734005729737 0.6163676413191601 -0.49838667254295793
outer loop
vertex -10.670873641967773 21.19576644897461 -5.699999809265137
vertex -9.344045639038086 22.30910873413086 -2.700000047683716
vertex -10.44283390045166 20.970203399658203 -5.699999809265137
endloop
endfacet
facet normal 0.8469673094258315 0.18339103588944533 -0.49901313080856297
outer loop
vertex -9.344045639038086 22.30910873413086 -2.700000047683716
vertex -11.032417297363281 21.943531036376953 -5.699999809265137
vertex -9.764411926269531 24.25051498413086 -2.700000047683716
endloop
endfacet
facet normal 0.8458105935282981 0.1855422375140229 -0.500178486116304
outer loop
vertex -11.392349243164062 23.584312438964844 -5.699999809265137
vertex -9.764411926269531 24.25051498413086 -2.700000047683716
vertex -11.032417297363281 21.943531036376953 -5.699999809265137
endloop
endfacet
facet normal 0.7320633328984817 0.4626912791777859 -0.5000000567983877
outer loop
vertex -10.352591514587402 25.18112564086914 -2.700000047683716
vertex -11.392349243164062 23.584312438964844 -5.699999809265137
vertex -11.028220176696777 26.25009536743164 -2.700000047683716
endloop
endfacet
facet normal 0.7320629977355378 0.4626915721261584 -0.5000002764298053
outer loop
vertex -11.392349243164062 23.584312438964844 -5.699999809265137
vertex -12.273287773132324 24.978118896484375 -5.699999809265137
vertex -11.028220176696777 26.25009536743164 -2.700000047683716
endloop
endfacet
facet normal 0.7320637488015594 0.4626907625383378 -0.4999999259522933
outer loop
vertex -9.764411926269531 24.25051498413086 -2.700000047683716
vertex -11.392349243164062 23.584312438964844 -5.699999809265137
vertex -10.352591514587402 25.18112564086914 -2.700000047683716
endloop
endfacet
facet normal 0.4469344572450949 0.7417879737645446 -0.5000001929052866
outer loop
vertex -12.273287773132324 24.978118896484375 -5.699999809265137
vertex -16.902999877929688 29.78970718383789 -2.700000047683716
vertex -11.028220176696777 26.25009536743164 -2.700000047683716
endloop
endfacet
facet normal 0.44693476113328856 0.7417880376800955 -0.4999998264454133
outer loop
vertex -12.273287773132324 24.978118896484375 -5.699999809265137
vertex -22.479753494262695 33.149757385253906 -2.700000047683716
vertex -16.902999877929688 29.78970718383789 -2.700000047683716
endloop
endfacet
facet normal 0.44724156412725097 0.7419708379249382 -0.49945396082719684
outer loop
vertex -22.479753494262695 33.149757385253906 -2.700000047683716
vertex -12.273287773132324 24.978118896484375 -5.699999809265137
vertex -23.37232208251953 31.6683406829834 -5.699999809265137
endloop
endfacet
facet normal 0.5948910560337637 0.6362700336528091 -0.4911874140554565
outer loop
vertex -22.479753494262695 33.149757385253906 -2.700000047683716
vertex -23.37232208251953 31.6683406829834 -5.699999809265137
vertex -23.883520126342773 32.14629364013672 -5.699999809265137
endloop
endfacet
facet normal 0.7051929517290858 0.504095454972916 -0.49858868128675793
outer loop
vertex -24.48493194580078 32.98762512207031 -5.699999809265137
vertex -23.081165313720703 33.991085052490234 -2.700000047683716
vertex -23.883520126342773 32.14629364013672 -5.699999809265137
endloop
endfacet
facet normal 0.7051916450419 0.504096806544343 -0.4985891629336662
outer loop
vertex -22.479753494262695 33.149757385253906 -2.700000047683716
vertex -23.883520126342773 32.14629364013672 -5.699999809265137
vertex -23.081165313720703 33.991085052490234 -2.700000047683716
endloop
endfacet
facet normal 0.7856308370514578 0.36634843235906434 -0.4985709718604579
outer loop
vertex -24.581165313720703 33.12506103515625 -5.699999809265137
vertex -24.70876121520996 33.39868927001953 -5.699999809265137
vertex -23.081165313720703 33.991085052490234 -2.700000047683716
endloop
endfacet
facet normal 0.7100817931110228 0.49720310299799525 -0.4985708790747805
outer loop
vertex -24.48493194580078 32.98762512207031 -5.699999809265137
vertex -24.581165313720703 33.12506103515625 -5.699999809265137
vertex -23.081165313720703 33.991085052490234 -2.700000047683716
endloop
endfacet
facet normal 0.8373126545443926 0.22435356158206998 -0.49857095577787414
outer loop
vertex -24.70876121520996 33.39868927001953 -5.699999809265137
vertex -24.769779205322266 33.62641525268555 -5.699999809265137
vertex -23.081165313720703 33.991085052490234 -2.700000047683716
endloop
endfacet
facet normal 0.8470612912843443 0.18293053909371865 -0.4990226314252499
outer loop
vertex -23.539766311645508 36.1146354675293 -2.700000047683716
vertex -24.769779205322266 33.62641525268555 -5.699999809265137
vertex -23.933204650878906 37.93645477294922 -2.700000047683716
endloop
endfacet
facet normal 0.84706106958007 0.18293092975874878 -0.4990228645457715
outer loop
vertex -23.081165313720703 33.991085052490234 -2.700000047683716
vertex -24.769779205322266 33.62641525268555 -5.699999809265137
vertex -23.539766311645508 36.1146354675293 -2.700000047683716
endloop
endfacet
facet normal 0.8462425898506579 0.18382636228647872 -0.5000813410350073
outer loop
vertex -24.769779205322266 33.62641525268555 -5.699999809265137
vertex -25.56043815612793 37.266204833984375 -5.699999809265137
vertex -23.933204650878906 37.93645477294922 -2.700000047683716
endloop
endfacet
facet normal 0.7296941753154379 0.4664186957703669 -0.5000000107465927
outer loop
vertex -23.933204650878906 37.93645477294922 -2.700000047683716
vertex -25.56043815612793 37.266204833984375 -5.699999809265137
vertex -26.438976287841797 38.64064407348633 -5.699999809265137
endloop
endfacet
facet normal 0.7296942650559587 0.4664184007974851 -0.5000001549419371
outer loop
vertex -23.933204650878906 37.93645477294922 -2.700000047683716
vertex -26.438976287841797 38.64064407348633 -5.699999809265137
vertex -25.20372772216797 39.92414093017578 -2.700000047683716
endloop
endfacet
facet normal 0.43813060002062104 0.7470217265144765 -0.5000001174408875
outer loop
vertex -26.438976287841797 38.64064407348633 -5.699999809265137
vertex -42.06535339355469 49.81353759765625 -2.700000047683716
vertex -25.20372772216797 39.92414093017578 -2.700000047683716
endloop
endfacet
facet normal 0.4381309809554847 0.7470220427857656 -0.49999931111869184
outer loop
vertex -26.438976287841797 38.64064407348633 -5.699999809265137
vertex -62.63712692260742 59.8709831237793 -5.699999809265137
vertex -42.06535339355469 49.81353759765625 -2.700000047683716
endloop
endfacet
facet normal 0.4381309588176021 0.7470219506632703 -0.4999994681525283
outer loop
vertex -62.63712692260742 59.8709831237793 -5.699999809265137
vertex -61.99945831298828 61.50495910644531 -2.700000047683716
vertex -42.06535339355469 49.81353759765625 -2.700000047683716
endloop
endfacet
facet normal 0.18368150728804405 0.8463217689908178 -0.5000005672123232
outer loop
vertex -62.63712692260742 59.8709831237793 -5.699999809265137
vertex -64.09487915039062 60.1873664855957 -5.699999809265137
vertex -64.06758117675781 61.953819274902344 -2.700000047683716
endloop
endfacet
facet normal 0.1836835619114232 0.8463218632062827 -0.49999965294245813
outer loop
vertex -64.06758117675781 61.953819274902344 -2.700000047683716
vertex -61.99945831298828 61.50495910644531 -2.700000047683716
vertex -62.63712692260742 59.8709831237793 -5.699999809265137
endloop
endfacet
facet normal -0.15744579089983093 0.851593222454661 -0.4999998063971757
outer loop
vertex -67.80888366699219 59.500709533691406 -5.699999809265137
vertex -68.4511947631836 61.14336013793945 -2.700000047683716
vertex -64.06758117675781 61.953819274902344 -2.700000047683716
endloop
endfacet
facet normal -0.15744522093405344 0.8515930116846839 -0.500000344854718
outer loop
vertex -64.09487915039062 60.1873664855957 -5.699999809265137
vertex -67.80888366699219 59.500709533691406 -5.699999809265137
vertex -64.06758117675781 61.953819274902344 -2.700000047683716
endloop
endfacet
facet normal -0.46197118059105186 0.7325179507642378 -0.500000080111465
outer loop
vertex -67.80888366699219 59.500709533691406 -5.699999809265137
vertex -69.1882095336914 58.630821228027344 -5.699999809265137
vertex -69.04102325439453 60.77137756347656 -2.700000047683716
endloop
endfacet
facet normal -0.46197135501760833 0.7325178274981038 -0.5000000995406432
outer loop
vertex -67.80888366699219 59.500709533691406 -5.699999809265137
vertex -69.04102325439453 60.77137756347656 -2.700000047683716
vertex -68.4511947631836 61.14336013793945 -2.700000047683716
endloop
endfacet
facet normal -0.4619714220947652 0.7325178537793468 -0.4999999990622399
outer loop
vertex -69.04102325439453 60.77137756347656 -2.700000047683716
vertex -69.1882095336914 58.630821228027344 -5.699999809265137
vertex -70.4674072265625 59.87181091308594 -2.700000047683716
endloop
endfacet
facet normal -0.7461882394309216 0.43954925296788044 -0.4999995655501711
outer loop
vertex -69.1882095336914 58.630821228027344 -5.699999809265137
vertex -85.6078109741211 30.756553649902344 -5.699999809265137
vertex -87.24124145507812 31.396190643310547 -2.700000047683716
endloop
endfacet
facet normal -0.7461882624315256 0.43954927403550637 -0.4999995127040425
outer loop
vertex -69.1882095336914 58.630821228027344 -5.699999809265137
vertex -87.24124145507812 31.396190643310547 -2.700000047683716
vertex -70.4674072265625 59.87181091308594 -2.700000047683716
endloop
endfacet
facet normal -0.8462457783528439 0.18403422894604346 -0.49999948519595966
outer loop
vertex -85.6078109741211 30.756553649902344 -5.699999809265137
vertex -85.92495727539062 29.2982177734375 -5.699999809265137
vertex -87.69148254394531 29.325841903686523 -2.700000047683716
endloop
endfacet
facet normal -0.8462453133606075 0.1840240315466144 -0.5000040254123341
outer loop
vertex -85.6078109741211 30.756553649902344 -5.699999809265137
vertex -87.69148254394531 29.325841903686523 -2.700000047683716
vertex -87.6734848022461 29.408605575561523 -2.700000047683716
endloop
endfacet
facet normal -0.8462456678034433 0.1840344174008162 -0.4999996029356886
outer loop
vertex -85.6078109741211 30.756553649902344 -5.699999809265137
vertex -87.6734848022461 29.408605575561523 -2.700000047683716
vertex -87.24124145507812 31.396190643310547 -2.700000047683716
endloop
endfacet
facet normal -0.8515854766605049 -0.1574835750632395 -0.5000010995249927
outer loop
vertex -85.92495727539062 29.2982177734375 -5.699999809265137
vertex -85.23787689208984 25.582860946655273 -5.699999809265137
vertex -86.8803939819336 24.939876556396484 -2.700000047683716
endloop
endfacet
facet normal -0.8515870301523256 -0.15748179843983348 -0.499999013235524
outer loop
vertex -85.92495727539062 29.2982177734375 -5.699999809265137
vertex -86.8803939819336 24.939876556396484 -2.700000047683716
vertex -87.49684143066406 28.273332595825195 -2.700000047683716
endloop
endfacet
facet normal -0.8515862893421293 -0.15748431123085077 -0.4999994835203808
outer loop
vertex -85.92495727539062 29.2982177734375 -5.699999809265137
vertex -87.49684143066406 28.273332595825195 -2.700000047683716
vertex -87.69148254394531 29.325841903686523 -2.700000047683716
endloop
endfacet
facet normal -0.7321805562051549 -0.46250487806476226 -0.500000870880651
outer loop
vertex -85.23787689208984 25.582860946655273 -5.699999809265137
vertex -84.36685943603516 24.2039737701416 -5.699999809265137
vertex -86.8803939819336 24.939876556396484 -2.700000047683716
endloop
endfacet
facet normal -0.7321795273094042 -0.4625067193068564 -0.5000006743845314
outer loop
vertex -84.36685943603516 24.2039737701416 -5.699999809265137
vertex -85.60530090332031 22.921310424804688 -2.700000047683716
vertex -85.89509582519531 23.380075454711914 -2.700000047683716
endloop
endfacet
facet normal -0.7321804710021134 -0.4625051666517137 -0.5000007287030631
outer loop
vertex -86.8803939819336 24.939876556396484 -2.700000047683716
vertex -84.36685943603516 24.2039737701416 -5.699999809265137
vertex -85.89509582519531 23.380075454711914 -2.700000047683716
endloop
endfacet
facet normal -0.43654180633475637 -0.7479511269548762 -0.5000003630087869
outer loop
vertex -85.60530090332031 22.921310424804688 -2.700000047683716
vertex -84.36685943603516 24.2039737701416 -5.699999809265137
vertex -31.629749298095703 -6.5760498046875 -5.699999809265137
endloop
endfacet
facet normal -0.43654191928720054 -0.7479513825570194 -0.4999998820360766
outer loop
vertex -85.60530090332031 22.921310424804688 -2.700000047683716
vertex -31.629749298095703 -6.5760498046875 -5.699999809265137
vertex -32.265071868896484 -8.210721015930176 -2.700000047683716
endloop
endfacet
facet normal -0.1831279914216934 -0.8464420600730775 -0.4999999776971004
outer loop
vertex -32.265071868896484 -8.210721015930176 -2.700000047683716
vertex -31.629749298095703 -6.5760498046875 -5.699999809265137
vertex -30.2047061920166 -8.656481742858887 -2.700000047683716
endloop
endfacet
facet normal -0.18312753981037272 -0.8464420394907931 -0.5000001779456354
outer loop
vertex -30.189044952392578 -6.8877458572387695 -5.699999809265137
vertex -30.2047061920166 -8.656481742858887 -2.700000047683716
vertex -31.629749298095703 -6.5760498046875 -5.699999809265137
endloop
endfacet
facet normal 0.16817863218867213 -0.8498922582039021 -0.499398735601342
outer loop
vertex -27.126811981201172 -8.047422409057617 -2.700000047683716
vertex -26.557231903076172 -6.171905517578125 -5.699999809265137
vertex -26.22154998779297 -7.868287086486816 -2.700000047683716
endloop
endfacet
facet normal 0.16811090210170748 -0.8495519954097556 -0.5000001316898357
outer loop
vertex -30.2047061920166 -8.656481742858887 -2.700000047683716
vertex -30.189044952392578 -6.8877458572387695 -5.699999809265137
vertex -27.126811981201172 -8.047422409057617 -2.700000047683716
endloop
endfacet
facet normal 0.1675242059657646 -0.8499333770310609 -0.49954869134461427
outer loop
vertex -30.189044952392578 -6.8877458572387695 -5.699999809265137
vertex -26.557231903076172 -6.171905517578125 -5.699999809265137
vertex -27.126811981201172 -8.047422409057617 -2.700000047683716
endloop
endfacet
facet normal -0.3663472766713052 -0.785631294663275 -0.49857109996591714
outer loop
vertex -25.629152297973633 -6.240691661834717 -5.699999809265137
vertex -25.35552406311035 -6.368287086486816 -5.699999809265137
vertex -26.22154998779297 -7.868287086486816 -2.700000047683716
endloop
endfacet
facet normal -0.0755508564005548 -0.8635502315850309 -0.49857102365318245
outer loop
vertex -26.22154998779297 -6.136236190795898 -5.699999809265137
vertex -25.9207820892334 -6.16254997253418 -5.699999809265137
vertex -26.22154998779297 -7.868287086486816 -2.700000047683716
endloop
endfacet
facet normal -0.22435624170635746 -0.8373118692764275 -0.4985710685310703
outer loop
vertex -25.629152297973633 -6.240691661834717 -5.699999809265137
vertex -26.22154998779297 -7.868287086486816 -2.700000047683716
vertex -25.9207820892334 -6.16254997253418 -5.699999809265137
endloop
endfacet
facet normal 0.09163607194809276 -0.8623816291338772 -0.4978963306254869
outer loop
vertex -26.22154998779297 -7.868287086486816 -2.700000047683716
vertex -26.557231903076172 -6.171905517578125 -5.699999809265137
vertex -26.22154998779297 -6.136236190795898 -5.699999809265137
endloop
endfacet
facet normal -0.4934400231910771 -0.7125857663618145 -0.498736873603441
outer loop
vertex -25.122102737426758 -6.529922962188721 -5.699999809265137
vertex -26.22154998779297 -7.868287086486816 -2.700000047683716
vertex -25.35552406311035 -6.368287086486816 -5.699999809265137
endloop
endfacet
facet normal -0.5497228676094607 -0.6691820118087326 -0.500000203898807
outer loop
vertex -26.22154998779297 -7.868287086486816 -2.700000047683716
vertex -25.122102737426758 -6.529922962188721 -5.699999809265137
vertex -24.395442962646484 -9.368406295776367 -2.700000047683716
endloop
endfacet
facet normal -0.5497234400687941 -0.669181797003812 -0.49999986199766056
outer loop
vertex -25.122102737426758 -6.529922962188721 -5.699999809265137
vertex -23.295997619628906 -8.03004264831543 -5.699999809265137
vertex -24.395442962646484 -9.368406295776367 -2.700000047683716
endloop
endfacet
facet normal -0.7856329868087463 -0.36634395849406026 -0.49857087170518766
outer loop
vertex -22.895442962646484 -8.502381324768066 -5.699999809265137
vertex -22.76784896850586 -8.776009559631348 -5.699999809265137
vertex -24.395442962646484 -9.368406295776367 -2.700000047683716
endloop
endfacet
facet normal -0.8635490250576067 -0.07556297018456866 -0.4985712776112789
outer loop
vertex -22.689706802368164 -9.067638397216797 -5.699999809265137
vertex -22.663393020629883 -9.36835765838623 -5.699999809265137
vertex -24.395442962646484 -9.368406295776367 -2.700000047683716
endloop
endfacet
facet normal -0.6098209642954531 -0.6162149947660828 -0.49839489537032816
outer loop
vertex -23.295997619628906 -8.03004264831543 -5.699999809265137
vertex -23.068614959716797 -8.25506591796875 -5.699999809265137
vertex -24.395442962646484 -9.368406295776367 -2.700000047683716
endloop
endfacet
facet normal -0.8373114973700021 -0.22435824480944172 -0.49857079172172913
outer loop
vertex -22.76784896850586 -8.776009559631348 -5.699999809265137
vertex -22.689706802368164 -9.067638397216797 -5.699999809265137
vertex -24.395442962646484 -9.368406295776367 -2.700000047683716
endloop
endfacet
facet normal -0.7100811950148559 -0.4972038750605508 -0.4985709609584641
outer loop
vertex -23.068614959716797 -8.25506591796875 -5.699999809265137
vertex -22.895442962646484 -8.502381324768066 -5.699999809265137
vertex -24.395442962646484 -9.368406295776367 -2.700000047683716
endloop
endfacet
facet normal -0.8660254347452914 -0.00002416325257877246 -0.49999994579036333
outer loop
vertex -22.663393020629883 -9.36835765838623 -5.699999809265137
vertex -22.661970138549805 -60.36530303955078 -5.699999809265137
vertex -24.394012451171875 -60.6558837890625 -2.700000047683716
endloop
endfacet
facet normal -0.8660257019199823 -0.000024127168681038692 -0.4999994830316144
outer loop
vertex -22.663393020629883 -9.36835765838623 -5.699999809265137
vertex -24.394012451171875 -60.6558837890625 -2.700000047683716
vertex -24.39466094970703 -37.3785400390625 -2.700000047683716
endloop
endfacet
facet normal -0.8660254943492194 -0.00002417850441859136 -0.4999998425525652
outer loop
vertex -22.663393020629883 -9.36835765838623 -5.699999809265137
vertex -24.39466094970703 -37.3785400390625 -2.700000047683716
vertex -24.395442962646484 -9.368406295776367 -2.700000047683716
endloop
endfacet
facet normal -0.8186171643607422 -0.2826055620523754 -0.5000000345110375
outer loop
vertex -24.394012451171875 -60.6558837890625 -2.700000047683716
vertex -22.143798828125 -61.866275787353516 -5.699999809265137
vertex -23.660701751708984 -62.78004837036133 -2.700000047683716
endloop
endfacet
facet normal -0.8186171342891178 -0.2826060058930123 -0.4999998328814433
outer loop
vertex -22.661970138549805 -60.36530303955078 -5.699999809265137
vertex -22.143798828125 -61.866275787353516 -5.699999809265137
vertex -24.394012451171875 -60.6558837890625 -2.700000047683716
endloop
endfacet
facet normal -0.6325137088204102 -0.5915457052240436 -0.5000000867852307
outer loop
vertex -23.660701751708984 -62.78004837036133 -2.700000047683716
vertex -22.143798828125 -61.866275787353516 -5.699999809265137
vertex -19.55341148376465 -64.63606262207031 -5.699999809265137
endloop
endfacet
facet normal -0.6325136087262135 -0.5915461723588797 -0.4999996607435857
outer loop
vertex -19.55341148376465 -64.63606262207031 -5.699999809265137
vertex -20.563852310180664 -66.09136962890625 -2.700000047683716
vertex -23.660701751708984 -62.78004837036133 -2.700000047683716
endloop
endfacet
facet normal -0.3332095514252414 -0.799357113068592 -0.49999960062547616
outer loop
vertex -19.55341148376465 -64.63606262207031 -5.699999809265137
vertex -17.453880310058594 -65.51124572753906 -5.699999809265137
vertex -17.800430297851562 -67.24329376220703 -2.700000047683716
endloop
endfacet
facet normal -0.3332096015878052 -0.7993571113999044 -0.49999956986391203
outer loop
vertex -19.55341148376465 -64.63606262207031 -5.699999809265137
vertex -17.800430297851562 -67.24329376220703 -2.700000047683716
vertex -20.563852310180664 -66.09136962890625 -2.700000047683716
endloop
endfacet
facet normal 1 0 0
outer loop
vertex 67.82110595703125 -65.24329376220703 -0.44999998807907104
vertex 67.82110595703125 -65.24329376220703 -1.9500000476837158
vertex 67.82110595703125 -64.74329376220703 -0.44999998807907104
endloop
endfacet
facet normal -1 0 0
outer loop
vertex 75.82110595703125 -64.74329376220703 -1.9500000476837158
vertex 75.82110595703125 -65.24329376220703 -0.44999998807907104
vertex 75.82110595703125 -64.74329376220703 -0.44999998807907104
endloop
endfacet
facet normal 0 0 1
outer loop
vertex 75.82110595703125 -64.74329376220703 -1.9500000476837158
vertex 67.82110595703125 -64.74329376220703 -1.9500000476837158
vertex 67.82110595703125 -65.24329376220703 -1.9500000476837158
endloop
endfacet
facet normal 1 0 0
outer loop
vertex 67.82110595703125 -64.74329376220703 -1.9500000476837158
vertex 67.82110595703125 -64.74329376220703 -0.44999998807907104
vertex 67.82110595703125 -65.24329376220703 -1.9500000476837158
endloop
endfacet
facet normal 0 1 0
outer loop
vertex 67.82110595703125 -65.24329376220703 -1.9500000476837158
vertex 67.82110595703125 -65.24329376220703 -0.44999998807907104
vertex 75.82110595703125 -65.24329376220703 -1.9500000476837158
endloop
endfacet
facet normal 0 0 1
outer loop
vertex 75.82110595703125 -64.74329376220703 -1.9500000476837158
vertex 67.82110595703125 -65.24329376220703 -1.9500000476837158
vertex 75.82110595703125 -65.24329376220703 -1.9500000476837158
endloop
endfacet
facet normal 0 1 0
outer loop
vertex 75.82110595703125 -65.24329376220703 -0.44999998807907104
vertex 75.82110595703125 -65.24329376220703 -1.9500000476837158
vertex 67.82110595703125 -65.24329376220703 -0.44999998807907104
endloop
endfacet
facet normal -1 0 0
outer loop
vertex 75.82110595703125 -64.74329376220703 -1.9500000476837158
vertex 75.82110595703125 -65.24329376220703 -1.9500000476837158
vertex 75.82110595703125 -65.24329376220703 -0.44999998807907104
endloop
endfacet
facet normal -1 0 0
outer loop
vertex -4.609121799468994 -64.74329376220703 -1.9500000476837158
vertex -4.609121799468994 -65.24329376220703 -0.44999998807907104
vertex -4.609121799468994 -64.74329376220703 -0.44999998807907104
endloop
endfacet
facet normal 0 1 0
outer loop
vertex -4.609121799468994 -65.24329376220703 -0.44999998807907104
vertex -4.609121799468994 -65.24329376220703 -1.9500000476837158
vertex -12.609122276306152 -65.24329376220703 -0.44999998807907104
endloop
endfacet
facet normal 0 0 1
outer loop
vertex -4.609121799468994 -64.74329376220703 -1.9500000476837158
vertex -12.609122276306152 -65.24329376220703 -1.9500000476837158
vertex -4.609121799468994 -65.24329376220703 -1.9500000476837158
endloop
endfacet
facet normal 1 0 0
outer loop
vertex -12.609122276306152 -65.24329376220703 -0.44999998807907104
vertex -12.609122276306152 -65.24329376220703 -1.9500000476837158
vertex -12.609122276306152 -64.74329376220703 -0.44999998807907104
endloop
endfacet
facet normal 1 0 0
outer loop
vertex -12.609122276306152 -64.74329376220703 -1.9500000476837158
vertex -12.609122276306152 -64.74329376220703 -0.44999998807907104
vertex -12.609122276306152 -65.24329376220703 -1.9500000476837158
endloop
endfacet
facet normal -1 0 0
outer loop
vertex -4.609121799468994 -64.74329376220703 -1.9500000476837158
vertex -4.609121799468994 -65.24329376220703 -1.9500000476837158
vertex -4.609121799468994 -65.24329376220703 -0.44999998807907104
endloop
endfacet
facet normal 0 0 1
outer loop
vertex -12.609122276306152 -64.74329376220703 -1.9500000476837158
vertex -12.609122276306152 -65.24329376220703 -1.9500000476837158
vertex -4.609121799468994 -64.74329376220703 -1.9500000476837158
endloop
endfacet
facet normal 0 1 0
outer loop
vertex -4.609121799468994 -65.24329376220703 -1.9500000476837158
vertex -12.609122276306152 -65.24329376220703 -1.9500000476837158
vertex -12.609122276306152 -65.24329376220703 -0.44999998807907104
endloop
endfacet
facet normal 0 0 1
outer loop
vertex -6.801789283752441 19.808700561523438 -2.8499999046325684
vertex -9.910322189331055 18.72502326965332 -2.8499999046325684
vertex -6.807569980621338 18.708717346191406 -2.8499999046325684
endloop
endfacet
facet normal 0 0 1
outer loop
vertex -10.405424118041992 19.12654685974121 -2.8499999046325684
vertex -9.910322189331055 18.72502326965332 -2.8499999046325684
vertex -10.401740074157715 19.827619552612305 -2.8499999046325684
endloop
endfacet
facet normal 0 0 1
outer loop
vertex -10.401740074157715 19.827619552612305 -2.8499999046325684
vertex -9.910322189331055 18.72502326965332 -2.8499999046325684
vertex -6.801789283752441 19.808700561523438 -2.8499999046325684
endloop
endfacet
facet normal 0.9999861934713979 -0.005254794628119198 0
outer loop
vertex -10.405424118041992 19.12654685974121 -1.0499999523162842
vertex -10.405424118041992 19.12654685974121 -2.8499999046325684
vertex -10.401740074157715 19.827619552612305 -2.8499999046325684
endloop
endfacet
facet normal -0.9999861914115984 0.005255186592904385 0
outer loop
vertex -6.801789283752441 19.808700561523438 -2.8499999046325684
vertex -6.807569980621338 18.708717346191406 -2.8499999046325684
vertex -6.801789283752441 19.808700561523438 -1.0499999523162842
endloop
endfacet
facet normal -0.005255274568191944 -0.9999861909492616 0
outer loop
vertex -10.401740074157715 19.827619552612305 -2.8499999046325684
vertex -6.801789283752441 19.808700561523438 -2.8499999046325684
vertex -6.801789283752441 19.808700561523438 -1.0499999523162842
endloop
endfacet
facet normal 0.9999861934713979 -0.005254794628119198 0
outer loop
vertex -10.405424118041992 19.12654685974121 -1.0499999523162842
vertex -10.401740074157715 19.827619552612305 -2.8499999046325684
vertex -10.401740074157715 19.827619552612305 -1.0499999523162842
endloop
endfacet
facet normal -0.005255274568191944 -0.9999861909492616 0
outer loop
vertex -10.401740074157715 19.827619552612305 -1.0499999523162842
vertex -10.401740074157715 19.827619552612305 -2.8499999046325684
vertex -6.801789283752441 19.808700561523438 -1.0499999523162842
endloop
endfacet
facet normal -0.9999861914115984 0.005255186592904385 0
outer loop
vertex -6.801789283752441 19.808700561523438 -1.0499999523162842
vertex -6.807569980621338 18.708717346191406 -2.8499999046325684
vertex -6.807569980621338 18.708717346191406 -1.0499999523162842
endloop
endfacet
facet normal 0 0 -1
outer loop
vertex -10.405424118041992 19.12654685974121 -1.0499999523162842
vertex -6.807569980621338 18.708717346191406 -1.0499999523162842
vertex -9.910322189331055 18.72502326965332 -1.0499999523162842
endloop
endfacet
facet normal 0 0 -1
outer loop
vertex -6.807569980621338 18.708717346191406 -1.0499999523162842
vertex -10.405424118041992 19.12654685974121 -1.0499999523162842
vertex -10.401740074157715 19.827619552612305 -1.0499999523162842
endloop
endfacet
facet normal 0 0 -1
outer loop
vertex -6.801789283752441 19.808700561523438 -1.0499999523162842
vertex -6.807569980621338 18.708717346191406 -1.0499999523162842
vertex -10.401740074157715 19.827619552612305 -1.0499999523162842
endloop
endfacet
facet normal 0 0 -1
outer loop
vertex 73.62258911132812 37.68391036987305 -1.0499999523162842
vertex 70.02263641357422 37.70201110839844 -1.0499999523162842
vertex 70.02816772460938 38.801998138427734 -1.0499999523162842
endloop
endfacet
facet normal 0 0 -1
outer loop
vertex 73.62812042236328 38.78389358520508 -1.0499999523162842
vertex 73.62258911132812 37.68391036987305 -1.0499999523162842
vertex 70.02816772460938 38.801998138427734 -1.0499999523162842
endloop
endfacet
facet normal 0 0 1
outer loop
vertex 70.02263641357422 37.70201110839844 -2.8499999046325684
vertex 73.62812042236328 38.78389358520508 -2.8499999046325684
vertex 70.02816772460938 38.801998138427734 -2.8499999046325684
endloop
endfacet
facet normal 0 0 1
outer loop
vertex 73.62812042236328 38.78389358520508 -2.8499999046325684
vertex 70.02263641357422 37.70201110839844 -2.8499999046325684
vertex 73.62258911132812 37.68391036987305 -2.8499999046325684
endloop
endfacet
facet normal 0.9999873572136179 -0.005028460293595554 0
outer loop
vertex 70.02263641357422 37.70201110839844 -1.0499999523162842
vertex 70.02263641357422 37.70201110839844 -2.8499999046325684
vertex 70.02816772460938 38.801998138427734 -2.8499999046325684
endloop
endfacet
facet normal -0.99998735712593 0.005028477731651368 0
outer loop
vertex 73.62812042236328 38.78389358520508 -1.0499999523162842
vertex 73.62258911132812 37.68391036987305 -2.8499999046325684
vertex 73.62258911132812 37.68391036987305 -1.0499999523162842
endloop
endfacet
facet normal -0.00502904504515146 -0.9999873542730097 0
outer loop
vertex 70.02816772460938 38.801998138427734 -1.0499999523162842
vertex 70.02816772460938 38.801998138427734 -2.8499999046325684
vertex 73.62812042236328 38.78389358520508 -1.0499999523162842
endloop
endfacet
facet normal 0.9999873572136179 -0.005028460293595554 0
outer loop
vertex 70.02263641357422 37.70201110839844 -1.0499999523162842
vertex 70.02816772460938 38.801998138427734 -2.8499999046325684
vertex 70.02816772460938 38.801998138427734 -1.0499999523162842
endloop
endfacet
facet normal -0.99998735712593 0.005028477731651368 0
outer loop
vertex 73.62812042236328 38.78389358520508 -2.8499999046325684
vertex 73.62258911132812 37.68391036987305 -2.8499999046325684
vertex 73.62812042236328 38.78389358520508 -1.0499999523162842
endloop
endfacet
facet normal -0.00502904504515146 -0.9999873542730097 0
outer loop
vertex 70.02816772460938 38.801998138427734 -2.8499999046325684
vertex 73.62812042236328 38.78389358520508 -2.8499999046325684
vertex 73.62812042236328 38.78389358520508 -1.0499999523162842
endloop
endfacet
facet normal -0.8314695010489663 0 -0.5555703995223136
outer loop
vertex 20.266651153564453 -64.74329376220703 -3.8893399238586426
vertex 20.59181022644043 -66.27567291259766 -4.375974655151367
vertex 20.266651153564453 -66.55663299560547 -3.8893399238586426
endloop
endfacet
facet normal 1 0 0
outer loop
vertex 5.705991744995117 -65.94425964355469 -4.949999809265137
vertex 5.705991744995117 -65.51124572753906 -5.699999809265137
vertex 5.705991744995117 -64.74329376220703 -4.949999809265137
endloop
endfacet
facet normal -0.19508978430737248 0 -0.9807853873599988
outer loop
vertex 19.205991744995117 -66.81028747558594 -3.450000047683716
vertex 19.205991744995117 -64.74329376220703 -3.450000047683716
vertex 19.780017852783203 -66.7443618774414 -3.564180612564087
endloop
endfacet
facet normal -0.1950897843073725 0 -0.9807853873599989
outer loop
vertex 19.780017852783203 -64.74329376220703 -3.564180612564087
vertex 19.780017852783203 -66.7443618774414 -3.564180612564087
vertex 19.205991744995117 -64.74329376220703 -3.450000047683716
endloop
endfacet
facet normal 0 0 -1
outer loop
vertex 7.205991744995117 -64.74329376220703 -3.450000047683716
vertex 19.205991744995117 -66.81028747558594 -3.450000047683716
vertex 7.205991744995117 -66.81028747558594 -3.450000047683716
endloop
endfacet
facet normal 0.1950900960897925 0 -0.9807853253427457
outer loop
vertex 7.205991744995117 -66.81028747558594 -3.450000047683716
vertex 6.631966590881348 -64.74329376220703 -3.564180612564087
vertex 7.205991744995117 -64.74329376220703 -3.450000047683716
endloop
endfacet
facet normal 0.1950900960897925 0 -0.9807853253427458
outer loop
vertex 7.205991744995117 -66.81028747558594 -3.450000047683716
vertex 6.631966590881348 -66.7443618774414 -3.564180612564087
vertex 6.631966590881348 -64.74329376220703 -3.564180612564087
endloop
endfacet
facet normal -0.5555718102198659 0 -0.8314685584488576
outer loop
vertex 19.780017852783203 -64.74329376220703 -3.564180612564087
vertex 20.266651153564453 -66.55663299560547 -3.8893399238586426
vertex 19.780017852783203 -66.7443618774414 -3.564180612564087
endloop
endfacet
facet normal -0.5555718102198658 0 -0.8314685584488575
outer loop
vertex 20.266651153564453 -64.74329376220703 -3.8893399238586426
vertex 20.266651153564453 -66.55663299560547 -3.8893399238586426
vertex 19.780017852783203 -64.74329376220703 -3.564180612564087
endloop
endfacet
facet normal -0.8314695010489662 0 -0.5555703995223135
outer loop
vertex 20.59181022644043 -64.74329376220703 -4.375974655151367
vertex 20.59181022644043 -66.27567291259766 -4.375974655151367
vertex 20.266651153564453 -64.74329376220703 -3.8893399238586426
endloop
endfacet
facet normal -0.9807850135586839 0 -0.19509166352946058
outer loop
vertex 20.59181022644043 -64.74329376220703 -4.375974655151367
vertex 20.705991744995117 -65.94425964355469 -4.949999809265137
vertex 20.59181022644043 -66.27567291259766 -4.375974655151367
endloop
endfacet
facet normal -0.9807850135586837 0 -0.19509166352946058
outer loop
vertex 20.705991744995117 -64.74329376220703 -4.949999809265137
vertex 20.705991744995117 -65.94425964355469 -4.949999809265137
vertex 20.59181022644043 -64.74329376220703 -4.375974655151367
endloop
endfacet
facet normal -1 0 0
outer loop
vertex 20.705991744995117 -65.51124572753906 -5.699999809265137
vertex 20.705991744995117 -64.74329376220703 -4.949999809265137
vertex 20.705991744995117 -64.74329376220703 -5.699999809265137
endloop
endfacet
facet normal -1 0 0
outer loop
vertex 20.705991744995117 -65.94425964355469 -4.949999809265137
vertex 20.705991744995117 -64.74329376220703 -4.949999809265137
vertex 20.705991744995117 -65.51124572753906 -5.699999809265137
endloop
endfacet
facet normal 0.5555706811503046 0 -0.8314693128710082
outer loop
vertex 6.631966590881348 -66.7443618774414 -3.564180612564087
vertex 6.145331859588623 -64.74329376220703 -3.8893399238586426
vertex 6.631966590881348 -64.74329376220703 -3.564180612564087
endloop
endfacet
facet normal 0.5555706811503046 0 -0.8314693128710082
outer loop
vertex 6.631966590881348 -66.7443618774414 -3.564180612564087
vertex 6.145331859588623 -66.55663299560547 -3.8893399238586426
vertex 6.145331859588623 -64.74329376220703 -3.8893399238586426
endloop
endfacet
facet normal 0.83146912469304 0 -0.5555709627781045
outer loop
vertex 6.145331859588623 -66.55663299560547 -3.8893399238586426
vertex 5.820172309875488 -64.74329376220703 -4.375974655151367
vertex 6.145331859588623 -64.74329376220703 -3.8893399238586426
endloop
endfacet
facet normal 0.8314691246930399 0 -0.5555709627781045
outer loop
vertex 6.145331859588623 -66.55663299560547 -3.8893399238586426
vertex 5.820172309875488 -66.27567291259766 -4.375974655151367
vertex 5.820172309875488 -64.74329376220703 -4.375974655151367
endloop
endfacet
facet normal 0.9807853253427458 0 -0.1950900960897925
outer loop
vertex 5.820172309875488 -66.27567291259766 -4.375974655151367
vertex 5.705991744995117 -64.74329376220703 -4.949999809265137
vertex 5.820172309875488 -64.74329376220703 -4.375974655151367
endloop
endfacet
facet normal 0.9807853253427457 0 -0.1950900960897925
outer loop
vertex 5.820172309875488 -66.27567291259766 -4.375974655151367
vertex 5.705991744995117 -65.94425964355469 -4.949999809265137
vertex 5.705991744995117 -64.74329376220703 -4.949999809265137
endloop
endfacet
facet normal 1 0 0
outer loop
vertex 5.705991744995117 -64.74329376220703 -4.949999809265137
vertex 5.705991744995117 -65.51124572753906 -5.699999809265137
vertex 5.705991744995117 -64.74329376220703 -5.699999809265137
endloop
endfacet
facet normal 0 0 -1
outer loop
vertex 19.205991744995117 -66.81028747558594 -3.450000047683716
vertex 7.205991744995117 -64.74329376220703 -3.450000047683716
vertex 19.205991744995117 -64.74329376220703 -3.450000047683716
endloop
endfacet
facet normal 0 0 -1
outer loop
vertex 85.80599212646484 -41.458412170410156 6.300000190734863
vertex 82.80599212646484 -60.458412170410156 6.300000190734863
vertex 82.80599212646484 -41.458412170410156 6.300000190734863
endloop
endfacet
facet normal 0.012834976324060863 0.9991759774071872 -0.03850492897218259
outer loop
vertex 85.80599212646484 -60.458412170410156 6.300000190734863
vertex 85.10599517822266 -60.48795700073242 5.300000190734863
vertex 82.80599212646484 -60.458412170410156 5.300000190734863
endloop
endfacet
facet normal 0 1 0
outer loop
vertex 85.80599212646484 -60.458412170410156 6.300000190734863
vertex 82.80599212646484 -60.458412170410156 5.300000190734863
vertex 82.80599212646484 -60.458412170410156 6.300000190734863
endloop
endfacet
facet normal 1 0 0
outer loop
vertex 82.80599212646484 -60.458412170410156 6.300000190734863
vertex 82.80599212646484 -60.458412170410156 5.300000190734863
vertex 82.80599212646484 -41.458412170410156 6.300000190734863
endloop
endfacet
facet normal 0 1 0
outer loop
vertex 85.10599517822266 -60.458412170410156 -1
vertex 85.10599517822266 -60.458412170410156 0
vertex 85.80599212646484 -60.458412170410156 -1
endloop
endfacet
facet normal -0.042169539971983985 0.9991104693168574 0
outer loop
vertex 85.80599212646484 -60.458412170410156 6.300000190734863
vertex 85.80599212646484 -60.458412170410156 -1
vertex 85.10599517822266 -60.48795700073242 5.300000190734863
endloop
endfacet
facet normal 0 0 -1
outer loop
vertex 85.80599212646484 -60.458412170410156 6.300000190734863
vertex 82.80599212646484 -60.458412170410156 6.300000190734863
vertex 85.80599212646484 -41.458412170410156 6.300000190734863
endloop
endfacet
facet normal 0 0 1
outer loop
vertex 85.10599517822266 -41.458412170410156 -1
vertex 85.10599517822266 -60.458412170410156 -1
vertex 85.80599212646484 -60.458412170410156 -1
endloop
endfacet
facet normal 0.007963224327217543 0.9999527563779286 0.005574232727220226
outer loop
vertex 85.80599212646484 -60.458412170410156 -1
vertex 85.10599517822266 -60.458412170410156 0
vertex 85.10599517822266 -60.48795700073242 5.300000190734863
endloop
endfacet
facet normal -1 0 0
outer loop
vertex 85.80599212646484 -60.458412170410156 -1
vertex 85.80599212646484 -60.458412170410156 6.300000190734863
vertex 85.80599212646484 -41.458412170410156 -1
endloop
endfacet
facet normal 1 0 0
outer loop
vertex 82.80599212646484 -41.458412170410156 6.300000190734863
vertex 82.80599212646484 -60.458412170410156 5.300000190734863
vertex 82.80599212646484 -41.458412170410156 5.300000190734863
endloop
endfacet
facet normal 0 -1 0
outer loop
vertex 85.80599212646484 -41.458412170410156 6.300000190734863
vertex 82.80599212646484 -41.458412170410156 6.300000190734863
vertex 85.10599517822266 -41.458412170410156 5.300000190734863
endloop
endfacet
facet normal 0 -1 0
outer loop
vertex 82.80599212646484 -41.458412170410156 6.300000190734863
vertex 82.80599212646484 -41.458412170410156 5.300000190734863
vertex 85.10599517822266 -41.458412170410156 5.300000190734863
endloop
endfacet
facet normal 0 -1 0
outer loop
vertex 85.10599517822266 -41.458412170410156 0
vertex 85.80599212646484 -41.458412170410156 6.300000190734863
vertex 85.10599517822266 -41.458412170410156 5.300000190734863
endloop
endfacet
facet normal -1 0 0
outer loop
vertex 85.80599212646484 -41.458412170410156 6.300000190734863
vertex 85.80599212646484 -41.458412170410156 -1
vertex 85.80599212646484 -60.458412170410156 6.300000190734863
endloop
endfacet
facet normal 0 -1 0
outer loop
vertex 85.10599517822266 -41.458412170410156 0
vertex 85.80599212646484 -41.458412170410156 -1
vertex 85.80599212646484 -41.458412170410156 6.300000190734863
endloop
endfacet
facet normal 0 -1 0
outer loop
vertex 85.10599517822266 -41.458412170410156 -1
vertex 85.80599212646484 -41.458412170410156 -1
vertex 85.10599517822266 -41.458412170410156 0
endloop
endfacet
facet normal 0 0 1
outer loop
vertex 85.10599517822266 -41.458412170410156 -1
vertex 85.80599212646484 -60.458412170410156 -1
vertex 85.80599212646484 -41.458412170410156 -1
endloop
endfacet
facet normal 0 0 1
outer loop
vertex 85.10599517822266 33.283329010009766 -1
vertex 85.80599212646484 14.283329963684082 -1
vertex 85.80599212646484 33.283329010009766 -1
endloop
endfacet
facet normal 0 -0.9996162999840097 -0.02769932862504519
outer loop
vertex 85.80599212646484 33.283329010009766 6.300000190734863
vertex 82.80599212646484 33.283329010009766 6.300000190734863
vertex 85.10599517822266 33.311038970947266 5.300000190734863
endloop
endfacet
facet normal 0 1 0
outer loop
vertex 85.80599212646484 14.283329963684082 -1
vertex 85.10599517822266 14.283329963684082 0
vertex 85.10599517822266 14.283329963684082 5.300000190734863
endloop
endfacet
facet normal -1 0 0
outer loop
vertex 85.80599212646484 33.283329010009766 -1
vertex 85.80599212646484 14.283329963684082 -1
vertex 85.80599212646484 14.283329963684082 6.300000190734863
endloop
endfacet
facet normal 0.012046918848322114 -0.9999274332401636 0
outer loop
vertex 82.80599212646484 33.283329010009766 6.300000190734863
vertex 82.80599212646484 33.283329010009766 5.300000190734863
vertex 85.10599517822266 33.311038970947266 5.300000190734863
endloop
endfacet
facet normal 0 0 1
outer loop
vertex 85.10599517822266 33.283329010009766 -1
vertex 85.10599517822266 14.283329963684082 -1
vertex 85.80599212646484 14.283329963684082 -1
endloop
endfacet
facet normal 0 1 0
outer loop
vertex 85.10599517822266 14.283329963684082 -1
vertex 85.10599517822266 14.283329963684082 0
vertex 85.80599212646484 14.283329963684082 -1
endloop
endfacet
facet normal -0.03955485121668427 -0.9992174006417351 0
outer loop
vertex 85.10599517822266 33.311038970947266 0
vertex 85.80599212646484 33.283329010009766 -1
vertex 85.80599212646484 33.283329010009766 6.300000190734863
endloop
endfacet
facet normal -0.03955485121668427 -0.9992174006417351 0
outer loop
vertex 85.10599517822266 33.311038970947266 5.300000190734863
vertex 85.10599517822266 33.311038970947266 0
vertex 85.80599212646484 33.283329010009766 6.300000190734863
endloop
endfacet
facet normal 1 0 0
outer loop
vertex 82.80599212646484 14.283329963684082 6.300000190734863
vertex 82.80599212646484 14.283329963684082 5.300000190734863
vertex 82.80599212646484 33.283329010009766 5.300000190734863
endloop
endfacet
facet normal 0 1 0
outer loop
vertex 85.80599212646484 14.283329963684082 6.300000190734863
vertex 85.10599517822266 14.283329963684082 5.300000190734863
vertex 82.80599212646484 14.283329963684082 6.300000190734863
endloop
endfacet
facet normal 0 1 0
outer loop
vertex 85.10599517822266 14.283329963684082 5.300000190734863
vertex 82.80599212646484 14.283329963684082 5.300000190734863
vertex 82.80599212646484 14.283329963684082 6.300000190734863
endloop
endfacet
facet normal -1 0 0
outer loop
vertex 85.80599212646484 33.283329010009766 6.300000190734863
vertex 85.80599212646484 33.283329010009766 -1
vertex 85.80599212646484 14.283329963684082 6.300000190734863
endloop
endfacet
facet normal 0 1 0
outer loop
vertex 85.80599212646484 14.283329963684082 6.300000190734863
vertex 85.80599212646484 14.283329963684082 -1
vertex 85.10599517822266 14.283329963684082 5.300000190734863
endloop
endfacet
facet normal 0 0 -1
outer loop
vertex 85.80599212646484 33.283329010009766 6.300000190734863
vertex 82.80599212646484 14.283329963684082 6.300000190734863
vertex 82.80599212646484 33.283329010009766 6.300000190734863
endloop
endfacet
facet normal 0 -0.9996162999840097 0.027699328625045188
outer loop
vertex 85.10599517822266 33.283329010009766 -1
vertex 85.80599212646484 33.283329010009766 -1
vertex 85.10599517822266 33.311038970947266 0
endloop
endfacet
facet normal 0 0 -1
outer loop
vertex 85.80599212646484 33.283329010009766 6.300000190734863
vertex 85.80599212646484 14.283329963684082 6.300000190734863
vertex 82.80599212646484 14.283329963684082 6.300000190734863
endloop
endfacet
facet normal 1 0 0
outer loop
vertex 82.80599212646484 33.283329010009766 5.300000190734863
vertex 82.80599212646484 33.283329010009766 6.300000190734863
vertex 82.80599212646484 14.283329963684082 6.300000190734863
endloop
endfacet
facet normal 0.5029986153104914 0.8642872167258568 0
outer loop
vertex -78.505859375 41.43610763549805 0
vertex -78.505859375 41.43610763549805 -1
vertex -79.1108627319336 41.7882080078125 -1
endloop
endfacet
facet normal 0.5029986153104914 0.8642872167258568 0
outer loop
vertex -78.505859375 41.43610763549805 5.300000190734863
vertex -78.505859375 41.43610763549805 0
vertex -79.1108627319336 41.7882080078125 6.300000190734863
endloop
endfacet
facet normal -0.5142755046596909 -0.8566569003959167 -0.040738928693333724
outer loop
vertex -69.55379486083984 58.20960998535156 6.300000190734863
vertex -68.93306732177734 57.884525299072266 5.300000190734863
vertex -66.9609375 56.700599670410156 5.300000190734863
endloop
endfacet
facet normal 0.5029986153104914 0.8642872167258568 0
outer loop
vertex -78.505859375 41.43610763549805 0
vertex -79.1108627319336 41.7882080078125 -1
vertex -79.1108627319336 41.7882080078125 6.300000190734863
endloop
endfacet
facet normal 0 0 1
outer loop
vertex -79.1108627319336 41.7882080078125 -1
vertex -78.505859375 41.43610763549805 -1
vertex -69.55379486083984 58.20960998535156 -1
endloop
endfacet
facet normal 0 0 1
outer loop
vertex -69.55379486083984 58.20960998535156 -1
vertex -78.505859375 41.43610763549805 -1
vertex -68.94879150390625 57.857505798339844 -1
endloop
endfacet
facet normal -0.5030028396217094 -0.8642847582437728 0
outer loop
vertex -69.55379486083984 58.20960998535156 6.300000190734863
vertex -66.9609375 56.700599670410156 5.300000190734863
vertex -66.9609375 56.700599670410156 6.300000190734863
endloop
endfacet
facet normal 0 0 -1
outer loop
vertex -76.51800537109375 40.279197692871094 6.300000190734863
vertex -79.1108627319336 41.7882080078125 6.300000190734863
vertex -66.9609375 56.700599670410156 6.300000190734863
endloop
endfacet
facet normal -0.5030026860637273 -0.8642848476125655 0
outer loop
vertex -69.55379486083984 58.20960998535156 -1
vertex -68.94879150390625 57.857505798339844 -1
vertex -68.94879150390625 57.857505798339844 0
endloop
endfacet
facet normal -0.8642843275349342 0.503003579686553 0
outer loop
vertex -76.51800537109375 40.279197692871094 5.300000190734863
vertex -76.51800537109375 40.279197692871094 6.300000190734863
vertex -66.9609375 56.700599670410156 6.300000190734863
endloop
endfacet
facet normal 0.8642843275349342 -0.503003579686553 0
outer loop
vertex -79.1108627319336 41.7882080078125 6.300000190734863
vertex -79.1108627319336 41.7882080078125 -1
vertex -69.55379486083984 58.20960998535156 6.300000190734863
endloop
endfacet
facet normal -0.46394169313922334 -0.8858657377769562 0
outer loop
vertex -69.55379486083984 58.20960998535156 6.300000190734863
vertex -69.55379486083984 58.20960998535156 -1
vertex -68.93306732177734 57.884525299072266 5.300000190734863
endloop
endfacet
facet normal 0.8642843275349342 -0.503003579686553 0
outer loop
vertex -79.1108627319336 41.7882080078125 -1
vertex -69.55379486083984 58.20960998535156 -1
vertex -69.55379486083984 58.20960998535156 6.300000190734863
endloop
endfacet
facet normal -0.8642843275349342 0.503003579686553 0
outer loop
vertex -66.9609375 56.700599670410156 5.300000190734863
vertex -76.51800537109375 40.279197692871094 5.300000190734863
vertex -66.9609375 56.700599670410156 6.300000190734863
endloop
endfacet
facet normal -0.5102584342546291 -0.8600008965745853 0.005898149109986441
outer loop
vertex -69.55379486083984 58.20960998535156 -1
vertex -68.94879150390625 57.857505798339844 0
vertex -68.93306732177734 57.884525299072266 5.300000190734863
endloop
endfacet
facet normal 0.503004125283654 0.8642840100034399 0
outer loop
vertex -76.51800537109375 40.279197692871094 5.300000190734863
vertex -78.505859375 41.43610763549805 5.300000190734863
vertex -76.51800537109375 40.279197692871094 6.300000190734863
endloop
endfacet
facet normal 0.5030028396187655 0.8642847582387143 0.0000034213549247623863
outer loop
vertex -76.51800537109375 40.279197692871094 6.300000190734863
vertex -78.505859375 41.43610763549805 5.300000190734863
vertex -79.1108627319336 41.7882080078125 6.300000190734863
endloop
endfacet
facet normal 0 0 -1
outer loop
vertex -66.9609375 56.700599670410156 6.300000190734863
vertex -79.1108627319336 41.7882080078125 6.300000190734863
vertex -69.55379486083984 58.20960998535156 6.300000190734863
endloop
endfacet
facet normal 0 1 0
outer loop
vertex -21.89400863647461 -60.458412170410156 0
vertex -22.59400749206543 -60.458412170410156 -1
vertex -22.59400749206543 -60.458412170410156 6.300000190734863
endloop
endfacet
facet normal 0 0 1
outer loop
vertex -22.59400749206543 -41.458412170410156 -1
vertex -21.89400863647461 -60.458412170410156 -1
vertex -21.89400863647461 -41.458412170410156 -1
endloop
endfacet
facet normal -1 0 0
outer loop
vertex -19.59400749206543 -60.458412170410156 5.300000190734863
vertex -19.59400749206543 -60.458412170410156 6.300000190734863
vertex -19.59400749206543 -41.458412170410156 6.300000190734863
endloop
endfacet
facet normal 1 0 0
outer loop
vertex -22.59400749206543 -60.458412170410156 -1
vertex -22.59400749206543 -41.458412170410156 -1
vertex -22.59400749206543 -41.458412170410156 6.300000190734863
endloop
endfacet
facet normal 0 0 1
outer loop
vertex -22.59400749206543 -60.458412170410156 -1
vertex -21.89400863647461 -60.458412170410156 -1
vertex -22.59400749206543 -41.458412170410156 -1
endloop
endfacet
facet normal 0 1 0
outer loop
vertex -22.59400749206543 -60.458412170410156 -1
vertex -21.89400863647461 -60.458412170410156 0
vertex -21.89400863647461 -60.458412170410156 -1
endloop
endfacet
facet normal 0 0 -1
outer loop
vertex -19.59400749206543 -41.458412170410156 6.300000190734863
vertex -22.59400749206543 -60.458412170410156 6.300000190734863
vertex -22.59400749206543 -41.458412170410156 6.300000190734863
endloop
endfacet
facet normal -1 0 0
outer loop
vertex -19.59400749206543 -41.458412170410156 5.300000190734863
vertex -19.59400749206543 -60.458412170410156 5.300000190734863
vertex -19.59400749206543 -41.458412170410156 6.300000190734863
endloop
endfacet
facet normal 0 0 -1
outer loop
vertex -19.59400749206543 -60.458412170410156 6.300000190734863
vertex -22.59400749206543 -60.458412170410156 6.300000190734863
vertex -19.59400749206543 -41.458412170410156 6.300000190734863
endloop
endfacet
facet normal 0.05010674895780664 0.9987283502960425 0.005567407280308335
outer loop
vertex -21.89400863647461 -60.458412170410156 0
vertex -22.59400749206543 -60.458412170410156 6.300000190734863
vertex -21.89400863647461 -60.48795700073242 5.300000190734863
endloop
endfacet
facet normal 1 0 0
outer loop
vertex -22.59400749206543 -60.458412170410156 6.300000190734863
vertex -22.59400749206543 -60.458412170410156 -1
vertex -22.59400749206543 -41.458412170410156 6.300000190734863
endloop
endfacet
facet normal -0.012844512324865975 0.9999175058489257 0
outer loop
vertex -19.59400749206543 -60.458412170410156 5.300000190734863
vertex -21.89400863647461 -60.48795700073242 5.300000190734863
vertex -19.59400749206543 -60.458412170410156 6.300000190734863
endloop
endfacet
facet normal 0 0.9995638370238671 -0.029531943961142924
outer loop
vertex -21.89400863647461 -60.48795700073242 5.300000190734863
vertex -22.59400749206543 -60.458412170410156 6.300000190734863
vertex -19.59400749206543 -60.458412170410156 6.300000190734863
endloop
endfacet
facet normal -1 0 0
outer loop
vertex 85.80599212646484 -16.544496536254883 6.300000190734863
vertex 85.80599212646484 -16.544496536254883 -1
vertex 85.80599212646484 -35.544498443603516 6.300000190734863
endloop
endfacet
facet normal 0 1 0
outer loop
vertex 85.80599212646484 -35.544498443603516 -1
vertex 85.10599517822266 -35.544498443603516 0
vertex 85.10599517822266 -35.544498443603516 5.300000190734863
endloop
endfacet
facet normal 0 1 0
outer loop
vertex 85.80599212646484 -35.544498443603516 6.300000190734863
vertex 85.10599517822266 -35.544498443603516 5.300000190734863
vertex 82.80599212646484 -35.544498443603516 6.300000190734863
endloop
endfacet
facet normal 1 0 0
outer loop
vertex 82.80599212646484 -35.544498443603516 6.300000190734863
vertex 82.80599212646484 -35.544498443603516 5.300000190734863
vertex 82.80599212646484 -16.544496536254883 5.300000190734863
endloop
endfacet
facet normal 0 0 -1
outer loop
vertex 85.80599212646484 -35.544498443603516 6.300000190734863
vertex 82.80599212646484 -35.544498443603516 6.300000190734863
vertex 85.80599212646484 -16.544496536254883 6.300000190734863
endloop
endfacet
facet normal 1 0 0
outer loop
vertex 82.80599212646484 -16.544496536254883 5.300000190734863
vertex 82.80599212646484 -16.544496536254883 6.300000190734863
vertex 82.80599212646484 -35.544498443603516 6.300000190734863
endloop
endfacet
facet normal 0 1 0
outer loop
vertex 85.10599517822266 -35.544498443603516 -1
vertex 85.10599517822266 -35.544498443603516 0
vertex 85.80599212646484 -35.544498443603516 -1
endloop
endfacet
facet normal 0 0 1
outer loop
vertex 85.10599517822266 -16.544496536254883 -1
vertex 85.80599212646484 -35.544498443603516 -1
vertex 85.80599212646484 -16.544496536254883 -1
endloop
endfacet
facet normal -1 0 0
outer loop
vertex 85.80599212646484 -16.544496536254883 -1
vertex 85.80599212646484 -35.544498443603516 -1
vertex 85.80599212646484 -35.544498443603516 6.300000190734863
endloop
endfacet
facet normal 0 -1 0
outer loop
vertex 85.10599517822266 -16.544496536254883 -1
vertex 85.80599212646484 -16.544496536254883 -1
vertex 85.10599517822266 -16.544496536254883 0
endloop
endfacet
facet normal 0 1 0
outer loop
vertex 85.10599517822266 -35.544498443603516 5.300000190734863
vertex 82.80599212646484 -35.544498443603516 5.300000190734863
vertex 82.80599212646484 -35.544498443603516 6.300000190734863
endloop
endfacet
facet normal 0 1 0
outer loop
vertex 85.80599212646484 -35.544498443603516 6.300000190734863
vertex 85.80599212646484 -35.544498443603516 -1
vertex 85.10599517822266 -35.544498443603516 5.300000190734863
endloop
endfacet
facet normal 0 -1 0
outer loop
vertex 85.10599517822266 -16.544496536254883 0
vertex 85.80599212646484 -16.544496536254883 -1
vertex 85.80599212646484 -16.544496536254883 6.300000190734863
endloop
endfacet
facet normal 0 0 -1
outer loop
vertex 85.80599212646484 -16.544496536254883 6.300000190734863
vertex 82.80599212646484 -35.544498443603516 6.300000190734863
vertex 82.80599212646484 -16.544496536254883 6.300000190734863
endloop
endfacet
facet normal 0 -1 0
outer loop
vertex 85.80599212646484 -16.544496536254883 6.300000190734863
vertex 82.80599212646484 -16.544496536254883 6.300000190734863
vertex 85.10599517822266 -16.544496536254883 5.300000190734863
endloop
endfacet
facet normal 0 -1 0
outer loop
vertex 85.10599517822266 -16.544496536254883 0
vertex 85.80599212646484 -16.544496536254883 6.300000190734863
vertex 85.10599517822266 -16.544496536254883 5.300000190734863
endloop
endfacet
facet normal 0 -1 0
outer loop
vertex 82.80599212646484 -16.544496536254883 6.300000190734863
vertex 82.80599212646484 -16.544496536254883 5.300000190734863
vertex 85.10599517822266 -16.544496536254883 5.300000190734863
endloop
endfacet
facet normal 0 0 1
outer loop
vertex 85.10599517822266 -16.544496536254883 -1
vertex 85.10599517822266 -35.544498443603516 -1
vertex 85.80599212646484 -35.544498443603516 -1
endloop
endfacet
facet normal 0 1 0
outer loop
vertex 85.80599212646484 -10.630583763122559 6.300000190734863
vertex 85.80599212646484 -10.630583763122559 -1
vertex 85.10599517822266 -10.630583763122559 5.300000190734863
endloop
endfacet
facet normal 0 -1 0
outer loop
vertex 82.80599212646484 8.369416236877441 6.300000190734863
vertex 82.80599212646484 8.369416236877441 5.300000190734863
vertex 85.10599517822266 8.369416236877441 5.300000190734863
endloop
endfacet
facet normal -1 0 0
outer loop
vertex 85.80599212646484 -10.630583763122559 -1
vertex 85.80599212646484 -10.630583763122559 6.300000190734863
vertex 85.80599212646484 8.369416236877441 -1
endloop
endfacet
facet normal 0 1 0
outer loop
vertex 85.80599212646484 -10.630583763122559 -1
vertex 85.10599517822266 -10.630583763122559 0
vertex 85.10599517822266 -10.630583763122559 5.300000190734863
endloop
endfacet
facet normal 0 1 0
outer loop
vertex 85.10599517822266 -10.630583763122559 5.300000190734863
vertex 82.80599212646484 -10.630583763122559 5.300000190734863
vertex 82.80599212646484 -10.630583763122559 6.300000190734863
endloop
endfacet
facet normal 0 -1 0
outer loop
vertex 85.10599517822266 8.369416236877441 -1
vertex 85.80599212646484 8.369416236877441 -1
vertex 85.10599517822266 8.369416236877441 0
endloop
endfacet
facet normal 0 0 -1
outer loop
vertex 85.80599212646484 8.369416236877441 6.300000190734863
vertex 82.80599212646484 -10.630583763122559 6.300000190734863
vertex 82.80599212646484 8.369416236877441 6.300000190734863
endloop
endfacet
facet normal 0 1 0
outer loop
vertex 85.80599212646484 -10.630583763122559 6.300000190734863
vertex 85.10599517822266 -10.630583763122559 5.300000190734863
vertex 82.80599212646484 -10.630583763122559 6.300000190734863
endloop
endfacet
facet normal 0 0 1
outer loop
vertex 85.10599517822266 -10.630583763122559 -1
vertex 85.80599212646484 -10.630583763122559 -1
vertex 85.10599517822266 8.369416236877441 -1
endloop
endfacet
facet normal 0 1 0
outer loop
vertex 85.10599517822266 -10.630583763122559 -1
vertex 85.10599517822266 -10.630583763122559 0
vertex 85.80599212646484 -10.630583763122559 -1
endloop
endfacet
facet normal 1 0 0
outer loop
vertex 82.80599212646484 -10.630583763122559 6.300000190734863
vertex 82.80599212646484 -10.630583763122559 5.300000190734863
vertex 82.80599212646484 8.369416236877441 5.300000190734863
endloop
endfacet
facet normal 0 -1 0
outer loop
vertex 85.10599517822266 8.369416236877441 0
vertex 85.80599212646484 8.369416236877441 -1
vertex 85.80599212646484 8.369416236877441 6.300000190734863
endloop
endfacet
facet normal 0 0 -1
outer loop
vertex 85.80599212646484 -10.630583763122559 6.300000190734863
vertex 82.80599212646484 -10.630583763122559 6.300000190734863
vertex 85.80599212646484 8.369416236877441 6.300000190734863
endloop
endfacet
facet normal 0 -1 0
outer loop
vertex 85.10599517822266 8.369416236877441 0
vertex 85.80599212646484 8.369416236877441 6.300000190734863
vertex 85.10599517822266 8.369416236877441 5.300000190734863
endloop
endfacet
facet normal -1 0 0
outer loop
vertex 85.80599212646484 8.369416236877441 -1
vertex 85.80599212646484 -10.630583763122559 6.300000190734863
vertex 85.80599212646484 8.369416236877441 6.300000190734863
endloop
endfacet
facet normal 0 0 1
outer loop
vertex 85.10599517822266 8.369416236877441 -1
vertex 85.80599212646484 -10.630583763122559 -1
vertex 85.80599212646484 8.369416236877441 -1
endloop
endfacet
facet normal 1 0 0
outer loop
vertex 82.80599212646484 8.369416236877441 5.300000190734863
vertex 82.80599212646484 8.369416236877441 6.300000190734863
vertex 82.80599212646484 -10.630583763122559 6.300000190734863
endloop
endfacet
facet normal 0 -1 0
outer loop
vertex 85.80599212646484 8.369416236877441 6.300000190734863
vertex 82.80599212646484 8.369416236877441 6.300000190734863
vertex 85.10599517822266 8.369416236877441 5.300000190734863
endloop
endfacet
facet normal 0 0 1
outer loop
vertex -22.59400749206543 -24.566593170166016 -1
vertex -21.89400863647461 -24.566593170166016 -1
vertex -22.59400749206543 -5.566592216491699 -1
endloop
endfacet
facet normal 1 0 0
outer loop
vertex -22.59400749206543 -24.566593170166016 -1
vertex -22.59400749206543 -5.566592216491699 -1
vertex -22.59400749206543 -5.566592216491699 6.300000190734863
endloop
endfacet
facet normal 1 0 0
outer loop
vertex -22.59400749206543 -24.566593170166016 6.300000190734863
vertex -22.59400749206543 -24.566593170166016 -1
vertex -22.59400749206543 -5.566592216491699 6.300000190734863
endloop
endfacet
facet normal 0 0 1
outer loop
vertex -21.89400863647461 -5.74999475479126 -1
vertex -22.2520751953125 -5.566592216491699 -1
vertex -21.89400863647461 -24.566593170166016 -1
endloop
endfacet
facet normal 0 0 1
outer loop
vertex -22.59400749206543 -5.566592216491699 -1
vertex -21.89400863647461 -24.566593170166016 -1
vertex -22.2520751953125 -5.566592216491699 -1
endloop
endfacet
facet normal 0 -1 0
outer loop
vertex -22.59400749206543 -5.566592216491699 6.300000190734863
vertex -22.2520751953125 -5.566592216491699 0
vertex -22.2520751953125 -5.566592216491699 5.300000190734863
endloop
endfacet
facet normal -1 0 0
outer loop
vertex -19.59400749206543 -24.566593170166016 5.300000190734863
vertex -19.59400749206543 -24.566593170166016 6.300000190734863
vertex -19.59400749206543 -5.566592216491699 6.300000190734863
endloop
endfacet
facet normal 0 -1 0
outer loop
vertex -22.59400749206543 -5.566592216491699 6.300000190734863
vertex -22.59400749206543 -5.566592216491699 -1
vertex -22.2520751953125 -5.566592216491699 -1
endloop
endfacet
facet normal 0 -1 0
outer loop
vertex -22.59400749206543 -5.566592216491699 6.300000190734863
vertex -22.2520751953125 -5.566592216491699 -1
vertex -22.2520751953125 -5.566592216491699 0
endloop
endfacet
facet normal 0 -1 0
outer loop
vertex -19.59400749206543 -5.566592216491699 6.300000190734863
vertex -22.59400749206543 -5.566592216491699 6.300000190734863
vertex -19.59400749206543 -5.566592216491699 5.300000190734863
endloop
endfacet
facet normal 0 -1 0
outer loop
vertex -22.59400749206543 -5.566592216491699 6.300000190734863
vertex -22.2520751953125 -5.566592216491699 5.300000190734863
vertex -19.59400749206543 -5.566592216491699 5.300000190734863
endloop
endfacet
facet normal 0 0 -1
outer loop
vertex -19.59400749206543 -5.566592216491699 6.300000190734863
vertex -22.59400749206543 -24.566593170166016 6.300000190734863
vertex -22.59400749206543 -5.566592216491699 6.300000190734863
endloop
endfacet
facet normal 0 0 -1
outer loop
vertex -19.59400749206543 -24.566593170166016 6.300000190734863
vertex -22.59400749206543 -24.566593170166016 6.300000190734863
vertex -19.59400749206543 -5.566592216491699 6.300000190734863
endloop
endfacet
facet normal -1 0 0
outer loop
vertex -19.59400749206543 -24.566593170166016 5.300000190734863
vertex -19.59400749206543 -5.566592216491699 6.300000190734863
vertex -19.59400749206543 -5.566592216491699 5.300000190734863
endloop
endfacet
facet normal -1 0 0
outer loop
vertex -19.59400749206543 -41.458412170410156 5.300000190734863
vertex -19.59400749206543 -41.458412170410156 6.300000190734863
vertex -19.59400749206543 -24.566593170166016 6.300000190734863
endloop
endfacet
facet normal 1 0 0
outer loop
vertex -22.59400749206543 -41.458412170410156 -1
vertex -22.59400749206543 -24.566593170166016 -1
vertex -22.59400749206543 -24.566593170166016 6.300000190734863
endloop
endfacet
facet normal 0 0 1
outer loop
vertex -22.59400749206543 -24.566593170166016 -1
vertex -21.89400863647461 -41.458412170410156 -1
vertex -21.89400863647461 -24.566593170166016 -1
endloop
endfacet
facet normal -1 0 0
outer loop
vertex -19.59400749206543 -24.566593170166016 5.300000190734863
vertex -19.59400749206543 -41.458412170410156 5.300000190734863
vertex -19.59400749206543 -24.566593170166016 6.300000190734863
endloop
endfacet
facet normal 0 0 -1
outer loop
vertex -19.59400749206543 -24.566593170166016 6.300000190734863
vertex -22.59400749206543 -41.458412170410156 6.300000190734863
vertex -22.59400749206543 -24.566593170166016 6.300000190734863
endloop
endfacet
facet normal 0 0 1
outer loop
vertex -21.89400863647461 -41.458412170410156 -1
vertex -22.59400749206543 -24.566593170166016 -1
vertex -22.59400749206543 -41.458412170410156 -1
endloop
endfacet
facet normal 0 0 -1
outer loop
vertex -19.59400749206543 -41.458412170410156 6.300000190734863
vertex -22.59400749206543 -41.458412170410156 6.300000190734863
vertex -19.59400749206543 -24.566593170166016 6.300000190734863
endloop
endfacet
facet normal 1 0 0
outer loop
vertex -22.59400749206543 -41.458412170410156 6.300000190734863
vertex -22.59400749206543 -41.458412170410156 -1
vertex -22.59400749206543 -24.566593170166016 6.300000190734863
endloop
endfacet
facet normal 0.9773599093877247 0.21158357101064912 0
outer loop
vertex -84.47351837158203 25.630701065063477 5.300000190734863
vertex -84.47351837158203 25.630701065063477 0
vertex -85.20329284667969 29.001720428466797 5.300000190734863
endloop
endfacet
facet normal 0 0 -1
outer loop
vertex -17.638669967651367 -64.74329376220703 5.300000190734863
vertex 20.51308250427246 -57.155311584472656 5.300000190734863
vertex 20.58238983154297 -57.28497314453125 5.300000190734863
endloop
endfacet
facet normal 0 0 -1
outer loop
vertex 82.80599212646484 -41.458412170410156 5.300000190734863
vertex 82.80599212646484 -35.544498443603516 5.300000190734863
vertex 85.10599517822266 -41.458412170410156 5.300000190734863
endloop
endfacet
facet normal 0 0 -1
outer loop
vertex -16.183958053588867 -44.94329833984375 5.300000190734863
vertex -18.902986526489258 -64.21959686279297 5.300000190734863
vertex -19.59400749206543 -60.458412170410156 5.300000190734863
endloop
endfacet
facet normal 0.9773421457098951 -0.21166560943898824 0
outer loop
vertex 16.216827392578125 26.538475036621094 5.300000190734863
vertex 16.216827392578125 26.538475036621094 0
vertex 16.230012893676758 26.59935760498047 5.300000190734863
endloop
endfacet
facet normal 0.9130235535369988 -0.4079068406960971 0
outer loop
vertex 16.230012893676758 26.59935760498047 5.300000190734863
vertex 16.230012893676758 26.59935760498047 0
vertex 16.769153594970703 27.806123733520508 5.300000190734863
endloop
endfacet
facet normal 0.8097610175988965 -0.5867598268262744 0
outer loop
vertex 16.769153594970703 27.806123733520508 5.300000190734863
vertex 16.769153594970703 27.806123733520508 0
vertex 16.80570411682129 27.856565475463867 5.300000190734863
endloop
endfacet
facet normal 0.6719456006744108 -0.7406005061666547 0
outer loop
vertex 16.80570411682129 27.856565475463867 5.300000190734863
vertex 16.80570411682129 27.856565475463867 0
vertex 19.35539436340332 30.16989517211914 5.300000190734863
endloop
endfacet
facet normal 0 0 -1
outer loop
vertex -17.638669967651367 -64.74329376220703 5.300000190734863
vertex -17.69662857055664 -64.73176574707031 5.300000190734863
vertex -16.183958053588867 -44.94329833984375 5.300000190734863
endloop
endfacet
facet normal 0 0 -1
outer loop
vertex -17.69662857055664 -64.73176574707031 5.300000190734863
vertex -18.853851318359375 -64.25243377685547 5.300000190734863
vertex -16.183958053588867 -44.94329833984375 5.300000190734863
endloop
endfacet
facet normal 0 0 -1
outer loop
vertex -18.853851318359375 -64.25243377685547 5.300000190734863
vertex -18.902986526489258 -64.21959686279297 5.300000190734863
vertex -16.183958053588867 -44.94329833984375 5.300000190734863
endloop
endfacet
facet normal 0 0 -1
outer loop
vertex -17.638669967651367 -64.74329376220703 5.300000190734863
vertex -16.183958053588867 -44.94329833984375 5.300000190734863
vertex 0.9940926432609558 -44.94329833984375 5.300000190734863
endloop
endfacet
facet normal 0 0 -1
outer loop
vertex 3.8059918880462646 13.046651840209961 5.300000190734863
vertex 3.3959412574768066 13.456703186035156 5.300000190734863
vertex 6.330246925354004 18.057659149169922 5.300000190734863
endloop
endfacet
facet normal 0 0 -1
outer loop
vertex 5.010037422180176 18.646610260009766 5.300000190734863
vertex 5.071012020111084 18.633459091186523 5.300000190734863
vertex 3.3959412574768066 13.456703186035156 5.300000190734863
endloop
endfacet
facet normal 0 0 -1
outer loop
vertex 5.071012020111084 18.633459091186523 5.300000190734863
vertex 6.279727458953857 18.09424591064453 5.300000190734863
vertex 3.3959412574768066 13.456703186035156 5.300000190734863
endloop
endfacet
facet normal 0 0 -1
outer loop
vertex 6.330246925354004 18.057659149169922 5.300000190734863
vertex 3.3959412574768066 13.456703186035156 5.300000190734863
vertex 6.279727458953857 18.09424591064453 5.300000190734863
endloop
endfacet
facet normal 0 0 -1
outer loop
vertex 8.644184112548828 15.50730037689209 5.300000190734863
vertex 3.8059918880462646 13.046651840209961 5.300000190734863
vertex 6.330246925354004 18.057659149169922 5.300000190734863
endloop
endfacet
facet normal 0 0 -1
outer loop
vertex 21.40599250793457 7.7436017990112305 5.300000190734863
vertex 16.13204002380371 13.201208114624023 5.300000190734863
vertex 21.40599250793457 24.92165184020996 5.300000190734863
endloop
endfacet
facet normal 0 0 -1
outer loop
vertex 21.40599250793457 24.92165184020996 5.300000190734863
vertex 16.13204002380371 13.201208114624023 5.300000190734863
vertex 16.216827392578125 26.538475036621094 5.300000190734863
endloop
endfacet
facet normal 0 0 -1
outer loop
vertex 21.40599250793457 24.92165184020996 5.300000190734863
vertex 16.216827392578125 26.538475036621094 5.300000190734863
vertex 16.230012893676758 26.59935760498047 5.300000190734863
endloop
endfacet
facet normal 0 0 -1
outer loop
vertex 21.40599250793457 24.92165184020996 5.300000190734863
vertex 16.230012893676758 26.59935760498047 5.300000190734863
vertex 16.769153594970703 27.806123733520508 5.300000190734863
endloop
endfacet
facet normal 0 0 -1
outer loop
vertex 16.769153594970703 27.806123733520508 5.300000190734863
vertex 16.80570411682129 27.856565475463867 5.300000190734863
vertex 21.40599250793457 24.92165184020996 5.300000190734863
endloop
endfacet
facet normal 0 0 -1
outer loop
vertex 21.40599250793457 24.92165184020996 5.300000190734863
vertex 19.35539436340332 30.16989517211914 5.300000190734863
vertex 21.816041946411133 25.331703186035156 5.300000190734863
endloop
endfacet
facet normal 0 0 -1
outer loop
vertex 19.35539436340332 30.16989517211914 5.300000190734863
vertex 21.40599250793457 24.92165184020996 5.300000190734863
vertex 16.80570411682129 27.856565475463867 5.300000190734863
endloop
endfacet
facet normal 0 0 -1
outer loop
vertex -17.638669967651367 -64.74329376220703 5.300000190734863
vertex 2.405991792678833 -51.65824508666992 5.300000190734863
vertex 2.816042423248291 -52.06829833984375 5.300000190734863
endloop
endfacet
facet normal 0 0 -1
outer loop
vertex 19.402565002441406 30.198986053466797 5.300000190734863
vertex 57.99409103393555 25.331703186035156 5.300000190734863
vertex 19.35539436340332 30.16989517211914 5.300000190734863
endloop
endfacet
facet normal 0 0 -1
outer loop
vertex 57.99409103393555 25.331703186035156 5.300000190734863
vertex 19.402565002441406 30.198986053466797 5.300000190734863
vertex 20.497173309326172 30.621551513671875 5.300000190734863
endloop
endfacet
facet normal 0 0 -1
outer loop
vertex 19.35539436340332 30.16989517211914 5.300000190734863
vertex 57.99409103393555 25.331703186035156 5.300000190734863
vertex 21.816041946411133 25.331703186035156 5.300000190734863
endloop
endfacet
facet normal 0 0 -1
outer loop
vertex 57.99409103393555 25.331703186035156 5.300000190734863
vertex 20.497173309326172 30.621551513671875 5.300000190734863
vertex 20.551654815673828 30.631702423095703 5.300000190734863
endloop
endfacet
facet normal 0 0 -1
outer loop
vertex 57.99409103393555 25.331703186035156 5.300000190734863
vertex 20.551654815673828 30.631702423095703 5.300000190734863
vertex 52.61994552612305 30.631702423095703 5.300000190734863
endloop
endfacet
facet normal 0 0 -1
outer loop
vertex -21.89400863647461 -60.48795700073242 5.300000190734863
vertex -21.403141021728516 -61.70314025878906 5.300000190734863
vertex -21.882478713989258 -60.54591751098633 5.300000190734863
endloop
endfacet
facet normal 0 0 -1
outer loop
vertex -18.902986526489258 -64.21959686279297 5.300000190734863
vertex -21.89400863647461 -60.48795700073242 5.300000190734863
vertex -19.59400749206543 -60.458412170410156 5.300000190734863
endloop
endfacet
facet normal 0 0 -1
outer loop
vertex -18.902986526489258 -64.21959686279297 5.300000190734863
vertex -21.370309829711914 -61.75227737426758 5.300000190734863
vertex -21.89400863647461 -60.48795700073242 5.300000190734863
endloop
endfacet
facet normal 0 0 -1
outer loop
vertex -21.370309829711914 -61.75227737426758 5.300000190734863
vertex -21.403141021728516 -61.70314025878906 5.300000190734863
vertex -21.89400863647461 -60.48795700073242 5.300000190734863
endloop
endfacet
facet normal 0.7420453041272972 -0.6703486317854196 0.0012159301142616286
outer loop
vertex -68.93306732177734 57.884525299072266 5.300000190734863
vertex -68.94879150390625 57.857505798339844 0
vertex -68.89115905761719 57.93091583251953 5.300000190734863
endloop
endfacet
facet normal 0 1 0
outer loop
vertex 1.3908780813217163 -64.74329376220703 3.5999999046325684
vertex 1.3908780813217163 -64.74329376220703 5.300000190734863
vertex 67.82110595703125 -64.74329376220703 1.350000023841858
endloop
endfacet
facet normal 0 1 0
outer loop
vertex 1.3908780813217163 -64.74329376220703 5.300000190734863
vertex 61.82110595703125 -64.74329376220703 5.300000190734863
vertex 61.82110595703125 -64.74329376220703 3.5999999046325684
endloop
endfacet
facet normal 0 0 -1
outer loop
vertex 1.3908780813217163 -64.74329376220703 5.300000190734863
vertex 21.059673309326172 -57.603885650634766 5.300000190734863
vertex 61.82110595703125 -64.74329376220703 5.300000190734863
endloop
endfacet
facet normal 0 0 -1
outer loop
vertex 2.816042423248291 -52.06829833984375 5.300000190734863
vertex 60.39594268798828 -52.06829833984375 5.300000190734863
vertex 21.205991744995117 -56.1182975769043 5.300000190734863
endloop
endfacet
facet normal 0 0 -1
outer loop
vertex 80.85065460205078 -64.74329376220703 5.300000190734863
vertex 21.059673309326172 -57.603885650634766 5.300000190734863
vertex 21.205991744995117 -57.6182975769043 5.300000190734863
endloop
endfacet
facet normal 0.9807824952237668 0.19510432353651674 0
outer loop
vertex -21.882478713989258 -60.54591751098633 5.300000190734863
vertex -21.882478713989258 -60.54591751098633 0
vertex -21.89400863647461 -60.48795700073242 5.300000190734863
endloop
endfacet
facet normal 0.92387943783073 0.3826836609440936 0
outer loop
vertex -21.403141021728516 -61.70314025878906 5.300000190734863
vertex -21.403141021728516 -61.70314025878906 0
vertex -21.882478713989258 -60.54591751098633 5.300000190734863
endloop
endfacet
facet normal 0.8314788271743352 0.5555564417417838 0
outer loop
vertex -21.370309829711914 -61.75227737426758 5.300000190734863
vertex -21.370309829711914 -61.75227737426758 0
vertex -21.403141021728516 -61.70314025878906 5.300000190734863
endloop
endfacet
facet normal 0.19507945183141212 0.980787442554785 0
outer loop
vertex -17.638669967651367 -64.74329376220703 5.300000190734863
vertex -17.638669967651367 -64.74329376220703 0
vertex -17.69662857055664 -64.73176574707031 5.300000190734863
endloop
endfacet
facet normal 0.3826797616910655 0.9238810529457075 0
outer loop
vertex -17.69662857055664 -64.73176574707031 5.300000190734863
vertex -17.69662857055664 -64.73176574707031 0
vertex -18.853851318359375 -64.25243377685547 5.300000190734863
endloop
endfacet
facet normal 0.555638287401612 0.831424135789552 0
outer loop
vertex -18.853851318359375 -64.25243377685547 5.300000190734863
vertex -18.853851318359375 -64.25243377685547 0
vertex -18.902986526489258 -64.21959686279297 5.300000190734863
endloop
endfacet
facet normal 0.7071062345615007 0.7071073278111718 0
outer loop
vertex -18.902986526489258 -64.21959686279297 5.300000190734863
vertex -18.902986526489258 -64.21959686279297 0
vertex -21.370309829711914 -61.75227737426758 5.300000190734863
endloop
endfacet
facet normal 0 1 0
outer loop
vertex -17.638669967651367 -64.74329376220703 0
vertex -17.638669967651367 -64.74329376220703 5.300000190734863
vertex -17.609121322631836 -64.74329376220703 3.5999999046325684
endloop
endfacet
facet normal -0.5865487198152625 -0.8099139456035295 0
outer loop
vertex 6.279727458953857 18.09424591064453 5.300000190734863
vertex 6.279727458953857 18.09424591064453 0
vertex 6.330246925354004 18.057659149169922 5.300000190734863
endloop
endfacet
facet normal -0.40740391381840957 -0.9132480774715281 0
outer loop
vertex 5.071012020111084 18.633459091186523 5.300000190734863
vertex 5.071012020111084 18.633459091186523 0
vertex 6.279727458953857 18.09424591064453 5.300000190734863
endloop
endfacet
facet normal -0.8511474197998418 -0.52492672799932 0
outer loop
vertex 8.644184112548828 15.50730037689209 5.300000190734863
vertex 8.644184112548828 15.50730037689209 0
vertex 8.673274993896484 15.46013069152832 5.300000190734863
endloop
endfacet
facet normal -0.9328988806839497 -0.3601384156385344 0
outer loop
vertex 8.673274993896484 15.46013069152832 5.300000190734863
vertex 8.673274993896484 15.46013069152832 0
vertex 9.095840454101562 14.365521430969238 5.300000190734863
endloop
endfacet
facet normal 0.45588028101506833 0.8900411054449241 0
outer loop
vertex -22.2520751953125 -5.566592216491699 0
vertex -24.83225440979004 -4.245020866394043 0
vertex -22.2520751953125 -5.566592216491699 5.300000190734863
endloop
endfacet
facet normal -0.9830819435302045 -0.1831662968585544 0
outer loop
vertex 9.095840454101562 14.365521430969238 5.300000190734863
vertex 9.095840454101562 14.365521430969238 0
vertex 9.10599136352539 14.311039924621582 5.300000190734863
endloop
endfacet
facet normal -1 0 0
outer loop
vertex 9.10599136352539 14.311039924621582 5.300000190734863
vertex 9.10599136352539 14.311039924621582 0
vertex 9.10599136352539 13.213326454162598 5.300000190734863
endloop
endfacet
facet normal -0.43874599259783487 -0.8986103505638577 0.0011797621969256576
outer loop
vertex -63.17217254638672 59.28337478637695 0
vertex -63.0957145690918 59.250770568847656 3.5999999046325684
vertex -63.1197624206543 59.26474380493164 5.300000190734863
endloop
endfacet
facet normal -0.15602178529383226 -0.9877536142752024 0
outer loop
vertex -64.33549499511719 59.46712875366211 5.300000190734863
vertex -64.33549499511719 59.46712875366211 0
vertex -63.17217254638672 59.28337478637695 5.300000190734863
endloop
endfacet
facet normal -0.9101734092960324 -0.41422743150404345 0
outer loop
vertex -26.36141586303711 37.28074264526367 5.300000190734863
vertex -26.36141586303711 37.28074264526367 0
vertex -26.335756301879883 37.224361419677734 5.300000190734863
endloop
endfacet
facet normal -0.975605386750908 -0.21953161353803025 0
outer loop
vertex -26.335756301879883 37.224361419677734 5.300000190734863
vertex -26.335756301879883 37.224361419677734 0
vertex -25.62972640991211 34.08674240112305 5.300000190734863
endloop
endfacet
facet normal -0.9951098592623172 -0.09877432864328287 0
outer loop
vertex -25.62972640991211 34.08674240112305 5.300000190734863
vertex -25.62972640991211 34.08674240112305 0
vertex -25.626094818115234 34.05015563964844 5.300000190734863
endloop
endfacet
facet normal -0.999724718430183 0.023462467041880538 0
outer loop
vertex -25.626094818115234 34.05015563964844 5.300000190734863
vertex -25.626094818115234 34.05015563964844 0
vertex -25.65110969543457 32.984283447265625 5.300000190734863
endloop
endfacet
facet normal -0.873379850873054 -0.48703966582708835 0
outer loop
vertex -25.65110969543457 32.984283447265625 5.300000190734863
vertex -25.65110969543457 32.984283447265625 0
vertex -24.934316635131836 31.69890022277832 5.300000190734863
endloop
endfacet
facet normal -0.7406003705729106 -0.671945750122186 0
outer loop
vertex 6.330246925354004 18.057659149169922 5.300000190734863
vertex 6.330246925354004 18.057659149169922 0
vertex 8.644184112548828 15.50730037689209 5.300000190734863
endloop
endfacet
facet normal -0.21083457799492267 -0.9775217546027828 0
outer loop
vertex 5.010037422180176 18.646610260009766 5.300000190734863
vertex 5.010037422180176 18.646610260009766 0
vertex 5.071012020111084 18.633459091186523 5.300000190734863
endloop
endfacet
facet normal 0 0 -1
outer loop
vertex 2.405991792678833 -51.65824508666992 5.300000190734863
vertex -17.638669967651367 -64.74329376220703 5.300000190734863
vertex 2.405991792678833 -46.35519790649414 5.300000190734863
endloop
endfacet
facet normal 0.028254357544575615 -0.9996007659459566 0
outer loop
vertex -64.39109802246094 59.46555709838867 5.300000190734863
vertex -64.39109802246094 59.46555709838867 0
vertex -64.33549499511719 59.46712875366211 5.300000190734863
endloop
endfacet
facet normal -0.3349501358175175 -0.9422358550362147 0
outer loop
vertex -63.17217254638672 59.28337478637695 5.300000190734863
vertex -63.17217254638672 59.28337478637695 0
vertex -63.1197624206543 59.26474380493164 5.300000190734863
endloop
endfacet
facet normal 0 0 -1
outer loop
vertex 80.85065460205078 -64.74329376220703 5.300000190734863
vertex 21.205991744995117 -57.6182975769043 5.300000190734863
vertex 21.352310180664062 -57.603885650634766 5.300000190734863
endloop
endfacet
facet normal 0 0 -1
outer loop
vertex 80.85065460205078 -64.74329376220703 5.300000190734863
vertex 21.352310180664062 -57.603885650634766 5.300000190734863
vertex 21.493003845214844 -57.56120681762695 5.300000190734863
endloop
endfacet
facet normal 0 0 -1
outer loop
vertex 80.85065460205078 -64.74329376220703 5.300000190734863
vertex 21.493003845214844 -57.56120681762695 5.300000190734863
vertex 21.622669219970703 -57.49189758300781 5.300000190734863
endloop
endfacet
facet normal 0 0 -1
outer loop
vertex 80.85065460205078 -64.74329376220703 5.300000190734863
vertex 21.622669219970703 -57.49189758300781 5.300000190734863
vertex 21.7363224029541 -57.39862823486328 5.300000190734863
endloop
endfacet
facet normal 0 0 -1
outer loop
vertex 80.85065460205078 -64.74329376220703 5.300000190734863
vertex 21.7363224029541 -57.39862823486328 5.300000190734863
vertex 21.829593658447266 -57.28497314453125 5.300000190734863
endloop
endfacet
facet normal 0 0 -1
outer loop
vertex 2.405991792678833 -46.35519790649414 5.300000190734863
vertex -17.638669967651367 -64.74329376220703 5.300000190734863
vertex 2.3603196144104004 -46.24493408203125 5.300000190734863
endloop
endfacet
facet normal 0 0 -1
outer loop
vertex -17.638669967651367 -64.74329376220703 5.300000190734863
vertex 0.9940926432609558 -44.94329833984375 5.300000190734863
vertex 1.1043553352355957 -44.98896789550781 5.300000190734863
endloop
endfacet
facet normal 0 0 -1
outer loop
vertex 2.3603196144104004 -46.24493408203125 5.300000190734863
vertex -17.638669967651367 -64.74329376220703 5.300000190734863
vertex 1.1043553352355957 -44.98896789550781 5.300000190734863
endloop
endfacet
facet normal 0 0 -1
outer loop
vertex 21.360319137573242 7.6333394050598145 5.300000190734863
vertex 16.13204002380371 13.201208114624023 5.300000190734863
vertex 21.40599250793457 7.7436017990112305 5.300000190734863
endloop
endfacet
facet normal 0 0 -1
outer loop
vertex 19.99409294128418 6.331702709197998 5.300000190734863
vertex 14.552525520324707 11.631702423095703 5.300000190734863
vertex 16.13204002380371 13.201208114624023 5.300000190734863
endloop
endfacet
facet normal 0 0 -1
outer loop
vertex 20.104354858398438 6.37737512588501 5.300000190734863
vertex 16.13204002380371 13.201208114624023 5.300000190734863
vertex 21.360319137573242 7.6333394050598145 5.300000190734863
endloop
endfacet
facet normal 0 0 -1
outer loop
vertex 16.13204002380371 13.201208114624023 5.300000190734863
vertex 20.104354858398438 6.37737512588501 5.300000190734863
vertex 19.99409294128418 6.331702709197998 5.300000190734863
endloop
endfacet
facet normal -0.5843465304378697 0.8115042405096993 0
outer loop
vertex -24.83225440979004 -4.245020866394043 0
vertex -26.45890235900879 -5.416334629058838 0
vertex -26.45890235900879 -5.416334629058838 5.300000190734863
endloop
endfacet
facet normal -0.4064989462082379 0.9136512500574778 0
outer loop
vertex -26.45890235900879 -5.416334629058838 0
vertex -26.515413284301758 -5.441477298736572 0
vertex -26.515413284301758 -5.441477298736572 5.300000190734863
endloop
endfacet
facet normal -0.2115796923553662 0.9773607490496069 0
outer loop
vertex -26.515413284301758 -5.441477298736572 0
vertex -29.87710952758789 -6.169219493865967 0
vertex -29.87710952758789 -6.169219493865967 5.300000190734863
endloop
endfacet
facet normal -0.028520815012810317 0.9995931988118991 0
outer loop
vertex -29.93264389038086 -6.170804023742676 0
vertex -29.93264389038086 -6.170804023742676 5.300000190734863
vertex -29.87710952758789 -6.169219493865967 0
endloop
endfacet
facet normal 0.15550941842304697 0.987834409595923 0
outer loop
vertex -29.93264389038086 -6.170804023742676 0
vertex -31.094663619995117 -5.987873554229736 0
vertex -31.094663619995117 -5.987873554229736 5.300000190734863
endloop
endfacet
facet normal 0 0 -1
outer loop
vertex 19.99409294128418 6.331702709197998 5.300000190734863
vertex 10.687615394592285 11.631702423095703 5.300000190734863
vertex 14.552525520324707 11.631702423095703 5.300000190734863
endloop
endfacet
facet normal 0.334253202333673 0.9424833137672435 0
outer loop
vertex -31.14702606201172 -5.969303131103516 0
vertex -31.14702606201172 -5.969303131103516 5.300000190734863
vertex -31.094663619995117 -5.987873554229736 0
endloop
endfacet
facet normal 0 0 -1
outer loop
vertex 19.99409294128418 6.331702709197998 5.300000190734863
vertex 5.217891216278076 6.331702709197998 5.300000190734863
vertex 10.687615394592285 11.631702423095703 5.300000190734863
endloop
endfacet
facet normal -0.502448763548303 -0.864606985865064 0.000001452775472101174
outer loop
vertex -46.66817855834961 49.704246520996094 3.5999999046325684
vertex -63.1197624206543 59.26474380493164 0
vertex -27.184776306152344 38.381866455078125 5.300000190734863
endloop
endfacet
facet normal 0 0 -1
outer loop
vertex -16.183958053588867 -44.94329833984375 5.300000190734863
vertex -19.59400749206543 -60.458412170410156 5.300000190734863
vertex -16.59400749206543 -44.53324508666992 5.300000190734863
endloop
endfacet
facet normal 0 0 -1
outer loop
vertex -16.59400749206543 -44.53324508666992 5.300000190734863
vertex -19.59400749206543 -60.458412170410156 5.300000190734863
vertex -19.59400749206543 -41.458412170410156 5.300000190734863
endloop
endfacet
facet normal 0 0 -1
outer loop
vertex -30.477802276611328 -0.23433087766170502 5.300000190734863
vertex -31.14702606201172 -5.969303131103516 5.300000190734863
vertex -46.101837158203125 8.786209106445312 5.300000190734863
endloop
endfacet
facet normal 0 0 -1
outer loop
vertex 80.85065460205078 -64.74329376220703 5.300000190734863
vertex 21.829593658447266 -57.28497314453125 5.300000190734863
vertex 21.898900985717773 -57.155311584472656 5.300000190734863
endloop
endfacet
facet normal 0 0 -1
outer loop
vertex -47.7239990234375 44.248592376708984 5.300000190734863
vertex -64.23674011230469 53.78748321533203 5.300000190734863
vertex -64.39109802246094 59.46555709838867 5.300000190734863
endloop
endfacet
facet normal 0 0 -1
outer loop
vertex -65.24246978759766 53.894676208496094 5.300000190734863
vertex -66.9609375 56.700599670410156 5.300000190734863
vertex -64.75064849853516 54.026458740234375 5.300000190734863
endloop
endfacet
facet normal 0 0 -1
outer loop
vertex -19.59400749206543 -41.458412170410156 5.300000190734863
vertex -19.59400749206543 -24.566593170166016 5.300000190734863
vertex -16.59400749206543 -44.53324508666992 5.300000190734863
endloop
endfacet
facet normal 0 0 -1
outer loop
vertex 9.095840454101562 14.365521430969238 5.300000190734863
vertex 3.8059918880462646 7.7436017990112305 5.300000190734863
vertex 8.673274993896484 15.46013069152832 5.300000190734863
endloop
endfacet
facet normal 0 0 -1
outer loop
vertex -64.6823501586914 54.04475784301758 5.300000190734863
vertex -64.75064849853516 54.026458740234375 5.300000190734863
vertex -64.39109802246094 59.46555709838867 5.300000190734863
endloop
endfacet
facet normal 0 0 -1
outer loop
vertex -64.39109802246094 59.46555709838867 5.300000190734863
vertex -64.23674011230469 53.78748321533203 5.300000190734863
vertex -64.6823501586914 54.04475784301758 5.300000190734863
endloop
endfacet
facet normal 0 0 -1
outer loop
vertex -64.75064849853516 54.026458740234375 5.300000190734863
vertex -67.7608642578125 58.736358642578125 5.300000190734863
vertex -64.39109802246094 59.46555709838867 5.300000190734863
endloop
endfacet
facet normal 0 0 -1
outer loop
vertex -64.33549499511719 59.46712875366211 5.300000190734863
vertex -63.17217254638672 59.28337478637695 5.300000190734863
vertex -47.7239990234375 44.248592376708984 5.300000190734863
endloop
endfacet
facet normal 0 0 -1
outer loop
vertex -64.39109802246094 59.46555709838867 5.300000190734863
vertex -64.33549499511719 59.46712875366211 5.300000190734863
vertex -47.7239990234375 44.248592376708984 5.300000190734863
endloop
endfacet
facet normal 0 0 -1
outer loop
vertex -63.17217254638672 59.28337478637695 5.300000190734863
vertex -63.1197624206543 59.26474380493164 5.300000190734863
vertex -47.7239990234375 44.248592376708984 5.300000190734863
endloop
endfacet
facet normal 0 0 -1
outer loop
vertex -29.58725357055664 -0.7485902905464172 5.300000190734863
vertex -31.094663619995117 -5.987873554229736 5.300000190734863
vertex -30.477802276611328 -0.23433087766170502 5.300000190734863
endloop
endfacet
facet normal 0 0 -1
outer loop
vertex -46.66817855834961 49.704246520996094 5.300000190734863
vertex -47.7239990234375 44.248592376708984 5.300000190734863
vertex -63.1197624206543 59.26474380493164 5.300000190734863
endloop
endfacet
facet normal 0 0 -1
outer loop
vertex 3.8059918880462646 7.7436017990112305 5.300000190734863
vertex 8.644184112548828 15.50730037689209 5.300000190734863
vertex 8.673274993896484 15.46013069152832 5.300000190734863
endloop
endfacet
facet normal 0 0 -1
outer loop
vertex 9.10599136352539 14.311039924621582 5.300000190734863
vertex 3.8059918880462646 7.7436017990112305 5.300000190734863
vertex 9.095840454101562 14.365521430969238 5.300000190734863
endloop
endfacet
facet normal 0 0 -1
outer loop
vertex 9.10599136352539 13.213326454162598 5.300000190734863
vertex 3.8059918880462646 7.7436017990112305 5.300000190734863
vertex 9.10599136352539 14.311039924621582 5.300000190734863
endloop
endfacet
facet normal 0 0 -1
outer loop
vertex 10.687615394592285 11.631702423095703 5.300000190734863
vertex 3.8059918880462646 7.7436017990112305 5.300000190734863
vertex 9.10599136352539 13.213326454162598 5.300000190734863
endloop
endfacet
facet normal 0 0 -1
outer loop
vertex 3.8059918880462646 7.7436017990112305 5.300000190734863
vertex 10.687615394592285 11.631702423095703 5.300000190734863
vertex 5.217891216278076 6.331702709197998 5.300000190734863
endloop
endfacet
facet normal 0 0 -1
outer loop
vertex -26.515413284301758 -5.441477298736572 5.300000190734863
vertex -29.58725357055664 -0.7485902905464172 5.300000190734863
vertex -29.02707290649414 -0.5985153317451477 5.300000190734863
endloop
endfacet
facet normal 0 0 -1
outer loop
vertex 3.8059918880462646 7.7436017990112305 5.300000190734863
vertex 3.8059918880462646 13.046651840209961 5.300000190734863
vertex 8.644184112548828 15.50730037689209 5.300000190734863
endloop
endfacet
facet normal 0 0 -1
outer loop
vertex 3.8516640663146973 7.6333394050598145 5.300000190734863
vertex 3.8059918880462646 7.7436017990112305 5.300000190734863
vertex 5.217891216278076 6.331702709197998 5.300000190734863
endloop
endfacet
facet normal 0 0 -1
outer loop
vertex 5.107628345489502 6.37737512588501 5.300000190734863
vertex 3.8516640663146973 7.6333394050598145 5.300000190734863
vertex 5.217891216278076 6.331702709197998 5.300000190734863
endloop
endfacet
facet normal 0.7048557603180629 -0.7093506588045475 0
outer loop
vertex 14.552525520324707 11.631702423095703 5.300000190734863
vertex 14.552525520324707 11.631702423095703 0
vertex 16.13204002380371 13.201208114624023 5.300000190734863
endloop
endfacet
facet normal 0 -1 0
outer loop
vertex 10.687615394592285 11.631702423095703 5.300000190734863
vertex 10.687615394592285 11.631702423095703 0
vertex 14.552525520324707 11.631702423095703 5.300000190734863
endloop
endfacet
facet normal -0.7071067811865475 -0.7071067811865475 0
outer loop
vertex 9.10599136352539 13.213326454162598 5.300000190734863
vertex 9.10599136352539 13.213326454162598 0
vertex 10.687615394592285 11.631702423095703 5.300000190734863
endloop
endfacet
facet normal -0.9328998675584457 -0.36013585923847474 0
outer loop
vertex 84.67327880859375 34.46012878417969 0
vertex 85.09584045410156 33.36552047729492 0
vertex 85.09584045410156 33.36552047729492 5.300000190734863
endloop
endfacet
facet normal -0.5864945991406761 -0.8099531376436648 0
outer loop
vertex 82.27958679199219 37.094390869140625 0
vertex 82.33012390136719 37.057796478271484 0
vertex 82.33012390136719 37.057796478271484 5.300000190734863
endloop
endfacet
facet normal -0.7405999218273581 -0.6719462447170244 0
outer loop
vertex 82.33012390136719 37.057796478271484 0
vertex 84.6441879272461 34.507301330566406 0
vertex 84.6441879272461 34.507301330566406 5.300000190734863
endloop
endfacet
facet normal -0.8511616441324156 -0.5249036631209608 0
outer loop
vertex 84.6441879272461 34.507301330566406 0
vertex 84.67327880859375 34.46012878417969 0
vertex 84.67327880859375 34.46012878417969 5.300000190734863
endloop
endfacet
facet normal -0.9830695467370065 -0.18323281987214055 0
outer loop
vertex 85.09584045410156 33.36552047729492 0
vertex 85.10599517822266 33.311038970947266 0
vertex 85.10599517822266 33.311038970947266 5.300000190734863
endloop
endfacet
facet normal -0.4073002923629716 -0.913294296402336 0
outer loop
vertex 81.07047271728516 37.63361740112305 0
vertex 82.27958679199219 37.094390869140625 0
vertex 82.27958679199219 37.094390869140625 5.300000190734863
endloop
endfacet
facet normal -0.21067292469079893 -0.9775566064439567 0
outer loop
vertex 81.07047271728516 37.63361740112305 0
vertex 81.07047271728516 37.63361740112305 5.300000190734863
vertex 81.00947570800781 37.64676284790039 0
endloop
endfacet
facet normal -0.005028574117280223 -0.9999873566412377 -1.3160441940840332e-7
outer loop
vertex 80.97827911376953 37.64691925048828 3.5999999046325684
vertex 61.978519439697266 37.742462158203125 3.5999999046325684
vertex 81.00947570800781 37.64676284790039 0
endloop
endfacet
facet normal -0.005028570471041594 -0.9999873566595756 -1.1232854034167841e-7
outer loop
vertex 61.978519439697266 37.742462158203125 3.5999999046325684
vertex 58.56416320800781 37.7596321105957 0
vertex 81.00947570800781 37.64676284790039 0
endloop
endfacet
facet normal -0.8063448250265278 -0.5914457060060021 0
outer loop
vertex -27.13870620727539 38.340457916259766 5.300000190734863
vertex -27.13870620727539 38.340457916259766 0
vertex -26.36141586303711 37.28074264526367 5.300000190734863
endloop
endfacet
facet normal -0.6684780525264065 -0.7437318692180018 0
outer loop
vertex -27.184776306152344 38.381866455078125 5.300000190734863
vertex -27.184776306152344 38.381866455078125 0
vertex -27.13870620727539 38.340457916259766 5.300000190734863
endloop
endfacet
facet normal 0 0 -1
outer loop
vertex -67.81793212890625 58.710819244384766 5.300000190734863
vertex -67.7608642578125 58.736358642578125 5.300000190734863
vertex -64.75064849853516 54.026458740234375 5.300000190734863
endloop
endfacet
facet normal 0.17945693563039572 -0.9837658299891027 0
outer loop
vertex 58.50926971435547 37.74961853027344 0
vertex 58.56416320800781 37.7596321105957 0
vertex 58.56416320800781 37.7596321105957 5.300000190734863
endloop
endfacet
facet normal 0.3577914587708393 -0.933801516399837 0
outer loop
vertex 57.40595626831055 37.32687759399414 0
vertex 58.50926971435547 37.74961853027344 0
vertex 58.50926971435547 37.74961853027344 5.300000190734863
endloop
endfacet
facet normal 0.5238647375971685 -0.8518014655436146 0
outer loop
vertex 57.35842514038086 37.297645568847656 0
vertex 57.40595626831055 37.32687759399414 0
vertex 57.40595626831055 37.32687759399414 5.300000190734863
endloop
endfacet
facet normal 0.6719463023760994 -0.7405998695132802 0
outer loop
vertex 54.815086364746094 34.990074157714844 0
vertex 57.35842514038086 37.297645568847656 0
vertex 57.35842514038086 37.297645568847656 5.300000190734863
endloop
endfacet
facet normal 0.8074711595603161 -0.5899070490156212 0
outer loop
vertex 54.779029846191406 34.94071960449219 0
vertex 54.815086364746094 34.990074157714844 0
vertex 54.815086364746094 34.990074157714844 5.300000190734863
endloop
endfacet
facet normal 0.9098472901387203 -0.41494325952740474 0
outer loop
vertex 54.2411003112793 33.761199951171875 0
vertex 54.779029846191406 34.94071960449219 0
vertex 54.779029846191406 34.94071960449219 5.300000190734863
endloop
endfacet
facet normal 0.9748216969220299 -0.2229857825289637 0
outer loop
vertex 54.22747039794922 33.70161437988281 0
vertex 54.2411003112793 33.761199951171875 0
vertex 54.2411003112793 33.761199951171875 5.300000190734863
endloop
endfacet
facet normal 0.9997625021991781 -0.0217930997436951 0
outer loop
vertex 54.19412612915039 32.171939849853516 0
vertex 54.22747039794922 33.70161437988281 0
vertex 54.22747039794922 33.70161437988281 5.300000190734863
endloop
endfacet
facet normal 0.6993586865329215 -0.7147708916645578 0
outer loop
vertex 52.61994552612305 30.631702423095703 0
vertex 54.19412612915039 32.171939849853516 0
vertex 54.19412612915039 32.171939849853516 5.300000190734863
endloop
endfacet
facet normal 0 0 -1
outer loop
vertex -67.81793212890625 58.710819244384766 5.300000190734863
vertex -64.75064849853516 54.026458740234375 5.300000190734863
vertex -66.9609375 56.700599670410156 5.300000190734863
endloop
endfacet
facet normal 0 0 -1
outer loop
vertex -47.7239990234375 44.248592376708984 5.300000190734863
vertex -46.66817855834961 49.704246520996094 5.300000190734863
vertex -27.184776306152344 38.381866455078125 5.300000190734863
endloop
endfacet
facet normal 0 0 -1
outer loop
vertex -47.7239990234375 44.248592376708984 5.300000190734863
vertex -27.184776306152344 38.381866455078125 5.300000190734863
vertex -31.364330291748047 34.798126220703125 5.300000190734863
endloop
endfacet
facet normal 0 0 -1
outer loop
vertex -66.9609375 56.700599670410156 5.300000190734863
vertex -68.89115905761719 57.93091583251953 5.300000190734863
vertex -67.81793212890625 58.710819244384766 5.300000190734863
endloop
endfacet
facet normal 0 0 -1
outer loop
vertex -31.92045783996582 29.639371871948242 5.300000190734863
vertex -31.99273681640625 29.73281478881836 5.300000190734863
vertex -27.184776306152344 38.381866455078125 5.300000190734863
endloop
endfacet
facet normal 0 0 -1
outer loop
vertex -27.184776306152344 38.381866455078125 5.300000190734863
vertex -31.99273681640625 29.73281478881836 5.300000190734863
vertex -32.46061325073242 31.42615509033203 5.300000190734863
endloop
endfacet
facet normal 0 0 -1
outer loop
vertex -24.934316635131836 31.69890022277832 5.300000190734863
vertex -31.92045783996582 29.639371871948242 5.300000190734863
vertex -25.65110969543457 32.984283447265625 5.300000190734863
endloop
endfacet
facet normal 0 0 -1
outer loop
vertex -25.626094818115234 34.05015563964844 5.300000190734863
vertex -25.65110969543457 32.984283447265625 5.300000190734863
vertex -31.92045783996582 29.639371871948242 5.300000190734863
endloop
endfacet
facet normal 0 0 -1
outer loop
vertex -25.62972640991211 34.08674240112305 5.300000190734863
vertex -25.626094818115234 34.05015563964844 5.300000190734863
vertex -31.92045783996582 29.639371871948242 5.300000190734863
endloop
endfacet
facet normal 0 0 -1
outer loop
vertex -26.335756301879883 37.224361419677734 5.300000190734863
vertex -25.62972640991211 34.08674240112305 5.300000190734863
vertex -31.92045783996582 29.639371871948242 5.300000190734863
endloop
endfacet
facet normal 0 0 -1
outer loop
vertex -27.184776306152344 38.381866455078125 5.300000190734863
vertex -32.46061325073242 31.42615509033203 5.300000190734863
vertex -32.44655990600586 31.5434513092041 5.300000190734863
endloop
endfacet
facet normal 0 0 -1
outer loop
vertex -27.184776306152344 38.381866455078125 5.300000190734863
vertex -32.44655990600586 31.5434513092041 5.300000190734863
vertex -31.151580810546875 33.869239807128906 5.300000190734863
endloop
endfacet
facet normal 0 0 -1
outer loop
vertex -27.184776306152344 38.381866455078125 5.300000190734863
vertex -31.151580810546875 33.869239807128906 5.300000190734863
vertex -31.0075740814209 34.11866760253906 5.300000190734863
endloop
endfacet
facet normal 0 0 -1
outer loop
vertex -31.0075740814209 34.11866760253906 5.300000190734863
vertex -31.082307815551758 34.397579193115234 5.300000190734863
vertex -27.184776306152344 38.381866455078125 5.300000190734863
endloop
endfacet
facet normal 0 0 -1
outer loop
vertex -27.13870620727539 38.340457916259766 5.300000190734863
vertex -26.36141586303711 37.28074264526367 5.300000190734863
vertex -31.92045783996582 29.639371871948242 5.300000190734863
endloop
endfacet
facet normal 0 0 -1
outer loop
vertex -26.36141586303711 37.28074264526367 5.300000190734863
vertex -26.335756301879883 37.224361419677734 5.300000190734863
vertex -31.92045783996582 29.639371871948242 5.300000190734863
endloop
endfacet
facet normal 0 0 -1
outer loop
vertex -27.184776306152344 38.381866455078125 5.300000190734863
vertex -27.13870620727539 38.340457916259766 5.300000190734863
vertex -31.92045783996582 29.639371871948242 5.300000190734863
endloop
endfacet
facet normal 0 0 -1
outer loop
vertex -31.157663345336914 34.67880630493164 5.300000190734863
vertex -31.364330291748047 34.798126220703125 5.300000190734863
vertex -27.184776306152344 38.381866455078125 5.300000190734863
endloop
endfacet
facet normal 0 0 -1
outer loop
vertex -27.184776306152344 38.381866455078125 5.300000190734863
vertex -31.082307815551758 34.397579193115234 5.300000190734863
vertex -31.157663345336914 34.67880630493164 5.300000190734863
endloop
endfacet
facet normal 0 0 -1
outer loop
vertex -66.9609375 56.700599670410156 5.300000190734863
vertex -68.93306732177734 57.884525299072266 5.300000190734863
vertex -68.89115905761719 57.93091583251953 5.300000190734863
endloop
endfacet
facet normal 0 0 -1
outer loop
vertex -65.24246978759766 53.894676208496094 5.300000190734863
vertex -76.51800537109375 40.279197692871094 5.300000190734863
vertex -66.9609375 56.700599670410156 5.300000190734863
endloop
endfacet
facet normal 0.21149914041016998 -0.9773781835122775 0
outer loop
vertex -67.7608642578125 58.736358642578125 5.300000190734863
vertex -67.7608642578125 58.736358642578125 0
vertex -64.39109802246094 59.46555709838867 5.300000190734863
endloop
endfacet
facet normal 0.40848646430855123 -0.9127643773048434 0
outer loop
vertex -67.81793212890625 58.710819244384766 5.300000190734863
vertex -67.81793212890625 58.710819244384766 0
vertex -67.7608642578125 58.736358642578125 5.300000190734863
endloop
endfacet
facet normal 0.58786339836517 -0.8089602121628439 0
outer loop
vertex -68.89115905761719 57.93091583251953 5.300000190734863
vertex -68.89115905761719 57.93091583251953 0
vertex -67.81793212890625 58.710819244384766 5.300000190734863
endloop
endfacet
facet normal -0.5024486687898879 -0.8646070409332032 0
outer loop
vertex -46.66817855834961 49.704246520996094 5.300000190734863
vertex -46.66817855834961 49.704246520996094 3.5999999046325684
vertex -27.184776306152344 38.381866455078125 5.300000190734863
endloop
endfacet
facet normal 0.9996053882540559 0.028090350183972785 0
outer loop
vertex -85.20329284667969 29.001720428466797 5.300000190734863
vertex -85.20329284667969 29.001720428466797 0
vertex -85.2048568725586 29.057376861572266 5.300000190734863
endloop
endfacet
facet normal 0 0 -1
outer loop
vertex -65.24246978759766 53.894676208496094 5.300000190734863
vertex -79.78244018554688 28.710737228393555 5.300000190734863
vertex -76.51800537109375 40.279197692871094 5.300000190734863
endloop
endfacet
facet normal 0 0 -1
outer loop
vertex -76.51800537109375 40.279197692871094 5.300000190734863
vertex -85.00192260742188 30.274272918701172 5.300000190734863
vertex -78.505859375 41.43610763549805 5.300000190734863
endloop
endfacet
facet normal 0 0 -1
outer loop
vertex -85.00192260742188 30.274272918701172 5.300000190734863
vertex -76.51800537109375 40.279197692871094 5.300000190734863
vertex -79.78244018554688 28.710737228393555 5.300000190734863
endloop
endfacet
facet normal 0.8642842175424662 -0.5030037686807199 0
outer loop
vertex -85.00192260742188 30.274272918701172 5.300000190734863
vertex -78.505859375 41.43610763549805 0
vertex -78.505859375 41.43610763549805 5.300000190734863
endloop
endfacet
facet normal 0.9420646579798594 -0.3354313345310637 0
outer loop
vertex -85.02059936523438 30.221818923950195 5.300000190734863
vertex -85.02059936523438 30.221818923950195 0
vertex -85.00192260742188 30.274272918701172 5.300000190734863
endloop
endfacet
facet normal 0.334253202333673 0.9424833137672435 0
outer loop
vertex -31.094663619995117 -5.987873554229736 5.300000190734863
vertex -31.094663619995117 -5.987873554229736 0
vertex -31.14702606201172 -5.969303131103516 5.300000190734863
endloop
endfacet
facet normal 0.15550941842304697 0.987834409595923 0
outer loop
vertex -29.93264389038086 -6.170804023742676 5.300000190734863
vertex -29.93264389038086 -6.170804023742676 0
vertex -31.094663619995117 -5.987873554229736 5.300000190734863
endloop
endfacet
facet normal -0.028520815012810317 0.9995931988118991 0
outer loop
vertex -29.87710952758789 -6.169219493865967 5.300000190734863
vertex -29.87710952758789 -6.169219493865967 0
vertex -29.93264389038086 -6.170804023742676 5.300000190734863
endloop
endfacet
facet normal -0.2115796923553662 0.9773607490496069 0
outer loop
vertex -26.515413284301758 -5.441477298736572 5.300000190734863
vertex -26.515413284301758 -5.441477298736572 0
vertex -29.87710952758789 -6.169219493865967 5.300000190734863
endloop
endfacet
facet normal -0.4064989462082379 0.9136512500574778 0
outer loop
vertex -26.45890235900879 -5.416334629058838 5.300000190734863
vertex -26.45890235900879 -5.416334629058838 0
vertex -26.515413284301758 -5.441477298736572 5.300000190734863
endloop
endfacet
facet normal -0.5843465304378697 0.8115042405096993 0
outer loop
vertex -24.83225440979004 -4.245020866394043 0
vertex -26.45890235900879 -5.416334629058838 5.300000190734863
vertex -24.83225440979004 -4.245020866394043 5.300000190734863
endloop
endfacet
facet normal 0.45588028101506833 0.8900411054449241 0
outer loop
vertex -22.2520751953125 -5.566592216491699 5.300000190734863
vertex -24.83225440979004 -4.245020866394043 0
vertex -24.83225440979004 -4.245020866394043 5.300000190734863
endloop
endfacet
facet normal 0 0 -1
outer loop
vertex -31.14702606201172 -5.969303131103516 5.300000190734863
vertex -30.477802276611328 -0.23433087766170502 5.300000190734863
vertex -31.094663619995117 -5.987873554229736 5.300000190734863
endloop
endfacet
facet normal 0 0 -1
outer loop
vertex -29.93264389038086 -6.170804023742676 5.300000190734863
vertex -31.094663619995117 -5.987873554229736 5.300000190734863
vertex -29.58725357055664 -0.7485902905464172 5.300000190734863
endloop
endfacet
facet normal 0 0 -1
outer loop
vertex -29.87710952758789 -6.169219493865967 5.300000190734863
vertex -29.93264389038086 -6.170804023742676 5.300000190734863
vertex -29.58725357055664 -0.7485902905464172 5.300000190734863
endloop
endfacet
facet normal 0 0 -1
outer loop
vertex -26.515413284301758 -5.441477298736572 5.300000190734863
vertex -29.87710952758789 -6.169219493865967 5.300000190734863
vertex -29.58725357055664 -0.7485902905464172 5.300000190734863
endloop
endfacet
facet normal 0 0 -1
outer loop
vertex -26.45890235900879 -5.416334629058838 5.300000190734863
vertex -26.515413284301758 -5.441477298736572 5.300000190734863
vertex -29.02707290649414 -0.5985153317451477 5.300000190734863
endloop
endfacet
facet normal 0 0 -1
outer loop
vertex -24.83225440979004 -4.245020866394043 5.300000190734863
vertex -26.45890235900879 -5.416334629058838 5.300000190734863
vertex -29.02707290649414 -0.5985153317451477 5.300000190734863
endloop
endfacet
facet normal 0 0 -1
outer loop
vertex -16.59400749206543 13.046651840209961 5.300000190734863
vertex -16.59400749206543 -44.53324508666992 5.300000190734863
vertex -19.59400749206543 -24.566593170166016 5.300000190734863
endloop
endfacet
facet normal -1 0 0
outer loop
vertex 85.10599517822266 14.283329963684082 0
vertex 85.10599517822266 8.369416236877441 0
vertex 85.10599517822266 14.283329963684082 5.300000190734863
endloop
endfacet
facet normal 0 -1 0
outer loop
vertex 20.551654815673828 30.631702423095703 0
vertex 52.61994552612305 30.631702423095703 0
vertex 52.61994552612305 30.631702423095703 5.300000190734863
endloop
endfacet
facet normal 0.1831662968585544 -0.9830819435302045 0
outer loop
vertex 20.497173309326172 30.621551513671875 0
vertex 20.551654815673828 30.631702423095703 0
vertex 20.551654815673828 30.631702423095703 5.300000190734863
endloop
endfacet
facet normal 0.3601386887122295 -0.9328987752659104 0
outer loop
vertex 19.402565002441406 30.198986053466797 0
vertex 20.497173309326172 30.621551513671875 0
vertex 20.497173309326172 30.621551513671875 5.300000190734863
endloop
endfacet
facet normal 0.5249190395241445 -0.8511521614523747 0
outer loop
vertex 19.35539436340332 30.16989517211914 0
vertex 19.402565002441406 30.198986053466797 0
vertex 19.402565002441406 30.198986053466797 5.300000190734863
endloop
endfacet
facet normal 0 0 -1
outer loop
vertex -16.59400749206543 13.046651840209961 5.300000190734863
vertex -19.59400749206543 -24.566593170166016 5.300000190734863
vertex -19.59400749206543 -5.566592216491699 5.300000190734863
endloop
endfacet
facet normal 0.6719456006744108 -0.7406005061666547 0
outer loop
vertex 16.80570411682129 27.856565475463867 0
vertex 19.35539436340332 30.16989517211914 0
vertex 19.35539436340332 30.16989517211914 5.300000190734863
endloop
endfacet
facet normal 0.8097610175988965 -0.5867598268262744 0
outer loop
vertex 16.769153594970703 27.806123733520508 0
vertex 16.80570411682129 27.856565475463867 0
vertex 16.80570411682129 27.856565475463867 5.300000190734863
endloop
endfacet
facet normal 0.9130235535369988 -0.4079068406960971 0
outer loop
vertex 16.230012893676758 26.59935760498047 0
vertex 16.769153594970703 27.806123733520508 0
vertex 16.769153594970703 27.806123733520508 5.300000190734863
endloop
endfacet
facet normal 0.9773421457098951 -0.21166560943898824 0
outer loop
vertex 16.216827392578125 26.538475036621094 0
vertex 16.230012893676758 26.59935760498047 0
vertex 16.230012893676758 26.59935760498047 5.300000190734863
endloop
endfacet
facet normal 0.9999797937616751 -0.006357048714440679 0
outer loop
vertex 16.13204002380371 13.201208114624023 0
vertex 16.216827392578125 26.538475036621094 0
vertex 16.216827392578125 26.538475036621094 5.300000190734863
endloop
endfacet
facet normal -0.5865487198152625 -0.8099139456035295 0
outer loop
vertex 6.330246925354004 18.057659149169922 0
vertex 6.330246925354004 18.057659149169922 5.300000190734863
vertex 6.279727458953857 18.09424591064453 0
endloop
endfacet
facet normal -0.40740391381840957 -0.9132480774715281 0
outer loop
vertex 5.071012020111084 18.633459091186523 0
vertex 6.279727458953857 18.09424591064453 0
vertex 6.279727458953857 18.09424591064453 5.300000190734863
endloop
endfacet
facet normal -0.9328988806839497 -0.3601384156385344 0
outer loop
vertex 8.673274993896484 15.46013069152832 0
vertex 9.095840454101562 14.365521430969238 0
vertex 9.095840454101562 14.365521430969238 5.300000190734863
endloop
endfacet
facet normal -0.8511474197998418 -0.52492672799932 0
outer loop
vertex 8.644184112548828 15.50730037689209 0
vertex 8.673274993896484 15.46013069152832 0
vertex 8.673274993896484 15.46013069152832 5.300000190734863
endloop
endfacet
facet normal -0.9830819435302045 -0.1831662968585544 0
outer loop
vertex 9.095840454101562 14.365521430969238 0
vertex 9.10599136352539 14.311039924621582 0
vertex 9.10599136352539 14.311039924621582 5.300000190734863
endloop
endfacet
facet normal -1 0 0
outer loop
vertex 9.10599136352539 14.311039924621582 0
vertex 9.10599136352539 13.213326454162598 0
vertex 9.10599136352539 13.213326454162598 5.300000190734863
endloop
endfacet
facet normal -0.7406003705729106 -0.671945750122186 0
outer loop
vertex 6.330246925354004 18.057659149169922 0
vertex 8.644184112548828 15.50730037689209 0
vertex 8.644184112548828 15.50730037689209 5.300000190734863
endloop
endfacet
facet normal -0.21083457799492267 -0.9775217546027828 0
outer loop
vertex 5.010037422180176 18.646610260009766 0
vertex 5.071012020111084 18.633459091186523 0
vertex 5.071012020111084 18.633459091186523 5.300000190734863
endloop
endfacet
facet normal -0.005255364404006035 -0.9999861904771391 0
outer loop
vertex 5.010037422180176 18.646610260009766 5.300000190734863
vertex -9.910322189331055 18.72502326965332 0
vertex 5.010037422180176 18.646610260009766 0
endloop
endfacet
facet normal 0.7048557603180629 -0.7093506588045475 0
outer loop
vertex 14.552525520324707 11.631702423095703 0
vertex 16.13204002380371 13.201208114624023 0
vertex 16.13204002380371 13.201208114624023 5.300000190734863
endloop
endfacet
facet normal 0 -1 0
outer loop
vertex 10.687615394592285 11.631702423095703 0
vertex 14.552525520324707 11.631702423095703 0
vertex 14.552525520324707 11.631702423095703 5.300000190734863
endloop
endfacet
facet normal -0.7071067811865475 -0.7071067811865475 0
outer loop
vertex 10.687615394592285 11.631702423095703 0
vertex 10.687615394592285 11.631702423095703 5.300000190734863
vertex 9.10599136352539 13.213326454162598 0
endloop
endfacet
facet normal 0.6695063121441144 0.7428063664234359 0
outer loop
vertex -83.6191177368164 24.457040786743164 0
vertex -83.66564178466797 24.498973846435547 0
vertex -83.66564178466797 24.498973846435547 5.300000190734863
endloop
endfacet
facet normal 0.9125818194046607 0.40889414631672005 0
outer loop
vertex -84.44790649414062 25.57353973388672 0
vertex -84.47351837158203 25.630701065063477 0
vertex -84.47351837158203 25.630701065063477 5.300000190734863
endloop
endfacet
facet normal 0.8084632043126345 0.5885467247997795 0
outer loop
vertex -83.66564178466797 24.498973846435547 0
vertex -84.44790649414062 25.57353973388672 0
vertex -84.44790649414062 25.57353973388672 5.300000190734863
endloop
endfacet
facet normal 0.9773599093877247 0.21158357101064912 0
outer loop
vertex -84.47351837158203 25.630701065063477 0
vertex -85.20329284667969 29.001720428466797 0
vertex -85.20329284667969 29.001720428466797 5.300000190734863
endloop
endfacet
facet normal 0.9996053882540559 0.028090350183972785 0
outer loop
vertex -85.2048568725586 29.057376861572266 0
vertex -85.2048568725586 29.057376861572266 5.300000190734863
vertex -85.20329284667969 29.001720428466797 0
endloop
endfacet
facet normal 0.5249190395241445 -0.8511521614523747 0
outer loop
vertex 19.35539436340332 30.16989517211914 5.300000190734863
vertex 19.35539436340332 30.16989517211914 0
vertex 19.402565002441406 30.198986053466797 5.300000190734863
endloop
endfacet
facet normal 0.3601386887122295 -0.9328987752659104 0
outer loop
vertex 19.402565002441406 30.198986053466797 5.300000190734863
vertex 19.402565002441406 30.198986053466797 0
vertex 20.497173309326172 30.621551513671875 5.300000190734863
endloop
endfacet
facet normal 0.1831662968585544 -0.9830819435302045 0
outer loop
vertex 20.497173309326172 30.621551513671875 5.300000190734863
vertex 20.497173309326172 30.621551513671875 0
vertex 20.551654815673828 30.631702423095703 5.300000190734863
endloop
endfacet
facet normal 0 0 -1
outer loop
vertex 82.80599212646484 -10.630583763122559 5.300000190734863
vertex 79.80599212646484 -44.53324508666992 5.300000190734863
vertex 79.80599212646484 32.046653747558594 5.300000190734863
endloop
endfacet
facet normal 0 0 -1
outer loop
vertex 85.10599517822266 -10.630583763122559 5.300000190734863
vertex 85.10599517822266 -16.544496536254883 5.300000190734863
vertex 82.80599212646484 -10.630583763122559 5.300000190734863
endloop
endfacet
facet normal 0 0 -1
outer loop
vertex 85.10599517822266 -16.544496536254883 5.300000190734863
vertex 82.80599212646484 -16.544496536254883 5.300000190734863
vertex 82.80599212646484 -10.630583763122559 5.300000190734863
endloop
endfacet
facet normal 0.501625942099617 0.8650846283530136 0
outer loop
vertex -31.14702606201172 -5.969303131103516 0
vertex -83.6191177368164 24.457040786743164 0
vertex -83.6191177368164 24.457040786743164 5.300000190734863
endloop
endfacet
facet normal 0 -1 0
outer loop
vertex 20.551654815673828 30.631702423095703 5.300000190734863
vertex 20.551654815673828 30.631702423095703 0
vertex 52.61994552612305 30.631702423095703 5.300000190734863
endloop
endfacet
facet normal -1 0 0
outer loop
vertex 85.10599517822266 -10.630583763122559 5.300000190734863
vertex 85.10599517822266 -16.544496536254883 0
vertex 85.10599517822266 -16.544496536254883 5.300000190734863
endloop
endfacet
facet normal 0 0 -1
outer loop
vertex 82.80599212646484 -16.544496536254883 5.300000190734863
vertex 79.80599212646484 -44.53324508666992 5.300000190734863
vertex 82.80599212646484 -10.630583763122559 5.300000190734863
endloop
endfacet
facet normal 0 0 -1
outer loop
vertex 82.80599212646484 -35.544498443603516 5.300000190734863
vertex 79.80599212646484 -44.53324508666992 5.300000190734863
vertex 82.80599212646484 -16.544496536254883 5.300000190734863
endloop
endfacet
facet normal 0 1 0
outer loop
vertex -4.609121799468994 -64.74329376220703 0
vertex -4.609121799468994 -64.74329376220703 1.350000023841858
vertex 67.82110595703125 -64.74329376220703 1.350000023841858
endloop
endfacet
facet normal 0 1 0
outer loop
vertex 1.3908780813217163 -64.74329376220703 3.5999999046325684
vertex 67.82110595703125 -64.74329376220703 1.350000023841858
vertex -4.609121799468994 -64.74329376220703 1.350000023841858
endloop
endfacet
facet normal 0 1 0
outer loop
vertex 67.82110595703125 -64.74329376220703 0
vertex -4.609121799468994 -64.74329376220703 0
vertex 67.82110595703125 -64.74329376220703 1.350000023841858
endloop
endfacet
facet normal 0 1 0
outer loop
vertex 67.82110595703125 -64.74329376220703 1.350000023841858
vertex 1.3908780813217163 -64.74329376220703 5.300000190734863
vertex 75.82110595703125 -64.74329376220703 1.350000023841858
endloop
endfacet
facet normal 0 0 -1
outer loop
vertex 80.85065460205078 -64.74329376220703 5.300000190734863
vertex 21.898900985717773 -57.155311584472656 5.300000190734863
vertex 21.94158172607422 -57.01461410522461 5.300000190734863
endloop
endfacet
facet normal 0 0 -1
outer loop
vertex 80.85065460205078 -64.74329376220703 5.300000190734863
vertex 21.94158172607422 -57.01461410522461 5.300000190734863
vertex 21.955991744995117 -56.8682975769043 5.300000190734863
endloop
endfacet
facet normal 0 0 -1
outer loop
vertex 57.99409103393555 25.331703186035156 5.300000190734863
vertex 54.19412612915039 32.171939849853516 5.300000190734863
vertex 58.10435485839844 25.37737464904785 5.300000190734863
endloop
endfacet
facet normal 0 0 -1
outer loop
vertex 54.19412612915039 32.171939849853516 5.300000190734863
vertex 57.99409103393555 25.331703186035156 5.300000190734863
vertex 52.61994552612305 30.631702423095703 5.300000190734863
endloop
endfacet
facet normal 0 0 -1
outer loop
vertex 58.10435485839844 25.37737464904785 5.300000190734863
vertex 54.19412612915039 32.171939849853516 5.300000190734863
vertex 59.40599060058594 26.743602752685547 5.300000190734863
endloop
endfacet
facet normal 0 0 -1
outer loop
vertex 58.10435485839844 25.37737464904785 5.300000190734863
vertex 59.40599060058594 26.743602752685547 5.300000190734863
vertex 59.360321044921875 26.633338928222656 5.300000190734863
endloop
endfacet
facet normal 0 0 -1
outer loop
vertex 80.85065460205078 -64.74329376220703 5.300000190734863
vertex 21.955991744995117 -56.8682975769043 5.300000190734863
vertex 21.94158172607422 -56.721981048583984 5.300000190734863
endloop
endfacet
facet normal 0 0 -1
outer loop
vertex 21.829593658447266 -56.45161819458008 5.300000190734863
vertex 80.85065460205078 -64.74329376220703 5.300000190734863
vertex 21.898900985717773 -56.58128356933594 5.300000190734863
endloop
endfacet
facet normal 0 0 -1
outer loop
vertex -24.83225440979004 -4.245020866394043 5.300000190734863
vertex -29.02707290649414 -0.5985153317451477 5.300000190734863
vertex -13.017447471618652 24.717613220214844 5.300000190734863
endloop
endfacet
facet normal 0 0 -1
outer loop
vertex -31.92045783996582 29.639371871948242 5.300000190734863
vertex -24.934316635131836 31.69890022277832 5.300000190734863
vertex -17.012163162231445 21.031997680664062 5.300000190734863
endloop
endfacet
facet normal 0 0 -1
outer loop
vertex 80.85065460205078 -64.74329376220703 5.300000190734863
vertex 21.829593658447266 -56.45161819458008 5.300000190734863
vertex 21.7363224029541 -56.33796691894531 5.300000190734863
endloop
endfacet
facet normal 0 0 -1
outer loop
vertex -22.2520751953125 -5.566592216491699 5.300000190734863
vertex -24.83225440979004 -4.245020866394043 5.300000190734863
vertex -16.59400749206543 13.046651840209961 5.300000190734863
endloop
endfacet
facet normal -1 0 0
outer loop
vertex 85.10599517822266 14.283329963684082 5.300000190734863
vertex 85.10599517822266 8.369416236877441 0
vertex 85.10599517822266 8.369416236877441 5.300000190734863
endloop
endfacet
facet normal 0 0 -1
outer loop
vertex 80.85065460205078 -64.74329376220703 5.300000190734863
vertex 21.94158172607422 -56.721981048583984 5.300000190734863
vertex 21.898900985717773 -56.58128356933594 5.300000190734863
endloop
endfacet
facet normal 0 0 -1
outer loop
vertex 85.10599517822266 -35.544498443603516 5.300000190734863
vertex 85.10599517822266 -41.458412170410156 5.300000190734863
vertex 82.80599212646484 -35.544498443603516 5.300000190734863
endloop
endfacet
facet normal 0 0 -1
outer loop
vertex 82.80599212646484 8.369416236877441 5.300000190734863
vertex 82.80599212646484 -10.630583763122559 5.300000190734863
vertex 79.80599212646484 32.046653747558594 5.300000190734863
endloop
endfacet
facet normal 0.9877108719665614 -0.15629214119415907 0
outer loop
vertex -85.2048568725586 29.057376861572266 5.300000190734863
vertex -85.2048568725586 29.057376861572266 0
vertex -85.02059936523438 30.221818923950195 5.300000190734863
endloop
endfacet
facet normal 0.9999797937616751 -0.006357048714440679 0
outer loop
vertex 16.13204002380371 13.201208114624023 5.300000190734863
vertex 16.13204002380371 13.201208114624023 0
vertex 16.216827392578125 26.538475036621094 5.300000190734863
endloop
endfacet
facet normal 0 0 -1
outer loop
vertex 85.10599517822266 8.369416236877441 5.300000190734863
vertex 82.80599212646484 8.369416236877441 5.300000190734863
vertex 82.80599212646484 14.283329963684082 5.300000190734863
endloop
endfacet
facet normal 0 0 -1
outer loop
vertex 85.10599517822266 14.283329963684082 5.300000190734863
vertex 85.10599517822266 8.369416236877441 5.300000190734863
vertex 82.80599212646484 14.283329963684082 5.300000190734863
endloop
endfacet
facet normal 0 1 0
outer loop
vertex -4.609121799468994 -64.74329376220703 1.350000023841858
vertex -17.609121322631836 -64.74329376220703 3.5999999046325684
vertex 1.3908780813217163 -64.74329376220703 3.5999999046325684
endloop
endfacet
facet normal 0 0 -1
outer loop
vertex 82.80599212646484 -60.458412170410156 5.300000190734863
vertex 79.80599212646484 -44.53324508666992 5.300000190734863
vertex 82.80599212646484 -41.458412170410156 5.300000190734863
endloop
endfacet
facet normal 0 0 -1
outer loop
vertex 82.80599212646484 -60.458412170410156 5.300000190734863
vertex 79.39594268798828 -44.94329833984375 5.300000190734863
vertex 79.80599212646484 -44.53324508666992 5.300000190734863
endloop
endfacet
facet normal 0 0 -1
outer loop
vertex 21.205991744995117 -56.1182975769043 5.300000190734863
vertex 60.39594268798828 -52.06829833984375 5.300000190734863
vertex 21.352310180664062 -56.13270950317383 5.300000190734863
endloop
endfacet
facet normal 0 0 -1
outer loop
vertex 82.80599212646484 14.283329963684082 5.300000190734863
vertex 82.80599212646484 8.369416236877441 5.300000190734863
vertex 79.80599212646484 32.046653747558594 5.300000190734863
endloop
endfacet
facet normal 0.9877108719665614 -0.15629214119415907 0
outer loop
vertex -85.2048568725586 29.057376861572266 0
vertex -85.02059936523438 30.221818923950195 0
vertex -85.02059936523438 30.221818923950195 5.300000190734863
endloop
endfacet
facet normal 0 0 -1
outer loop
vertex 82.80599212646484 -60.458412170410156 5.300000190734863
vertex 62.217891693115234 -44.94329833984375 5.300000190734863
vertex 79.39594268798828 -44.94329833984375 5.300000190734863
endloop
endfacet
facet normal -1 0 0
outer loop
vertex 85.10599517822266 -35.544498443603516 5.300000190734863
vertex 85.10599517822266 -41.458412170410156 0
vertex 85.10599517822266 -41.458412170410156 5.300000190734863
endloop
endfacet
facet normal 0 0 -1
outer loop
vertex 82.80599212646484 33.283329010009766 5.300000190734863
vertex 82.80599212646484 14.283329963684082 5.300000190734863
vertex 79.80599212646484 32.046653747558594 5.300000190734863
endloop
endfacet
facet normal 0 0 -1
outer loop
vertex 85.10599517822266 -60.48795700073242 5.300000190734863
vertex 85.0944595336914 -60.54591751098633 5.300000190734863
vertex 82.80599212646484 -60.458412170410156 5.300000190734863
endloop
endfacet
facet normal 0 0 -1
outer loop
vertex 85.0944595336914 -60.54591751098633 5.300000190734863
vertex 84.61512756347656 -61.70314025878906 5.300000190734863
vertex 82.80599212646484 -60.458412170410156 5.300000190734863
endloop
endfacet
facet normal 0 0 -1
outer loop
vertex 21.493003845214844 -56.17538833618164 5.300000190734863
vertex 21.352310180664062 -56.13270950317383 5.300000190734863
vertex 60.39594268798828 -52.06829833984375 5.300000190734863
endloop
endfacet
facet normal 0 0 -1
outer loop
vertex 21.493003845214844 -56.17538833618164 5.300000190734863
vertex 60.39594268798828 -52.06829833984375 5.300000190734863
vertex 21.622669219970703 -56.244693756103516 5.300000190734863
endloop
endfacet
facet normal 0 0 -1
outer loop
vertex -16.59400749206543 13.046651840209961 5.300000190734863
vertex -19.59400749206543 -5.566592216491699 5.300000190734863
vertex -22.2520751953125 -5.566592216491699 5.300000190734863
endloop
endfacet
facet normal 0 1 0
outer loop
vertex -12.609122276306152 -64.74329376220703 1.350000023841858
vertex -17.609121322631836 -64.74329376220703 3.5999999046325684
vertex -4.609121799468994 -64.74329376220703 1.350000023841858
endloop
endfacet
facet normal 0 1 0
outer loop
vertex -17.609121322631836 -64.74329376220703 3.5999999046325684
vertex -12.609122276306152 -64.74329376220703 1.350000023841858
vertex -17.638669967651367 -64.74329376220703 0
endloop
endfacet
facet normal 0 0 -1
outer loop
vertex 80.85065460205078 -64.74329376220703 5.300000190734863
vertex 21.7363224029541 -56.33796691894531 5.300000190734863
vertex 21.622669219970703 -56.244693756103516 5.300000190734863
endloop
endfacet
facet normal 0.9914304792583667 0.1306333590635343 0.0007282151488799442
outer loop
vertex -21.882478713989258 -60.54591751098633 0
vertex -21.89400863647461 -60.458412170410156 0
vertex -21.89400863647461 -60.48795700073242 5.300000190734863
endloop
endfacet
facet normal 0.92387943783073 0.3826836609440936 0
outer loop
vertex -21.403141021728516 -61.70314025878906 0
vertex -21.882478713989258 -60.54591751098633 0
vertex -21.882478713989258 -60.54591751098633 5.300000190734863
endloop
endfacet
facet normal 0.7071062345615007 0.7071073278111718 0
outer loop
vertex -18.902986526489258 -64.21959686279297 0
vertex -21.370309829711914 -61.75227737426758 0
vertex -21.370309829711914 -61.75227737426758 5.300000190734863
endloop
endfacet
facet normal 0 0 -1
outer loop
vertex 84.61512756347656 -61.70314025878906 5.300000190734863
vertex 84.58229064941406 -61.75227737426758 5.300000190734863
vertex 82.80599212646484 -60.458412170410156 5.300000190734863
endloop
endfacet
facet normal 0.8314788271743352 0.5555564417417838 0
outer loop
vertex -21.370309829711914 -61.75227737426758 0
vertex -21.403141021728516 -61.70314025878906 0
vertex -21.403141021728516 -61.70314025878906 5.300000190734863
endloop
endfacet
facet normal 0.19507945183141212 0.980787442554785 0
outer loop
vertex -17.638669967651367 -64.74329376220703 0
vertex -17.69662857055664 -64.73176574707031 0
vertex -17.69662857055664 -64.73176574707031 5.300000190734863
endloop
endfacet
facet normal 0.3826797616910655 0.9238810529457075 0
outer loop
vertex -17.69662857055664 -64.73176574707031 0
vertex -18.853851318359375 -64.25243377685547 0
vertex -18.853851318359375 -64.25243377685547 5.300000190734863
endloop
endfacet
facet normal 0.555638287401612 0.831424135789552 0
outer loop
vertex -18.853851318359375 -64.25243377685547 0
vertex -18.902986526489258 -64.21959686279297 0
vertex -18.902986526489258 -64.21959686279297 5.300000190734863
endloop
endfacet
facet normal 0 0 -1
outer loop
vertex -16.59400749206543 13.046651840209961 5.300000190734863
vertex -24.83225440979004 -4.245020866394043 5.300000190734863
vertex -12.170354843139648 23.548568725585938 5.300000190734863
endloop
endfacet
facet normal 0 0 -1
outer loop
vertex 84.58229064941406 -61.75227737426758 5.300000190734863
vertex 82.1149673461914 -64.21959686279297 5.300000190734863
vertex 82.80599212646484 -60.458412170410156 5.300000190734863
endloop
endfacet
facet normal 0 0 -1
outer loop
vertex 82.1149673461914 -64.21959686279297 5.300000190734863
vertex 62.217891693115234 -44.94329833984375 5.300000190734863
vertex 82.80599212646484 -60.458412170410156 5.300000190734863
endloop
endfacet
facet normal 0 0 -1
outer loop
vertex 82.1149673461914 -64.21959686279297 5.300000190734863
vertex 82.06583404541016 -64.25243377685547 5.300000190734863
vertex 62.217891693115234 -44.94329833984375 5.300000190734863
endloop
endfacet
facet normal 0 0 -1
outer loop
vertex 82.06583404541016 -64.25243377685547 5.300000190734863
vertex 80.90861511230469 -64.73176574707031 5.300000190734863
vertex 62.217891693115234 -44.94329833984375 5.300000190734863
endloop
endfacet
facet normal 0 0 -1
outer loop
vertex 80.85065460205078 -64.74329376220703 5.300000190734863
vertex 62.217891693115234 -44.94329833984375 5.300000190734863
vertex 80.90861511230469 -64.73176574707031 5.300000190734863
endloop
endfacet
facet normal 0 0 -1
outer loop
vertex 80.85065460205078 -64.74329376220703 5.300000190734863
vertex 62.107627868652344 -44.98896789550781 5.300000190734863
vertex 62.217891693115234 -44.94329833984375 5.300000190734863
endloop
endfacet
facet normal 0 0 -1
outer loop
vertex 80.85065460205078 -64.74329376220703 5.300000190734863
vertex 60.85166549682617 -46.24493408203125 5.300000190734863
vertex 62.107627868652344 -44.98896789550781 5.300000190734863
endloop
endfacet
facet normal 0 0 -1
outer loop
vertex 80.85065460205078 -64.74329376220703 5.300000190734863
vertex 60.805992126464844 -51.65824508666992 5.300000190734863
vertex 60.85166549682617 -46.24493408203125 5.300000190734863
endloop
endfacet
facet normal 0 0 -1
outer loop
vertex 80.85065460205078 -64.74329376220703 5.300000190734863
vertex 60.39594268798828 -52.06829833984375 5.300000190734863
vertex 60.805992126464844 -51.65824508666992 5.300000190734863
endloop
endfacet
facet normal 0.8084632043126345 0.5885467247997795 0
outer loop
vertex -83.66564178466797 24.498973846435547 5.300000190734863
vertex -83.66564178466797 24.498973846435547 0
vertex -84.44790649414062 25.57353973388672 5.300000190734863
endloop
endfacet
facet normal 0.9125818194046607 0.40889414631672005 0
outer loop
vertex -84.44790649414062 25.57353973388672 5.300000190734863
vertex -84.44790649414062 25.57353973388672 0
vertex -84.47351837158203 25.630701065063477 5.300000190734863
endloop
endfacet
facet normal 0.9420646579798594 -0.3354313345310637 0
outer loop
vertex -85.02059936523438 30.221818923950195 0
vertex -85.00192260742188 30.274272918701172 0
vertex -85.00192260742188 30.274272918701172 5.300000190734863
endloop
endfacet
facet normal 0.8642842175424662 -0.5030037686807199 0
outer loop
vertex -85.00192260742188 30.274272918701172 5.300000190734863
vertex -85.00192260742188 30.274272918701172 0
vertex -78.505859375 41.43610763549805 0
endloop
endfacet
facet normal 0.6695063121441144 0.7428063664234359 0
outer loop
vertex -83.6191177368164 24.457040786743164 5.300000190734863
vertex -83.6191177368164 24.457040786743164 0
vertex -83.66564178466797 24.498973846435547 5.300000190734863
endloop
endfacet
facet normal -0.6684780525264065 -0.7437318692180018 0
outer loop
vertex -27.184776306152344 38.381866455078125 0
vertex -27.13870620727539 38.340457916259766 0
vertex -27.13870620727539 38.340457916259766 5.300000190734863
endloop
endfacet
facet normal 0.7865622268429361 -0.6175110228197401 0
outer loop
vertex -68.94879150390625 57.857505798339844 0
vertex -68.89115905761719 57.93091583251953 0
vertex -68.89115905761719 57.93091583251953 5.300000190734863
endloop
endfacet
facet normal -0.9101734092960324 -0.41422743150404345 0
outer loop
vertex -26.36141586303711 37.28074264526367 0
vertex -26.335756301879883 37.224361419677734 0
vertex -26.335756301879883 37.224361419677734 5.300000190734863
endloop
endfacet
facet normal -0.9807633824054884 0.19519734555707496 0.0010881268389239067
outer loop
vertex 85.10599517822266 -60.48795700073242 5.300000190734863
vertex 85.10599517822266 -60.458412170410156 0
vertex 85.0944595336914 -60.54591751098633 5.300000190734863
endloop
endfacet
facet normal -0.8063448250265278 -0.5914457060060021 0
outer loop
vertex -27.13870620727539 38.340457916259766 0
vertex -26.36141586303711 37.28074264526367 0
vertex -26.36141586303711 37.28074264526367 5.300000190734863
endloop
endfacet
facet normal -0.9238810529457075 0.3826797616910655 0
outer loop
vertex 85.0944595336914 -60.54591751098633 5.300000190734863
vertex 85.0944595336914 -60.54591751098633 0
vertex 84.61512756347656 -61.70314025878906 5.300000190734863
endloop
endfacet
facet normal 0.6993586865329215 -0.7147708916645578 0
outer loop
vertex 52.61994552612305 30.631702423095703 5.300000190734863
vertex 52.61994552612305 30.631702423095703 0
vertex 54.19412612915039 32.171939849853516 5.300000190734863
endloop
endfacet
facet normal 0.9997625021991781 -0.0217930997436951 0
outer loop
vertex 54.19412612915039 32.171939849853516 5.300000190734863
vertex 54.19412612915039 32.171939849853516 0
vertex 54.22747039794922 33.70161437988281 5.300000190734863
endloop
endfacet
facet normal 0.9748216969220299 -0.2229857825289637 0
outer loop
vertex 54.22747039794922 33.70161437988281 5.300000190734863
vertex 54.22747039794922 33.70161437988281 0
vertex 54.2411003112793 33.761199951171875 5.300000190734863
endloop
endfacet
facet normal 0.9098472901387203 -0.41494325952740474 0
outer loop
vertex 54.2411003112793 33.761199951171875 5.300000190734863
vertex 54.2411003112793 33.761199951171875 0
vertex 54.779029846191406 34.94071960449219 5.300000190734863
endloop
endfacet
facet normal -0.8314340996298437 0.5556233778133448 0
outer loop
vertex 84.61512756347656 -61.70314025878906 5.300000190734863
vertex 84.61512756347656 -61.70314025878906 0
vertex 84.58229064941406 -61.75227737426758 5.300000190734863
endloop
endfacet
facet normal -0.975605386750908 -0.21953161353803025 0
outer loop
vertex -26.335756301879883 37.224361419677734 0
vertex -25.62972640991211 34.08674240112305 0
vertex -25.62972640991211 34.08674240112305 5.300000190734863
endloop
endfacet
facet normal -0.9951098592623172 -0.09877432864328287 0
outer loop
vertex -25.62972640991211 34.08674240112305 0
vertex -25.626094818115234 34.05015563964844 0
vertex -25.626094818115234 34.05015563964844 5.300000190734863
endloop
endfacet
facet normal -0.999724718430183 0.023462467041880538 0
outer loop
vertex -25.626094818115234 34.05015563964844 0
vertex -25.65110969543457 32.984283447265625 0
vertex -25.65110969543457 32.984283447265625 5.300000190734863
endloop
endfacet
facet normal -0.873379850873054 -0.48703966582708835 0
outer loop
vertex -25.65110969543457 32.984283447265625 0
vertex -24.934316635131836 31.69890022277832 0
vertex -24.934316635131836 31.69890022277832 5.300000190734863
endloop
endfacet
facet normal -0.7071062345615007 0.7071073278111718 0
outer loop
vertex 84.58229064941406 -61.75227737426758 5.300000190734863
vertex 84.58229064941406 -61.75227737426758 0
vertex 82.1149673461914 -64.21959686279297 5.300000190734863
endloop
endfacet
facet normal -0.5024486033739363 -0.8646070789483399 0
outer loop
vertex -63.1197624206543 59.26474380493164 0
vertex -27.184776306152344 38.381866455078125 0
vertex -27.184776306152344 38.381866455078125 5.300000190734863
endloop
endfacet
facet normal 0 1 0
outer loop
vertex -12.609122276306152 -64.74329376220703 0
vertex -17.638669967651367 -64.74329376220703 0
vertex -12.609122276306152 -64.74329376220703 1.350000023841858
endloop
endfacet
facet normal 0.8074711595603161 -0.5899070490156212 0
outer loop
vertex 54.779029846191406 34.94071960449219 5.300000190734863
vertex 54.779029846191406 34.94071960449219 0
vertex 54.815086364746094 34.990074157714844 5.300000190734863
endloop
endfacet
facet normal 0.6719463023760994 -0.7405998695132802 0
outer loop
vertex 54.815086364746094 34.990074157714844 5.300000190734863
vertex 54.815086364746094 34.990074157714844 0
vertex 57.35842514038086 37.297645568847656 5.300000190734863
endloop
endfacet
facet normal 0.5238647375971685 -0.8518014655436146 0
outer loop
vertex 57.35842514038086 37.297645568847656 5.300000190734863
vertex 57.35842514038086 37.297645568847656 0
vertex 57.40595626831055 37.32687759399414 5.300000190734863
endloop
endfacet
facet normal 0.3577914587708393 -0.933801516399837 0
outer loop
vertex 57.40595626831055 37.32687759399414 5.300000190734863
vertex 57.40595626831055 37.32687759399414 0
vertex 58.50926971435547 37.74961853027344 5.300000190734863
endloop
endfacet
facet normal -0.00502868890405836 -0.9999873560640185 0
outer loop
vertex 61.978519439697266 37.742462158203125 3.5999999046325684
vertex 58.56416320800781 37.7596321105957 5.300000190734863
vertex 58.56416320800781 37.7596321105957 0
endloop
endfacet
facet normal 0.17945693563039572 -0.9837658299891027 0
outer loop
vertex 58.50926971435547 37.74961853027344 5.300000190734863
vertex 58.50926971435547 37.74961853027344 0
vertex 58.56416320800781 37.7596321105957 5.300000190734863
endloop
endfacet
facet normal 0 0 -1
outer loop
vertex -83.66564178466797 24.498973846435547 5.300000190734863
vertex -84.44790649414062 25.57353973388672 5.300000190734863
vertex -85.20329284667969 29.001720428466797 5.300000190734863
endloop
endfacet
facet normal -0.55565319761137 0.8314141711471243 0
outer loop
vertex 82.1149673461914 -64.21959686279297 5.300000190734863
vertex 82.1149673461914 -64.21959686279297 0
vertex 82.06583404541016 -64.25243377685547 5.300000190734863
endloop
endfacet
facet normal -0.3826808384335502 0.923880606948644 0
outer loop
vertex 82.06583404541016 -64.25243377685547 5.300000190734863
vertex 82.06583404541016 -64.25243377685547 0
vertex 80.90861511230469 -64.73176574707031 5.300000190734863
endloop
endfacet
facet normal -0.5054789339900998 -0.8628389463232594 0
outer loop
vertex -24.934316635131836 31.69890022277832 5.300000190734863
vertex -24.934316635131836 31.69890022277832 0
vertex -13.017447471618652 24.717613220214844 5.300000190734863
endloop
endfacet
facet normal -0.00502868890405836 -0.9999873560640186 0
outer loop
vertex 61.978519439697266 37.742462158203125 3.5999999046325684
vertex 61.978519439697266 37.742462158203125 5.300000190734863
vertex 58.56416320800781 37.7596321105957 5.300000190734863
endloop
endfacet
facet normal -0.9773515005791137 -0.21162240976738414 0
outer loop
vertex -12.170354843139648 23.548568725585938 5.300000190734863
vertex -12.170354843139648 23.548568725585938 0
vertex -11.38486099243164 19.92086410522461 5.300000190734863
endloop
endfacet
facet normal 0 0 -1
outer loop
vertex 54.19412612915039 32.171939849853516 5.300000190734863
vertex 54.22747039794922 33.70161437988281 5.300000190734863
vertex 59.816043853759766 32.456703186035156 5.300000190734863
endloop
endfacet
facet normal 0 0 -1
outer loop
vertex 59.40599060058594 32.046653747558594 5.300000190734863
vertex 59.40599060058594 26.743602752685547 5.300000190734863
vertex 54.19412612915039 32.171939849853516 5.300000190734863
endloop
endfacet
facet normal 0 0 -1
outer loop
vertex 59.40599060058594 32.046653747558594 5.300000190734863
vertex 54.19412612915039 32.171939849853516 5.300000190734863
vertex 59.816043853759766 32.456703186035156 5.300000190734863
endloop
endfacet
facet normal 0 0 -1
outer loop
vertex 54.22747039794922 33.70161437988281 5.300000190734863
vertex 54.2411003112793 33.761199951171875 5.300000190734863
vertex 85.09584045410156 33.36552047729492 5.300000190734863
endloop
endfacet
facet normal 0 0 -1
outer loop
vertex 59.816043853759766 32.456703186035156 5.300000190734863
vertex 54.22747039794922 33.70161437988281 5.300000190734863
vertex 82.80599212646484 33.283329010009766 5.300000190734863
endloop
endfacet
facet normal 0 0 -1
outer loop
vertex 85.09584045410156 33.36552047729492 5.300000190734863
vertex 54.2411003112793 33.761199951171875 5.300000190734863
vertex 54.779029846191406 34.94071960449219 5.300000190734863
endloop
endfacet
facet normal 0 0 -1
outer loop
vertex 54.779029846191406 34.94071960449219 5.300000190734863
vertex 54.815086364746094 34.990074157714844 5.300000190734863
vertex 84.67327880859375 34.46012878417969 5.300000190734863
endloop
endfacet
facet normal 0 0 -1
outer loop
vertex 54.815086364746094 34.990074157714844 5.300000190734863
vertex 57.35842514038086 37.297645568847656 5.300000190734863
vertex 84.6441879272461 34.507301330566406 5.300000190734863
endloop
endfacet
facet normal 0 0 -1
outer loop
vertex 57.35842514038086 37.297645568847656 5.300000190734863
vertex 57.40595626831055 37.32687759399414 5.300000190734863
vertex 81.07047271728516 37.63361740112305 5.300000190734863
endloop
endfacet
facet normal 0 0 -1
outer loop
vertex 81.07047271728516 37.63361740112305 5.300000190734863
vertex 57.40595626831055 37.32687759399414 5.300000190734863
vertex 58.50926971435547 37.74961853027344 5.300000190734863
endloop
endfacet
facet normal -0.1950732765035795 0.9807886708125039 0
outer loop
vertex 80.90861511230469 -64.73176574707031 5.300000190734863
vertex 80.90861511230469 -64.73176574707031 0
vertex 80.85065460205078 -64.74329376220703 5.300000190734863
endloop
endfacet
facet normal 0 0 -1
outer loop
vertex 61.978519439697266 37.742462158203125 5.300000190734863
vertex 58.50926971435547 37.74961853027344 5.300000190734863
vertex 58.56416320800781 37.7596321105957 5.300000190734863
endloop
endfacet
facet normal 0 0 -1
outer loop
vertex 21.059673309326172 -56.13270950317383 5.300000190734863
vertex 2.816042423248291 -52.06829833984375 5.300000190734863
vertex 21.205991744995117 -56.1182975769043 5.300000190734863
endloop
endfacet
facet normal -0.9130295758959224 -0.4078933604991776 0
outer loop
vertex -12.195764541625977 23.605445861816406 5.300000190734863
vertex -12.195764541625977 23.605445861816406 0
vertex -12.170354843139648 23.548568725585938 5.300000190734863
endloop
endfacet
facet normal 0 1 0
outer loop
vertex 80.85065460205078 -64.74329376220703 5.300000190734863
vertex 80.85065460205078 -64.74329376220703 0
vertex 80.82110595703125 -64.74329376220703 3.5999999046325684
endloop
endfacet
facet normal 0 0 -1
outer loop
vertex 20.91897964477539 -56.17538833618164 5.300000190734863
vertex 2.816042423248291 -52.06829833984375 5.300000190734863
vertex 21.059673309326172 -56.13270950317383 5.300000190734863
endloop
endfacet
facet normal -0.8097635108227558 -0.5867563860240508 0
outer loop
vertex -12.971312522888184 24.67575454711914 5.300000190734863
vertex -12.971312522888184 24.67575454711914 0
vertex -12.195764541625977 23.605445861816406 5.300000190734863
endloop
endfacet
facet normal -0.005013387716875299 -0.999987432892834 0
outer loop
vertex 81.00947570800781 37.64676284790039 0
vertex 81.00947570800781 37.64676284790039 5.300000190734863
vertex 80.97827911376953 37.64691925048828 3.5999999046325684
endloop
endfacet
facet normal -0.21067292469079893 -0.9775566064439567 0
outer loop
vertex 81.00947570800781 37.64676284790039 5.300000190734863
vertex 81.00947570800781 37.64676284790039 0
vertex 81.07047271728516 37.63361740112305 5.300000190734863
endloop
endfacet
facet normal -0.4073002923629716 -0.913294296402336 0
outer loop
vertex 81.07047271728516 37.63361740112305 5.300000190734863
vertex 81.07047271728516 37.63361740112305 0
vertex 82.27958679199219 37.094390869140625 5.300000190734863
endloop
endfacet
facet normal -0.9830695467370065 -0.18323281987214055 0
outer loop
vertex 85.09584045410156 33.36552047729492 5.300000190734863
vertex 85.09584045410156 33.36552047729492 0
vertex 85.10599517822266 33.311038970947266 5.300000190734863
endloop
endfacet
facet normal 0 0 -1
outer loop
vertex 20.78931427001953 -56.244693756103516 5.300000190734863
vertex 2.816042423248291 -52.06829833984375 5.300000190734863
vertex 20.91897964477539 -56.17538833618164 5.300000190734863
endloop
endfacet
facet normal -0.9328998675584457 -0.36013585923847474 0
outer loop
vertex 84.67327880859375 34.46012878417969 5.300000190734863
vertex 84.67327880859375 34.46012878417969 0
vertex 85.09584045410156 33.36552047729492 5.300000190734863
endloop
endfacet
facet normal -0.8511616441324156 -0.5249036631209608 0
outer loop
vertex 84.6441879272461 34.507301330566406 5.300000190734863
vertex 84.6441879272461 34.507301330566406 0
vertex 84.67327880859375 34.46012878417969 5.300000190734863
endloop
endfacet
facet normal -0.7405999218273581 -0.6719462447170244 0
outer loop
vertex 82.33012390136719 37.057796478271484 5.300000190734863
vertex 82.33012390136719 37.057796478271484 0
vertex 84.6441879272461 34.507301330566406 5.300000190734863
endloop
endfacet
facet normal -0.5864945991406761 -0.8099531376436648 0
outer loop
vertex 82.27958679199219 37.094390869140625 5.300000190734863
vertex 82.27958679199219 37.094390869140625 0
vertex 82.33012390136719 37.057796478271484 5.300000190734863
endloop
endfacet
facet normal 0 0 -1
outer loop
vertex -83.6191177368164 24.457040786743164 5.300000190734863
vertex -83.66564178466797 24.498973846435547 5.300000190734863
vertex -85.20329284667969 29.001720428466797 5.300000190734863
endloop
endfacet
facet normal -0.6719501022756149 -0.7405964218464673 0
outer loop
vertex -13.017447471618652 24.717613220214844 5.300000190734863
vertex -13.017447471618652 24.717613220214844 0
vertex -12.971312522888184 24.67575454711914 5.300000190734863
endloop
endfacet
facet normal 0 0 -1
outer loop
vertex 20.675661087036133 -56.33796691894531 5.300000190734863
vertex -17.638669967651367 -64.74329376220703 5.300000190734863
vertex 20.78931427001953 -56.244693756103516 5.300000190734863
endloop
endfacet
facet normal 0 0 -1
outer loop
vertex -17.638669967651367 -64.74329376220703 5.300000190734863
vertex 2.816042423248291 -52.06829833984375 5.300000190734863
vertex 20.78931427001953 -56.244693756103516 5.300000190734863
endloop
endfacet
facet normal 0 0 -1
outer loop
vertex 20.58238983154297 -56.45161819458008 5.300000190734863
vertex -17.638669967651367 -64.74329376220703 5.300000190734863
vertex 20.675661087036133 -56.33796691894531 5.300000190734863
endloop
endfacet
facet normal 0.58786339836517 -0.8089602121628439 0
outer loop
vertex -68.89115905761719 57.93091583251953 0
vertex -67.81793212890625 58.710819244384766 0
vertex -67.81793212890625 58.710819244384766 5.300000190734863
endloop
endfacet
facet normal 0.40848646430855123 -0.9127643773048434 0
outer loop
vertex -67.81793212890625 58.710819244384766 0
vertex -67.7608642578125 58.736358642578125 0
vertex -67.7608642578125 58.736358642578125 5.300000190734863
endloop
endfacet
facet normal -0.33494979821998183 -0.942234905353057 -0.0014197910794409214
outer loop
vertex -63.17217254638672 59.28337478637695 0
vertex -63.1197624206543 59.26474380493164 0
vertex -63.0957145690918 59.250770568847656 3.5999999046325684
endloop
endfacet
facet normal 0 0 -1
outer loop
vertex 81.00947570800781 37.64676284790039 5.300000190734863
vertex 58.50926971435547 37.74961853027344 5.300000190734863
vertex 61.978519439697266 37.742462158203125 5.300000190734863
endloop
endfacet
facet normal 0 0 -1
outer loop
vertex 59.816043853759766 32.456703186035156 5.300000190734863
vertex 82.80599212646484 33.283329010009766 5.300000190734863
vertex 79.39594268798828 32.456703186035156 5.300000190734863
endloop
endfacet
facet normal 0 0 -1
outer loop
vertex 82.80599212646484 33.283329010009766 5.300000190734863
vertex 54.22747039794922 33.70161437988281 5.300000190734863
vertex 85.10599517822266 33.311038970947266 5.300000190734863
endloop
endfacet
facet normal 0 0 -1
outer loop
vertex 85.09584045410156 33.36552047729492 5.300000190734863
vertex 85.10599517822266 33.311038970947266 5.300000190734863
vertex 54.22747039794922 33.70161437988281 5.300000190734863
endloop
endfacet
facet normal 0 0 -1
outer loop
vertex 81.07047271728516 37.63361740112305 5.300000190734863
vertex 58.50926971435547 37.74961853027344 5.300000190734863
vertex 81.00947570800781 37.64676284790039 5.300000190734863
endloop
endfacet
facet normal 0 0 -1
outer loop
vertex 81.07047271728516 37.63361740112305 5.300000190734863
vertex 82.27958679199219 37.094390869140625 5.300000190734863
vertex 57.35842514038086 37.297645568847656 5.300000190734863
endloop
endfacet
facet normal 0 0 -1
outer loop
vertex 85.09584045410156 33.36552047729492 5.300000190734863
vertex 54.779029846191406 34.94071960449219 5.300000190734863
vertex 84.67327880859375 34.46012878417969 5.300000190734863
endloop
endfacet
facet normal 0 0 -1
outer loop
vertex 84.67327880859375 34.46012878417969 5.300000190734863
vertex 54.815086364746094 34.990074157714844 5.300000190734863
vertex 84.6441879272461 34.507301330566406 5.300000190734863
endloop
endfacet
facet normal 0 0 -1
outer loop
vertex 84.6441879272461 34.507301330566406 5.300000190734863
vertex 57.35842514038086 37.297645568847656 5.300000190734863
vertex 82.33012390136719 37.057796478271484 5.300000190734863
endloop
endfacet
facet normal 0 0 -1
outer loop
vertex 82.33012390136719 37.057796478271484 5.300000190734863
vertex 57.35842514038086 37.297645568847656 5.300000190734863
vertex 82.27958679199219 37.094390869140625 5.300000190734863
endloop
endfacet
facet normal 0 0 -1
outer loop
vertex 60.805992126464844 -46.35519790649414 5.300000190734863
vertex 60.85166549682617 -46.24493408203125 5.300000190734863
vertex 60.805992126464844 -51.65824508666992 5.300000190734863
endloop
endfacet
facet normal -0.6298873906609641 -0.776686471548412 0
outer loop
vertex -11.38486099243164 19.92086410522461 5.300000190734863
vertex -11.38486099243164 19.92086410522461 0
vertex -9.910322189331055 18.72502326965332 5.300000190734863
endloop
endfacet
facet normal 0 0 -1
outer loop
vertex 20.51308250427246 -56.58128356933594 5.300000190734863
vertex -17.638669967651367 -64.74329376220703 5.300000190734863
vertex 20.58238983154297 -56.45161819458008 5.300000190734863
endloop
endfacet
facet normal 0 0 -1
outer loop
vertex 82.80599212646484 33.283329010009766 5.300000190734863
vertex 79.80599212646484 32.046653747558594 5.300000190734863
vertex 79.39594268798828 32.456703186035156 5.300000190734863
endloop
endfacet
facet normal 0.21149914041016998 -0.9773781835122775 0
outer loop
vertex -64.39109802246094 59.46555709838867 0
vertex -64.39109802246094 59.46555709838867 5.300000190734863
vertex -67.7608642578125 58.736358642578125 0
endloop
endfacet
facet normal 0 0 -1
outer loop
vertex 80.85065460205078 -64.74329376220703 5.300000190734863
vertex 21.622669219970703 -56.244693756103516 5.300000190734863
vertex 60.39594268798828 -52.06829833984375 5.300000190734863
endloop
endfacet
facet normal 0 0 -1
outer loop
vertex 21.059673309326172 -57.603885650634766 5.300000190734863
vertex 80.85065460205078 -64.74329376220703 5.300000190734863
vertex 61.82110595703125 -64.74329376220703 5.300000190734863
endloop
endfacet
facet normal 0 0 -1
outer loop
vertex 20.47040367126465 -56.721981048583984 5.300000190734863
vertex -17.638669967651367 -64.74329376220703 5.300000190734863
vertex 20.51308250427246 -56.58128356933594 5.300000190734863
endloop
endfacet
facet normal 0 0 -1
outer loop
vertex 20.455991744995117 -56.8682975769043 5.300000190734863
vertex -17.638669967651367 -64.74329376220703 5.300000190734863
vertex 20.47040367126465 -56.721981048583984 5.300000190734863
endloop
endfacet
facet normal 0.028254357544575615 -0.9996007659459566 0
outer loop
vertex -64.39109802246094 59.46555709838867 0
vertex -64.33549499511719 59.46712875366211 0
vertex -64.33549499511719 59.46712875366211 5.300000190734863
endloop
endfacet
facet normal 0 1 0
outer loop
vertex 75.82110595703125 -64.74329376220703 1.350000023841858
vertex 1.3908780813217163 -64.74329376220703 5.300000190734863
vertex 61.82110595703125 -64.74329376220703 3.5999999046325684
endloop
endfacet
facet normal 0 1 0
outer loop
vertex 80.85065460205078 -64.74329376220703 0
vertex 75.82110595703125 -64.74329376220703 0
vertex 75.82110595703125 -64.74329376220703 1.350000023841858
endloop
endfacet
facet normal -0.15602178529383226 -0.9877536142752024 0
outer loop
vertex -64.33549499511719 59.46712875366211 0
vertex -63.17217254638672 59.28337478637695 0
vertex -63.17217254638672 59.28337478637695 5.300000190734863
endloop
endfacet
facet normal -0.5024485917995637 -0.8646070856744543 4.028403907292292e-7
outer loop
vertex -46.66817855834961 49.704246520996094 3.5999999046325684
vertex -63.0957145690918 59.250770568847656 3.5999999046325684
vertex -63.1197624206543 59.26474380493164 0
endloop
endfacet
facet normal 0 0 -1
outer loop
vertex -63.064353942871094 18.57459831237793 5.300000190734863
vertex -31.14702606201172 -5.969303131103516 5.300000190734863
vertex -79.63235473632812 28.150598526000977 5.300000190734863
endloop
endfacet
facet normal 0 0 -1
outer loop
vertex -85.00192260742188 30.274272918701172 5.300000190734863
vertex -79.63235473632812 28.150598526000977 5.300000190734863
vertex -31.14702606201172 -5.969303131103516 5.300000190734863
endloop
endfacet
facet normal 0 0 -1
outer loop
vertex -31.14702606201172 -5.969303131103516 5.300000190734863
vertex -63.064353942871094 18.57459831237793 5.300000190734863
vertex -46.101837158203125 8.786209106445312 5.300000190734863
endloop
endfacet
facet normal 0.501625942099617 0.8650846283530136 0
outer loop
vertex -31.14702606201172 -5.969303131103516 5.300000190734863
vertex -31.14702606201172 -5.969303131103516 0
vertex -83.6191177368164 24.457040786743164 5.300000190734863
endloop
endfacet
facet normal 0 0 -1
outer loop
vertex -31.14702606201172 -5.969303131103516 5.300000190734863
vertex -85.02059936523438 30.221818923950195 5.300000190734863
vertex -85.00192260742188 30.274272918701172 5.300000190734863
endloop
endfacet
facet normal 0 0 -1
outer loop
vertex -31.14702606201172 -5.969303131103516 5.300000190734863
vertex -85.2048568725586 29.057376861572266 5.300000190734863
vertex -85.02059936523438 30.221818923950195 5.300000190734863
endloop
endfacet
facet normal 0 0 -1
outer loop
vertex -85.20329284667969 29.001720428466797 5.300000190734863
vertex -31.14702606201172 -5.969303131103516 5.300000190734863
vertex -83.6191177368164 24.457040786743164 5.300000190734863
endloop
endfacet
facet normal 0 0 -1
outer loop
vertex -31.14702606201172 -5.969303131103516 5.300000190734863
vertex -85.20329284667969 29.001720428466797 5.300000190734863
vertex -85.2048568725586 29.057376861572266 5.300000190734863
endloop
endfacet
facet normal 0 0 -1
outer loop
vertex 20.47040367126465 -57.01461410522461 5.300000190734863
vertex -17.638669967651367 -64.74329376220703 5.300000190734863
vertex 20.455991744995117 -56.8682975769043 5.300000190734863
endloop
endfacet
facet normal -0.005255364404006035 -0.9999861904771391 0
outer loop
vertex -9.910322189331055 18.72502326965332 5.300000190734863
vertex -9.910322189331055 18.72502326965332 0
vertex 5.010037422180176 18.646610260009766 5.300000190734863
endloop
endfacet
facet normal 0 0 -1
outer loop
vertex 20.51308250427246 -57.155311584472656 5.300000190734863
vertex -17.638669967651367 -64.74329376220703 5.300000190734863
vertex 20.47040367126465 -57.01461410522461 5.300000190734863
endloop
endfacet
facet normal 0 0 -1
outer loop
vertex 20.78931427001953 -57.49189758300781 5.300000190734863
vertex -17.638669967651367 -64.74329376220703 5.300000190734863
vertex 20.675661087036133 -57.39862823486328 5.300000190734863
endloop
endfacet
facet normal 0 0 -1
outer loop
vertex -17.638669967651367 -64.74329376220703 5.300000190734863
vertex 20.58238983154297 -57.28497314453125 5.300000190734863
vertex 20.675661087036133 -57.39862823486328 5.300000190734863
endloop
endfacet
facet normal 0 1 0
outer loop
vertex 75.82110595703125 -64.74329376220703 1.350000023841858
vertex 61.82110595703125 -64.74329376220703 3.5999999046325684
vertex 80.82110595703125 -64.74329376220703 3.5999999046325684
endloop
endfacet
facet normal 0 1 0
outer loop
vertex 80.85065460205078 -64.74329376220703 0
vertex 75.82110595703125 -64.74329376220703 1.350000023841858
vertex 80.82110595703125 -64.74329376220703 3.5999999046325684
endloop
endfacet
facet normal -0.1950732765035795 0.9807886708125039 0
outer loop
vertex 80.90861511230469 -64.73176574707031 0
vertex 80.85065460205078 -64.74329376220703 0
vertex 80.85065460205078 -64.74329376220703 5.300000190734863
endloop
endfacet
facet normal -0.3826808384335502 0.923880606948644 0
outer loop
vertex 82.06583404541016 -64.25243377685547 0
vertex 80.90861511230469 -64.73176574707031 0
vertex 80.90861511230469 -64.73176574707031 5.300000190734863
endloop
endfacet
facet normal -0.55565319761137 0.8314141711471243 0
outer loop
vertex 82.1149673461914 -64.21959686279297 0
vertex 82.06583404541016 -64.25243377685547 0
vertex 82.06583404541016 -64.25243377685547 5.300000190734863
endloop
endfacet
facet normal -0.7071062345615007 0.7071073278111718 0
outer loop
vertex 84.58229064941406 -61.75227737426758 0
vertex 82.1149673461914 -64.21959686279297 0
vertex 82.1149673461914 -64.21959686279297 5.300000190734863
endloop
endfacet
facet normal -0.8314340996298437 0.5556233778133448 0
outer loop
vertex 84.61512756347656 -61.70314025878906 0
vertex 84.58229064941406 -61.75227737426758 0
vertex 84.58229064941406 -61.75227737426758 5.300000190734863
endloop
endfacet
facet normal -0.9238810529457075 0.3826797616910655 0
outer loop
vertex 85.0944595336914 -60.54591751098633 0
vertex 84.61512756347656 -61.70314025878906 0
vertex 84.61512756347656 -61.70314025878906 5.300000190734863
endloop
endfacet
facet normal -0.9914223437073125 0.1306971170221419 0
outer loop
vertex 85.10599517822266 -60.458412170410156 0
vertex 85.0944595336914 -60.54591751098633 0
vertex 85.0944595336914 -60.54591751098633 5.300000190734863
endloop
endfacet
facet normal 0 0 -1
outer loop
vertex -79.63235473632812 28.150598526000977 5.300000190734863
vertex -85.00192260742188 30.274272918701172 5.300000190734863
vertex -79.78244018554688 28.710737228393555 5.300000190734863
endloop
endfacet
facet normal -1 0 0
outer loop
vertex 85.10599517822266 -35.544498443603516 0
vertex 85.10599517822266 -41.458412170410156 0
vertex 85.10599517822266 -35.544498443603516 5.300000190734863
endloop
endfacet
facet normal 0 0 -1
outer loop
vertex -84.47351837158203 25.630701065063477 5.300000190734863
vertex -85.20329284667969 29.001720428466797 5.300000190734863
vertex -84.44790649414062 25.57353973388672 5.300000190734863
endloop
endfacet
facet normal -0.9773515005791137 -0.21162240976738414 0
outer loop
vertex -12.170354843139648 23.548568725585938 0
vertex -11.38486099243164 19.92086410522461 0
vertex -11.38486099243164 19.92086410522461 5.300000190734863
endloop
endfacet
facet normal -0.5054789339900998 -0.8628389463232594 0
outer loop
vertex -24.934316635131836 31.69890022277832 0
vertex -13.017447471618652 24.717613220214844 0
vertex -13.017447471618652 24.717613220214844 5.300000190734863
endloop
endfacet
facet normal -0.9130295758959224 -0.4078933604991776 0
outer loop
vertex -12.195764541625977 23.605445861816406 0
vertex -12.170354843139648 23.548568725585938 0
vertex -12.170354843139648 23.548568725585938 5.300000190734863
endloop
endfacet
facet normal -0.8097635108227558 -0.5867563860240508 0
outer loop
vertex -12.971312522888184 24.67575454711914 0
vertex -12.195764541625977 23.605445861816406 0
vertex -12.195764541625977 23.605445861816406 5.300000190734863
endloop
endfacet
facet normal -0.6719501022756149 -0.7405964218464673 0
outer loop
vertex -13.017447471618652 24.717613220214844 0
vertex -12.971312522888184 24.67575454711914 0
vertex -12.971312522888184 24.67575454711914 5.300000190734863
endloop
endfacet
facet normal -0.6298873906609641 -0.776686471548412 0
outer loop
vertex -11.38486099243164 19.92086410522461 0
vertex -9.910322189331055 18.72502326965332 0
vertex -9.910322189331055 18.72502326965332 5.300000190734863
endloop
endfacet
facet normal -1 0 0
outer loop
vertex 85.10599517822266 -10.630583763122559 0
vertex 85.10599517822266 -16.544496536254883 0
vertex 85.10599517822266 -10.630583763122559 5.300000190734863
endloop
endfacet
facet normal 0 0 -1
outer loop
vertex 3.3959412574768066 13.456703186035156 5.300000190734863
vertex -16.183958053588867 13.456703186035156 5.300000190734863
vertex 5.010037422180176 18.646610260009766 5.300000190734863
endloop
endfacet
facet normal 0 0 -1
outer loop
vertex -9.910322189331055 18.72502326965332 5.300000190734863
vertex 5.010037422180176 18.646610260009766 5.300000190734863
vertex -16.183958053588867 13.456703186035156 5.300000190734863
endloop
endfacet
facet normal 0 0 -1
outer loop
vertex -13.017447471618652 24.717613220214844 5.300000190734863
vertex -16.86207389831543 20.471858978271484 5.300000190734863
vertex -17.012163162231445 21.031997680664062 5.300000190734863
endloop
endfacet
facet normal 0 0 -1
outer loop
vertex -24.934316635131836 31.69890022277832 5.300000190734863
vertex -13.017447471618652 24.717613220214844 5.300000190734863
vertex -17.012163162231445 21.031997680664062 5.300000190734863
endloop
endfacet
facet normal 0 0 -1
outer loop
vertex -17.638669967651367 -64.74329376220703 5.300000190734863
vertex 20.91897964477539 -57.56120681762695 5.300000190734863
vertex 21.059673309326172 -57.603885650634766 5.300000190734863
endloop
endfacet
facet normal 0 0 -1
outer loop
vertex -12.170354843139648 23.548568725585938 5.300000190734863
vertex -11.38486099243164 19.92086410522461 5.300000190734863
vertex -16.59400749206543 13.046651840209961 5.300000190734863
endloop
endfacet
facet normal 0 0 -1
outer loop
vertex -11.38486099243164 19.92086410522461 5.300000190734863
vertex -9.910322189331055 18.72502326965332 5.300000190734863
vertex -16.183958053588867 13.456703186035156 5.300000190734863
endloop
endfacet
facet normal 0 0 -1
outer loop
vertex -16.183958053588867 13.456703186035156 5.300000190734863
vertex -16.59400749206543 13.046651840209961 5.300000190734863
vertex -11.38486099243164 19.92086410522461 5.300000190734863
endloop
endfacet
facet normal 0 0 -1
outer loop
vertex -12.170354843139648 23.548568725585938 5.300000190734863
vertex -24.83225440979004 -4.245020866394043 5.300000190734863
vertex -12.195764541625977 23.605445861816406 5.300000190734863
endloop
endfacet
facet normal 0 0 -1
outer loop
vertex -13.017447471618652 24.717613220214844 5.300000190734863
vertex -12.971312522888184 24.67575454711914 5.300000190734863
vertex -24.83225440979004 -4.245020866394043 5.300000190734863
endloop
endfacet
facet normal 0 0 -1
outer loop
vertex -12.971312522888184 24.67575454711914 5.300000190734863
vertex -12.195764541625977 23.605445861816406 5.300000190734863
vertex -24.83225440979004 -4.245020866394043 5.300000190734863
endloop
endfacet
facet normal 0 0 -1
outer loop
vertex -13.017447471618652 24.717613220214844 5.300000190734863
vertex -29.02707290649414 -0.5985153317451477 5.300000190734863
vertex -16.86207389831543 20.471858978271484 5.300000190734863
endloop
endfacet
facet normal 0 0 -1
outer loop
vertex -17.638669967651367 -64.74329376220703 5.300000190734863
vertex 20.78931427001953 -57.49189758300781 5.300000190734863
vertex 20.91897964477539 -57.56120681762695 5.300000190734863
endloop
endfacet
facet normal 0 0 -1
outer loop
vertex -17.638669967651367 -64.74329376220703 5.300000190734863
vertex 21.059673309326172 -57.603885650634766 5.300000190734863
vertex 1.3908780813217163 -64.74329376220703 5.300000190734863
endloop
endfacet
facet normal 0 0 -1
outer loop
vertex 82.80599212646484 -41.458412170410156 5.300000190734863
vertex 79.80599212646484 -44.53324508666992 5.300000190734863
vertex 82.80599212646484 -35.544498443603516 5.300000190734863
endloop
endfacet
facet normal 1 0 0
outer loop
vertex 75.82110595703125 -64.74329376220703 -0.44999998807907104
vertex 75.82110595703125 -64.44329833984375 1.350000023841858
vertex 75.82110595703125 -64.74329376220703 0
endloop
endfacet
facet normal 0 0 -1
outer loop
vertex 67.82110595703125 -65.24329376220703 -0.44999998807907104
vertex 67.82110595703125 -64.74329376220703 -0.44999998807907104
vertex 75.82110595703125 -64.44329833984375 -0.44999998807907104
endloop
endfacet
facet normal 0 0 1
outer loop
vertex 75.82110595703125 -64.44329833984375 1.350000023841858
vertex 67.82110595703125 -64.44329833984375 1.350000023841858
vertex 75.82110595703125 -64.74329376220703 1.350000023841858
endloop
endfacet
facet normal 1 0 0
outer loop
vertex 75.82110595703125 -64.74329376220703 1.350000023841858
vertex 75.82110595703125 -64.74329376220703 0
vertex 75.82110595703125 -64.44329833984375 1.350000023841858
endloop
endfacet
facet normal 0 0 1
outer loop
vertex 67.82110595703125 -64.44329833984375 1.350000023841858
vertex 67.82110595703125 -64.74329376220703 1.350000023841858
vertex 75.82110595703125 -64.74329376220703 1.350000023841858
endloop
endfacet
facet normal 0 1 0
outer loop
vertex 75.82110595703125 -64.44329833984375 1.350000023841858
vertex 67.82110595703125 -64.44329833984375 -0.44999998807907104
vertex 67.82110595703125 -64.44329833984375 1.350000023841858
endloop
endfacet
facet normal -1 0 0
outer loop
vertex 67.82110595703125 -64.44329833984375 -0.44999998807907104
vertex 67.82110595703125 -64.74329376220703 1.350000023841858
vertex 67.82110595703125 -64.44329833984375 1.350000023841858
endloop
endfacet
facet normal 0 0 -1
outer loop
vertex 75.82110595703125 -64.44329833984375 -0.44999998807907104
vertex 67.82110595703125 -64.74329376220703 -0.44999998807907104
vertex 67.82110595703125 -64.44329833984375 -0.44999998807907104
endloop
endfacet
facet normal 0 0 -1
outer loop
vertex 75.82110595703125 -65.24329376220703 -0.44999998807907104
vertex 67.82110595703125 -65.24329376220703 -0.44999998807907104
vertex 75.82110595703125 -64.74329376220703 -0.44999998807907104
endloop
endfacet
facet normal 0 0 -1
outer loop
vertex 75.82110595703125 -64.74329376220703 -0.44999998807907104
vertex 67.82110595703125 -65.24329376220703 -0.44999998807907104
vertex 75.82110595703125 -64.44329833984375 -0.44999998807907104
endloop
endfacet
facet normal -1 0 0
outer loop
vertex 67.82110595703125 -64.44329833984375 -0.44999998807907104
vertex 67.82110595703125 -64.74329376220703 -0.44999998807907104
vertex 67.82110595703125 -64.74329376220703 0
endloop
endfacet
facet normal -1 0 0
outer loop
vertex 67.82110595703125 -64.44329833984375 -0.44999998807907104
vertex 67.82110595703125 -64.74329376220703 0
vertex 67.82110595703125 -64.74329376220703 1.350000023841858
endloop
endfacet
facet normal 0 1 0
outer loop
vertex 75.82110595703125 -64.44329833984375 -0.44999998807907104
vertex 67.82110595703125 -64.44329833984375 -0.44999998807907104
vertex 75.82110595703125 -64.44329833984375 1.350000023841858
endloop
endfacet
facet normal 1 0 0
outer loop
vertex 75.82110595703125 -64.74329376220703 -0.44999998807907104
vertex 75.82110595703125 -64.44329833984375 -0.44999998807907104
vertex 75.82110595703125 -64.44329833984375 1.350000023841858
endloop
endfacet
facet normal 0 0 -1
outer loop
vertex -4.609121799468994 -64.74329376220703 -0.44999998807907104
vertex -12.609122276306152 -65.24329376220703 -0.44999998807907104
vertex -4.609121799468994 -64.44329833984375 -0.44999998807907104
endloop
endfacet
facet normal 1 0 0
outer loop
vertex -4.609121799468994 -64.44329833984375 1.350000023841858
vertex -4.609121799468994 -64.74329376220703 1.350000023841858
vertex -4.609121799468994 -64.74329376220703 0
endloop
endfacet
facet normal 0 0 1
outer loop
vertex -4.609121799468994 -64.44329833984375 1.350000023841858
vertex -12.609122276306152 -64.44329833984375 1.350000023841858
vertex -4.609121799468994 -64.74329376220703 1.350000023841858
endloop
endfacet
facet normal 0 0 1
outer loop
vertex -12.609122276306152 -64.44329833984375 1.350000023841858
vertex -12.609122276306152 -64.74329376220703 1.350000023841858
vertex -4.609121799468994 -64.74329376220703 1.350000023841858
endloop
endfacet
facet normal 0 1 0
outer loop
vertex -4.609121799468994 -64.44329833984375 1.350000023841858
vertex -12.609122276306152 -64.44329833984375 -0.44999998807907104
vertex -12.609122276306152 -64.44329833984375 1.350000023841858
endloop
endfacet
facet normal -1 0 0
outer loop
vertex -12.609122276306152 -64.44329833984375 1.350000023841858
vertex -12.609122276306152 -64.74329376220703 0
vertex -12.609122276306152 -64.74329376220703 1.350000023841858
endloop
endfacet
facet normal 1 0 0
outer loop
vertex -4.609121799468994 -64.74329376220703 -0.44999998807907104
vertex -4.609121799468994 -64.44329833984375 1.350000023841858
vertex -4.609121799468994 -64.74329376220703 0
endloop
endfacet
facet normal 1 0 0
outer loop
vertex -4.609121799468994 -64.74329376220703 -0.44999998807907104
vertex -4.609121799468994 -64.44329833984375 -0.44999998807907104
vertex -4.609121799468994 -64.44329833984375 1.350000023841858
endloop
endfacet
facet normal 0 1 0
outer loop
vertex -4.609121799468994 -64.44329833984375 -0.44999998807907104
vertex -12.609122276306152 -64.44329833984375 -0.44999998807907104
vertex -4.609121799468994 -64.44329833984375 1.350000023841858
endloop
endfacet
facet normal -1 0 0
outer loop
vertex -12.609122276306152 -64.74329376220703 -0.44999998807907104
vertex -12.609122276306152 -64.74329376220703 0
vertex -12.609122276306152 -64.44329833984375 -0.44999998807907104
endloop
endfacet
facet normal -1 0 0
outer loop
vertex -12.609122276306152 -64.44329833984375 -0.44999998807907104
vertex -12.609122276306152 -64.74329376220703 0
vertex -12.609122276306152 -64.44329833984375 1.350000023841858
endloop
endfacet
facet normal 0 0 -1
outer loop
vertex -12.609122276306152 -65.24329376220703 -0.44999998807907104
vertex -12.609122276306152 -64.74329376220703 -0.44999998807907104
vertex -4.609121799468994 -64.44329833984375 -0.44999998807907104
endloop
endfacet
facet normal 0 0 -1
outer loop
vertex -4.609121799468994 -64.44329833984375 -0.44999998807907104
vertex -12.609122276306152 -64.74329376220703 -0.44999998807907104
vertex -12.609122276306152 -64.44329833984375 -0.44999998807907104
endloop
endfacet
facet normal 0 0 -1
outer loop
vertex -4.609121799468994 -65.24329376220703 -0.44999998807907104
vertex -12.609122276306152 -65.24329376220703 -0.44999998807907104
vertex -4.609121799468994 -64.74329376220703 -0.44999998807907104
endloop
endfacet
facet normal 0 0 -1
outer loop
vertex -17.638669967651367 -64.74329376220703 5.300000190734863
vertex 1.3908780813217163 -65.94329833984375 5.300000190734863
vertex -17.609121322631836 -65.94329833984375 5.300000190734863
endloop
endfacet
facet normal -1 0 0
outer loop
vertex 1.3908780813217163 -64.74329376220703 5.300000190734863
vertex 1.3908780813217163 -64.74329376220703 3.5999999046325684
vertex 1.3908780813217163 -65.94329833984375 3.5999999046325684
endloop
endfacet
facet normal 0 0 -1
outer loop
vertex 1.3908780813217163 -64.74329376220703 5.300000190734863
vertex 1.3908780813217163 -65.94329833984375 5.300000190734863
vertex -17.638669967651367 -64.74329376220703 5.300000190734863
endloop
endfacet
facet normal 0 1 0
outer loop
vertex 1.3908780813217163 -65.94329833984375 3.5999999046325684
vertex -17.609121322631836 -65.94329833984375 5.300000190734863
vertex 1.3908780813217163 -65.94329833984375 5.300000190734863
endloop
endfacet
facet normal 0 0 1
outer loop
vertex -17.609121322631836 -64.74329376220703 3.5999999046325684
vertex 1.3908780813217163 -65.94329833984375 3.5999999046325684
vertex 1.3908780813217163 -64.74329376220703 3.5999999046325684
endloop
endfacet
facet normal 0 1 0
outer loop
vertex 1.3908780813217163 -65.94329833984375 3.5999999046325684
vertex -17.609121322631836 -65.94329833984375 3.5999999046325684
vertex -17.609121322631836 -65.94329833984375 5.300000190734863
endloop
endfacet
facet normal -1 0 0
outer loop
vertex 1.3908780813217163 -64.74329376220703 5.300000190734863
vertex 1.3908780813217163 -65.94329833984375 3.5999999046325684
vertex 1.3908780813217163 -65.94329833984375 5.300000190734863
endloop
endfacet
facet normal 0.9995460848589494 0.024612599812182258 0.017373663218537904
outer loop
vertex -17.609121322631836 -64.74329376220703 3.5999999046325684
vertex -17.638669967651367 -64.74329376220703 5.300000190734863
vertex -17.609121322631836 -65.94329833984375 5.300000190734863
endloop
endfacet
facet normal 1 0 0
outer loop
vertex -17.609121322631836 -64.74329376220703 3.5999999046325684
vertex -17.609121322631836 -65.94329833984375 5.300000190734863
vertex -17.609121322631836 -65.94329833984375 3.5999999046325684
endloop
endfacet
facet normal 0 0 1
outer loop
vertex -17.609121322631836 -64.74329376220703 3.5999999046325684
vertex -17.609121322631836 -65.94329833984375 3.5999999046325684
vertex 1.3908780813217163 -65.94329833984375 3.5999999046325684
endloop
endfacet
facet normal 0 0 -1
outer loop
vertex 80.85065460205078 -64.74329376220703 5.300000190734863
vertex 80.82110595703125 -65.94329833984375 5.300000190734863
vertex 61.82110595703125 -64.74329376220703 5.300000190734863
endloop
endfacet
facet normal 1 0 0
outer loop
vertex 61.82110595703125 -65.94329833984375 3.5999999046325684
vertex 61.82110595703125 -64.74329376220703 3.5999999046325684
vertex 61.82110595703125 -65.94329833984375 5.300000190734863
endloop
endfacet
facet normal 0 1 0
outer loop
vertex 80.82110595703125 -65.94329833984375 3.5999999046325684
vertex 61.82110595703125 -65.94329833984375 3.5999999046325684
vertex 61.82110595703125 -65.94329833984375 5.300000190734863
endloop
endfacet
facet normal -0.9998489750279037 0 0.017378927920053255
outer loop
vertex 80.82110595703125 -64.74329376220703 3.5999999046325684
vertex 80.82110595703125 -65.94329833984375 3.5999999046325684
vertex 80.85065460205078 -64.74329376220703 5.300000190734863
endloop
endfacet
facet normal 0 0 1
outer loop
vertex 80.82110595703125 -65.94329833984375 3.5999999046325684
vertex 80.82110595703125 -64.74329376220703 3.5999999046325684
vertex 61.82110595703125 -65.94329833984375 3.5999999046325684
endloop
endfacet
facet normal -0.999696972599243 0.02461631523823881 0
outer loop
vertex 80.82110595703125 -65.94329833984375 5.300000190734863
vertex 80.85065460205078 -64.74329376220703 5.300000190734863
vertex 80.82110595703125 -65.94329833984375 3.5999999046325684
endloop
endfacet
facet normal 0 0 1
outer loop
vertex 61.82110595703125 -64.74329376220703 3.5999999046325684
vertex 61.82110595703125 -65.94329833984375 3.5999999046325684
vertex 80.82110595703125 -64.74329376220703 3.5999999046325684
endloop
endfacet
facet normal 0 0 -1
outer loop
vertex 61.82110595703125 -64.74329376220703 5.300000190734863
vertex 80.82110595703125 -65.94329833984375 5.300000190734863
vertex 61.82110595703125 -65.94329833984375 5.300000190734863
endloop
endfacet
facet normal 0 1 0
outer loop
vertex 80.82110595703125 -65.94329833984375 3.5999999046325684
vertex 61.82110595703125 -65.94329833984375 5.300000190734863
vertex 80.82110595703125 -65.94329833984375 5.300000190734863
endloop
endfacet
facet normal 1 0 0
outer loop
vertex 61.82110595703125 -64.74329376220703 5.300000190734863
vertex 61.82110595703125 -65.94329833984375 5.300000190734863
vertex 61.82110595703125 -64.74329376220703 3.5999999046325684
endloop
endfacet
facet normal 0.9999873542998092 -0.00502903971625398 0
outer loop
vertex 61.978519439697266 37.742462158203125 3.5999999046325684
vertex 61.984554290771484 38.942447662353516 3.5999999046325684
vertex 61.978519439697266 37.742462158203125 5.300000190734863
endloop
endfacet
facet normal -0.005028574117280265 -0.9999873566412462 0
outer loop
vertex 61.984554290771484 38.942447662353516 3.5999999046325684
vertex 80.98431396484375 38.84690475463867 3.5999999046325684
vertex 80.98431396484375 38.84690475463867 5.300000190734863
endloop
endfacet
facet normal 0 0 -1
outer loop
vertex 81.00947570800781 37.64676284790039 5.300000190734863
vertex 61.984554290771484 38.942447662353516 5.300000190734863
vertex 80.98431396484375 38.84690475463867 5.300000190734863
endloop
endfacet
facet normal -0.005028574117280265 -0.9999873566412462 0
outer loop
vertex 61.984554290771484 38.942447662353516 3.5999999046325684
vertex 80.98431396484375 38.84690475463867 5.300000190734863
vertex 61.984554290771484 38.942447662353516 5.300000190734863
endloop
endfacet
facet normal 0 0 1
outer loop
vertex 61.978519439697266 37.742462158203125 3.5999999046325684
vertex 80.97827911376953 37.64691925048828 3.5999999046325684
vertex 80.98431396484375 38.84690475463867 3.5999999046325684
endloop
endfacet
facet normal 0 0 1
outer loop
vertex 61.978519439697266 37.742462158203125 3.5999999046325684
vertex 80.98431396484375 38.84690475463867 3.5999999046325684
vertex 61.984554290771484 38.942447662353516 3.5999999046325684
endloop
endfacet
facet normal 0 0 -1
outer loop
vertex 61.978519439697266 37.742462158203125 5.300000190734863
vertex 61.984554290771484 38.942447662353516 5.300000190734863
vertex 81.00947570800781 37.64676284790039 5.300000190734863
endloop
endfacet
facet normal -0.9996121037742849 -0.020957507506103378 0.01834188831826766
outer loop
vertex 80.97827911376953 37.64691925048828 3.5999999046325684
vertex 81.00947570800781 37.64676284790039 5.300000190734863
vertex 80.98431396484375 38.84690475463867 5.300000190734863
endloop
endfacet
facet normal -0.9999873542998092 0.00502903971625398 0
outer loop
vertex 80.97827911376953 37.64691925048828 3.5999999046325684
vertex 80.98431396484375 38.84690475463867 5.300000190734863
vertex 80.98431396484375 38.84690475463867 3.5999999046325684
endloop
endfacet
facet normal 0.9999873542998092 -0.00502903971625398 0
outer loop
vertex 61.984554290771484 38.942447662353516 5.300000190734863
vertex 61.978519439697266 37.742462158203125 5.300000190734863
vertex 61.984554290771484 38.942447662353516 3.5999999046325684
endloop
endfacet
facet normal 0 0 -1
outer loop
vertex -46.66817855834961 49.704246520996094 5.300000190734863
vertex -62.492774963378906 60.288299560546875 5.300000190734863
vertex -46.065242767333984 50.74177551269531 5.300000190734863
endloop
endfacet
facet normal 0 0 -1
outer loop
vertex -63.1197624206543 59.26474380493164 5.300000190734863
vertex -62.492774963378906 60.288299560546875 5.300000190734863
vertex -46.66817855834961 49.704246520996094 5.300000190734863
endloop
endfacet
facet normal -0.5024486790197741 -0.8646070349883144 0
outer loop
vertex -62.492774963378906 60.288299560546875 3.5999999046325684
vertex -46.065242767333984 50.74177551269531 3.5999999046325684
vertex -46.065242767333984 50.74177551269531 5.300000190734863
endloop
endfacet
facet normal -0.864608100498896 0.5024468454987959 0
outer loop
vertex -46.065242767333984 50.74177551269531 3.5999999046325684
vertex -46.66817855834961 49.704246520996094 3.5999999046325684
vertex -46.065242767333984 50.74177551269531 5.300000190734863
endloop
endfacet
facet normal 0 0 1
outer loop
vertex -46.66817855834961 49.704246520996094 3.5999999046325684
vertex -46.065242767333984 50.74177551269531 3.5999999046325684
vertex -63.0957145690918 59.250770568847656 3.5999999046325684
endloop
endfacet
facet normal -0.5024486790197741 -0.8646070349883144 0
outer loop
vertex -62.492774963378906 60.288299560546875 3.5999999046325684
vertex -46.065242767333984 50.74177551269531 5.300000190734863
vertex -62.492774963378906 60.288299560546875 5.300000190734863
endloop
endfacet
facet normal 0.8527323143082044 -0.522348159884357 0
outer loop
vertex -62.492774963378906 60.288299560546875 5.300000190734863
vertex -63.1197624206543 59.26474380493164 5.300000190734863
vertex -62.492774963378906 60.288299560546875 3.5999999046325684
endloop
endfacet
facet normal 0.8644910305016712 -0.5023819914847404 0.01635826439402257
outer loop
vertex -63.0957145690918 59.250770568847656 3.5999999046325684
vertex -62.492774963378906 60.288299560546875 3.5999999046325684
vertex -63.1197624206543 59.26474380493164 5.300000190734863
endloop
endfacet
facet normal 0 0 1
outer loop
vertex -62.492774963378906 60.288299560546875 3.5999999046325684
vertex -63.0957145690918 59.250770568847656 3.5999999046325684
vertex -46.065242767333984 50.74177551269531 3.5999999046325684
endloop
endfacet
facet normal -0.864608100498896 0.5024468454987959 0
outer loop
vertex -46.66817855834961 49.704246520996094 5.300000190734863
vertex -46.065242767333984 50.74177551269531 5.300000190734863
vertex -46.66817855834961 49.704246520996094 3.5999999046325684
endloop
endfacet
endsolid auto-kdk-case
