solid auto-kdk-case
facet normal -0.45588013872170896 -0.8900411783277645 7.333667384289383e-9
outer loop
vertex -24.858726501464844 -3.8943991661071777 -1
vertex -21.59400749206543 -5.566592216491699 -17.098812103271484
vertex -22.59400749206543 -5.054390907287598 -1
endloop
endfacet
facet normal 0 -1 0
outer loop
vertex 19.780017852783203 -64.44329833984375 -11.335819244384766
vertex 80.82110595703125 -64.44329833984375 -16.768348693847656
vertex 20.266651153564453 -64.44329833984375 -11.010660171508789
endloop
endfacet
facet normal 0 -1 0
outer loop
vertex 71.42110443115234 -64.44329833984375 -1.6661099195480347
vertex 65.82110595703125 -64.44329833984375 -4
vertex 71.42110443115234 -64.44329833984375 -4
endloop
endfacet
facet normal 0 -1 0
outer loop
vertex 19.205991744995117 -64.44329833984375 -11.449999809265137
vertex 80.82110595703125 -64.44329833984375 -16.768348693847656
vertex 19.780017852783203 -64.44329833984375 -11.335819244384766
endloop
endfacet
facet normal 0 -1 0
outer loop
vertex 7.205991744995117 -64.44329833984375 -11.449999809265137
vertex 80.82110595703125 -64.44329833984375 -16.768348693847656
vertex 19.205991744995117 -64.44329833984375 -11.449999809265137
endloop
endfacet
facet normal 0 -1 0
outer loop
vertex 74.86201477050781 -64.44329833984375 -1.5949000120162964
vertex 72.22110748291016 -64.44329833984375 -4
vertex 75.57388305664062 -64.44329833984375 -1.5589157342910767
endloop
endfacet
facet normal 0 -1 0
outer loop
vertex 7.205991744995117 -64.44329833984375 -11.449999809265137
vertex -17.563817977905273 -64.44329833984375 -21.91832160949707
vertex 80.82110595703125 -64.44329833984375 -16.768348693847656
endloop
endfacet
facet normal 0 -1 0
outer loop
vertex 76.32110595703125 -64.44329833984375 -1.5076520442962646
vertex 72.22110748291016 -64.44329833984375 -4
vertex 80.82110595703125 -64.44329833984375 -1
endloop
endfacet
facet normal 0 -1 0
outer loop
vertex -12.361898422241211 -64.44329833984375 -1.5589157342910767
vertex -9.009121894836426 -64.44329833984375 -4
vertex -11.650033950805664 -64.44329833984375 -1.5949000120162964
endloop
endfacet
facet normal 0.005028384777750659 0.9999873575933482 0
outer loop
vertex 80.97676849365234 37.346923828125 -1
vertex 73.02108764648438 37.38692855834961 -2.5
vertex 73.02108764648438 37.38692855834961 -1.100000023841858
endloop
endfacet
facet normal 0.7406008044736807 0.6719436359061957 -0.0014827602971658564
outer loop
vertex 82.10579681396484 36.843414306640625 -7.873327732086182
vertex 82.12890625 36.83311080932617 -1
vertex 84.40338134765625 34.326236724853516 -1
endloop
endfacet
facet normal 0.40729772553112237 0.9132954411236127 0
outer loop
vertex 82.12890625 36.83311080932617 -1
vertex 80.97676849365234 37.346923828125 -7.853662490844727
vertex 80.97676849365234 37.346923828125 -1
endloop
endfacet
facet normal 0.005027835445635874 0.9999873603512409 0.000002913614208721625
outer loop
vertex 80.97676849365234 37.346923828125 -1
vertex 72.82061004638672 37.387939453125 -3.5
vertex 73.02108764648438 37.38692855834961 -2.5
endloop
endfacet
facet normal 0 -1 0
outer loop
vertex -17.609121322631836 -64.44329833984375 -21.904823303222656
vertex -17.563817977905273 -64.44329833984375 -21.91832160949707
vertex 7.205991744995117 -64.44329833984375 -11.449999809265137
endloop
endfacet
facet normal -0.9238797444691138 -0.382682920653228 0
outer loop
vertex -21.137285232543945 -61.561038970947266 -21.831645965576172
vertex -21.59400749206543 -60.458412170410156 -1
vertex -21.59400749206543 -60.458412170410156 -21.785932540893555
endloop
endfacet
facet normal -1 0 0
outer loop
vertex -21.59400749206543 -60.458412170410156 -21.785932540893555
vertex -21.59400749206543 -5.566592216491699 -1
vertex -21.59400749206543 -60.295799255371094 -21.8255558013916
endloop
endfacet
facet normal -0.6625159203504873 -0.7490478267158432 -0.00009259815703324754
outer loop
vertex -18.73412322998047 -63.96419906616211 -21.924707412719727
vertex -18.706249237060547 -63.988853454589844 -21.92090606689453
vertex -18.711748123168945 -63.986576080322266 -1
endloop
endfacet
facet normal -0.7071065005770935 -0.7071070617958902 0
outer loop
vertex -21.137285232543945 -61.561038970947266 -21.831645965576172
vertex -18.73412322998047 -63.96419906616211 -21.924707412719727
vertex -21.137285232543945 -61.561038970947266 -1
endloop
endfacet
facet normal -0.38268316151909065 -0.9238796446993264 -1.4884231919052941e-8
outer loop
vertex -18.711748123168945 -63.986576080322266 -1
vertex -18.706249237060547 -63.988853454589844 -21.92090606689453
vertex -17.609121322631836 -64.44329833984375 -21.904823303222656
endloop
endfacet
facet normal 0 -1 0
outer loop
vertex 6.631966590881348 -64.44329833984375 -11.335819244384766
vertex -17.609121322631836 -64.44329833984375 -21.904823303222656
vertex 7.205991744995117 -64.44329833984375 -11.449999809265137
endloop
endfacet
facet normal 0 -1 0
outer loop
vertex 6.631966590881348 -64.44329833984375 -11.335819244384766
vertex 6.145331859588623 -64.44329833984375 -11.010660171508789
vertex -17.609121322631836 -64.44329833984375 -21.904823303222656
endloop
endfacet
facet normal 0 -1 0
outer loop
vertex 6.145331859588623 -64.44329833984375 -11.010660171508789
vertex 5.820172309875488 -64.44329833984375 -10.524024963378906
vertex -17.609121322631836 -64.44329833984375 -21.904823303222656
endloop
endfacet
facet normal 0 -1 0
outer loop
vertex 5.820172309875488 -64.44329833984375 -10.524024963378906
vertex 5.705991744995117 -64.44329833984375 -9.949999809265137
vertex -17.609121322631836 -64.44329833984375 -21.904823303222656
endloop
endfacet
facet normal 0 -1 0
outer loop
vertex 5.705991744995117 -64.44329833984375 -9.949999809265137
vertex 5.705991744995117 -64.44329833984375 -4.949999809265137
vertex -17.609121322631836 -64.44329833984375 -21.904823303222656
endloop
endfacet
facet normal 1 0 0
outer loop
vertex 84.80599212646484 33.283329010009766 -7.931830883026123
vertex 84.80599212646484 -60.458412170410156 -1
vertex 84.80599212646484 -60.458412170410156 -16.39119529724121
endloop
endfacet
facet normal 1 0 0
outer loop
vertex 84.80599212646484 -40.708412170410156 -1
vertex 84.80599212646484 -60.458412170410156 -1
vertex 84.80599212646484 33.283329010009766 -7.931830883026123
endloop
endfacet
facet normal 0 -1 0
outer loop
vertex 69.4552993774414 -64.44329833984375 -1.6254053115844727
vertex 20.59181022644043 -64.44329833984375 -4.375974655151367
vertex 70.67498016357422 -64.44329833984375 -1.6591570377349854
endloop
endfacet
facet normal 0 -1 0
outer loop
vertex 70.67498016357422 -64.44329833984375 -1.6591570377349854
vertex 20.705991744995117 -64.44329833984375 -4.949999809265137
vertex 71.42110443115234 -64.44329833984375 -1.6661099195480347
endloop
endfacet
facet normal 1 0 0
outer loop
vertex 84.80599212646484 -36.294498443603516 -1
vertex 84.80599212646484 -40.708412170410156 -1
vertex 84.80599212646484 33.283329010009766 -7.931830883026123
endloop
endfacet
facet normal 1 0 0
outer loop
vertex 84.80599212646484 -15.7944974899292 -1
vertex 84.80599212646484 -36.294498443603516 -1
vertex 84.80599212646484 33.283329010009766 -7.931830883026123
endloop
endfacet
facet normal 0 -1 0
outer loop
vertex 67.32110595703125 -64.44329833984375 -1.5076520442962646
vertex 20.266651153564453 -64.44329833984375 -3.8893399238586426
vertex 68.06832885742188 -64.44329833984375 -1.5589157342910767
endloop
endfacet
facet normal 0 -1 0
outer loop
vertex 68.06832885742188 -64.44329833984375 -1.5589157342910767
vertex 20.59181022644043 -64.44329833984375 -4.375974655151367
vertex 68.78018951416016 -64.44329833984375 -1.5949000120162964
endloop
endfacet
facet normal 0 -1 0
outer loop
vertex 20.59181022644043 -64.44329833984375 -4.375974655151367
vertex 69.4552993774414 -64.44329833984375 -1.6254053115844727
vertex 68.78018951416016 -64.44329833984375 -1.5949000120162964
endloop
endfacet
facet normal 0 -1 0
outer loop
vertex 67.32110595703125 -64.44329833984375 -1
vertex 7.205991744995117 -64.44329833984375 -3.450000047683716
vertex 67.32110595703125 -64.44329833984375 -1.5076520442962646
endloop
endfacet
facet normal 0 -1 0
outer loop
vertex 71.42110443115234 -64.44329833984375 -1.6661099195480347
vertex 20.705991744995117 -64.44329833984375 -9.949999809265137
vertex 65.82110595703125 -64.44329833984375 -4
endloop
endfacet
facet normal 0.9238790342145957 -0.38268463535750447 0
outer loop
vertex 84.80599212646484 -60.458412170410156 -16.39119529724121
vertex 84.80599212646484 -60.458412170410156 -1
vertex 84.49533081054688 -61.208412170410156 -1
endloop
endfacet
facet normal 0.9238777215164136 -0.38268780446417067 -1.809238652709001e-7
outer loop
vertex 84.49533081054688 -61.208412170410156 -1
vertex 84.3492660522461 -61.561038970947266 -1
vertex 84.80599212646484 -60.458412170410156 -16.39119529724121
endloop
endfacet
facet normal 0.7071067811865476 -0.7071067811865476 0
outer loop
vertex 81.9237289428711 -63.986576080322266 -1
vertex 84.3492660522461 -61.561038970947266 -16.434911727905273
vertex 84.3492660522461 -61.561038970947266 -1
endloop
endfacet
facet normal 0.38268407049729875 -0.923879268188013 0
outer loop
vertex 81.51124572753906 -64.15743255615234 -1
vertex 81.9237289428711 -63.986576080322266 -16.715755462646484
vertex 81.9237289428711 -63.986576080322266 -1
endloop
endfacet
facet normal 0.3826840388935532 -0.923879281278738 -9.718049993925788e-10
outer loop
vertex 80.82110595703125 -64.44329833984375 -1
vertex 81.9237289428711 -63.986576080322266 -16.715755462646484
vertex 81.51124572753906 -64.15743255615234 -1
endloop
endfacet
facet normal -1 0 0
outer loop
vertex -21.59400749206543 -60.295799255371094 -21.8255558013916
vertex -21.59400749206543 -5.566592216491699 -1
vertex -21.59400749206543 -6.615457534790039 -16.93438720703125
endloop
endfacet
facet normal 0 -1 0
outer loop
vertex 77.82110595703125 -64.44329833984375 -4
vertex 80.82110595703125 -64.44329833984375 -16.768348693847656
vertex 80.82110595703125 -64.44329833984375 -1
endloop
endfacet
facet normal -0.9210506470059804 0.3894428143513052 0
outer loop
vertex 17.03035545349121 27.65531349182129 -11.864514350891113
vertex 16.62060546875 26.686235427856445 -11.995467185974121
vertex 17.03035545349121 27.65531349182129 -1
endloop
endfacet
facet normal -0.7048555881863254 0.7093508298455068 0
outer loop
vertex 14.676231384277344 11.331703186035156 -13.830487251281738
vertex 14.676231384277344 11.331703186035156 -1
vertex 16.43124771118164 13.075597763061523 -1
endloop
endfacet
facet normal 0 1 0
outer loop
vertex 20.579364776611328 30.331703186035156 -11.598062515258789
vertex 20.579364776611328 30.331703186035156 -1
vertex 52.7422981262207 30.331703186035156 -1
endloop
endfacet
facet normal 0.1560184301647377 0.9877541438168574 -0.000028662831857905063
outer loop
vertex -64.2316665649414 59.14700698852539 -13.493884086608887
vertex -64.35482788085938 59.16646194458008 -13.449286460876465
vertex -63.2464485168457 58.991390228271484 -13.456433296203613
endloop
endfacet
facet normal 0.0026270450771909413 0.9999798437344406 -0.005780204062672055
outer loop
vertex -7.6096391677856445 18.412927627563477 -3.5
vertex -9.609122276306152 18.418180465698242 -3.5
vertex -9.809104919433594 18.42448616027832 -2.5
endloop
endfacet
facet normal 0.005254746851849835 0.9999861937221829 -7.37400306338677e-7
outer loop
vertex -7.6096391677856445 18.412927627563477 -3.5
vertex -9.809104919433594 18.42448616027832 -2.5
vertex -7.4091386795043945 18.411874771118164 -2.5
endloop
endfacet
facet normal -0.2114977193564892 0.9773784905898436 -0.000028971066658384254
outer loop
vertex -64.35482788085938 59.16646194458008 -13.449286460876465
vertex -67.4822998046875 58.48969268798828 -13.674864768981934
vertex -67.66686248779297 58.44975662231445 -13.608075141906738
endloop
endfacet
facet normal 0.1560186105480976 0.9877541157406741 0
outer loop
vertex -63.2464485168457 58.991390228271484 -1
vertex -64.35482788085938 59.16646194458008 -13.449286460876465
vertex -64.35482788085938 59.16646194458008 -1
endloop
endfacet
facet normal -0.21149904627292987 0.9773782038830419 0
outer loop
vertex -64.35482788085938 59.16646194458008 -1
vertex -67.66686248779297 58.44975662231445 -13.608075141906738
vertex -67.66686248779297 58.44975662231445 -1
endloop
endfacet
facet normal -0.5878639347494198 0.808959822377419 -1.561092199389058e-7
outer loop
vertex -67.66686248779297 58.44975662231445 -1
vertex -68.68950653076172 57.706607818603516 -13.640523910522461
vertex -68.02642059326172 58.18846893310547 -1
endloop
endfacet
facet normal -0.5878658822454341 0.8089584071457551 0
outer loop
vertex -68.68950653076172 57.706607818603516 -13.640523910522461
vertex -68.68950653076172 57.706607818603516 -1
vertex -68.02642059326172 58.18846893310547 -1
endloop
endfacet
facet normal 0.5024486699038373 0.8646070402858543 0
outer loop
vertex -63.2464485168457 58.991390228271484 -13.456433296203613
vertex -63.2464485168457 58.991390228271484 -1
vertex -27.362289428710938 38.13804626464844 -1
endloop
endfacet
facet normal 0 -1 0
outer loop
vertex 72.22110748291016 -64.44329833984375 -4
vertex 72.96723175048828 -64.44329833984375 -1.6591570377349854
vertex 72.22110748291016 -64.44329833984375 -1.6661099195480347
endloop
endfacet
facet normal 0 -1 0
outer loop
vertex 72.96723175048828 -64.44329833984375 -1.6591570377349854
vertex 72.22110748291016 -64.44329833984375 -4
vertex 74.1869125366211 -64.44329833984375 -1.6254053115844727
endloop
endfacet
facet normal 0.6298862704343643 0.7766873800431235 1.880446194703405e-7
outer loop
vertex -11.137389183044434 19.33390998840332 -14.365797996520996
vertex -11.312735557556152 19.47611427307129 -14.362683296203613
vertex -10.017369270324707 18.425580978393555 -1
endloop
endfacet
facet normal 0.9773514318304469 0.21162272727421158 0
outer loop
vertex -11.655746459960938 19.754295349121094 -1
vertex -11.655746459960938 19.754295349121094 -14.453176498413086
vertex -11.755906105041504 20.216869354248047 -14.264874458312988
endloop
endfacet
facet normal 0.6298896203297156 0.7766846632969934 -3.502734419030899e-7
outer loop
vertex -11.312735557556152 19.47611427307129 -14.362683296203613
vertex -11.655746459960938 19.754295349121094 -14.453176498413086
vertex -10.017369270324707 18.425580978393555 -1
endloop
endfacet
facet normal 0.5024649501188537 0.864597576890811 -0.00006274229861441037
outer loop
vertex -63.2090950012207 58.96968078613281 -13.473944664001465
vertex -63.2464485168457 58.991390228271484 -13.456433296203613
vertex -27.362289428710938 38.13804626464844 -1
endloop
endfacet
facet normal 0.1560186105480976 0.9877541157406742 0
outer loop
vertex -63.2464485168457 58.991390228271484 -13.456433296203613
vertex -64.35482788085938 59.16646194458008 -13.449286460876465
vertex -63.2464485168457 58.991390228271484 -1
endloop
endfacet
facet normal -0.2114990462729299 0.9773782038830419 0
outer loop
vertex -64.35482788085938 59.16646194458008 -13.449286460876465
vertex -67.66686248779297 58.44975662231445 -13.608075141906738
vertex -64.35482788085938 59.16646194458008 -1
endloop
endfacet
facet normal -0.5878651975137448 0.8089589047362826 0
outer loop
vertex -67.66686248779297 58.44975662231445 -13.608075141906738
vertex -68.68950653076172 57.706607818603516 -13.640523910522461
vertex -67.66686248779297 58.44975662231445 -1
endloop
endfacet
facet normal -0.8642843405730217 0.5030035572838992 0
outer loop
vertex -84.72863006591797 30.147432327270508 -16.919321060180664
vertex -68.68950653076172 57.706607818603516 -1
vertex -68.68950653076172 57.706607818603516 -13.640523910522461
endloop
endfacet
facet normal -0.8642841935022407 0.5030038099873979 -5.856522685890463e-7
outer loop
vertex -78.62383270263672 40.636993408203125 -1
vertex -68.68950653076172 57.706607818603516 -1
vertex -84.72863006591797 30.147432327270508 -16.919321060180664
endloop
endfacet
facet normal -0.8642845799003338 0.5030031460602441 0
outer loop
vertex -78.62383270263672 40.636993408203125 -1
vertex -84.72863006591797 30.147432327270508 -16.919321060180664
vertex -84.72863006591797 30.147432327270508 -1
endloop
endfacet
facet normal -0.9877101909506084 0.15629644491258396 0
outer loop
vertex -84.72863006591797 30.147432327270508 -1
vertex -84.90419006347656 29.037986755371094 -16.970096588134766
vertex -84.90419006347656 29.037986755371094 -1
endloop
endfacet
facet normal -0.9877101909506086 0.156296444912584 0
outer loop
vertex -84.72863006591797 30.147432327270508 -16.919321060180664
vertex -84.90419006347656 29.037986755371094 -16.970096588134766
vertex -84.72863006591797 30.147432327270508 -1
endloop
endfacet
facet normal -0.9773601067265387 -0.21158265944894708 0
outer loop
vertex -84.90419006347656 29.037986755371094 -16.970096588134766
vertex -84.18693542480469 25.72478485107422 -17.190616607666016
vertex -84.90419006347656 29.037986755371094 -1
endloop
endfacet
facet normal 0.5054790147346387 0.8628388990204943 -4.57861297143231e-9
outer loop
vertex -24.685626983642578 31.205522537231445 -13.995200157165527
vertex -13.195965766906738 24.474506378173828 -1
vertex -13.240482330322266 24.500585556030273 -13.99643325805664
endloop
endfacet
facet normal 0 -1 0
outer loop
vertex 77.82110595703125 -64.44329833984375 -5
vertex 80.82110595703125 -64.44329833984375 -16.768348693847656
vertex 77.82110595703125 -64.44329833984375 -4
endloop
endfacet
facet normal 0 -1 0
outer loop
vertex 65.82110595703125 -64.44329833984375 -5
vertex 80.82110595703125 -64.44329833984375 -16.768348693847656
vertex 77.82110595703125 -64.44329833984375 -5
endloop
endfacet
facet normal 0.9238795877028042 -0.38268329912090193 1.9721753995224816e-7
outer loop
vertex 84.3492660522461 -61.561038970947266 -1
vertex 84.43157196044922 -61.362342834472656 -16.49308204650879
vertex 84.80599212646484 -60.458412170410156 -16.39119529724121
endloop
endfacet
facet normal 0.5843460802270416 -0.8115045645888925 0.000013216796593580994
outer loop
vertex -26.609111785888672 -5.154812335968018 -17.018001556396484
vertex -26.482398986816406 -5.063570022583008 -17.061405181884766
vertex -25.69989585876465 -4.500105857849121 -16.97772216796875
endloop
endfacet
facet normal 0.923874150773233 -0.38269642477169497 0
outer loop
vertex 84.43157196044922 -61.362342834472656 -16.49308204650879
vertex 84.3492660522461 -61.561038970947266 -1
vertex 84.3492660522461 -61.561038970947266 -16.434911727905273
endloop
endfacet
facet normal 0.7071073551707112 -0.707106207201895 1.803988913708436e-7
outer loop
vertex 81.9237289428711 -63.986576080322266 -1
vertex 82.05107116699219 -63.85923767089844 -16.762741088867188
vertex 84.3492660522461 -61.561038970947266 -16.434911727905273
endloop
endfacet
facet normal 0.7070961898099354 -0.7071173724045194 0
outer loop
vertex 81.9237289428711 -63.986576080322266 -16.715755462646484
vertex 82.05107116699219 -63.85923767089844 -16.762741088867188
vertex 81.9237289428711 -63.986576080322266 -1
endloop
endfacet
facet normal 0.38268405071628403 -0.9238792763815934 0
outer loop
vertex 80.82110595703125 -64.44329833984375 -16.768348693847656
vertex 81.9237289428711 -63.986576080322266 -16.715755462646484
vertex 80.82110595703125 -64.44329833984375 -1
endloop
endfacet
facet normal 0 -1 0
outer loop
vertex 20.705991744995117 -64.44329833984375 -9.949999809265137
vertex 65.82110595703125 -64.44329833984375 -5
vertex 65.82110595703125 -64.44329833984375 -4
endloop
endfacet
facet normal 0 -1 0
outer loop
vertex 20.705991744995117 -64.44329833984375 -9.949999809265137
vertex 80.82110595703125 -64.44329833984375 -16.768348693847656
vertex 65.82110595703125 -64.44329833984375 -5
endloop
endfacet
facet normal 0.9773515182070639 0.21162232835489217 -3.7513970167722884e-8
outer loop
vertex -11.840150833129883 20.605941772460938 -14.196107864379883
vertex -12.456969261169434 23.454641342163086 -13.966289520263672
vertex -11.655746459960938 19.754295349121094 -1
endloop
endfacet
facet normal 0.977351358194514 0.21162306735169184 1.2415221230957168e-8
outer loop
vertex -11.655746459960938 19.754295349121094 -1
vertex -11.755906105041504 20.216869354248047 -14.264874458312988
vertex -11.840150833129883 20.605941772460938 -14.196107864379883
endloop
endfacet
facet normal 0.809763866816054 0.5867558947288964 -6.523723278862248e-8
outer loop
vertex -13.195965766906738 24.474506378173828 -13.973299980163574
vertex -12.456969261169434 23.454641342163086 -1
vertex -12.5393705368042 23.568359375 -14.021468162536621
endloop
endfacet
facet normal 0.809760317522583 0.5867607929690987 0
outer loop
vertex -12.456969261169434 23.454641342163086 -13.966289520263672
vertex -12.5393705368042 23.568359375 -14.021468162536621
vertex -12.456969261169434 23.454641342163086 -1
endloop
endfacet
facet normal 0.5054780195667434 0.8628394820213566 0
outer loop
vertex -13.240482330322266 24.500585556030273 -13.99643325805664
vertex -13.195965766906738 24.474506378173828 -1
vertex -13.195965766906738 24.474506378173828 -13.973299980163574
endloop
endfacet
facet normal 0.018124559815254147 0.9998357366745315 0
outer loop
vertex -9.609122276306152 18.418180465698242 -14.376056671142578
vertex -10.017369270324707 18.425580978393555 -14.51977825164795
vertex -9.609122276306152 18.418180465698242 -3.5
endloop
endfacet
facet normal -0.15551892561721534 -0.9878329128829769 -7.139788340510926e-9
outer loop
vertex -31.003158569335938 -5.698583602905273 -17.25761604309082
vertex -30.96919059753418 -5.7039313316345215 -17.262109756469727
vertex -31.02056884765625 -5.695842742919922 -1
endloop
endfacet
facet normal -0.15550931182800332 -0.9878344263765969 2.3986658458212252e-8
outer loop
vertex -31.02056884765625 -5.695842742919922 -1
vertex -30.96919059753418 -5.7039313316345215 -17.262109756469727
vertex -29.913433074951172 -5.870133399963379 -17.221925735473633
endloop
endfacet
facet normal 0.2115770814848107 -0.9773613142489167 0
outer loop
vertex -29.913433074951172 -5.870133399963379 -17.221925735473633
vertex -29.826051712036133 -5.851217269897461 -17.245317459106445
vertex -29.913433074951172 -5.870133399963379 -1
endloop
endfacet
facet normal 0.21157959874396237 -0.9773607693146599 1.4174520340742874e-8
outer loop
vertex -29.913433074951172 -5.870133399963379 -1
vertex -29.826051712036133 -5.851217269897461 -17.245317459106445
vertex -26.609111785888672 -5.154812335968018 -17.018001556396484
endloop
endfacet
facet normal 0.5843462757335869 -0.8115044239166452 1.604396504199753e-8
outer loop
vertex -26.609111785888672 -5.154812335968018 -1
vertex -24.98361587524414 -3.9843292236328125 -17.0699405670166
vertex -24.858726501464844 -3.8943991661071777 -17.127376556396484
endloop
endfacet
facet normal 0.005255287488880723 0.9999861908813589 0
outer loop
vertex 4.977273464202881 18.346778869628906 -13.568178176879883
vertex -7.6096391677856445 18.412927627563477 -14.2218017578125
vertex -7.6096391677856445 18.412927627563477 -3.5
endloop
endfacet
facet normal 0.6298880653968488 0.7766859243417605 0
outer loop
vertex -10.017369270324707 18.425580978393555 -14.51977825164795
vertex -10.073195457458496 18.470855712890625 -14.487788200378418
vertex -10.017369270324707 18.425580978393555 -1
endloop
endfacet
facet normal 0.6298872420174999 0.7766865920972161 5.649449668874904e-9
outer loop
vertex -10.017369270324707 18.425580978393555 -1
vertex -10.073195457458496 18.470855712890625 -14.487788200378418
vertex -10.429235458374023 18.759601593017578 -14.380401611328125
endloop
endfacet
facet normal 0.6298893871721547 0.7766848523872966 -1.0381031765415133e-7
outer loop
vertex -10.017369270324707 18.425580978393555 -1
vertex -10.429235458374023 18.759601593017578 -14.380401611328125
vertex -10.595561027526855 18.89449119567871 -14.377447128295898
endloop
endfacet
facet normal 0 -1 0
outer loop
vertex 19.205991744995117 -64.44329833984375 -3.450000047683716
vertex 19.780017852783203 -64.44329833984375 -3.564180612564087
vertex 67.32110595703125 -64.44329833984375 -1.5076520442962646
endloop
endfacet
facet normal 0 -1 0
outer loop
vertex 19.780017852783203 -64.44329833984375 -3.564180612564087
vertex 20.266651153564453 -64.44329833984375 -3.8893399238586426
vertex 67.32110595703125 -64.44329833984375 -1.5076520442962646
endloop
endfacet
facet normal 0 -1 0
outer loop
vertex 20.266651153564453 -64.44329833984375 -3.8893399238586426
vertex 20.59181022644043 -64.44329833984375 -4.375974655151367
vertex 68.06832885742188 -64.44329833984375 -1.5589157342910767
endloop
endfacet
facet normal 0 -1 0
outer loop
vertex 7.205991744995117 -64.44329833984375 -3.450000047683716
vertex 67.32110595703125 -64.44329833984375 -1
vertex -4.109121799468994 -64.44329833984375 -1
endloop
endfacet
facet normal 0 -1 0
outer loop
vertex 7.205991744995117 -64.44329833984375 -3.450000047683716
vertex 19.205991744995117 -64.44329833984375 -3.450000047683716
vertex 67.32110595703125 -64.44329833984375 -1.5076520442962646
endloop
endfacet
facet normal 0 -1 0
outer loop
vertex 20.59181022644043 -64.44329833984375 -4.375974655151367
vertex 20.705991744995117 -64.44329833984375 -4.949999809265137
vertex 70.67498016357422 -64.44329833984375 -1.6591570377349854
endloop
endfacet
facet normal 0 -1 0
outer loop
vertex 20.705991744995117 -64.44329833984375 -4.949999809265137
vertex 20.705991744995117 -64.44329833984375 -9.949999809265137
vertex 71.42110443115234 -64.44329833984375 -1.6661099195480347
endloop
endfacet
facet normal -0.5878652612176297 0.8089588584372602 0.0000030680197092277705
outer loop
vertex -68.51239776611328 57.83531188964844 -13.708383560180664
vertex -68.68950653076172 57.706607818603516 -13.640523910522461
vertex -67.66686248779297 58.44975662231445 -13.608075141906738
endloop
endfacet
facet normal -0.8688716630177087 0.49490979147298625 -0.01123972904507017
outer loop
vertex 16.62060546875 26.686235427856445 -11.995467185974121
vertex 16.516624450683594 26.505422592163086 -11.91894245147705
vertex 17.03035545349121 27.65531349182129 -1
endloop
endfacet
facet normal 0.6298872894904146 0.77668655359702 4.648569123012443e-8
outer loop
vertex -10.595561027526855 18.89449119567871 -14.377447128295898
vertex -11.137389183044434 19.33390998840332 -14.365797996520996
vertex -10.017369270324707 18.425580978393555 -1
endloop
endfacet
facet normal -0.5016258920156185 -0.8650845688757782 -0.00039134708908284863
outer loop
vertex -83.44153594970703 24.700855255126953 -1
vertex -31.003158569335938 -5.698583602905273 -17.25761604309082
vertex -31.02056884765625 -5.695842742919922 -1
endloop
endfacet
facet normal 0 -1 0
outer loop
vertex 7.205991744995117 -64.44329833984375 -3.450000047683716
vertex -8.209121704101562 -64.44329833984375 -1.6661099195480347
vertex 6.631966590881348 -64.44329833984375 -3.564180612564087
endloop
endfacet
facet normal 0 -1 0
outer loop
vertex 6.145331859588623 -64.44329833984375 -3.8893399238586426
vertex 6.631966590881348 -64.44329833984375 -3.564180612564087
vertex -8.209121704101562 -64.44329833984375 -1.6661099195480347
endloop
endfacet
facet normal 0.005028554044506732 0.999987356741167 -0.000001426739444786231
outer loop
vertex 70.62112426757812 37.39899826049805 -1.100000023841858
vertex 58.590553283691406 37.459495544433594 -1
vertex 80.97676849365234 37.346923828125 -1
endloop
endfacet
facet normal -0.9999797935735883 0.006357078300905672 0
outer loop
vertex 16.516624450683594 26.505422592163086 -11.91894245147705
vertex 16.437543869018555 14.065905570983887 -13.05672550201416
vertex 16.516624450683594 26.505422592163086 -1
endloop
endfacet
facet normal -0.9238798649052425 -0.3826826298941075 -1.8030484014441345e-8
outer loop
vertex -21.59400749206543 -60.458412170410156 -1
vertex -21.137285232543945 -61.561038970947266 -21.831645965576172
vertex -21.283348083496094 -61.208412170410156 -1
endloop
endfacet
facet normal -1 0 0
outer loop
vertex -21.59400749206543 -60.458412170410156 -21.785932540893555
vertex -21.59400749206543 -60.458412170410156 -1
vertex -21.59400749206543 -40.708412170410156 -1
endloop
endfacet
facet normal -1 0 0
outer loop
vertex -21.59400749206543 -60.458412170410156 -21.785932540893555
vertex -21.59400749206543 -40.708412170410156 -1
vertex -21.59400749206543 -25.316593170166016 -1
endloop
endfacet
facet normal 0 -1 0
outer loop
vertex -14.609122276306152 -64.44329833984375 -5
vertex -17.609121322631836 -64.44329833984375 -21.904823303222656
vertex -2.609121799468994 -64.44329833984375 -5
endloop
endfacet
facet normal 0 -1 0
outer loop
vertex -14.609122276306152 -64.44329833984375 -4
vertex -17.609121322631836 -64.44329833984375 -1
vertex -17.609121322631836 -64.44329833984375 -21.904823303222656
endloop
endfacet
facet normal 0 -1 0
outer loop
vertex -14.609122276306152 -64.44329833984375 -5
vertex -14.609122276306152 -64.44329833984375 -4
vertex -17.609121322631836 -64.44329833984375 -21.904823303222656
endloop
endfacet
facet normal 0 -1 0
outer loop
vertex -2.609121799468994 -64.44329833984375 -5
vertex -17.609121322631836 -64.44329833984375 -21.904823303222656
vertex 5.705991744995117 -64.44329833984375 -4.949999809265137
endloop
endfacet
facet normal -0.707106781186546 -0.707106781186546 -6.445486313126452e-8
outer loop
vertex -21.137285232543945 -61.561038970947266 -1
vertex -18.73412322998047 -63.96419906616211 -21.924707412719727
vertex -18.711748123168945 -63.986576080322266 -1
endloop
endfacet
facet normal -0.3826810497006461 -0.9238805194396071 1.1561488461447191e-7
outer loop
vertex -18.711748123168945 -63.986576080322266 -1
vertex -17.609121322631836 -64.44329833984375 -21.904823303222656
vertex -18.29926109313965 -64.15743255615234 -1
endloop
endfacet
facet normal -0.3826840388935532 -0.923879281278738 0
outer loop
vertex -18.29926109313965 -64.15743255615234 -1
vertex -17.609121322631836 -64.44329833984375 -21.904823303222656
vertex -17.609121322631836 -64.44329833984375 -1
endloop
endfacet
facet normal -0.9238794883139749 -0.38268353906682184 0
outer loop
vertex -21.137285232543945 -61.561038970947266 -21.831645965576172
vertex -21.137285232543945 -61.561038970947266 -1
vertex -21.283348083496094 -61.208412170410156 -1
endloop
endfacet
facet normal -0.977360147385556 -0.21158247163336252 -4.023526941404663e-8
outer loop
vertex -84.90419006347656 29.037986755371094 -1
vertex -84.18693542480469 25.72478485107422 -17.190616607666016
vertex -84.4407958984375 26.897436141967773 -1
endloop
endfacet
facet normal -0.9773600325077269 -0.21158300228632468 0
outer loop
vertex -84.18693542480469 25.72478485107422 -17.190616607666016
vertex -84.18693542480469 25.72478485107422 -1
vertex -84.4407958984375 26.897436141967773 -1
endloop
endfacet
facet normal -0.9999797791619163 0.0063593448770832076 1.3920543520785527e-7
outer loop
vertex 16.437543869018555 14.065905570983887 -13.05672550201416
vertex 16.435306549072266 13.71409797668457 -13.120539665222168
vertex 16.43124771118164 13.075597763061523 -1
endloop
endfacet
facet normal -0.8084643019254838 -0.5885452170497524 0
outer loop
vertex -84.18693542480469 25.72478485107422 -1
vertex -83.44153594970703 24.700855255126953 -17.229612350463867
vertex -83.44153594970703 24.700855255126953 -1
endloop
endfacet
facet normal 0.029423521226127597 0.9995669467474719 -0.00041877033361340085
outer loop
vertex -9.609122276306152 18.418180465698242 -3.5
vertex -10.017369270324707 18.425580978393555 -14.51977825164795
vertex -9.809104919433594 18.42448616027832 -2.5
endloop
endfacet
facet normal -0.9130232031408742 0.40790762499170163 -8.610201664517493e-8
outer loop
vertex 17.03035545349121 27.65531349182129 -1
vertex 16.516624450683594 26.505422592163086 -11.91894245147705
vertex 16.85040855407715 27.25253677368164 -1
endloop
endfacet
facet normal 0.005028565903497676 0.9999873566825503 0
outer loop
vertex 70.62112426757812 37.39899826049805 -2.5
vertex 58.590553283691406 37.459495544433594 -1
vertex 70.62112426757812 37.39899826049805 -1.100000023841858
endloop
endfacet
facet normal 0.005029055702962389 0.9999873542158487 0.000002668973746164464
outer loop
vertex 70.62112426757812 37.39899826049805 -2.5
vertex 73.02108764648438 37.38692855834961 -2.5
vertex 72.82061004638672 37.387939453125 -3.5
endloop
endfacet
facet normal -0.913023671792606 0.4079065760028242 0
outer loop
vertex 16.516624450683594 26.505422592163086 -11.91894245147705
vertex 16.516624450683594 26.505422592163086 -1
vertex 16.85040855407715 27.25253677368164 -1
endloop
endfacet
facet normal 0.005028839332106722 0.999987355305137 0.000002193057079946553
outer loop
vertex 72.82061004638672 37.387939453125 -3.5
vertex 58.590553283691406 37.459495544433594 -1
vertex 70.62112426757812 37.39899826049805 -2.5
endloop
endfacet
facet normal 0.002512335629579168 0.9998943196119647 -0.01431914024689782
outer loop
vertex 70.82110595703125 37.39296340942383 -3.5
vertex 58.590553283691406 37.459495544433594 -1
vertex 72.82061004638672 37.387939453125 -3.5
endloop
endfacet
facet normal -0.9999797933055131 0.006357120469304975 -4.3508971016104297e-8
outer loop
vertex 16.516624450683594 26.505422592163086 -1
vertex 16.437543869018555 14.065905570983887 -13.05672550201416
vertex 16.43124771118164 13.075597763061523 -1
endloop
endfacet
facet normal 0.005028728494926155 0.999987355864925 0
outer loop
vertex 80.97676849365234 37.346923828125 -7.853662490844727
vertex 72.82061004638672 37.387939453125 -3.5
vertex 80.97676849365234 37.346923828125 -1
endloop
endfacet
facet normal 0.40729940769949813 0.9132946909336126 -3.3902268895549614e-7
outer loop
vertex 82.10579681396484 36.843414306640625 -7.873327732086182
vertex 80.97676849365234 37.346923828125 -7.853662490844727
vertex 82.12890625 36.83311080932617 -1
endloop
endfacet
facet normal 0.9328972890210295 0.36014253863879464 1.3397777642493877e-7
outer loop
vertex 84.80599212646484 33.283329010009766 -1
vertex 84.40338134765625 34.326236724853516 -7.925839900970459
vertex 84.5164566040039 34.033329010009766 -1
endloop
endfacet
facet normal 0.9328983533637454 0.36013978160043947 0
outer loop
vertex 84.40338134765625 34.326236724853516 -1
vertex 84.5164566040039 34.033329010009766 -1
vertex 84.40338134765625 34.326236724853516 -7.925839900970459
endloop
endfacet
facet normal 0.7385201576314693 0.674231395155652 0.00005058115122707276
outer loop
vertex 84.40338134765625 34.326236724853516 -1
vertex 84.32688903808594 34.410545349121094 -7.967196941375732
vertex 82.10579681396484 36.843414306640625 -7.873327732086182
endloop
endfacet
facet normal 0.7406038470057005 0.6719419184723906 0
outer loop
vertex 84.40338134765625 34.326236724853516 -7.925839900970459
vertex 84.32688903808594 34.410545349121094 -7.967196941375732
vertex 84.40338134765625 34.326236724853516 -1
endloop
endfacet
facet normal 0.9328971673931311 0.36014285369813537 1.884905178921396e-7
outer loop
vertex 84.40338134765625 34.326236724853516 -7.925839900970459
vertex 84.80599212646484 33.283329010009766 -1
vertex 84.74202728271484 33.44902420043945 -7.988034725189209
endloop
endfacet
facet normal 0.9328998381866284 0.3601359353235423 0
outer loop
vertex 84.74202728271484 33.44902420043945 -7.988034725189209
vertex 84.80599212646484 33.283329010009766 -1
vertex 84.80599212646484 33.283329010009766 -7.931830883026123
endloop
endfacet
facet normal 0.00543975014107443 0.9999852044497473 0
outer loop
vertex 70.82110595703125 37.39296340942383 -3.5
vertex 70.82110595703125 37.39296340942383 -8.387290000915527
vertex 58.590553283691406 37.459495544433594 -1
endloop
endfacet
facet normal -0.9999798157113349 0.006353595037297256 -1.637037075532246e-7
outer loop
vertex 16.435306549072266 13.71409797668457 -13.120539665222168
vertex 16.432811737060547 13.321440696716309 -13.265250205993652
vertex 16.43124771118164 13.075597763061523 -1
endloop
endfacet
facet normal 0.005255873246364694 0.9999861878023568 -9.63249189292316e-7
outer loop
vertex -7.6096391677856445 18.412927627563477 -3.5
vertex -7.4091386795043945 18.411874771118164 -2.5
vertex -3.119462490081787 18.38932991027832 -1
endloop
endfacet
facet normal -0.9999797637874881 0.006361761982316583 0
outer loop
vertex 16.432811737060547 13.321440696716309 -13.265250205993652
vertex 16.43124771118164 13.075597763061523 -13.402467727661133
vertex 16.43124771118164 13.075597763061523 -1
endloop
endfacet
facet normal -0.7048564776951134 0.7093499459725348 0
outer loop
vertex 16.43124771118164 13.075597763061523 -13.402467727661133
vertex 16.297710418701172 12.942906379699707 -13.365498542785645
vertex 16.43124771118164 13.075597763061523 -1
endloop
endfacet
facet normal 1 0 0
outer loop
vertex 84.80599212646484 -15.7944974899292 -1
vertex 84.80599212646484 33.283329010009766 -7.931830883026123
vertex 84.80599212646484 -11.380583763122559 -1
endloop
endfacet
facet normal 0 -1 0
outer loop
vertex -8.209121704101562 -64.44329833984375 -1.6661099195480347
vertex -2.609121799468994 -64.44329833984375 -4
vertex 5.705991744995117 -64.44329833984375 -4.949999809265137
endloop
endfacet
facet normal 0.40740449806286616 0.913247816837327 0
outer loop
vertex 6.129023551940918 17.832977294921875 -1
vertex 4.977273464202881 18.346778869628906 -13.568178176879883
vertex 4.977273464202881 18.346778869628906 -1
endloop
endfacet
facet normal 1 0 0
outer loop
vertex 84.80599212646484 33.283329010009766 -7.931830883026123
vertex 84.80599212646484 9.119416236877441 -1
vertex 84.80599212646484 -11.380583763122559 -1
endloop
endfacet
facet normal -0.8642891641485692 0.5029952604392119 0.00009333304528409629
outer loop
vertex -84.62356567382812 30.327972412109375 -16.970657348632812
vertex -84.72863006591797 30.147432327270508 -16.919321060180664
vertex -68.68950653076172 57.706607818603516 -13.640523910522461
endloop
endfacet
facet normal -0.7048557375580351 0.7093506814203522 -1.5884801499268985e-8
outer loop
vertex 16.297710418701172 12.942906379699707 -13.365498542785645
vertex 15.999419212341309 12.646505355834961 -13.364635467529297
vertex 16.43124771118164 13.075597763061523 -1
endloop
endfacet
facet normal 0.7406001311053513 0.6719455262914568 -0.0008096317889704249
outer loop
vertex 8.403385162353516 15.326238632202148 -1
vertex 6.105904579162598 17.843292236328125 -13.587836265563965
vertex 6.622569561004639 17.289005279541016 -1
endloop
endfacet
facet normal 0.7405995119287736 0.6719462087972827 -0.0008095763218577465
outer loop
vertex 6.105904579162598 17.843292236328125 -13.587836265563965
vertex 6.129023551940918 17.832977294921875 -1
vertex 6.622569561004639 17.289005279541016 -1
endloop
endfacet
facet normal 0.932899271123496 0.36013740424628177 0
outer loop
vertex 8.553897857666016 14.93635082244873 -1
vertex 8.403385162353516 15.326238632202148 -13.640339851379395
vertex 8.403385162353516 15.326238632202148 -1
endloop
endfacet
facet normal 0 -1 0
outer loop
vertex -17.609121322631836 -64.44329833984375 -1
vertex -14.609122276306152 -64.44329833984375 -4
vertex -9.009121894836426 -64.44329833984375 -4
endloop
endfacet
facet normal 0.005256794950273831 0.99998618295797 0
outer loop
vertex -9.809104919433594 18.42448616027832 -2.5
vertex -10.017369270324707 18.425580978393555 -1
vertex -9.809104919433594 18.42448616027832 -1.100000023841858
endloop
endfacet
facet normal -0.9877109101995588 0.15629186593943978 0.0001025374433790453
outer loop
vertex -84.72863006591797 30.147432327270508 -16.919321060180664
vertex -84.8758316040039 29.21722984313965 -17.01180648803711
vertex -84.90419006347656 29.037986755371094 -16.970096588134766
endloop
endfacet
facet normal 0 -1 0
outer loop
vertex 5.820172309875488 -64.44329833984375 -4.375974655151367
vertex 6.145331859588623 -64.44329833984375 -3.8893399238586426
vertex -8.209121704101562 -64.44329833984375 -1.6661099195480347
endloop
endfacet
facet normal 0 -1 0
outer loop
vertex -13.109122276306152 -64.44329833984375 -1.5076520442962646
vertex -9.009121894836426 -64.44329833984375 -4
vertex -12.361898422241211 -64.44329833984375 -1.5589157342910767
endloop
endfacet
facet normal 0.5843461783863523 -0.8115044940142139 0
outer loop
vertex -26.609111785888672 -5.154812335968018 -1
vertex -24.858726501464844 -3.8943991661071777 -17.127376556396484
vertex -24.858726501464844 -3.8943991661071777 -1
endloop
endfacet
facet normal 0 -1 0
outer loop
vertex -17.609121322631836 -64.44329833984375 -1
vertex -9.009121894836426 -64.44329833984375 -4
vertex -13.109122276306152 -64.44329833984375 -1.5076520442962646
endloop
endfacet
facet normal 0 -1 0
outer loop
vertex 5.705991744995117 -64.44329833984375 -4.949999809265137
vertex 5.820172309875488 -64.44329833984375 -4.375974655151367
vertex -8.209121704101562 -64.44329833984375 -1.6661099195480347
endloop
endfacet
facet normal 0 -1 0
outer loop
vertex -2.609121799468994 -64.44329833984375 -4
vertex -2.609121799468994 -64.44329833984375 -5
vertex 5.705991744995117 -64.44329833984375 -4.949999809265137
endloop
endfacet
facet normal 0.0052555364298312235 0.9999861895730533 0
outer loop
vertex -3.119462490081787 18.38932991027832 -1
vertex -7.4091386795043945 18.411874771118164 -2.5
vertex -7.4091386795043945 18.411874771118164 -1.100000023841858
endloop
endfacet
facet normal -0.7048556457696284 0.709350772627111 -2.2255630444746427e-8
outer loop
vertex 15.999419212341309 12.646505355834961 -13.364635467529297
vertex 15.405117988586426 12.055970191955566 -13.450451850891113
vertex 16.43124771118164 13.075597763061523 -1
endloop
endfacet
facet normal 0.005254746851803459 0.9999861937133574 -0.000004265575719869766
outer loop
vertex -7.4091386795043945 18.411874771118164 -1.100000023841858
vertex -9.809104919433594 18.42448616027832 -1.100000023841858
vertex -10.017369270324707 18.425580978393555 -1
endloop
endfacet
facet normal -0.7048561289387202 0.7093502925195133 5.6884076416261034e-8
outer loop
vertex 15.405117988586426 12.055970191955566 -13.450451850891113
vertex 15.125290870666504 11.777915954589844 -13.529515266418457
vertex 16.43124771118164 13.075597763061523 -1
endloop
endfacet
facet normal 0.7385184554693973 0.6742332609419657 0.000027760744509655378
outer loop
vertex 8.403385162353516 15.326238632202148 -1
vertex 8.326892852783203 15.41054630279541 -13.681696891784668
vertex 6.105904579162598 17.843292236328125 -13.587836265563965
endloop
endfacet
facet normal 0.005255299712017786 0.999986190765562 0.00001015469410755496
outer loop
vertex -3.119462490081787 18.38932991027832 -1
vertex -7.4091386795043945 18.411874771118164 -1.100000023841858
vertex -10.017369270324707 18.425580978393555 -1
endloop
endfacet
facet normal 0.005255260058303126 0.9999861910255065 1.3811032753716395e-7
outer loop
vertex -7.6096391677856445 18.412927627563477 -3.5
vertex -3.119462490081787 18.38932991027832 -1
vertex 4.977273464202881 18.346778869628906 -1
endloop
endfacet
facet normal -0.501535121907053 -0.8651372847668036 0
outer loop
vertex -83.44153594970703 24.700855255126953 -17.229612350463867
vertex -31.003158569335938 -5.698583602905273 -17.25761604309082
vertex -83.44153594970703 24.700855255126953 -1
endloop
endfacet
facet normal -0.8084631044186492 -0.5885468620201455 0
outer loop
vertex -84.18693542480469 25.72478485107422 -17.190616607666016
vertex -83.47682189941406 24.749330520629883 -17.24229621887207
vertex -84.18693542480469 25.72478485107422 -1
endloop
endfacet
facet normal -0.8084880077269365 -0.5885126518196943 -0.0000031433156697376357
outer loop
vertex -83.47682189941406 24.749330520629883 -17.24229621887207
vertex -83.44153594970703 24.700855255126953 -17.229612350463867
vertex -84.18693542480469 25.72478485107422 -1
endloop
endfacet
facet normal -0.9773599053355325 -0.21158358922337253 0.000014624427465175994
outer loop
vertex -84.21478271484375 25.853416442871094 -17.22418212890625
vertex -84.18693542480469 25.72478485107422 -17.190616607666016
vertex -84.90419006347656 29.037986755371094 -16.970096588134766
endloop
endfacet
facet normal 0.40740352106652983 0.9132482526797312 1.0734985697018766e-7
outer loop
vertex 6.105904579162598 17.843292236328125 -13.587836265563965
vertex 4.977273464202881 18.346778869628906 -13.568178176879883
vertex 6.129023551940918 17.832977294921875 -1
endloop
endfacet
facet normal 0.8733688803895809 0.48705933803495643 0
outer loop
vertex -25.15650749206543 31.48137855529785 -14.061665534973145
vertex -25.173206329345703 31.511322021484375 -14.045458793640137
vertex -25.15650749206543 31.48137855529785 -1
endloop
endfacet
facet normal 0.5054797856181396 0.8628384474114721 0
outer loop
vertex -24.795108795166016 31.2696590423584 -13.989148139953613
vertex -25.15650749206543 31.48137855529785 -14.061665534973145
vertex -25.15650749206543 31.48137855529785 -1
endloop
endfacet
facet normal 0.9328985906477726 0.3601391669443852 6.247258755022382e-8
outer loop
vertex 8.805992126464844 14.283329963684082 -1
vertex 8.403385162353516 15.326238632202148 -13.640339851379395
vertex 8.553897857666016 14.93635082244873 -1
endloop
endfacet
facet normal 0.7071067811865475 0.7071067811865475 0
outer loop
vertex 10.563350677490234 11.331703186035156 -1
vertex 8.805992126464844 13.089061737060547 -14.024409294128418
vertex 8.805992126464844 13.089061737060547 -1
endloop
endfacet
facet normal 0.8733802396491913 0.4870389686568388 -6.129460262081578e-8
outer loop
vertex -25.15650749206543 31.48137855529785 -1
vertex -25.173206329345703 31.511322021484375 -14.045458793640137
vertex -25.389951705932617 31.899999618530273 -13.93029499053955
endloop
endfacet
facet normal 0.505470249921792 0.8628440336722937 -3.563673771721681e-7
outer loop
vertex -24.685626983642578 31.205522537231445 -13.995200157165527
vertex -24.795108795166016 31.2696590423584 -13.989148139953613
vertex -25.15650749206543 31.48137855529785 -1
endloop
endfacet
facet normal 0.8733797662200432 0.4870398176303662 -4.6249392719021194e-8
outer loop
vertex -25.15650749206543 31.48137855529785 -1
vertex -25.74639320373535 32.5391845703125 -13.893440246582031
vertex -25.865930557250977 32.753543853759766 -13.883721351623535
endloop
endfacet
facet normal 0.8733800404242616 0.48703932591578775 -9.913580443005341e-8
outer loop
vertex -25.481319427490234 32.0638427734375 -13.922866821289062
vertex -25.74639320373535 32.5391845703125 -13.893440246582031
vertex -25.15650749206543 31.48137855529785 -1
endloop
endfacet
facet normal 0.8733782647105401 0.48704251018899536 8.901890214507475e-8
outer loop
vertex -25.15650749206543 31.48137855529785 -1
vertex -25.389951705932617 31.899999618530273 -13.93029499053955
vertex -25.481319427490234 32.0638427734375 -13.922866821289062
endloop
endfacet
facet normal 0.8733760314439443 0.48704651492291057 8.207050509337122e-7
outer loop
vertex -25.15650749206543 31.48137855529785 -1
vertex -25.865930557250977 32.753543853759766 -13.883721351623535
vertex -25.952945709228516 32.90958023071289 -13.914775848388672
endloop
endfacet
facet normal 0.9997246520456596 -0.023465295484707546 0
outer loop
vertex -25.946779251098633 33.172298431396484 -13.79888916015625
vertex -25.952945709228516 32.90958023071289 -1
vertex -25.952945709228516 32.90958023071289 -13.914775848388672
endloop
endfacet
facet normal 0.9997247763212364 -0.023460000201236075 1.0875425737792894e-7
outer loop
vertex -25.952945709228516 32.90958023071289 -1
vertex -25.946779251098633 33.172298431396484 -13.79888916015625
vertex -25.93703842163086 33.58739471435547 -13.703988075256348
endloop
endfacet
facet normal 0.9997248319538029 -0.02345762935347872 2.3531923068852765e-7
outer loop
vertex -25.952945709228516 32.90958023071289 -1
vertex -25.93703842163086 33.58739471435547 -13.703988075256348
vertex -25.935644149780273 33.64681625366211 -13.702912330627441
endloop
endfacet
facet normal 1 0 0
outer loop
vertex 8.805992126464844 13.089061737060547 -1
vertex 8.805992126464844 14.283329963684082 -13.646330833435059
vertex 8.805992126464844 14.283329963684082 -1
endloop
endfacet
facet normal 0.9997246477923601 -0.023465476693251067 0
outer loop
vertex -25.935644149780273 33.64681625366211 -13.702912330627441
vertex -25.926443099975586 34.038818359375 -13.661410331726074
vertex -25.926443099975586 34.038818359375 -1
endloop
endfacet
facet normal 0.9756050266711863 0.21953321373749748 0
outer loop
vertex -25.926443099975586 34.038818359375 -13.661410331726074
vertex -25.96721076965332 34.21998977661133 -13.694734573364258
vertex -25.926443099975586 34.038818359375 -1
endloop
endfacet
facet normal 0.9756054254576723 0.21953144152388193 -2.6572595603284667e-8
outer loop
vertex -25.926443099975586 34.038818359375 -1
vertex -25.96721076965332 34.21998977661133 -13.694734573364258
vertex -26.62163734436035 37.1282844543457 -13.463993072509766
endloop
endfacet
facet normal -0.3577941420923846 0.9338004882652259 0
outer loop
vertex 58.590553283691406 37.459495544433594 -1
vertex 57.53934860229492 37.05671691894531 -8.972821235656738
vertex 57.53934860229492 37.05671691894531 -1
endloop
endfacet
facet normal 0.00543975014107443 0.9999852044497473 0
outer loop
vertex 70.82110595703125 37.39296340942383 -8.387290000915527
vertex 58.590553283691406 37.459495544433594 -8.95688533782959
vertex 58.590553283691406 37.459495544433594 -1
endloop
endfacet
facet normal -0.6719450307112899 0.7406010232928413 0
outer loop
vertex 57.53934860229492 37.05671691894531 -1
vertex 55.039302825927734 34.78843307495117 -9.224081039428711
vertex 55.039302825927734 34.78843307495117 -1
endloop
endfacet
facet normal 0 -1 0
outer loop
vertex -17.609121322631836 -64.44329833984375 -1
vertex -13.109122276306152 -64.44329833984375 -1.5076520442962646
vertex -13.109122276306152 -64.44329833984375 -1
endloop
endfacet
facet normal 0.8063356783937787 0.5914581758241616 0
outer loop
vertex -26.62163734436035 37.1282844543457 -13.463993072509766
vertex -26.70391082763672 37.240447998046875 -13.518452644348145
vertex -26.62163734436035 37.1282844543457 -1
endloop
endfacet
facet normal -0.9098476288475925 0.41494251683856864 2.960568915488654e-7
outer loop
vertex 55.039302825927734 34.78843307495117 -1
vertex 54.5267333984375 33.66452407836914 -9.277066230773926
vertex 54.866153717041016 34.40876770019531 -1
endloop
endfacet
facet normal -0.9098463857823954 0.41494524250642084 0
outer loop
vertex 54.5267333984375 33.66452407836914 -9.277066230773926
vertex 54.5267333984375 33.66452407836914 -1
vertex 54.866153717041016 34.40876770019531 -1
endloop
endfacet
facet normal -0.9997624726257356 0.021794456388615224 0
outer loop
vertex 54.5267333984375 33.66452407836914 -1
vertex 54.49138641357422 32.04307556152344 -9.677993774414062
vertex 54.49138641357422 32.04307556152344 -1
endloop
endfacet
facet normal -0.699358415330961 0.7147711570186412 0
outer loop
vertex 52.7422981262207 30.331703186035156 -10.101184844970703
vertex 52.7422981262207 30.331703186035156 -1
vertex 54.49138641357422 32.04307556152344 -1
endloop
endfacet
facet normal 0.005028728494926155 0.999987355864925 0
outer loop
vertex 80.97676849365234 37.346923828125 -7.853662490844727
vertex 72.82061004638672 37.387939453125 -8.277371406555176
vertex 72.82061004638672 37.387939453125 -3.5
endloop
endfacet
facet normal 0.4073000664706419 0.9132943960328551 0.00004503324639493677
outer loop
vertex 81.04402160644531 37.316932678222656 -7.885820388793945
vertex 80.97676849365234 37.346923828125 -7.853662490844727
vertex 82.10579681396484 36.843414306640625 -7.873327732086182
endloop
endfacet
facet normal 0.8063450663898623 0.5914453769442259 -1.763757015734306e-7
outer loop
vertex -26.70391082763672 37.240447998046875 -13.518452644348145
vertex -27.362289428710938 38.13804626464844 -13.47115707397461
vertex -26.62163734436035 37.1282844543457 -1
endloop
endfacet
facet normal -0.3601382213556863 0.9328989556853211 0
outer loop
vertex 20.579364776611328 30.331703186035156 -1
vertex 19.536455154418945 29.929096221923828 -11.614023208618164
vertex 19.536455154418945 29.929096221923828 -1
endloop
endfacet
facet normal -0.6719460322554692 0.7406001145936528 0
outer loop
vertex 19.536455154418945 29.929096221923828 -1
vertex 17.03035545349121 27.65531349182129 -11.864514350891113
vertex 17.03035545349121 27.65531349182129 -1
endloop
endfacet
facet normal 0 1 0
outer loop
vertex 52.04475021362305 30.331703186035156 -10.008591651916504
vertex 20.579364776611328 30.331703186035156 -11.598062515258789
vertex 52.7422981262207 30.331703186035156 -1
endloop
endfacet
facet normal 0 1 0
outer loop
vertex 20.579364776611328 30.331703186035156 -11.598062515258789
vertex 52.04475021362305 30.331703186035156 -10.008591651916504
vertex 20.732664108276367 30.331703186035156 -11.649588584899902
endloop
endfacet
facet normal -0.36013822135568635 0.9328989556853211 0
outer loop
vertex 20.579364776611328 30.331703186035156 -11.598062515258789
vertex 19.536455154418945 29.929096221923828 -11.614023208618164
vertex 20.579364776611328 30.331703186035156 -1
endloop
endfacet
facet normal 1 0 0
outer loop
vertex 84.80599212646484 33.283329010009766 -7.931830883026123
vertex 84.80599212646484 13.533329963684082 -1
vertex 84.80599212646484 9.119416236877441 -1
endloop
endfacet
facet normal 0.6298878852925324 0.7766860704053483 0
outer loop
vertex -10.017369270324707 18.425580978393555 -1
vertex -11.655746459960938 19.754295349121094 -14.453176498413086
vertex -11.655746459960938 19.754295349121094 -1
endloop
endfacet
facet normal 0.9773514910189679 0.2116224539197114 0
outer loop
vertex -11.655746459960938 19.754295349121094 -1
vertex -12.456969261169434 23.454641342163086 -13.966289520263672
vertex -12.456969261169434 23.454641342163086 -1
endloop
endfacet
facet normal 0.8097634725229954 0.5867564388803074 0
outer loop
vertex -12.456969261169434 23.454641342163086 -1
vertex -13.195965766906738 24.474506378173828 -13.973299980163574
vertex -13.195965766906738 24.474506378173828 -1
endloop
endfacet
facet normal -0.6719460322554692 0.7406001145936528 0
outer loop
vertex 19.536455154418945 29.929096221923828 -11.614023208618164
vertex 17.03035545349121 27.65531349182129 -11.864514350891113
vertex 19.536455154418945 29.929096221923828 -1
endloop
endfacet
facet normal 0 -1 0
outer loop
vertex -8.209121704101562 -64.44329833984375 -1.6661099195480347
vertex -8.209121704101562 -64.44329833984375 -4
vertex -2.609121799468994 -64.44329833984375 -4
endloop
endfacet
facet normal 0 -1 0
outer loop
vertex -11.650033950805664 -64.44329833984375 -1.5949000120162964
vertex -9.009121894836426 -64.44329833984375 -4
vertex -10.974928855895996 -64.44329833984375 -1.6254053115844727
endloop
endfacet
facet normal 0 -1 0
outer loop
vertex -10.974928855895996 -64.44329833984375 -1.6254053115844727
vertex -9.009121894836426 -64.44329833984375 -4
vertex -9.755247116088867 -64.44329833984375 -1.6591570377349854
endloop
endfacet
facet normal 0 -1 0
outer loop
vertex -9.755247116088867 -64.44329833984375 -1.6591570377349854
vertex -9.009121894836426 -64.44329833984375 -4
vertex -9.009121894836426 -64.44329833984375 -1.6661099195480347
endloop
endfacet
facet normal -0.36013801902683024 0.9328990336691113 -0.000015187781786156054
outer loop
vertex 20.579364776611328 30.331703186035156 -11.598062515258789
vertex 19.72433090209961 30.001623153686523 -11.672954559326172
vertex 19.536455154418945 29.929096221923828 -11.614023208618164
endloop
endfacet
facet normal 1 0 0
outer loop
vertex 84.80599212646484 13.533329963684082 -1
vertex 84.80599212646484 33.283329010009766 -7.931830883026123
vertex 84.80599212646484 33.283329010009766 -1
endloop
endfacet
facet normal 0.40740309026727706 0.9132484443831765 -0.000029536099852111314
outer loop
vertex 6.105904579162598 17.843292236328125 -13.587836265563965
vertex 5.044487476348877 18.31679344177246 -13.600311279296875
vertex 4.977273464202881 18.346778869628906 -13.568178176879883
endloop
endfacet
facet normal -0.9238800486699246 -0.38268218568204393 -0.000020767076922846737
outer loop
vertex -21.59400749206543 -60.458412170410156 -21.785932540893555
vertex -21.176780700683594 -61.4656867980957 -21.85586166381836
vertex -21.137285232543945 -61.561038970947266 -21.831645965576172
endloop
endfacet
facet normal 0 1 0
outer loop
vertex 10.563350677490234 11.331703186035156 -1
vertex 14.676231384277344 11.331703186035156 -1
vertex 10.603638648986816 11.331703186035156 -14.114182472229004
endloop
endfacet
facet normal 0.5024326322308761 0.8646163600519904 0
outer loop
vertex -27.40593719482422 38.16341018676758 -13.493698120117188
vertex -27.362289428710938 38.13804626464844 -1
vertex -27.362289428710938 38.13804626464844 -13.47115707397461
endloop
endfacet
facet normal 0.5024486494973144 0.8646070521446834 -7.485397248376841e-8
outer loop
vertex -27.362289428710938 38.13804626464844 -1
vertex -27.40593719482422 38.16341018676758 -13.493698120117188
vertex -63.2090950012207 58.96968078613281 -13.473944664001465
endloop
endfacet
facet normal 0 -1 0
outer loop
vertex -7.462996482849121 -64.44329833984375 -1.6591570377349854
vertex -8.209121704101562 -64.44329833984375 -1.6661099195480347
vertex 7.205991744995117 -64.44329833984375 -3.450000047683716
endloop
endfacet
facet normal 0 -1 0
outer loop
vertex -6.24331521987915 -64.44329833984375 -1.6254053115844727
vertex -7.462996482849121 -64.44329833984375 -1.6591570377349854
vertex 7.205991744995117 -64.44329833984375 -3.450000047683716
endloop
endfacet
facet normal 0 -1 0
outer loop
vertex -5.568209171295166 -64.44329833984375 -1.5949000120162964
vertex -6.24331521987915 -64.44329833984375 -1.6254053115844727
vertex 7.205991744995117 -64.44329833984375 -3.450000047683716
endloop
endfacet
facet normal 0 -1 0
outer loop
vertex -5.568209171295166 -64.44329833984375 -1.5949000120162964
vertex 7.205991744995117 -64.44329833984375 -3.450000047683716
vertex -4.856345176696777 -64.44329833984375 -1.5589157342910767
endloop
endfacet
facet normal 0 -1 0
outer loop
vertex -4.856345176696777 -64.44329833984375 -1.5589157342910767
vertex 7.205991744995117 -64.44329833984375 -3.450000047683716
vertex -4.109121799468994 -64.44329833984375 -1.5076520442962646
endloop
endfacet
facet normal 0 -1 0
outer loop
vertex -4.109121799468994 -64.44329833984375 -1.5076520442962646
vertex 7.205991744995117 -64.44329833984375 -3.450000047683716
vertex -4.109121799468994 -64.44329833984375 -1
endloop
endfacet
facet normal 0.8733791883033206 0.4870408539728808 0
outer loop
vertex -25.15650749206543 31.48137855529785 -1
vertex -25.952945709228516 32.90958023071289 -13.914775848388672
vertex -25.952945709228516 32.90958023071289 -1
endloop
endfacet
facet normal 0.9997247059422572 -0.023462999140383793 -7.649749567594198e-8
outer loop
vertex -25.952945709228516 32.90958023071289 -1
vertex -25.935644149780273 33.64681625366211 -13.702912330627441
vertex -25.926443099975586 34.038818359375 -1
endloop
endfacet
facet normal 0.8063440275177413 0.5914467932844578 0
outer loop
vertex -26.62163734436035 37.1282844543457 -1
vertex -27.362289428710938 38.13804626464844 -13.47115707397461
vertex -27.362289428710938 38.13804626464844 -1
endloop
endfacet
facet normal 0.9756054024973086 0.21953154356052035 0
outer loop
vertex -25.926443099975586 34.038818359375 -1
vertex -26.62163734436035 37.1282844543457 -13.463993072509766
vertex -26.62163734436035 37.1282844543457 -1
endloop
endfacet
facet normal 0.7406000644828569 0.6719460874861825 0
outer loop
vertex 8.403385162353516 15.326238632202148 -13.640339851379395
vertex 8.326892852783203 15.41054630279541 -13.681696891784668
vertex 8.403385162353516 15.326238632202148 -1
endloop
endfacet
facet normal 0.9328989973051431 0.36013811354403613 -3.739208853417055e-8
outer loop
vertex 8.805992126464844 14.283329963684082 -1
vertex 8.742026329040527 14.44902515411377 -13.702534675598145
vertex 8.403385162353516 15.326238632202148 -13.640339851379395
endloop
endfacet
facet normal 0.9328980342193485 0.3601406083041392 0
outer loop
vertex 8.805992126464844 14.283329963684082 -13.646330833435059
vertex 8.742026329040527 14.44902515411377 -13.702534675598145
vertex 8.805992126464844 14.283329963684082 -1
endloop
endfacet
facet normal -0.35779414209238464 0.933800488265226 0
outer loop
vertex 58.590553283691406 37.459495544433594 -8.95688533782959
vertex 57.53934860229492 37.05671691894531 -8.972821235656738
vertex 58.590553283691406 37.459495544433594 -1
endloop
endfacet
facet normal -0.6719450307112899 0.7406010232928414 0
outer loop
vertex 57.53934860229492 37.05671691894531 -8.972821235656738
vertex 55.039302825927734 34.78843307495117 -9.224081039428711
vertex 57.53934860229492 37.05671691894531 -1
endloop
endfacet
facet normal 0.005389198927293055 0.9999848890885653 0.0010854167180355844
outer loop
vertex 58.74325942993164 37.4587287902832 -9.008682250976562
vertex 58.590553283691406 37.459495544433594 -8.95688533782959
vertex 70.82110595703125 37.39296340942383 -8.387290000915527
endloop
endfacet
facet normal -0.9098468057002268 0.4149443217554539 0
outer loop
vertex 55.039302825927734 34.78843307495117 -9.224081039428711
vertex 54.5267333984375 33.66452407836914 -9.277066230773926
vertex 55.039302825927734 34.78843307495117 -1
endloop
endfacet
facet normal -0.999762539648607 0.021791381676419256 0
outer loop
vertex 54.5267333984375 33.66452407836914 -9.277066230773926
vertex 54.512821197509766 33.026248931884766 -9.340078353881836
vertex 54.5267333984375 33.66452407836914 -1
endloop
endfacet
facet normal -0.9997623336312959 0.021800831442446076 -7.235443952910544e-7
outer loop
vertex 54.512821197509766 33.026248931884766 -9.340078353881836
vertex 54.50577926635742 32.703311920166016 -9.392372131347656
vertex 54.5267333984375 33.66452407836914 -1
endloop
endfacet
facet normal -0.9997624380186534 0.02179604383753269 -1.7494010012435783e-7
outer loop
vertex 54.50577926635742 32.703311920166016 -9.392372131347656
vertex 54.49726867675781 32.31293869018555 -9.53085708618164
vertex 54.5267333984375 33.66452407836914 -1
endloop
endfacet
facet normal -0.9997625314351498 0.021791758490924667 5.043309615328137e-7
outer loop
vertex 54.49726867675781 32.31293869018555 -9.53085708618164
vertex 54.49138641357422 32.04307556152344 -9.677993774414062
vertex 54.5267333984375 33.66452407836914 -1
endloop
endfacet
facet normal -0.6993598343508304 0.7147697685945562 2.522152824525148e-7
outer loop
vertex 54.37527847290039 31.929473876953125 -9.644853591918945
vertex 54.062625885009766 31.62356185913086 -9.644407272338867
vertex 54.49138641357422 32.04307556152344 -1
endloop
endfacet
facet normal -0.6993502401672542 0.7147791558082847 0
outer loop
vertex 54.49138641357422 32.04307556152344 -9.677993774414062
vertex 54.37527847290039 31.929473876953125 -9.644853591918945
vertex 54.49138641357422 32.04307556152344 -1
endloop
endfacet
facet normal -0.6993588308746777 0.714770750435117 1.5479431327471126e-7
outer loop
vertex 54.062625885009766 31.62356185913086 -9.644407272338867
vertex 53.470130920410156 31.043842315673828 -9.725953102111816
vertex 54.49138641357422 32.04307556152344 -1
endloop
endfacet
facet normal -0.6993566509484735 0.7147728833510798 -3.445829009278937e-7
outer loop
vertex 53.470130920410156 31.043842315673828 -9.725953102111816
vertex 53.199432373046875 30.778982162475586 -9.801074981689453
vertex 54.49138641357422 32.04307556152344 -1
endloop
endfacet
facet normal -0.6993625758772415 0.714767086161993 0.000001357814152902579
outer loop
vertex 53.199432373046875 30.778982162475586 -9.801074981689453
vertex 52.894474029541016 30.4805965423584 -9.972236633300781
vertex 54.49138641357422 32.04307556152344 -1
endloop
endfacet
facet normal -0.6993551186827632 0.7147743825646525 -0.0000012400845914174652
outer loop
vertex 52.894474029541016 30.4805965423584 -9.972236633300781
vertex 52.7422981262207 30.331703186035156 -10.101184844970703
vertex 54.49138641357422 32.04307556152344 -1
endloop
endfacet
facet normal 0 1 0
outer loop
vertex 52.7422981262207 30.331703186035156 -10.101184844970703
vertex 52.485260009765625 30.331703186035156 -10.033292770385742
vertex 52.7422981262207 30.331703186035156 -1
endloop
endfacet
facet normal 0 1 0
outer loop
vertex 52.485260009765625 30.331703186035156 -10.033292770385742
vertex 52.04475021362305 30.331703186035156 -10.008591651916504
vertex 52.7422981262207 30.331703186035156 -1
endloop
endfacet
facet normal 1 0 0
outer loop
vertex 8.805992126464844 13.089061737060547 -1
vertex 8.805992126464844 14.107468605041504 -13.662357330322266
vertex 8.805992126464844 14.283329963684082 -13.646330833435059
endloop
endfacet
facet normal -0.3577943220443676 0.933800419215704 0.000013615677062309574
outer loop
vertex 57.72736358642578 37.12875747680664 -9.03226375579834
vertex 57.53934860229492 37.05671691894531 -8.972821235656738
vertex 58.590553283691406 37.459495544433594 -8.95688533782959
endloop
endfacet
facet normal 1 0 0
outer loop
vertex 8.805992126464844 13.089061737060547 -1
vertex 8.805992126464844 13.682707786560059 -13.74716567993164
vertex 8.805992126464844 14.107468605041504 -13.662357330322266
endloop
endfacet
facet normal 1 0 0
outer loop
vertex 8.805992126464844 13.089061737060547 -1
vertex 8.805992126464844 13.238258361816406 -13.931726455688477
vertex 8.805992126464844 13.682707786560059 -13.74716567993164
endloop
endfacet
facet normal -0.6719458042632022 0.7406003213178642 0.00001403405414544936
outer loop
vertex 55.2021484375 34.93618392944336 -9.288558006286621
vertex 55.039302825927734 34.78843307495117 -9.224081039428711
vertex 57.53934860229492 37.05671691894531 -8.972821235656738
endloop
endfacet
facet normal -0.8813220527216032 0.4127770042034239 -0.22997083334072227
outer loop
vertex 55.039302825927734 34.78843307495117 -9.224081039428711
vertex 54.630714416503906 33.845333099365234 -9.351018905639648
vertex 54.5267333984375 33.66452407836914 -9.277066230773926
endloop
endfacet
facet normal 0.7071067811865475 0.7071067811865475 0
outer loop
vertex 9.040523529052734 12.854530334472656 -13.92790699005127
vertex 8.805992126464844 13.089061737060547 -14.024409294128418
vertex 10.563350677490234 11.331703186035156 -1
endloop
endfacet
facet normal 1 0 0
outer loop
vertex 84.80599212646484 -60.458412170410156 -16.39119529724121
vertex 84.80599212646484 -60.244380950927734 -16.4552001953125
vertex 84.80599212646484 33.283329010009766 -7.931830883026123
endloop
endfacet
facet normal -0.671947105179323 0.7405991408704317 0.000019573104057494335
outer loop
vertex 17.193397521972656 27.80324363708496 -11.930551528930664
vertex 17.03035545349121 27.65531349182129 -11.864514350891113
vertex 19.536455154418945 29.929096221923828 -11.614023208618164
endloop
endfacet
facet normal 1 0 0
outer loop
vertex 8.805992126464844 13.089061737060547 -14.024409294128418
vertex 8.805992126464844 13.238258361816406 -13.931726455688477
vertex 8.805992126464844 13.089061737060547 -1
endloop
endfacet
facet normal 0.3826868616465217 -0.923878109467456 -0.00006906500837194333
outer loop
vertex 80.9543228149414 -64.38811492919922 -16.80315399169922
vertex 81.9237289428711 -63.986576080322266 -16.715755462646484
vertex 80.82110595703125 -64.44329833984375 -16.768348693847656
endloop
endfacet
facet normal -0.7048545567849787 0.7093518547091979 -2.6877816841251963e-7
outer loop
vertex 15.125290870666504 11.777915954589844 -13.529515266418457
vertex 14.82172966003418 11.476279258728027 -13.704680442810059
vertex 16.43124771118164 13.075597763061523 -1
endloop
endfacet
facet normal -0.7048551347863965 0.7093512803718871 -1.2325290212176193e-7
outer loop
vertex 14.82172966003418 11.476279258728027 -13.704680442810059
vertex 14.676231384277344 11.331703186035156 -13.830487251281738
vertex 16.43124771118164 13.075597763061523 -1
endloop
endfacet
facet normal 0 1 0
outer loop
vertex 14.676231384277344 11.331703186035156 -13.830487251281738
vertex 14.410232543945312 11.331703186035156 -13.760228157043457
vertex 14.676231384277344 11.331703186035156 -1
endloop
endfacet
facet normal 0 1 0
outer loop
vertex 14.410232543945312 11.331703186035156 -13.760228157043457
vertex 13.969721794128418 11.331703186035156 -13.735527992248535
vertex 14.676231384277344 11.331703186035156 -1
endloop
endfacet
facet normal 0 1 0
outer loop
vertex 13.969721794128418 11.331703186035156 -13.735527992248535
vertex 11.510966300964355 11.331703186035156 -13.864385604858398
vertex 14.676231384277344 11.331703186035156 -1
endloop
endfacet
facet normal 0.005255287488880722 0.9999861908813588 0
outer loop
vertex 4.977273464202881 18.346778869628906 -13.568178176879883
vertex -7.6096391677856445 18.412927627563477 -3.5
vertex 4.977273464202881 18.346778869628906 -1
endloop
endfacet
facet normal 0 1 0
outer loop
vertex 11.510966300964355 11.331703186035156 -13.864385604858398
vertex 11.07544994354248 11.331703186035156 -13.934996604919434
vertex 14.676231384277344 11.331703186035156 -1
endloop
endfacet
facet normal 0 1 0
outer loop
vertex 11.07544994354248 11.331703186035156 -13.934996604919434
vertex 10.603638648986816 11.331703186035156 -14.114182472229004
vertex 14.676231384277344 11.331703186035156 -1
endloop
endfacet
facet normal 0.5054789542295108 0.8628389344663555 6.727638536765863e-8
outer loop
vertex -13.195965766906738 24.474506378173828 -1
vertex -24.685626983642578 31.205522537231445 -13.995200157165527
vertex -25.15650749206543 31.48137855529785 -1
endloop
endfacet
facet normal 0 1 0
outer loop
vertex 10.603638648986816 11.331703186035156 -14.114182472229004
vertex 10.563350677490234 11.331703186035156 -14.137776374816895
vertex 10.563350677490234 11.331703186035156 -1
endloop
endfacet
facet normal 0 -1 0
outer loop
vertex -17.563817977905273 -64.44329833984375 -21.91832160949707
vertex -17.529462814331055 -64.44329833984375 -21.922683715820312
vertex 80.82110595703125 -64.44329833984375 -16.768348693847656
endloop
endfacet
facet normal 0.7071067811865475 0.7071067811865475 0
outer loop
vertex 10.563350677490234 11.331703186035156 -1
vertex 9.93123722076416 11.96381664276123 -13.916276931762695
vertex 9.34894847869873 12.54610538482666 -13.893728256225586
endloop
endfacet
facet normal 0.7071067811865475 0.7071067811865475 0
outer loop
vertex 9.34894847869873 12.54610538482666 -13.893728256225586
vertex 9.040523529052734 12.854530334472656 -13.92790699005127
vertex 10.563350677490234 11.331703186035156 -1
endloop
endfacet
facet normal 0.7071067811865476 0.7071067811865476 0
outer loop
vertex 10.250199317932129 11.644854545593262 -13.978570938110352
vertex 9.93123722076416 11.96381664276123 -13.916276931762695
vertex 10.563350677490234 11.331703186035156 -1
endloop
endfacet
facet normal 0.005029055695815878 0.9999873527948224 -0.00005337800692580287
outer loop
vertex 73.02108764648438 37.38692855834961 -1.100000023841858
vertex 70.62112426757812 37.39899826049805 -1.100000023841858
vertex 80.97676849365234 37.346923828125 -1
endloop
endfacet
facet normal 0 -1 0
outer loop
vertex 76.32110595703125 -64.44329833984375 -1
vertex 76.32110595703125 -64.44329833984375 -1.5076520442962646
vertex 80.82110595703125 -64.44329833984375 -1
endloop
endfacet
facet normal 0 -1 0
outer loop
vertex 75.57388305664062 -64.44329833984375 -1.5589157342910767
vertex 72.22110748291016 -64.44329833984375 -4
vertex 76.32110595703125 -64.44329833984375 -1.5076520442962646
endloop
endfacet
facet normal 0 -1 0
outer loop
vertex 72.22110748291016 -64.44329833984375 -4
vertex 77.82110595703125 -64.44329833984375 -4
vertex 80.82110595703125 -64.44329833984375 -1
endloop
endfacet
facet normal 0 -1 0
outer loop
vertex 74.1869125366211 -64.44329833984375 -1.6254053115844727
vertex 72.22110748291016 -64.44329833984375 -4
vertex 74.86201477050781 -64.44329833984375 -1.5949000120162964
endloop
endfacet
facet normal 0.7071067811865475 0.7071067811865475 0
outer loop
vertex 10.563350677490234 11.331703186035156 -14.137776374816895
vertex 10.250199317932129 11.644854545593262 -13.978570938110352
vertex 10.563350677490234 11.331703186035156 -1
endloop
endfacet
facet normal -0.4558802322483216 -0.8900411304233172 0
outer loop
vertex -22.59400749206543 -5.054390907287598 -1
vertex -21.59400749206543 -5.566592216491699 -17.098812103271484
vertex -21.59400749206543 -5.566592216491699 -1
endloop
endfacet
facet normal 0.005256794950273831 0.99998618295797 0
outer loop
vertex -9.809104919433594 18.42448616027832 -2.5
vertex -10.017369270324707 18.425580978393555 -14.51977825164795
vertex -10.017369270324707 18.425580978393555 -1
endloop
endfacet
facet normal 0 -1 0
outer loop
vertex 20.59181022644043 -64.44329833984375 -10.524024963378906
vertex 80.82110595703125 -64.44329833984375 -16.768348693847656
vertex 20.705991744995117 -64.44329833984375 -9.949999809265137
endloop
endfacet
facet normal 0 -1 0
outer loop
vertex 20.266651153564453 -64.44329833984375 -11.010660171508789
vertex 80.82110595703125 -64.44329833984375 -16.768348693847656
vertex 20.59181022644043 -64.44329833984375 -10.524024963378906
endloop
endfacet
facet normal -1 0 0
outer loop
vertex -21.59400749206543 -25.316593170166016 -1
vertex -21.59400749206543 -5.566592216491699 -1
vertex -21.59400749206543 -60.458412170410156 -21.785932540893555
endloop
endfacet
facet normal 0.5843464658662935 -0.8115042870062812 0
outer loop
vertex -25.69989585876465 -4.500105857849121 -16.97772216796875
vertex -26.609111785888672 -5.154812335968018 -1
vertex -26.609111785888672 -5.154812335968018 -17.018001556396484
endloop
endfacet
facet normal 0.5843421418091157 -0.8115074006475824 -3.73646676510348e-7
outer loop
vertex -26.609111785888672 -5.154812335968018 -1
vertex -25.69989585876465 -4.500105857849121 -16.97772216796875
vertex -25.64642906188965 -4.461606025695801 -16.967323303222656
endloop
endfacet
facet normal 0.5843461799032912 -0.8115044929219002 -3.950567779331616e-9
outer loop
vertex -26.609111785888672 -5.154812335968018 -1
vertex -25.64642906188965 -4.461606025695801 -16.967323303222656
vertex -25.332414627075195 -4.2354912757873535 -16.979549407958984
endloop
endfacet
facet normal 0.5843460164723822 -0.811504610604806 -2.3778420423839346e-8
outer loop
vertex -25.332414627075195 -4.2354912757873535 -16.979549407958984
vertex -24.98361587524414 -3.9843292236328125 -17.0699405670166
vertex -26.609111785888672 -5.154812335968018 -1
endloop
endfacet
facet normal -0.45587985733812036 -0.8900413224527134 0
outer loop
vertex -24.858726501464844 -3.8943991661071777 -17.127376556396484
vertex -24.579051971435547 -4.037648677825928 -16.967090606689453
vertex -24.858726501464844 -3.8943991661071777 -1
endloop
endfacet
facet normal -0.4558802952619328 -0.8900410981476602 -9.68289900800493e-9
outer loop
vertex -24.858726501464844 -3.8943991661071777 -1
vertex -24.579051971435547 -4.037648677825928 -16.967090606689453
vertex -24.219823837280273 -4.221645832061768 -16.827978134155273
endloop
endfacet
facet normal -0.4558798193712551 -0.8900413418993701 1.4566234583177165e-8
outer loop
vertex -24.858726501464844 -3.8943991661071777 -1
vertex -24.219823837280273 -4.221645832061768 -16.827978134155273
vertex -23.893678665161133 -4.388697624206543 -16.76569366455078
endloop
endfacet
facet normal -0.45588090160457195 -0.8900407875778491 -6.905883272772197e-8
outer loop
vertex -23.893678665161133 -4.388697624206543 -16.76569366455078
vertex -23.760032653808594 -4.457151412963867 -16.767040252685547
vertex -24.858726501464844 -3.8943991661071777 -1
endloop
endfacet
facet normal -1 0 0
outer loop
vertex -21.59400749206543 -5.566592216491699 -1
vertex -21.59400749206543 -5.81028413772583 -17.013120651245117
vertex -21.59400749206543 -6.226614475250244 -16.935447692871094
endloop
endfacet
facet normal -1 0 0
outer loop
vertex -21.59400749206543 -6.615457534790039 -16.93438720703125
vertex -21.59400749206543 -5.566592216491699 -1
vertex -21.59400749206543 -6.226614475250244 -16.935447692871094
endloop
endfacet
facet normal -1 0 0
outer loop
vertex -21.59400749206543 -5.566592216491699 -1
vertex -21.59400749206543 -5.566592216491699 -17.098812103271484
vertex -21.59400749206543 -5.81028413772583 -17.013120651245117
endloop
endfacet
facet normal -0.4558783036927489 -0.8900421182292411 4.770919698817498e-7
outer loop
vertex -21.794727325439453 -5.4637837409973145 -16.981130599975586
vertex -21.59400749206543 -5.566592216491699 -17.098812103271484
vertex -24.858726501464844 -3.8943991661071777 -1
endloop
endfacet
facet normal -0.45587998591904694 -0.8900412565934483 6.995069332236531e-8
outer loop
vertex -22.16326904296875 -5.2750163078308105 -16.83214569091797
vertex -21.794727325439453 -5.4637837409973145 -16.981130599975586
vertex -24.858726501464844 -3.8943991661071777 -1
endloop
endfacet
facet normal -0.45588027706066586 -0.8900411074703742 -1.4121268635948271e-8
outer loop
vertex -24.858726501464844 -3.8943991661071777 -1
vertex -23.760032653808594 -4.457151412963867 -16.767040252685547
vertex -22.677186965942383 -5.011786460876465 -16.760835647583008
endloop
endfacet
facet normal -0.4558810937362254 -0.890040689167545 -1.5681778154334124e-7
outer loop
vertex -24.858726501464844 -3.8943991661071777 -1
vertex -22.677186965942383 -5.011786460876465 -16.760835647583008
vertex -22.493486404418945 -5.1058783531188965 -16.7626895904541
endloop
endfacet
facet normal -0.4558806497352298 -0.8900409165858497 -7.271528792470678e-8
outer loop
vertex -22.493486404418945 -5.1058783531188965 -16.7626895904541
vertex -22.16326904296875 -5.2750163078308105 -16.83214569091797
vertex -24.858726501464844 -3.8943991661071777 -1
endloop
endfacet
facet normal -0.15550933645958226 -0.9878344224989836 0
outer loop
vertex -29.913433074951172 -5.870133399963379 -17.221925735473633
vertex -29.913433074951172 -5.870133399963379 -1
vertex -30.205900192260742 -5.824091911315918 -1
endloop
endfacet
facet normal -0.1555097690641117 -0.9878343543963364 -7.992771575817703e-9
outer loop
vertex -31.02056884765625 -5.695842742919922 -1
vertex -29.913433074951172 -5.870133399963379 -17.221925735473633
vertex -30.205900192260742 -5.824091911315918 -1
endloop
endfacet
facet normal 0.21157953310763847 -0.9773607835236452 0
outer loop
vertex -29.913433074951172 -5.870133399963379 -1
vertex -26.609111785888672 -5.154812335968018 -17.018001556396484
vertex -26.609111785888672 -5.154812335968018 -1
endloop
endfacet
facet normal 0.05212079810904364 0.09063281705140032 -0.994519539716442
outer loop
vertex -29.580242156982422 5.028534412384033 -17.379440307617188
vertex -28.41815757751465 5.865325927734375 -17.242279052734375
vertex -11.594008445739746 -9.432669639587402 -17.75469970703125
endloop
endfacet
facet normal 0.052120644901076235 0.09063259168508708 -0.9945195682838724
outer loop
vertex 17.573890686035156 14.151979446411133 -14.07675838470459
vertex 17.652769088745117 26.55980110168457 -12.941874504089355
vertex 20.764272689819336 3.283766746520996 -14.899999618530273
endloop
endfacet
facet normal 0.05212089764639136 0.09063429600653775 -0.9945193997182425
outer loop
vertex -12.443832397460938 19.986833572387695 -15.118178367614746
vertex -12.166053771972656 19.4731388092041 -15.150435447692871
vertex -31.366043090820312 23.529476165771484 -15.787001609802246
endloop
endfacet
facet normal 0.05212056844632784 0.09063250356364459 -0.9945195803213819
outer loop
vertex -12.443832397460938 19.986833572387695 -15.118178367614746
vertex -31.366043090820312 23.529476165771484 -15.787001609802246
vertex -12.605655670166016 20.510623931884766 -15.078925132751465
endloop
endfacet
facet normal 0.052120417186515826 0.09063205196747556 -0.9945196294032955
outer loop
vertex -11.018996238708496 18.393877029418945 -15.188675880432129
vertex -31.366043090820312 23.529476165771484 -15.787001609802246
vertex -11.560824394226074 18.833297729492188 -15.177026748657227
endloop
endfacet
facet normal 0.05212071250005722 0.09063331434780271 -0.9945194988831636
outer loop
vertex -11.560824394226074 18.833297729492188 -15.177026748657227
vertex -31.366043090820312 23.529476165771484 -15.787001609802246
vertex -11.793374061584473 19.02288055419922 -15.171936988830566
endloop
endfacet
facet normal 0.052120555382101086 0.09063258414583786 -0.9945195736624337
outer loop
vertex 83.97953796386719 -59.98885726928711 -17.353191375732422
vertex 58.930484771728516 36.74993133544922 -9.849954605102539
vertex 83.97953796386719 33.376502990722656 -8.844616889953613
endloop
endfacet
facet normal 0.052120405884968725 0.09063254631091809 -0.9945195849452063
outer loop
vertex 83.97953796386719 -59.98885726928711 -17.353191375732422
vertex 58.222415924072266 36.47863006591797 -9.911787033081055
vertex 58.930484771728516 36.74993133544922 -9.849954605102539
endloop
endfacet
facet normal 0.05211985930491121 0.09063235947212096 -0.9945196306169892
outer loop
vertex 55.65959167480469 33.70782470703125 -10.29860782623291
vertex 56.00634765625 34.467994689941406 -10.211159706115723
vertex 74.80599212646484 -27.794294357299805 -14.899999618530273
endloop
endfacet
facet normal 0.05212189844579528 0.09063298204259462 -0.9945194670133275
outer loop
vertex 55.639530181884766 33.09538269042969 -10.355472564697266
vertex 55.65959167480469 33.70782470703125 -10.29860782623291
vertex 74.80599212646484 -27.794294357299805 -14.899999618530273
endloop
endfacet
facet normal 0.05211804750747849 0.09063179301895756 -0.9945197771880543
outer loop
vertex 55.5924186706543 32.59421920776367 -10.403613090515137
vertex 55.639530181884766 33.09538269042969 -10.355472564697266
vertex 74.80599212646484 -27.794294357299805 -14.899999618530273
endloop
endfacet
facet normal 0.05212025771629888 0.09063248292663512 -0.9945195984866962
outer loop
vertex 55.4255256652832 32.036827087402344 -10.463155746459961
vertex 55.5924186706543 32.59421920776367 -10.403613090515137
vertex 74.80599212646484 -27.794294357299805 -14.899999618530273
endloop
endfacet
facet normal 0.052122670248966455 0.09063000652919556 -0.994519697724804
outer loop
vertex 53.742183685302734 30.123804092407227 -10.725713729858398
vertex 20.764272689819336 3.283766746520996 -14.899999618530273
vertex 53.22837829589844 29.849227905273438 -10.777664184570312
endloop
endfacet
facet normal 0.05212216823547706 0.09063309025167234 -0.9945194430124857
outer loop
vertex 55.15263748168945 31.52313232421875 -10.524271965026855
vertex 55.4255256652832 32.036827087402344 -10.463155746459961
vertex 74.80599212646484 -27.794294357299805 -14.899999618530273
endloop
endfacet
facet normal 0.05212056295800146 0.0906327881296833 -0.9945195546759154
outer loop
vertex 74.80599212646484 -54.44329833984375 -17.328577041625977
vertex -20.45654296875 -59.99842071533203 -22.82732582092285
vertex -11.594008445739746 -54.44329833984375 -21.856609344482422
endloop
endfacet
facet normal 0.052120604844034364 0.09063212728328565 -0.9945196127049474
outer loop
vertex -17.262313842773438 -63.19383239746094 -22.951126098632812
vertex -20.45654296875 -59.99842071533203 -22.82732582092285
vertex 74.80599212646484 -54.44329833984375 -17.328577041625977
endloop
endfacet
facet normal 0.05212008747442089 0.09063241343754837 -0.9945196137412997
outer loop
vertex 54.78424835205078 31.0728759765625 -10.584610939025879
vertex 55.15263748168945 31.52313232421875 -10.524271965026855
vertex 74.80599212646484 -27.794294357299805 -14.899999618530273
endloop
endfacet
facet normal 0.05210889151232638 0.09062867349004265 -0.9945205412492956
outer loop
vertex 54.75926208496094 31.048133850097656 -10.588174819946289
vertex 54.78424835205078 31.0728759765625 -10.584610939025879
vertex 74.80599212646484 -27.794294357299805 -14.899999618530273
endloop
endfacet
facet normal 0.052121602687021824 0.09063292678357435 -0.9945194875496305
outer loop
vertex 54.166934967041016 30.468578338623047 -10.67203426361084
vertex 54.75926208496094 31.048133850097656 -10.588174819946289
vertex 74.80599212646484 -27.794294357299805 -14.899999618530273
endloop
endfacet
facet normal 0.05211916083698952 0.09063207669023342 -0.9945196929917797
outer loop
vertex 53.742183685302734 30.123804092407227 -10.725713729858398
vertex 54.166934967041016 30.468578338623047 -10.67203426361084
vertex 74.80599212646484 -27.794294357299805 -14.899999618530273
endloop
endfacet
facet normal 0.0521204878731053 0.09063232485297512 -0.9945196008302774
outer loop
vertex -11.793374061584473 19.02288055419922 -15.171936988830566
vertex -31.366043090820312 23.529476165771484 -15.787001609802246
vertex -12.166053771972656 19.4731388092041 -15.150435447692871
endloop
endfacet
facet normal 0.05212056197295662 0.09063257767636372 -0.9945195739065978
outer loop
vertex 74.80599212646484 -27.794294357299805 -14.899999618530273
vertex 20.764272689819336 3.283766746520996 -14.899999618530273
vertex 53.742183685302734 30.123804092407227 -10.725713729858398
endloop
endfacet
facet normal 0.05212055812131187 0.09063220203885879 -0.9945196083409872
outer loop
vertex -21.4466495513916 17.71837615966797 -15.796725273132324
vertex -10.281867027282715 17.939369201660156 -15.1914644241333
vertex -9.722134590148926 17.770286560058594 -15.177538871765137
endloop
endfacet
facet normal 0.05212054587698641 0.09063271525850274 -0.9945195622120041
outer loop
vertex -17.262313842773438 -63.19383239746094 -22.951126098632812
vertex 74.80599212646484 -54.44329833984375 -17.328577041625977
vertex 80.77616882324219 -63.19383239746094 -17.813148498535156
endloop
endfacet
facet normal 0.05212141792930035 0.09063330472301799 -0.9945194627899564
outer loop
vertex 80.77616882324219 -63.19383239746094 -17.813148498535156
vertex 74.80599212646484 -54.44329833984375 -17.328577041625977
vertex 81.51901245117188 -62.88613510131836 -17.74617576599121
endloop
endfacet
facet normal 0.05212044035188652 0.09063253344789407 -0.9945195843111094
outer loop
vertex 81.51901245117188 -62.88613510131836 -17.74617576599121
vertex 74.80599212646484 -54.44329833984375 -17.328577041625977
vertex 83.6705322265625 -60.734615325927734 -17.437347412109375
endloop
endfacet
facet normal 0.05211998080573825 0.09063188737624524 -0.9945196672723113
outer loop
vertex 83.6705322265625 -60.734615325927734 -17.437347412109375
vertex 74.80599212646484 -54.44329833984375 -17.328577041625977
vertex 83.97953796386719 -59.98885726928711 -17.353191375732422
endloop
endfacet
facet normal 0.0521205874452947 0.09063262444850013 -0.9945195683092086
outer loop
vertex -12.605655670166016 20.510623931884766 -15.078925132751465
vertex -31.366043090820312 23.529476165771484 -15.787001609802246
vertex -13.217622756958008 23.32159996032715 -14.854826927185059
endloop
endfacet
facet normal 0.05212039566891597 0.09063257327512257 -0.9945195830233033
outer loop
vertex 83.97953796386719 -59.98885726928711 -17.353191375732422
vertex 74.80599212646484 -54.44329833984375 -17.328577041625977
vertex 74.80599212646484 -27.794294357299805 -14.899999618530273
endloop
endfacet
facet normal 0.05211873888165298 0.09063211101488497 -0.994519711976777
outer loop
vertex 74.80599212646484 -27.794294357299805 -14.899999618530273
vertex 58.222415924072266 36.47863006591797 -9.911787033081055
vertex 83.97953796386719 -59.98885726928711 -17.353191375732422
endloop
endfacet
facet normal 0.05212042832005779 0.09063272603539273 -0.9945195673907715
outer loop
vertex 52.670257568359375 29.680145263671875 -10.822322845458984
vertex 53.22837829589844 29.849227905273438 -10.777664184570312
vertex 20.764272689819336 3.283766746520996 -14.899999618530273
endloop
endfacet
facet normal 0.05211988157132701 0.09063338209506773 -0.9945195362560758
outer loop
vertex 52.089263916015625 29.6230525970459 -10.8579740524292
vertex 52.670257568359375 29.680145263671875 -10.822322845458984
vertex 20.764272689819336 3.283766746520996 -14.899999618530273
endloop
endfacet
facet normal 0.052120645374559876 0.09063260504046085 -0.9945195670419558
outer loop
vertex -9.722134590148926 17.770286560058594 -15.177538871765137
vertex -14.99069881439209 9.583707809448242 -16.1997127532959
vertex -19.280168533325195 13.0624418258667 -16.10749053955078
endloop
endfacet
facet normal 0.05212037313146607 0.09063184173065258 -0.994519650871287
outer loop
vertex -10.798286437988281 18.213945388793945 -15.193506240844727
vertex -10.281867027282715 17.939369201660156 -15.1914644241333
vertex -31.366043090820312 23.529476165771484 -15.787001609802246
endloop
endfacet
facet normal 0.05212002218701215 0.09063046776295593 -0.9945197944738421
outer loop
vertex -11.018996238708496 18.393877029418945 -15.188675880432129
vertex -10.798286437988281 18.213945388793945 -15.193506240844727
vertex -31.366043090820312 23.529476165771484 -15.787001609802246
endloop
endfacet
facet normal 0.052120568274640226 0.09063257122459245 -0.9945195741643035
outer loop
vertex 20.764272689819336 3.283766746520996 -14.899999618530273
vertex 20.922958374023438 29.6230525970459 -12.491331100463867
vertex 52.089263916015625 29.6230525970459 -10.8579740524292
endloop
endfacet
facet normal 0.05212046432552921 0.09063257233974213 -0.9945195795104149
outer loop
vertex 20.22046661376953 29.35186195373535 -12.552861213684082
vertex 20.922958374023438 29.6230525970459 -12.491331100463867
vertex 20.764272689819336 3.283766746520996 -14.899999618530273
endloop
endfacet
facet normal 0.05212065514131896 0.09063863924347597 -0.9945190166023627
outer loop
vertex 71.26553344726562 36.561492919921875 -9.220674514770508
vertex 71.43842315673828 36.469085693359375 -9.220035552978516
vertex 58.930484771728516 36.74993133544922 -9.849954605102539
endloop
endfacet
facet normal 0.05212059579818818 0.09063304030844734 -0.9945195299731872
outer loop
vertex 71.26553344726562 36.561492919921875 -9.220674514770508
vertex 58.930484771728516 36.74993133544922 -9.849954605102539
vertex 71.11168670654297 36.68867492675781 -9.217146873474121
endloop
endfacet
facet normal 0.0521205523715165 0.09063282601291459 -0.9945195517783452
outer loop
vertex -9.722134590148926 17.770286560058594 -15.177538871765137
vertex -21.068092346191406 15.970054626464844 -15.936214447021484
vertex -21.4466495513916 17.71837615966797 -15.796725273132324
endloop
endfacet
facet normal 0.05212055033710461 0.09063251764780007 -0.9945195799869293
outer loop
vertex -21.4466495513916 17.71837615966797 -15.796725273132324
vertex -31.366043090820312 23.529476165771484 -15.787001609802246
vertex -10.281867027282715 17.939369201660156 -15.1914644241333
endloop
endfacet
facet normal 0.05212056082627484 0.09063277451780848 -0.9945195560281149
outer loop
vertex -9.722134590148926 17.770286560058594 -15.177538871765137
vertex -19.280168533325195 13.0624418258667 -16.10749053955078
vertex -21.068092346191406 15.970054626464844 -15.936214447021484
endloop
endfacet
facet normal 0.052119857437211585 0.09063183678743106 -0.9945196783479255
outer loop
vertex -0.0645301342010498 8.373137474060059 -15.527786254882812
vertex -9.722134590148926 17.770286560058594 -15.177538871765137
vertex 8.574227333068848 1.331702709197998 -15.71674919128418
endloop
endfacet
facet normal 0.05212038827552509 0.09063241181955035 -0.9945195981245317
outer loop
vertex 8.574227333068848 1.331702709197998 -15.71674919128418
vertex -8.991805076599121 17.494300842285156 -15.16441535949707
vertex -8.80421257019043 17.437395095825195 -15.159770011901855
endloop
endfacet
facet normal 0.05211755419825044 0.09062934627548633 -0.9945200260115782
outer loop
vertex 8.574227333068848 1.331702709197998 -15.71674919128418
vertex -9.164691925048828 17.58670997619629 -15.165054321289062
vertex -8.991805076599121 17.494300842285156 -15.16441535949707
endloop
endfacet
facet normal 0.052120479380635534 0.09062877433676235 -0.9945199248337607
outer loop
vertex 58.930484771728516 36.74993133544922 -9.849954605102539
vertex 71.43842315673828 36.469085693359375 -9.220035552978516
vertex 71.62601470947266 36.41217803955078 -9.2153902053833
endloop
endfacet
facet normal 0.052120368385058784 0.09063240290854574 -0.9945195999790194
outer loop
vertex 8.574227333068848 1.331702709197998 -15.71674919128418
vertex -9.722134590148926 17.770286560058594 -15.177538871765137
vertex -9.164691925048828 17.58670997619629 -15.165054321289062
endloop
endfacet
facet normal 0.052120307573061464 0.0906209619954717 -0.9945206457311506
outer loop
vertex 71.62601470947266 36.41217803955078 -9.2153902053833
vertex 71.82110595703125 36.39296340942383 -9.206916809082031
vertex 58.930484771728516 36.74993133544922 -9.849954605102539
endloop
endfacet
facet normal 0.05212079105490968 0.0906325775709639 -0.9945195619105004
outer loop
vertex 18.00029945373535 27.337507247924805 -12.852787971496582
vertex 20.22046661376953 29.35186195373535 -12.552861213684082
vertex 20.764272689819336 3.283766746520996 -14.899999618530273
endloop
endfacet
facet normal 0.052119032539609665 0.09063238484152208 -0.9945196716330318
outer loop
vertex 17.652769088745117 26.55980110168457 -12.941874504089355
vertex 18.00029945373535 27.337507247924805 -12.852787971496582
vertex 20.764272689819336 3.283766746520996 -14.899999618530273
endloop
endfacet
facet normal 0.05212057416929028 0.09063250997507132 -0.9945195794371683
outer loop
vertex 71.82110595703125 36.39296340942383 -9.206916809082031
vertex 83.70877838134766 34.077877044677734 -8.794888496398926
vertex 58.930484771728516 36.74993133544922 -9.849954605102539
endloop
endfacet
facet normal 0.05212068354259981 0.09063356441350179 -0.9945194776115528
outer loop
vertex 83.97953796386719 33.376502990722656 -8.844616889953613
vertex 58.930484771728516 36.74993133544922 -9.849954605102539
vertex 83.70877838134766 34.077877044677734 -8.794888496398926
endloop
endfacet
facet normal 0.05212031176208542 0.0906311378453557 -0.9945197182332178
outer loop
vertex 83.70877838134766 34.077877044677734 -8.794888496398926
vertex 71.82110595703125 36.39296340942383 -9.206916809082031
vertex 72.01619720458984 36.41217803955078 -9.194941520690918
endloop
endfacet
facet normal 0.0521208754627368 0.09063401138070878 -0.9945194268198281
outer loop
vertex 83.70877838134766 34.077877044677734 -8.794888496398926
vertex 72.01619720458984 36.41217803955078 -9.194941520690918
vertex 72.20378875732422 36.469085693359375 -9.179924011230469
endloop
endfacet
facet normal 0.05212051530037564 0.09063203466899372 -0.9945196258378121
outer loop
vertex -13.217622756958008 23.32159996032715 -14.854826927185059
vertex -33.238494873046875 25.44212532043457 -15.71082878112793
vertex -13.713751792907715 24.00629234313965 -14.81843090057373
endloop
endfacet
facet normal 0.05212023303741351 0.09063086890018074 -0.9945197468680669
outer loop
vertex 83.70877838134766 34.077877044677734 -8.794888496398926
vertex 72.20378875732422 36.469085693359375 -9.179924011230469
vertex 72.37667846679688 36.561492919921875 -9.162442207336426
endloop
endfacet
facet normal 0.05212055776321608 0.09062966776703953 -0.9945198393088434
outer loop
vertex 72.37667846679688 36.561492919921875 -9.162442207336426
vertex 72.52300262451172 36.68157958984375 -9.143830299377441
vertex 80.92481231689453 36.63933181762695 -8.70736026763916
endloop
endfacet
facet normal 0.0521205497961416 0.09063254457957597 -0.9945195775609342
outer loop
vertex -11.776567459106445 8.434688568115234 -16.13597869873047
vertex -9.722134590148926 17.770286560058594 -15.177538871765137
vertex -0.0645301342010498 8.373137474060059 -15.527786254882812
endloop
endfacet
facet normal 0.052119447058878665 0.09062958448860377 -0.9945199051068307
outer loop
vertex -9.164691925048828 17.58670997619629 -15.165054321289062
vertex -9.722134590148926 17.770286560058594 -15.177538871765137
vertex -9.333512306213379 17.732133865356445 -15.160649299621582
endloop
endfacet
facet normal 0.05212061347560721 0.09063263146339398 -0.9945195663057348
outer loop
vertex 83.70877838134766 34.077877044677734 -8.794888496398926
vertex 72.37667846679688 36.561492919921875 -9.162442207336426
vertex 81.69737243652344 36.29479217529297 -8.698269844055176
endloop
endfacet
facet normal 0.052120525378081387 0.09063246666169335 -0.9945195859414382
outer loop
vertex 7.708775997161865 15.077875137329102 -14.50938892364502
vertex -8.05355167388916 17.58670997619629 -15.10682201385498
vertex 5.697450160980225 17.29470443725586 -14.412774085998535
endloop
endfacet
facet normal 0.052120548266050476 0.09063281470221139 -0.9945195530242736
outer loop
vertex 5.697450160980225 17.29470443725586 -14.412774085998535
vertex -7.907378673553467 17.70667266845703 -15.088229179382324
vertex 4.925146579742432 17.639232635498047 -14.42185115814209
endloop
endfacet
facet normal 0.05212084041958823 0.09063247966733345 -0.9945195682455454
outer loop
vertex -14.99069881439209 9.583707809448242 -16.1997127532959
vertex -9.722134590148926 17.770286560058594 -15.177538871765137
vertex -11.776567459106445 8.434688568115234 -16.13597869873047
endloop
endfacet
facet normal 0.052120762043126254 0.09063364798516316 -0.9945194658813599
outer loop
vertex 7.979535102844238 14.19073486328125 -14.576045989990234
vertex -8.05355167388916 17.58670997619629 -15.10682201385498
vertex 7.979535102844238 14.376502990722656 -14.55911636352539
endloop
endfacet
facet normal 0.052120552092379174 0.09063007519513216 -0.9945198024774118
outer loop
vertex 81.69737243652344 36.29479217529297 -8.698269844055176
vertex 72.37667846679688 36.561492919921875 -9.162442207336426
vertex 80.92481231689453 36.63933181762695 -8.70736026763916
endloop
endfacet
facet normal 0.05212079765917926 0.09063359873597872 -0.9945194685030235
outer loop
vertex 8.211783409118652 13.039562225341797 -14.668783187866211
vertex -8.414031982421875 17.437395095825195 -15.139321327209473
vertex 8.039579391479492 13.596953392028809 -14.6270112991333
endloop
endfacet
facet normal 0.05212046449128128 0.09063232492070694 -0.9945196020494923
outer loop
vertex 8.48956298828125 12.525867462158203 -14.70103931427002
vertex -8.414031982421875 17.437395095825195 -15.139321327209473
vertex 8.211783409118652 13.039562225341797 -14.668783187866211
endloop
endfacet
facet normal 0.05212038628134396 0.09063206286884529 -0.9945196300295038
outer loop
vertex 9.897790908813477 11.123804092407227 -14.755009651184082
vertex -8.414031982421875 17.437395095825195 -15.139321327209473
vertex 9.437345504760742 11.502002716064453 -14.744674682617188
endloop
endfacet
facet normal 0.052120510749806157 0.0906324399406543 -0.9945195891432119
outer loop
vertex 9.437345504760742 11.502002716064453 -14.744674682617188
vertex -8.414031982421875 17.437395095825195 -15.139321327209473
vertex 8.855055809020996 12.0842924118042 -14.722126007080078
endloop
endfacet
facet normal 0.052120304267526965 0.09063176821546058 -0.9945196611798077
outer loop
vertex 8.855055809020996 12.0842924118042 -14.722126007080078
vertex -8.414031982421875 17.437395095825195 -15.139321327209473
vertex 8.48956298828125 12.525867462158203 -14.70103931427002
endloop
endfacet
facet normal 0.05212050948379219 0.09063236438427127 -0.9945195960951532
outer loop
vertex -8.05355167388916 17.58670997619629 -15.10682201385498
vertex 7.708775997161865 15.077875137329102 -14.50938892364502
vertex 7.979535102844238 14.376502990722656 -14.55911636352539
endloop
endfacet
facet normal 0.05212228763426173 0.09063314273214973 -0.9945194319721787
outer loop
vertex -82.61508178710938 25.712322235107422 -18.273921966552734
vertex -83.1155014038086 26.399734497070312 -18.237503051757812
vertex -83.7501449584961 29.331323623657227 -18.00360107421875
endloop
endfacet
facet normal 0.05212038505272775 0.09063188274225521 -0.9945196465090821
outer loop
vertex 8.039579391479492 13.596953392028809 -14.6270112991333
vertex -8.226438522338867 17.494300842285156 -15.124303817749023
vertex 7.979535102844238 14.19073486328125 -14.576045989990234
endloop
endfacet
facet normal 0.05212149033325738 0.09063283482848802 -0.9945195018180348
outer loop
vertex 17.519428253173828 13.605259895324707 -14.129436492919922
vertex 17.573890686035156 14.151979446411133 -14.07675838470459
vertex 20.764272689819336 3.283766746520996 -14.899999618530273
endloop
endfacet
facet normal 0.05212208206056551 0.09063708063973275 -0.9945190838665582
outer loop
vertex -8.80421257019043 17.437395095825195 -15.159770011901855
vertex -8.609122276306152 17.418180465698242 -15.151296615600586
vertex 9.897790908813477 11.123804092407227 -14.755009651184082
endloop
endfacet
facet normal 0.05212105168757402 0.09063470226193515 -0.9945193546215537
outer loop
vertex -8.414031982421875 17.437395095825195 -15.139321327209473
vertex -8.226438522338867 17.494300842285156 -15.124303817749023
vertex 8.039579391479492 13.596953392028809 -14.6270112991333
endloop
endfacet
facet normal 0.05212015876168709 0.09063075360363602 -0.9945197612676651
outer loop
vertex -8.05355167388916 17.58670997619629 -15.10682201385498
vertex 7.979535102844238 14.19073486328125 -14.576045989990234
vertex -8.226438522338867 17.494300842285156 -15.124303817749023
endloop
endfacet
facet normal 0.0521202661331151 0.09063245732575756 -0.9945196003786491
outer loop
vertex 17.3525333404541 13.047868728637695 -14.188979148864746
vertex 17.519428253173828 13.605259895324707 -14.129436492919922
vertex 20.764272689819336 3.283766746520996 -14.899999618530273
endloop
endfacet
facet normal 0.05212035144534408 0.09063227036633108 -0.994519612945596
outer loop
vertex -30.534372329711914 -4.48707389831543 -18.296621322631836
vertex -82.61508178710938 25.712322235107422 -18.273921966552734
vertex -83.63165283203125 30.080158233642578 -17.929149627685547
endloop
endfacet
facet normal 0.0521230700507706 0.09063644074754483 -0.9945190904035474
outer loop
vertex -29.79134178161621 -4.604045391082764 -18.268339157104492
vertex -30.534372329711914 -4.48707389831543 -18.296621322631836
vertex -83.63165283203125 30.080158233642578 -17.929149627685547
endloop
endfacet
facet normal 0.052120499943477845 0.09063093369132819 -0.9945197269757297
outer loop
vertex -8.05355167388916 17.58670997619629 -15.10682201385498
vertex -7.907378673553467 17.70667266845703 -15.088229179382324
vertex 5.697450160980225 17.29470443725586 -14.412774085998535
endloop
endfacet
facet normal 0.05212008640836183 0.09063239562230505 -0.994519615420705
outer loop
vertex 17.079647064208984 12.534173011779785 -14.250094413757324
vertex 17.3525333404541 13.047868728637695 -14.188979148864746
vertex 20.764272689819336 3.283766746520996 -14.899999618530273
endloop
endfacet
facet normal 0.05212048576121168 0.09063243404865678 -0.994519590989756
outer loop
vertex -26.866065979003906 -3.970780372619629 -18.057321548461914
vertex -29.79134178161621 -4.604045391082764 -18.268339157104492
vertex -83.63165283203125 30.080158233642578 -17.929149627685547
endloop
endfacet
facet normal 0.05212065581346628 0.09063271740836272 -0.9945195562545516
outer loop
vertex -26.265731811523438 -3.5488059520721436 -17.987403869628906
vertex -26.866065979003906 -3.970780372619629 -18.057321548461914
vertex -83.63165283203125 30.080158233642578 -17.929149627685547
endloop
endfacet
facet normal 0.05211752488400854 0.09062737764394001 -0.9945202069447093
outer loop
vertex -26.185962677001953 -3.483264923095703 -17.977251052856445
vertex -26.265731811523438 -3.5488059520721436 -17.987403869628906
vertex -83.63165283203125 30.080158233642578 -17.929149627685547
endloop
endfacet
facet normal 0.05212107906199486 0.0906334597585724 -0.9945194664206449
outer loop
vertex -25.67215919494629 -3.2086892127990723 -17.92530059814453
vertex -26.185962677001953 -3.483264923095703 -17.977251052856445
vertex -83.63165283203125 30.080158233642578 -17.929149627685547
endloop
endfacet
facet normal 0.052120368131049005 0.09063222193334278 -0.9945196164849184
outer loop
vertex -25.114036560058594 -3.0396063327789307 -17.88064193725586
vertex -25.67215919494629 -3.2086892127990723 -17.92530059814453
vertex -83.63165283203125 30.080158233642578 -17.929149627685547
endloop
endfacet
facet normal 0.05212149659991305 0.09063421611999205 -0.994519375608389
outer loop
vertex -25.114036560058594 -3.0396063327789307 -17.88064193725586
vertex -83.63165283203125 30.080158233642578 -17.929149627685547
vertex -24.533042907714844 -2.9825141429901123 -17.844989776611328
endloop
endfacet
facet normal 0.05212082049333308 0.09063300722760216 -0.9945195212121194
outer loop
vertex -24.533042907714844 -2.9825141429901123 -17.844989776611328
vertex -83.63165283203125 30.080158233642578 -17.929149627685547
vertex -23.951505661010742 -3.0396063327789307 -17.81971549987793
endloop
endfacet
facet normal 0.05222931616622326 0.0908294894436793 -0.9944959036517995
outer loop
vertex -83.63165283203125 30.080158233642578 -17.929149627685547
vertex -23.17394256591797 -3.324506998062134 -17.804929733276367
vertex -23.39177131652832 -3.2086892127990723 -17.8057918548584
endloop
endfacet
facet normal 0.05211311893431008 0.09061912389248036 -0.9945211899300576
outer loop
vertex -23.39177131652832 -3.2086892127990723 -17.8057918548584
vertex -23.951505661010742 -3.0396063327789307 -17.81971549987793
vertex -83.63165283203125 30.080158233642578 -17.929149627685547
endloop
endfacet
facet normal 0.052122759141835145 0.0906365500831204 -0.9945190967339301
outer loop
vertex -23.17394256591797 -3.324506998062134 -17.804929733276367
vertex -83.63165283203125 30.080158233642578 -17.929149627685547
vertex -22.09109878540039 -3.8791420459747314 -17.798725128173828
endloop
endfacet
facet normal 0.05212064489075672 0.09063275619990815 -0.9945195532918292
outer loop
vertex -83.63165283203125 30.080158233642578 -17.929149627685547
vertex -73.09300231933594 30.259742736816406 -17.360475540161133
vertex -29.580242156982422 5.028534412384033 -17.379440307617188
endloop
endfacet
facet normal 0.05212053328304271 0.09063273134643055 -0.9945195614058966
outer loop
vertex -35.33855056762695 29.20803451538086 -15.477693557739258
vertex -35.91648483276367 31.543193817138672 -15.295173645019531
vertex -25.01679229736328 30.641590118408203 -14.806110382080078
endloop
endfacet
facet normal 0.052120553560266035 0.09063256311675835 -0.9945195756743345
outer loop
vertex -35.91648483276367 31.543193817138672 -15.295173645019531
vertex -63.139076232910156 47.36304473876953 -15.28015422821045
vertex -26.37771987915039 32.23902893066406 -14.731855392456055
endloop
endfacet
facet normal 0.05212068438099869 0.09063288240104607 -0.9945195397212336
outer loop
vertex -63.139076232910156 47.36304473876953 -15.28015422821045
vertex -26.534969329833984 32.52982711791992 -14.713595390319824
vertex -26.37771987915039 32.23902893066406 -14.731855392456055
endloop
endfacet
facet normal 0.05212010949108249 0.0906314576282722 -0.9945196996916714
outer loop
vertex -26.534969329833984 32.52982711791992 -14.713595390319824
vertex -63.139076232910156 47.36304473876953 -15.28015422821045
vertex -26.707172393798828 33.08721923828125 -14.67182445526123
endloop
endfacet
facet normal 0.05212092949719153 0.09063356028033168 -0.9945194650982254
outer loop
vertex -26.707172393798828 33.08721923828125 -14.67182445526123
vertex -63.139076232910156 47.36304473876953 -15.28015422821045
vertex -26.767183303833008 33.66688537597656 -14.622142791748047
endloop
endfacet
facet normal 0.052117461551881905 0.09062430144266598 -0.9945204905829829
outer loop
vertex -26.767183303833008 33.66688537597656 -14.622142791748047
vertex -63.139076232910156 47.36304473876953 -15.28015422821045
vertex -26.759342193603516 33.750308990478516 -14.614130020141602
endloop
endfacet
facet normal 0.05212088334570253 0.09063349587861341 -0.9945194733860594
outer loop
vertex -26.759342193603516 33.750308990478516 -14.614130020141602
vertex -63.139076232910156 47.36304473876953 -15.28015422821045
vertex -26.75545310974121 34.21701431274414 -14.571393966674805
endloop
endfacet
facet normal 0.05212052371194293 0.09063249460212758 -0.9945195834824915
outer loop
vertex -26.75545310974121 34.21701431274414 -14.571393966674805
vertex -63.139076232910156 47.36304473876953 -15.28015422821045
vertex -27.379201889038086 36.988975524902344 -14.351469039916992
endloop
endfacet
facet normal 0.052120574249893394 0.09063267048061228 -0.9945195648057478
outer loop
vertex -27.379201889038086 36.988975524902344 -14.351469039916992
vertex -63.139076232910156 47.36304473876953 -15.28015422821045
vertex -27.87642478942871 37.66686248779297 -14.315750122070312
endloop
endfacet
facet normal 0.05212048166255892 0.09063621271789149 -0.9945192468401103
outer loop
vertex -35.91648483276367 31.543193817138672 -15.295173645019531
vertex -26.112648010253906 31.763689041137695 -14.761281967163086
vertex -25.992116928100586 31.54079246520996 -14.77527904510498
endloop
endfacet
facet normal 0.05212060563908158 0.09063260636132892 -0.9945195690040332
outer loop
vertex -28.41815757751465 5.865325927734375 -17.242279052734375
vertex -22.805002212524414 6.289116859436035 -16.90948486328125
vertex -11.594008445739746 -9.432669639587402 -17.75469970703125
endloop
endfacet
facet normal 0.052120419719045526 0.09063247495190324 -0.9945195907232813
outer loop
vertex -14.530126571655273 2.0507137775421143 -16.862071990966797
vertex -11.594008445739746 -9.432669639587402 -17.75469970703125
vertex -22.805002212524414 6.289116859436035 -16.90948486328125
endloop
endfacet
facet normal 0.0521204586272783 0.09063142791514193 -0.994519684102102
outer loop
vertex -25.619436264038086 31.090534210205078 -14.796780586242676
vertex -25.16617774963379 30.721017837524414 -14.806700706481934
vertex -35.91648483276367 31.543193817138672 -15.295173645019531
endloop
endfacet
facet normal 0.052116920597958194 0.09063149166383459 -0.9945198637061878
outer loop
vertex -83.63165283203125 30.080158233642578 -17.929149627685547
vertex -82.61508178710938 25.712322235107422 -18.273921966552734
vertex -83.7501449584961 29.331323623657227 -18.00360107421875
endloop
endfacet
facet normal 0.05212077578838316 0.09063582276484754 -0.9945192669641731
outer loop
vertex -25.01679229736328 30.641590118408203 -14.806110382080078
vertex -35.91648483276367 31.543193817138672 -15.295173645019531
vertex -25.16617774963379 30.721017837524414 -14.806700706481934
endloop
endfacet
facet normal 0.05212049869767267 0.09063244366273522 -0.9945195894356366
outer loop
vertex -25.619436264038086 31.090534210205078 -14.796780586242676
vertex -35.91648483276367 31.543193817138672 -15.295173645019531
vertex -25.992116928100586 31.54079246520996 -14.77527904510498
endloop
endfacet
facet normal 0.05212059669332228 0.09063201075415683 -0.9945196237515831
outer loop
vertex -26.112648010253906 31.763689041137695 -14.761281967163086
vertex -35.91648483276367 31.543193817138672 -15.295173645019531
vertex -26.37771987915039 32.23902893066406 -14.731855392456055
endloop
endfacet
facet normal 0.05212193214547045 0.09063311938696181 -0.9945194527306199
outer loop
vertex 16.7025089263916 12.075187683105469 -14.311688423156738
vertex 17.079647064208984 12.534173011779785 -14.250094413757324
vertex 20.764272689819336 3.283766746520996 -14.899999618530273
endloop
endfacet
facet normal 0.05212071501818012 0.09063256470782755 -0.9945195670676746
outer loop
vertex 16.10814666748047 11.48459243774414 -14.396659851074219
vertex 16.7025089263916 12.075187683105469 -14.311688423156738
vertex 20.764272689819336 3.283766746520996 -14.899999618530273
endloop
endfacet
facet normal 0.05212056235181323 0.09063252993332066 -0.9945195782376617
outer loop
vertex -13.713751792907715 24.00629234313965 -14.81843090057373
vertex -35.33855056762695 29.20803451538086 -15.477693557739258
vertex -25.01679229736328 30.641590118408203 -14.806110382080078
endloop
endfacet
facet normal 0.0521198802529384 0.09063209606534298 -0.9945196535238616
outer loop
vertex 15.667156219482422 11.123804092407227 -14.45265007019043
vertex 16.10814666748047 11.48459243774414 -14.396659851074219
vertex 20.764272689819336 3.283766746520996 -14.899999618530273
endloop
endfacet
facet normal 0.05212125441448513 0.09063298075220091 -0.9945195008838348
outer loop
vertex 15.153352737426758 10.849227905273438 -14.504600524902344
vertex 15.667156219482422 11.123804092407227 -14.45265007019043
vertex 20.764272689819336 3.283766746520996 -14.899999618530273
endloop
endfacet
facet normal 0.052120372600814396 0.0906323322596232 -0.9945196061964459
outer loop
vertex 14.595230102539062 10.680145263671875 -14.549259185791016
vertex 15.153352737426758 10.849227905273438 -14.504600524902344
vertex 20.764272689819336 3.283766746520996 -14.899999618530273
endloop
endfacet
facet normal 0.05212002044389258 0.09063204067397812 -0.9945196512247502
outer loop
vertex 14.014236450195312 10.623052597045898 -14.58491039276123
vertex 14.595230102539062 10.680145263671875 -14.549259185791016
vertex 20.764272689819336 3.283766746520996 -14.899999618530273
endloop
endfacet
facet normal 0.052120649471806536 0.09063254698324222 -0.9945195721180993
outer loop
vertex -73.09300231933594 30.259742736816406 -17.360475540161133
vertex -83.63165283203125 30.080158233642578 -17.929149627685547
vertex -67.78678894042969 57.30554962158203 -14.617650032043457
endloop
endfacet
facet normal 0.0521211784071309 0.09063309892202603 -0.994519494098151
outer loop
vertex 20.764272689819336 3.283766746520996 -14.899999618530273
vertex 20.319660186767578 2.8419716358184814 -14.963562965393066
vertex 14.014236450195312 10.623052597045898 -14.58491039276123
endloop
endfacet
facet normal 0.05212046099139187 0.0906325219503034 -0.9945195842772391
outer loop
vertex 20.319660186767578 2.8419716358184814 -14.963562965393066
vertex 16.657094955444336 1.331702709197998 -15.293143272399902
vertex 14.014236450195312 10.623052597045898 -14.58491039276123
endloop
endfacet
facet normal 0.052120420424371955 0.0906325106518437 -0.9945195874329122
outer loop
vertex 16.657094955444336 1.331702709197998 -15.293143272399902
vertex 11.555480003356934 10.623052597045898 -14.713768005371094
vertex 14.014236450195312 10.623052597045898 -14.58491039276123
endloop
endfacet
facet normal 0.05212087094519689 0.0906327551582302 -0.9945195415397036
outer loop
vertex 10.973942756652832 10.680145263671875 -14.739042282104492
vertex 11.555480003356934 10.623052597045898 -14.713768005371094
vertex 16.657094955444336 1.331702709197998 -15.293143272399902
endloop
endfacet
facet normal 0.05212055058671813 0.09063256672695136 -0.9945195755011673
outer loop
vertex -63.139076232910156 47.36304473876953 -15.28015422821045
vertex -73.09300231933594 30.259742736816406 -17.360475540161133
vertex -67.78678894042969 57.30554962158203 -14.617650032043457
endloop
endfacet
facet normal 0.05212058322375388 0.09063258207384987 -0.9945195723921388
outer loop
vertex 16.657094955444336 1.331702709197998 -15.293143272399902
vertex 10.414209365844727 10.849227905273438 -14.752967834472656
vertex 10.973942756652832 10.680145263671875 -14.739042282104492
endloop
endfacet
facet normal 0.052121215869701434 0.09063015530443606 -0.9945197603897862
outer loop
vertex -67.09676361083984 57.806983947753906 -14.535791397094727
vertex -64.16620635986328 58.441139221191406 -14.32441520690918
vertex -67.78678894042969 57.30554962158203 -14.617650032043457
endloop
endfacet
facet normal 0.05212100988262168 0.09063285923205727 -0.9945195247737663
outer loop
vertex 16.657094955444336 1.331702709197998 -15.293143272399902
vertex 9.897790908813477 11.123804092407227 -14.755009651184082
vertex 10.414209365844727 10.849227905273438 -14.752967834472656
endloop
endfacet
facet normal 0.05212065741439517 0.09063261815238896 -0.9945195652160567
outer loop
vertex 16.657094955444336 1.331702709197998 -15.293143272399902
vertex 8.574227333068848 1.331702709197998 -15.71674919128418
vertex 9.897790908813477 11.123804092407227 -14.755009651184082
endloop
endfacet
facet normal 0.05212058925030286 0.09063262763189957 -0.9945195679245022
outer loop
vertex 8.574227333068848 1.331702709197998 -15.71674919128418
vertex -8.80421257019043 17.437395095825195 -15.159770011901855
vertex 9.897790908813477 11.123804092407227 -14.755009651184082
endloop
endfacet
facet normal 0.0521204982689762 0.09063240010619142 -0.9945195934274924
outer loop
vertex -64.16620635986328 58.441139221191406 -14.32441520690918
vertex -63.42234420776367 58.32364273071289 -14.296138763427734
vertex -67.78678894042969 57.30554962158203 -14.617650032043457
endloop
endfacet
facet normal 0.052122339868030686 0.09063419766089188 -0.9945193330956658
outer loop
vertex -0.0645301342010498 8.373137474060059 -15.527786254882812
vertex 4.898806095123291 2.854112148284912 -15.770628929138184
vertex 0.3284011781215668 7.4245171546936035 -15.593644142150879
endloop
endfacet
facet normal 0.052120539517527605 0.09063250488241138 -0.994519581717294
outer loop
vertex -11.594008445739746 -9.432669639587402 -17.75469970703125
vertex -14.530126571655273 2.0507137775421143 -16.862071990966797
vertex -11.594008445739746 -2.7520270347595215 -17.1458797454834
endloop
endfacet
facet normal 0.05212029207592652 0.09063236811160975 -0.9945196071493019
outer loop
vertex -0.0645301342010498 8.373137474060059 -15.527786254882812
vertex 8.574227333068848 1.331702709197998 -15.71674919128418
vertex 4.898806095123291 2.854112148284912 -15.770628929138184
endloop
endfacet
facet normal 0.05209152049874223 0.09057755766643347 -0.9945261080229684
outer loop
vertex -21.79250717163086 -4.037899971008301 -17.797544479370117
vertex -22.09109878540039 -3.8791420459747314 -17.798725128173828
vertex -11.594008445739746 -9.432669639587402 -17.75469970703125
endloop
endfacet
facet normal 0.05211896022219037 0.09062947985453704 -0.9945199401553766
outer loop
vertex -11.594008445739746 -9.432669639587402 -17.75469970703125
vertex -21.339248657226562 -4.407416820526123 -17.807464599609375
vertex -21.79250717163086 -4.037899971008301 -17.797544479370117
endloop
endfacet
facet normal 0.05212045219040353 0.09063237675236291 -0.9945195979706412
outer loop
vertex -20.966569900512695 -4.8576741218566895 -17.82896614074707
vertex -21.339248657226562 -4.407416820526123 -17.807464599609375
vertex -11.594008445739746 -9.432669639587402 -17.75469970703125
endloop
endfacet
facet normal 0.05212163125030495 0.09063479681588979 -0.9945193156303952
outer loop
vertex -11.594008445739746 -9.432669639587402 -17.75469970703125
vertex -20.68878936767578 -5.371369361877441 -17.861223220825195
vertex -20.966569900512695 -4.8576741218566895 -17.82896614074707
endloop
endfacet
facet normal 0.052120588306106844 0.09063275187918135 -0.9945195566510656
outer loop
vertex -31.366043090820312 23.529476165771484 -15.787001609802246
vertex -33.238494873046875 25.44212532043457 -15.71082878112793
vertex -13.217622756958008 23.32159996032715 -14.854826927185059
endloop
endfacet
facet normal 0.052120544319546686 0.09063245397205816 -0.9945195861051892
outer loop
vertex -33.238494873046875 25.44212532043457 -15.71082878112793
vertex -35.33855056762695 29.20803451538086 -15.477693557739258
vertex -13.713751792907715 24.00629234313965 -14.81843090057373
endloop
endfacet
facet normal 0.05212018970729461 0.09063155893707124 -0.9945196862553861
outer loop
vertex -11.594008445739746 -9.432669639587402 -17.75469970703125
vertex -20.516586303710938 -5.928761005401611 -17.90299415588379
vertex -20.68878936767578 -5.371369361877441 -17.861223220825195
endloop
endfacet
facet normal 0.0521209583388166 0.09063352551955815 -0.9945194667545422
outer loop
vertex -11.594008445739746 -9.432669639587402 -17.75469970703125
vertex -20.457901000976562 -6.52253532409668 -17.954030990600586
vertex -20.516586303710938 -5.928761005401611 -17.90299415588379
endloop
endfacet
facet normal 0.05212065020207905 0.0906325799664998 -0.994519569073997
outer loop
vertex -20.457901000976562 -6.52253532409668 -17.954030990600586
vertex -11.594008445739746 -9.432669639587402 -17.75469970703125
vertex -11.594008445739746 -54.44329833984375 -21.856609344482422
endloop
endfacet
facet normal 0.05212054536450119 0.09063256431864032 -0.9945195759943262
outer loop
vertex -63.139076232910156 47.36304473876953 -15.28015422821045
vertex -67.78678894042969 57.30554962158203 -14.617650032043457
vertex -27.87642478942871 37.66686248779297 -14.315750122070312
endloop
endfacet
facet normal 0.052120690213839645 0.09063258714343125 -0.9945195663230167
outer loop
vertex -20.45654296875 -59.99842071533203 -22.82732582092285
vertex -20.457901000976562 -6.52253532409668 -17.954030990600586
vertex -11.594008445739746 -54.44329833984375 -21.856609344482422
endloop
endfacet
facet normal 0.05211870866930797 0.09063024231552802 -0.994519883855759
outer loop
vertex -20.149442672729492 -60.73982238769531 -22.878795623779297
vertex -20.45654296875 -59.99842071533203 -22.82732582092285
vertex -17.262313842773438 -63.19383239746094 -22.951126098632812
endloop
endfacet
facet normal 0.052120487281380995 0.09063244606781992 -0.9945195898147583
outer loop
vertex -27.87642478942871 37.66686248779297 -14.315750122070312
vertex -67.78678894042969 57.30554962158203 -14.617650032043457
vertex -63.42234420776367 58.32364273071289 -14.296138763427734
endloop
endfacet
facet normal 0.05212138879451213 0.0906333828919733 -0.9945194571931151
outer loop
vertex -17.262313842773438 -63.19383239746094 -22.951126098632812
vertex -18.001697540283203 -62.887569427490234 -22.961965560913086
vertex -20.149442672729492 -60.73982238769531 -22.878795623779297
endloop
endfacet
facet normal 0.05212137213393076 0.09063403540805394 -0.9945193986004134
outer loop
vertex -11.594008445739746 -9.432669639587402 -17.75469970703125
vertex -22.09109878540039 -3.8791420459747314 -17.798725128173828
vertex -83.63165283203125 30.080158233642578 -17.929149627685547
endloop
endfacet
facet normal 0.05212050515920234 0.09063245394985132 -0.9945195881595181
outer loop
vertex -11.594008445739746 -9.432669639587402 -17.75469970703125
vertex -83.63165283203125 30.080158233642578 -17.929149627685547
vertex -29.580242156982422 5.028534412384033 -17.379440307617188
endloop
endfacet
facet normal 0.052120637358434405 0.09063258974859756 -0.9945195688556424
outer loop
vertex 58.222415924072266 36.47863006591797 -9.911787033081055
vertex 74.80599212646484 -27.794294357299805 -14.899999618530273
vertex 56.00634765625 34.467994689941406 -10.211159706115723
endloop
endfacet
facet normal 0.0521204503485909 0.09063224993035932 -0.9945196096246774
outer loop
vertex 9.897790908813477 11.123804092407227 -14.755009651184082
vertex -8.609122276306152 17.418180465698242 -15.151296615600586
vertex -8.414031982421875 17.437395095825195 -15.139321327209473
endloop
endfacet
facet normal 0 0 1
outer loop
vertex -64.2686996459961 56.11566162109375 -4.099999904632568
vertex -81.85327911376953 29.12382698059082 -4.099999904632568
vertex -29.579586029052734 36.07685470581055 -4.099999904632568
endloop
endfacet
facet normal 0.38268429049115504 -0.9238791770633653 0
outer loop
vertex 21.13832664489746 27.331703186035156 -4.099999904632568
vertex 21.13832664489746 27.331703186035156 -0.5
vertex 20.881046295166016 27.225133895874023 -0.5
endloop
endfacet
facet normal -0.7933525210658873 -0.6087624966424929 0
outer loop
vertex -15.255758285522461 22.20430564880371 -4.099999904632568
vertex -15.255758285522461 22.20430564880371 -0.5
vertex -15.425284385681152 22.425235748291016 -0.5
endloop
endfacet
facet normal -0.9659258006172647 -0.2588191409109772 0
outer loop
vertex -14.75485897064209 20.334924697875977 -4.099999904632568
vertex -14.75485897064209 20.334924697875977 -0.5
vertex -15.255758285522461 22.20430564880371 -0.5
endloop
endfacet
facet normal 0 0 1
outer loop
vertex 6.567514419555664 8.331703186035156 -4.099999904632568
vertex -19.332483291625977 5.392618656158447 -4.099999904632568
vertex 18.64447021484375 8.331703186035156 -4.099999904632568
endloop
endfacet
facet normal -0.991444827985275 0.13052644583090656 0
outer loop
vertex -14.791207313537598 20.0588321685791 -4.099999904632568
vertex -14.791207313537598 20.0588321685791 -0.5
vertex -14.75485897064209 20.334924697875977 -0.5
endloop
endfacet
facet normal 0 -1 0
outer loop
vertex -15.947124481201172 15.456703186035156 -0.5
vertex -15.947124481201172 15.456703186035156 -4.099999904632568
vertex 4.073657512664795 15.456703186035156 -4.099999904632568
endloop
endfacet
facet normal 0 -1 0
outer loop
vertex 21.13832664489746 27.331703186035156 -4.099999904632568
vertex 56.64447021484375 27.331703186035156 -4.099999904632568
vertex 56.64447021484375 27.331703186035156 -0.5
endloop
endfacet
facet normal -0.5000019144867687 -0.8660242984521659 0
outer loop
vertex -15.425284385681152 22.425235748291016 -4.099999904632568
vertex -15.425284385681152 22.425235748291016 -0.5
vertex -29.768301010131836 30.706222534179688 -0.5
endloop
endfacet
facet normal 0.7071076667154474 -0.7071058956565387 0
outer loop
vertex 56.64447021484375 27.331703186035156 -0.5
vertex 56.64447021484375 27.331703186035156 -4.099999904632568
vertex 57.40599060058594 28.093225479125977 -4.099999904632568
endloop
endfacet
facet normal 0.7071076667154474 -0.7071058956565387 0
outer loop
vertex 57.40599060058594 28.093225479125977 -4.099999904632568
vertex 57.40599060058594 28.093225479125977 -0.5
vertex 56.64447021484375 27.331703186035156 -0.5
endloop
endfacet
facet normal -0.7933525210658873 -0.6087624966424929 0
outer loop
vertex -15.425284385681152 22.425235748291016 -0.5
vertex -15.425284385681152 22.425235748291016 -4.099999904632568
vertex -15.255758285522461 22.20430564880371 -4.099999904632568
endloop
endfacet
facet normal -0.9659258006172647 -0.2588191409109772 0
outer loop
vertex -15.255758285522461 22.20430564880371 -0.5
vertex -15.255758285522461 22.20430564880371 -4.099999904632568
vertex -14.75485897064209 20.334924697875977 -4.099999904632568
endloop
endfacet
facet normal -0.991444827985275 0.13052644583090656 0
outer loop
vertex -14.75485897064209 20.334924697875977 -0.5
vertex -14.75485897064209 20.334924697875977 -4.099999904632568
vertex -14.791207313537598 20.0588321685791 -4.099999904632568
endloop
endfacet
facet normal -0.7071065598044959 -0.7071070025685299 0
outer loop
vertex 6.567514419555664 8.331703186035156 -0.5
vertex 5.8059916496276855 9.093225479125977 -4.099999904632568
vertex 6.567514419555664 8.331703186035156 -4.099999904632568
endloop
endfacet
facet normal 0 0 1
outer loop
vertex 56.64447021484375 27.331703186035156 -4.099999904632568
vertex 81.80599212646484 -25.198455810546875 -4.099999904632568
vertex 57.40599060058594 28.093225479125977 -4.099999904632568
endloop
endfacet
facet normal 0 0 1
outer loop
vertex 57.40599060058594 28.093225479125977 -4.099999904632568
vertex 81.80599212646484 -25.198455810546875 -4.099999904632568
vertex 57.40599060058594 32.724369049072266 -4.099999904632568
endloop
endfacet
facet normal 0 -1 0
outer loop
vertex 4.073657512664795 15.456703186035156 -4.099999904632568
vertex 4.073657512664795 15.456703186035156 -0.5
vertex -15.947124481201172 15.456703186035156 -0.5
endloop
endfacet
facet normal -1 0 0
outer loop
vertex 81.80599212646484 14.694483757019043 -0.5
vertex 81.80599212646484 32.724369049072266 -4.099999904632568
vertex 81.80599212646484 -25.198455810546875 -4.099999904632568
endloop
endfacet
facet normal -1 0 0
outer loop
vertex 5.8059916496276855 9.093225479125977 -0.5
vertex 5.8059916496276855 13.72436809539795 -4.099999904632568
vertex 5.8059916496276855 9.093225479125977 -4.099999904632568
endloop
endfacet
facet normal -0.7071065598044959 -0.7071070025685299 0
outer loop
vertex 5.8059916496276855 9.093225479125977 -0.5
vertex 5.8059916496276855 9.093225479125977 -4.099999904632568
vertex 6.567514419555664 8.331703186035156 -0.5
endloop
endfacet
facet normal -1 0 0
outer loop
vertex 5.8059916496276855 13.72436809539795 -4.099999904632568
vertex 5.8059916496276855 9.093225479125977 -0.5
vertex 5.8059916496276855 13.72436809539795 -0.5
endloop
endfacet
facet normal 0 -1 0
outer loop
vertex 18.64447021484375 8.331703186035156 -0.5
vertex 6.567514419555664 8.331703186035156 -4.099999904632568
vertex 18.64447021484375 8.331703186035156 -4.099999904632568
endloop
endfacet
facet normal 0 0 1
outer loop
vertex 57.40599060058594 32.724369049072266 -4.099999904632568
vertex 81.80599212646484 -25.198455810546875 -4.099999904632568
vertex 57.5125617980957 32.98164749145508 -4.099999904632568
endloop
endfacet
facet normal 0 0 1
outer loop
vertex 57.5125617980957 32.98164749145508 -4.099999904632568
vertex 81.80599212646484 -25.198455810546875 -4.099999904632568
vertex 58.881046295166016 34.350135803222656 -4.099999904632568
endloop
endfacet
facet normal 0 0 1
outer loop
vertex 58.881046295166016 34.350135803222656 -4.099999904632568
vertex 81.80599212646484 -25.198455810546875 -4.099999904632568
vertex 59.13832473754883 34.456703186035156 -4.099999904632568
endloop
endfacet
facet normal 0 0 1
outer loop
vertex 59.13832473754883 34.456703186035156 -4.099999904632568
vertex 81.80599212646484 -25.198455810546875 -4.099999904632568
vertex 80.07365417480469 34.456703186035156 -4.099999904632568
endloop
endfacet
facet normal 1 0 0
outer loop
vertex -18.59400749206543 -58.65824508666992 -4.099999904632568
vertex -18.59400749206543 4.635271072387695 -4.099999904632568
vertex -18.59400749206543 4.635271072387695 -0.5
endloop
endfacet
facet normal 0 0 1
outer loop
vertex -18.59400749206543 4.635271072387695 -4.099999904632568
vertex -17.294008255004883 -26.368297576904297 -4.099999904632568
vertex 15.205991744995117 -26.368297576904297 -4.099999904632568
endloop
endfacet
facet normal 0.7071067811865475 -0.7071067811865475 0
outer loop
vertex 18.64447021484375 8.331703186035156 -0.5
vertex 18.64447021484375 8.331703186035156 -4.099999904632568
vertex 19.40599250793457 9.093225479125977 -4.099999904632568
endloop
endfacet
facet normal 0 0 1
outer loop
vertex 81.80599212646484 -25.198455810546875 -4.099999904632568
vertex 81.69942474365234 32.98164749145508 -4.099999904632568
vertex 80.33094024658203 34.350135803222656 -4.099999904632568
endloop
endfacet
facet normal 0 0 1
outer loop
vertex 81.69942474365234 32.98164749145508 -4.099999904632568
vertex 81.80599212646484 -25.198455810546875 -4.099999904632568
vertex 81.80599212646484 32.724369049072266 -4.099999904632568
endloop
endfacet
facet normal -0.8660271632990062 0.4999969524189888 0
outer loop
vertex -16.69767951965332 16.756698608398438 -4.099999904632568
vertex -16.69767951965332 16.756698608398438 -0.5
vertex -14.791207313537598 20.0588321685791 -0.5
endloop
endfacet
facet normal 0 0 1
outer loop
vertex 80.07365417480469 34.456703186035156 -4.099999904632568
vertex 81.80599212646484 -25.198455810546875 -4.099999904632568
vertex 80.33094024658203 34.350135803222656 -4.099999904632568
endloop
endfacet
facet normal 0.6087035165002861 -0.7933977747638228 0
outer loop
vertex -66.41458892822266 55.651302337646484 -4.099999904632568
vertex -66.41458892822266 55.651302337646484 -0.5
vertex -66.63556671142578 55.48176574707031 -0.5
endloop
endfacet
facet normal 0 0 1
outer loop
vertex -18.59400749206543 -58.65824508666992 -4.099999904632568
vertex -17.294008255004883 -26.368297576904297 -4.099999904632568
vertex -18.59400749206543 4.635271072387695 -4.099999904632568
endloop
endfacet
facet normal 0 -1 0
outer loop
vertex 21.13832664489746 27.331703186035156 -0.5
vertex 21.13832664489746 27.331703186035156 -4.099999904632568
vertex 56.64447021484375 27.331703186035156 -0.5
endloop
endfacet
facet normal -1 0 0
outer loop
vertex 81.80599212646484 14.694483757019043 -0.5
vertex 81.80599212646484 32.724369049072266 -0.5
vertex 81.80599212646484 32.724369049072266 -4.099999904632568
endloop
endfacet
facet normal 0 0 1
outer loop
vertex 21.13832664489746 27.331703186035156 -4.099999904632568
vertex 20.881046295166016 27.225133895874023 -4.099999904632568
vertex 81.80599212646484 -25.198455810546875 -4.099999904632568
endloop
endfacet
facet normal -0.5002066296569598 -0.8659060732245876 0
outer loop
vertex -29.579586029052734 36.07685470581055 -4.099999904632568
vertex -29.579586029052734 36.07685470581055 -0.5
vertex -64.2686996459961 56.11566162109375 -0.5
endloop
endfacet
facet normal -0.9638835661271274 -0.2663239961964592 0
outer loop
vertex -30.051969528198242 31.732879638671875 -0.5
vertex -30.051969528198242 31.732879638671875 -4.099999904632568
vertex -29.768301010131836 30.706222534179688 -4.099999904632568
endloop
endfacet
facet normal -0.8736988511822122 0.48646718023200963 0
outer loop
vertex -30.051969528198242 31.732879638671875 -0.5
vertex -28.934276580810547 33.740264892578125 -4.099999904632568
vertex -30.051969528198242 31.732879638671875 -4.099999904632568
endloop
endfacet
facet normal -0.9639150568441724 -0.2662099982891245 0
outer loop
vertex -29.41099739074707 35.85882568359375 -0.5
vertex -29.41099739074707 35.85882568359375 -4.099999904632568
vertex -28.90147590637207 34.01390838623047 -4.099999904632568
endloop
endfacet
facet normal 0 0 1
outer loop
vertex 20.881046295166016 27.225133895874023 -4.099999904632568
vertex 19.51255989074707 25.856647491455078 -4.099999904632568
vertex 81.80599212646484 -25.198455810546875 -4.099999904632568
endloop
endfacet
facet normal 0 0 1
outer loop
vertex 19.51255989074707 25.856647491455078 -4.099999904632568
vertex 19.40599250793457 25.599369049072266 -4.099999904632568
vertex 81.80599212646484 -25.198455810546875 -4.099999904632568
endloop
endfacet
facet normal -0.9928925159721371 0.11901450216893553 0
outer loop
vertex -28.90147590637207 34.01390838623047 -0.5
vertex -28.90147590637207 34.01390838623047 -4.099999904632568
vertex -28.934276580810547 33.740264892578125 -4.099999904632568
endloop
endfacet
facet normal 0 0 1
outer loop
vertex 19.40599250793457 25.599369049072266 -4.099999904632568
vertex 19.40599250793457 9.093225479125977 -4.099999904632568
vertex 81.80599212646484 -25.198455810546875 -4.099999904632568
endloop
endfacet
facet normal -0.5000019144867687 -0.8660242984521659 0
outer loop
vertex -29.768301010131836 30.706222534179688 -4.099999904632568
vertex -15.425284385681152 22.425235748291016 -4.099999904632568
vertex -29.768301010131836 30.706222534179688 -0.5
endloop
endfacet
facet normal -0.9638835661271274 -0.2663239961964592 0
outer loop
vertex -29.768301010131836 30.706222534179688 -4.099999904632568
vertex -29.768301010131836 30.706222534179688 -0.5
vertex -30.051969528198242 31.732879638671875 -0.5
endloop
endfacet
facet normal -0.8736988511822122 0.48646718023200963 0
outer loop
vertex -28.934276580810547 33.740264892578125 -0.5
vertex -28.934276580810547 33.740264892578125 -4.099999904632568
vertex -30.051969528198242 31.732879638671875 -0.5
endloop
endfacet
facet normal -0.9928925159721371 0.11901450216893553 0
outer loop
vertex -28.934276580810547 33.740264892578125 -4.099999904632568
vertex -28.934276580810547 33.740264892578125 -0.5
vertex -28.90147590637207 34.01390838623047 -0.5
endloop
endfacet
facet normal -0.9639150568441724 -0.2662099982891245 0
outer loop
vertex -28.90147590637207 34.01390838623047 -4.099999904632568
vertex -28.90147590637207 34.01390838623047 -0.5
vertex -29.41099739074707 35.85882568359375 -0.5
endloop
endfacet
facet normal -0.7910889289956748 -0.611701157772712 0
outer loop
vertex -29.579586029052734 36.07685470581055 -0.5
vertex -29.579586029052734 36.07685470581055 -4.099999904632568
vertex -29.41099739074707 35.85882568359375 -4.099999904632568
endloop
endfacet
facet normal -0.8660247312610132 -0.500001164842933 0
outer loop
vertex -15.947124481201172 15.456703186035156 -4.099999904632568
vertex -15.947124481201172 15.456703186035156 -0.5
vertex -16.69767951965332 16.756698608398438 -0.5
endloop
endfacet
facet normal -0.8660271632990062 0.4999969524189888 0
outer loop
vertex -14.791207313537598 20.0588321685791 -0.5
vertex -14.791207313537598 20.0588321685791 -4.099999904632568
vertex -16.69767951965332 16.756698608398438 -4.099999904632568
endloop
endfacet
facet normal -0.8660247312610132 -0.500001164842933 0
outer loop
vertex -16.69767951965332 16.756698608398438 -0.5
vertex -16.69767951965332 16.756698608398438 -4.099999904632568
vertex -15.947124481201172 15.456703186035156 -4.099999904632568
endloop
endfacet
facet normal 0 -1 0
outer loop
vertex 6.567514419555664 8.331703186035156 -4.099999904632568
vertex 18.64447021484375 8.331703186035156 -0.5
vertex 6.567514419555664 8.331703186035156 -0.5
endloop
endfacet
facet normal 0.7071067811865475 -0.7071067811865475 0
outer loop
vertex 19.40599250793457 9.093225479125977 -4.099999904632568
vertex 19.40599250793457 9.093225479125977 -0.5
vertex 18.64447021484375 8.331703186035156 -0.5
endloop
endfacet
facet normal -0.7910889289956748 -0.611701157772712 0
outer loop
vertex -29.41099739074707 35.85882568359375 -4.099999904632568
vertex -29.41099739074707 35.85882568359375 -0.5
vertex -29.579586029052734 36.07685470581055 -0.5
endloop
endfacet
facet normal 0 0 1
outer loop
vertex -81.2193374633789 26.757522583007812 -4.099999904632568
vertex -30.051969528198242 31.732879638671875 -4.099999904632568
vertex -28.934276580810547 33.740264892578125 -4.099999904632568
endloop
endfacet
facet normal 0.258704628100112 -0.9659564769696317 0
outer loop
vertex -64.54483032226562 56.15206527709961 -4.099999904632568
vertex -64.54483032226562 56.15206527709961 -0.5
vertex -66.41458892822266 55.651302337646484 -0.5
endloop
endfacet
facet normal 1 0 0
outer loop
vertex -18.59400749206543 -58.65824508666992 -4.099999904632568
vertex -18.59400749206543 4.635271072387695 -0.5
vertex -18.59400749206543 -58.65824508666992 -0.5
endloop
endfacet
facet normal 0 0 1
outer loop
vertex -29.768301010131836 30.706222534179688 -4.099999904632568
vertex -14.75485897064209 20.334924697875977 -4.099999904632568
vertex -15.255758285522461 22.20430564880371 -4.099999904632568
endloop
endfacet
facet normal 0 0 1
outer loop
vertex -81.2193374633789 26.757522583007812 -4.099999904632568
vertex -28.934276580810547 33.740264892578125 -4.099999904632568
vertex -28.90147590637207 34.01390838623047 -4.099999904632568
endloop
endfacet
facet normal 0 0 1
outer loop
vertex -17.294008255004883 -26.368297576904297 -4.099999904632568
vertex -18.183958053588867 -59.06829833984375 -4.099999904632568
vertex -17.294008255004883 -59.06829833984375 -4.099999904632568
endloop
endfacet
facet normal 0 0 1
outer loop
vertex -18.59400749206543 -58.65824508666992 -4.099999904632568
vertex -18.183958053588867 -59.06829833984375 -4.099999904632568
vertex -17.294008255004883 -26.368297576904297 -4.099999904632568
endloop
endfacet
facet normal -0.1307039324148135 -0.991421445224635 0
outer loop
vertex -64.54483032226562 56.15206527709961 -0.5
vertex -64.54483032226562 56.15206527709961 -4.099999904632568
vertex -64.2686996459961 56.11566162109375 -4.099999904632568
endloop
endfacet
facet normal 0.258704628100112 -0.9659564769696317 0
outer loop
vertex -66.41458892822266 55.651302337646484 -0.5
vertex -66.41458892822266 55.651302337646484 -4.099999904632568
vertex -64.54483032226562 56.15206527709961 -4.099999904632568
endloop
endfacet
facet normal 0.6087035165002861 -0.7933977747638228 0
outer loop
vertex -66.63556671142578 55.48176574707031 -0.5
vertex -66.63556671142578 55.48176574707031 -4.099999904632568
vertex -66.41458892822266 55.651302337646484 -4.099999904632568
endloop
endfacet
facet normal 0 0 1
outer loop
vertex -81.2193374633789 26.757522583007812 -4.099999904632568
vertex -28.90147590637207 34.01390838623047 -4.099999904632568
vertex -29.41099739074707 35.85882568359375 -4.099999904632568
endloop
endfacet
facet normal 0 0 1
outer loop
vertex -15.425284385681152 22.425235748291016 -4.099999904632568
vertex -29.768301010131836 30.706222534179688 -4.099999904632568
vertex -15.255758285522461 22.20430564880371 -4.099999904632568
endloop
endfacet
facet normal 0 0 1
outer loop
vertex -29.768301010131836 30.706222534179688 -4.099999904632568
vertex -14.791207313537598 20.0588321685791 -4.099999904632568
vertex -14.75485897064209 20.334924697875977 -4.099999904632568
endloop
endfacet
facet normal 0 0 1
outer loop
vertex -29.768301010131836 30.706222534179688 -4.099999904632568
vertex -16.69767951965332 16.756698608398438 -4.099999904632568
vertex -14.791207313537598 20.0588321685791 -4.099999904632568
endloop
endfacet
facet normal 0 0 1
outer loop
vertex -29.579586029052734 36.07685470581055 -4.099999904632568
vertex -81.2193374633789 26.757522583007812 -4.099999904632568
vertex -29.41099739074707 35.85882568359375 -4.099999904632568
endloop
endfacet
facet normal 0.8660261242468708 -0.4999987521203861 0
outer loop
vertex -66.63556671142578 55.48176574707031 -4.099999904632568
vertex -66.63556671142578 55.48176574707031 -0.5
vertex -81.85327911376953 29.12382698059082 -0.5
endloop
endfacet
facet normal 0 0 1
outer loop
vertex -29.768301010131836 30.706222534179688 -4.099999904632568
vertex -15.947124481201172 15.456703186035156 -4.099999904632568
vertex -16.69767951965332 16.756698608398438 -4.099999904632568
endloop
endfacet
facet normal 0 1 0
outer loop
vertex 81.99594116210938 -59.06829833984375 -0.5
vertex 81.99594116210938 -59.06829833984375 -4.099999904632568
vertex 81.70599365234375 -59.06829833984375 -4.099999904632568
endloop
endfacet
facet normal -0.7071100702771196 0.7071034920806762 0
outer loop
vertex 82.40599060058594 -58.65824508666992 -0.5
vertex 82.40599060058594 -58.65824508666992 -4.099999904632568
vertex 81.99594116210938 -59.06829833984375 -4.099999904632568
endloop
endfacet
facet normal 0 0 1
outer loop
vertex 81.99594116210938 -59.06829833984375 -4.099999904632568
vertex 82.40599060058594 -58.65824508666992 -4.099999904632568
vertex 81.70599365234375 -59.06829833984375 -4.099999904632568
endloop
endfacet
facet normal 0.7159708867350851 0.6981301378308888 0
outer loop
vertex -19.332483291625977 5.392618656158447 -4.099999904632568
vertex -19.332483291625977 5.392618656158447 -0.5
vertex -18.59400749206543 4.635271072387695 -0.5
endloop
endfacet
facet normal 0.7159708867350851 0.6981301378308888 0
outer loop
vertex -18.59400749206543 4.635271072387695 -0.5
vertex -18.59400749206543 4.635271072387695 -4.099999904632568
vertex -19.332483291625977 5.392618656158447 -4.099999904632568
endloop
endfacet
facet normal 0.02522854090910268 0.9996817097074436 0
outer loop
vertex -19.332483291625977 5.392618656158447 -0.5
vertex -19.332483291625977 5.392618656158447 -4.099999904632568
vertex -22.787017822265625 5.479799270629883 -4.099999904632568
endloop
endfacet
facet normal 0 1 0
outer loop
vertex 81.70599365234375 -59.06829833984375 -4.099999904632568
vertex 81.70599365234375 -59.06829833984375 -0.5
vertex 81.99594116210938 -59.06829833984375 -0.5
endloop
endfacet
facet normal 1 0 0
outer loop
vertex 57.40599060058594 28.093225479125977 -0.5
vertex 57.40599060058594 28.093225479125977 -4.099999904632568
vertex 57.40599060058594 32.724369049072266 -4.099999904632568
endloop
endfacet
facet normal 0 0 1
outer loop
vertex 5.699423313140869 13.981648445129395 -4.099999904632568
vertex -19.332483291625977 5.392618656158447 -4.099999904632568
vertex 5.8059916496276855 13.72436809539795 -4.099999904632568
endloop
endfacet
facet normal 0.9238757524141766 -0.38269255819931874 0
outer loop
vertex 57.40599060058594 32.724369049072266 -0.5
vertex 57.40599060058594 32.724369049072266 -4.099999904632568
vertex 57.5125617980957 32.98164749145508 -4.099999904632568
endloop
endfacet
facet normal 0.7071077667266362 -0.7071057956450851 0
outer loop
vertex 57.5125617980957 32.98164749145508 -0.5
vertex 57.5125617980957 32.98164749145508 -4.099999904632568
vertex 58.881046295166016 34.350135803222656 -4.099999904632568
endloop
endfacet
facet normal 0.3826808658763721 -0.923880595581545 0
outer loop
vertex 58.881046295166016 34.350135803222656 -0.5
vertex 58.881046295166016 34.350135803222656 -4.099999904632568
vertex 59.13832473754883 34.456703186035156 -4.099999904632568
endloop
endfacet
facet normal 1 0 0
outer loop
vertex 57.40599060058594 32.724369049072266 -4.099999904632568
vertex 57.40599060058594 32.724369049072266 -0.5
vertex 57.40599060058594 28.093225479125977 -0.5
endloop
endfacet
facet normal 0.9238757524141766 -0.38269255819931874 0
outer loop
vertex 57.5125617980957 32.98164749145508 -4.099999904632568
vertex 57.5125617980957 32.98164749145508 -0.5
vertex 57.40599060058594 32.724369049072266 -0.5
endloop
endfacet
facet normal 0 0 1
outer loop
vertex -19.332483291625977 5.392618656158447 -4.099999904632568
vertex 5.8059916496276855 9.093225479125977 -4.099999904632568
vertex 5.8059916496276855 13.72436809539795 -4.099999904632568
endloop
endfacet
facet normal 0 0 1
outer loop
vertex 4.330936908721924 15.350133895874023 -4.099999904632568
vertex -19.332483291625977 5.392618656158447 -4.099999904632568
vertex 5.699423313140869 13.981648445129395 -4.099999904632568
endloop
endfacet
facet normal 0 0 1
outer loop
vertex 4.073657512664795 15.456703186035156 -4.099999904632568
vertex -19.332483291625977 5.392618656158447 -4.099999904632568
vertex 4.330936908721924 15.350133895874023 -4.099999904632568
endloop
endfacet
facet normal 0 0 1
outer loop
vertex -19.332483291625977 5.392618656158447 -4.099999904632568
vertex 6.567514419555664 8.331703186035156 -4.099999904632568
vertex 5.8059916496276855 9.093225479125977 -4.099999904632568
endloop
endfacet
facet normal 0 0 1
outer loop
vertex -15.947124481201172 15.456703186035156 -4.099999904632568
vertex -19.332483291625977 5.392618656158447 -4.099999904632568
vertex 4.073657512664795 15.456703186035156 -4.099999904632568
endloop
endfacet
facet normal 0 0 1
outer loop
vertex -29.768301010131836 30.706222534179688 -4.099999904632568
vertex -19.332483291625977 5.392618656158447 -4.099999904632568
vertex -15.947124481201172 15.456703186035156 -4.099999904632568
endloop
endfacet
facet normal 0 0 1
outer loop
vertex -29.768301010131836 30.706222534179688 -4.099999904632568
vertex -22.787017822265625 5.479799270629883 -4.099999904632568
vertex -19.332483291625977 5.392618656158447 -4.099999904632568
endloop
endfacet
facet normal 0 0 1
outer loop
vertex -29.768301010131836 30.706222534179688 -4.099999904632568
vertex -23.41005516052246 5.130491256713867 -4.099999904632568
vertex -22.787017822265625 5.479799270629883 -4.099999904632568
endloop
endfacet
facet normal -0.7071100702771196 0.7071034920806762 0
outer loop
vertex 81.99594116210938 -59.06829833984375 -4.099999904632568
vertex 81.99594116210938 -59.06829833984375 -0.5
vertex 82.40599060058594 -58.65824508666992 -0.5
endloop
endfacet
facet normal 0.02522854090910268 0.9996817097074436 0
outer loop
vertex -22.787017822265625 5.479799270629883 -4.099999904632568
vertex -22.787017822265625 5.479799270629883 -0.5
vertex -19.332483291625977 5.392618656158447 -0.5
endloop
endfacet
facet normal -0.48903719497680226 0.8722629316491795 0
outer loop
vertex -23.41005516052246 5.130491256713867 -4.099999904632568
vertex -23.41005516052246 5.130491256713867 -0.5
vertex -22.787017822265625 5.479799270629883 -0.5
endloop
endfacet
facet normal -0.48903719497680226 0.8722629316491795 0
outer loop
vertex -22.787017822265625 5.479799270629883 -0.5
vertex -22.787017822265625 5.479799270629883 -4.099999904632568
vertex -23.41005516052246 5.130491256713867 -4.099999904632568
endloop
endfacet
facet normal 0 0 1
outer loop
vertex 81.70599365234375 -59.06829833984375 -4.099999904632568
vertex 82.40599060058594 -58.65824508666992 -4.099999904632568
vertex 82.40599060058594 -26.07834815979004 -4.099999904632568
endloop
endfacet
facet normal 0 0 1
outer loop
vertex 18.64447021484375 8.331703186035156 -4.099999904632568
vertex 81.80599212646484 -25.198455810546875 -4.099999904632568
vertex 19.40599250793457 9.093225479125977 -4.099999904632568
endloop
endfacet
facet normal 0 0 1
outer loop
vertex 81.70599365234375 -26.368297576904297 -4.099999904632568
vertex 81.70599365234375 -59.06829833984375 -4.099999904632568
vertex 82.40599060058594 -26.07834815979004 -4.099999904632568
endloop
endfacet
facet normal 0 0 1
outer loop
vertex -64.54483032226562 56.15206527709961 -4.099999904632568
vertex -81.85327911376953 29.12382698059082 -4.099999904632568
vertex -64.2686996459961 56.11566162109375 -4.099999904632568
endloop
endfacet
facet normal 0 0 1
outer loop
vertex -66.41458892822266 55.651302337646484 -4.099999904632568
vertex -81.85327911376953 29.12382698059082 -4.099999904632568
vertex -64.54483032226562 56.15206527709961 -4.099999904632568
endloop
endfacet
facet normal 0.7071100702771196 0.7071034920806762 0
outer loop
vertex -18.183958053588867 -59.06829833984375 -0.5
vertex -18.183958053588867 -59.06829833984375 -4.099999904632568
vertex -18.59400749206543 -58.65824508666992 -0.5
endloop
endfacet
facet normal 0 0 1
outer loop
vertex -81.85327911376953 29.12382698059082 -4.099999904632568
vertex -66.41458892822266 55.651302337646484 -4.099999904632568
vertex -66.63556671142578 55.48176574707031 -4.099999904632568
endloop
endfacet
facet normal 0 1 0
outer loop
vertex -18.183958053588867 -59.06829833984375 -4.099999904632568
vertex -18.183958053588867 -59.06829833984375 -0.5
vertex -17.294008255004883 -59.06829833984375 -0.5
endloop
endfacet
facet normal 0.923880595581545 -0.3826808658763721 0
outer loop
vertex 19.40599250793457 25.599369049072266 -0.5
vertex 19.40599250793457 25.599369049072266 -4.099999904632568
vertex 19.51255989074707 25.856647491455078 -4.099999904632568
endloop
endfacet
facet normal 0.7071067811865476 -0.7071067811865476 0
outer loop
vertex 19.51255989074707 25.856647491455078 -0.5
vertex 19.51255989074707 25.856647491455078 -4.099999904632568
vertex 20.881046295166016 27.225133895874023 -4.099999904632568
endloop
endfacet
facet normal 0.38268429049115504 -0.9238791770633653 0
outer loop
vertex 20.881046295166016 27.225133895874023 -0.5
vertex 20.881046295166016 27.225133895874023 -4.099999904632568
vertex 21.13832664489746 27.331703186035156 -4.099999904632568
endloop
endfacet
facet normal 1 0 0
outer loop
vertex 19.40599250793457 25.599369049072266 -4.099999904632568
vertex 19.40599250793457 25.599369049072266 -0.5
vertex 19.40599250793457 9.093225479125977 -0.5
endloop
endfacet
facet normal -0.38267117986296995 -0.9238846075686523 0
outer loop
vertex 80.33094024658203 34.350135803222656 -4.099999904632568
vertex 80.33094024658203 34.350135803222656 -0.5
vertex 80.07365417480469 34.456703186035156 -0.5
endloop
endfacet
facet normal 0.8660261242468708 -0.4999987521203861 0
outer loop
vertex -81.85327911376953 29.12382698059082 -0.5
vertex -81.85327911376953 29.12382698059082 -4.099999904632568
vertex -66.63556671142578 55.48176574707031 -4.099999904632568
endloop
endfacet
facet normal -0.1307039324148135 -0.991421445224635 0
outer loop
vertex -64.2686996459961 56.11566162109375 -4.099999904632568
vertex -64.2686996459961 56.11566162109375 -0.5
vertex -64.54483032226562 56.15206527709961 -0.5
endloop
endfacet
facet normal 0 0 1
outer loop
vertex 21.13832664489746 27.331703186035156 -4.099999904632568
vertex 81.80599212646484 -25.198455810546875 -4.099999904632568
vertex 56.64447021484375 27.331703186035156 -4.099999904632568
endloop
endfacet
facet normal -0.5002066296569598 -0.8659060732245876 0
outer loop
vertex -64.2686996459961 56.11566162109375 -4.099999904632568
vertex -29.579586029052734 36.07685470581055 -4.099999904632568
vertex -64.2686996459961 56.11566162109375 -0.5
endloop
endfacet
facet normal -0.923880595581545 -0.3826808658763721 0
outer loop
vertex 81.80599212646484 32.724369049072266 -4.099999904632568
vertex 81.80599212646484 32.724369049072266 -0.5
vertex 81.69942474365234 32.98164749145508 -0.5
endloop
endfacet
facet normal -0.7071077667266362 -0.7071057956450851 0
outer loop
vertex 81.69942474365234 32.98164749145508 -4.099999904632568
vertex 81.69942474365234 32.98164749145508 -0.5
vertex 80.33094024658203 34.350135803222656 -0.5
endloop
endfacet
facet normal 0.7071100702771196 0.7071034920806762 0
outer loop
vertex -18.59400749206543 -58.65824508666992 -0.5
vertex -18.183958053588867 -59.06829833984375 -4.099999904632568
vertex -18.59400749206543 -58.65824508666992 -4.099999904632568
endloop
endfacet
facet normal 0 1 0
outer loop
vertex -17.294008255004883 -59.06829833984375 -0.5
vertex -17.294008255004883 -59.06829833984375 -4.099999904632568
vertex -18.183958053588867 -59.06829833984375 -4.099999904632568
endloop
endfacet
facet normal -1 0 0
outer loop
vertex 82.40599060058594 -58.65824508666992 -4.099999904632568
vertex 82.40599060058594 -58.65824508666992 -0.5
vertex 82.40599060058594 -26.07834815979004 -0.5
endloop
endfacet
facet normal 0.7071077667266362 -0.7071057956450851 0
outer loop
vertex 58.881046295166016 34.350135803222656 -4.099999904632568
vertex 58.881046295166016 34.350135803222656 -0.5
vertex 57.5125617980957 32.98164749145508 -0.5
endloop
endfacet
facet normal 0.3826808658763721 -0.923880595581545 0
outer loop
vertex 59.13832473754883 34.456703186035156 -4.099999904632568
vertex 59.13832473754883 34.456703186035156 -0.5
vertex 58.881046295166016 34.350135803222656 -0.5
endloop
endfacet
facet normal 0.923880595581545 -0.3826808658763721 0
outer loop
vertex 19.51255989074707 25.856647491455078 -4.099999904632568
vertex 19.51255989074707 25.856647491455078 -0.5
vertex 19.40599250793457 25.599369049072266 -0.5
endloop
endfacet
facet normal 0 -1 0
outer loop
vertex 59.13832473754883 34.456703186035156 -0.5
vertex 59.13832473754883 34.456703186035156 -4.099999904632568
vertex 80.07365417480469 34.456703186035156 -4.099999904632568
endloop
endfacet
facet normal 0 -1 0
outer loop
vertex 80.07365417480469 34.456703186035156 -4.099999904632568
vertex 80.07365417480469 34.456703186035156 -0.5
vertex 59.13832473754883 34.456703186035156 -0.5
endloop
endfacet
facet normal 0.7071067811865476 -0.7071067811865476 0
outer loop
vertex 20.881046295166016 27.225133895874023 -4.099999904632568
vertex 20.881046295166016 27.225133895874023 -0.5
vertex 19.51255989074707 25.856647491455078 -0.5
endloop
endfacet
facet normal -1 0 0
outer loop
vertex 82.40599060058594 -26.07834815979004 -0.5
vertex 82.40599060058594 -26.07834815979004 -4.099999904632568
vertex 82.40599060058594 -58.65824508666992 -4.099999904632568
endloop
endfacet
facet normal -0.8660269008981963 0.4999974069139416 0
outer loop
vertex -27.633895874023438 -2.1854660511016846 -4.099999904632568
vertex -27.633895874023438 -2.1854660511016846 -0.5
vertex -23.41005516052246 5.130491256713867 -0.5
endloop
endfacet
facet normal 0 0 1
outer loop
vertex 81.80599212646484 -25.198455810546875 -4.099999904632568
vertex -18.59400749206543 4.635271072387695 -4.099999904632568
vertex 81.70599365234375 -26.368297576904297 -4.099999904632568
endloop
endfacet
facet normal -0.6087489667956273 0.7933629027281629 0
outer loop
vertex -27.854841232299805 -2.3549978733062744 -4.099999904632568
vertex -27.854841232299805 -2.3549978733062744 -0.5
vertex -27.633895874023438 -2.1854660511016846 -0.5
endloop
endfacet
facet normal -0.25877964665587266 0.9659363822098542 0
outer loop
vertex -29.724363327026367 -2.8558530807495117 -4.099999904632568
vertex -29.724363327026367 -2.8558530807495117 -0.5
vertex -27.854841232299805 -2.3549978733062744 -0.5
endloop
endfacet
facet normal 0.13058747291305495 0.9914367916908178 0
outer loop
vertex -30.000473022460938 -2.8194851875305176 -4.099999904632568
vertex -30.000473022460938 -2.8194851875305176 -0.5
vertex -29.724363327026367 -2.8558530807495117 -0.5
endloop
endfacet
facet normal -0.8660269008981963 0.4999974069139416 0
outer loop
vertex -23.41005516052246 5.130491256713867 -0.5
vertex -23.41005516052246 5.130491256713867 -4.099999904632568
vertex -27.633895874023438 -2.1854660511016846 -4.099999904632568
endloop
endfacet
facet normal -0.6087489667956273 0.7933629027281629 0
outer loop
vertex -27.633895874023438 -2.1854660511016846 -0.5
vertex -27.633895874023438 -2.1854660511016846 -4.099999904632568
vertex -27.854841232299805 -2.3549978733062744 -4.099999904632568
endloop
endfacet
facet normal -0.25877964665587266 0.9659363822098542 0
outer loop
vertex -27.854841232299805 -2.3549978733062744 -0.5
vertex -27.854841232299805 -2.3549978733062744 -4.099999904632568
vertex -29.724363327026367 -2.8558530807495117 -4.099999904632568
endloop
endfacet
facet normal 0.13058747291305495 0.9914367916908178 0
outer loop
vertex -29.724363327026367 -2.8558530807495117 -0.5
vertex -29.724363327026367 -2.8558530807495117 -4.099999904632568
vertex -30.000473022460938 -2.8194851875305176 -4.099999904632568
endloop
endfacet
facet normal 0 0 1
outer loop
vertex -29.768301010131836 30.706222534179688 -4.099999904632568
vertex -27.633895874023438 -2.1854660511016846 -4.099999904632568
vertex -23.41005516052246 5.130491256713867 -4.099999904632568
endloop
endfacet
facet normal 0 0 1
outer loop
vertex -29.768301010131836 30.706222534179688 -4.099999904632568
vertex -27.854841232299805 -2.3549978733062744 -4.099999904632568
vertex -27.633895874023438 -2.1854660511016846 -4.099999904632568
endloop
endfacet
facet normal 0 0 1
outer loop
vertex -29.768301010131836 30.706222534179688 -4.099999904632568
vertex -29.724363327026367 -2.8558530807495117 -4.099999904632568
vertex -27.854841232299805 -2.3549978733062744 -4.099999904632568
endloop
endfacet
facet normal 0 0 1
outer loop
vertex -29.768301010131836 30.706222534179688 -4.099999904632568
vertex -30.000473022460938 -2.8194851875305176 -4.099999904632568
vertex -29.724363327026367 -2.8558530807495117 -4.099999904632568
endloop
endfacet
facet normal -0.7071065348012249 -0.7071070275717843 0
outer loop
vertex 5.699423313140869 13.981648445129395 -0.5
vertex 4.330936908721924 15.350133895874023 -4.099999904632568
vertex 5.699423313140869 13.981648445129395 -4.099999904632568
endloop
endfacet
facet normal -0.3826855012724906 -0.9238786755390681 0
outer loop
vertex 4.073657512664795 15.456703186035156 -0.5
vertex 4.073657512664795 15.456703186035156 -4.099999904632568
vertex 4.330936908721924 15.350133895874023 -4.099999904632568
endloop
endfacet
facet normal -0.9238803878381614 -0.3826813674168218 0
outer loop
vertex 5.699423313140869 13.981648445129395 -0.5
vertex 5.699423313140869 13.981648445129395 -4.099999904632568
vertex 5.8059916496276855 13.72436809539795 -4.099999904632568
endloop
endfacet
facet normal -0.7071065348012249 -0.7071070275717843 0
outer loop
vertex 4.330936908721924 15.350133895874023 -0.5
vertex 4.330936908721924 15.350133895874023 -4.099999904632568
vertex 5.699423313140869 13.981648445129395 -0.5
endloop
endfacet
facet normal -0.3826855012724906 -0.9238786755390681 0
outer loop
vertex 4.330936908721924 15.350133895874023 -4.099999904632568
vertex 4.330936908721924 15.350133895874023 -0.5
vertex 4.073657512664795 15.456703186035156 -0.5
endloop
endfacet
facet normal 0 0 1
outer loop
vertex 81.70599365234375 -26.368297576904297 -4.099999904632568
vertex 82.40599060058594 -26.07834815979004 -4.099999904632568
vertex 82.00390625 -25.67626190185547 -4.099999904632568
endloop
endfacet
facet normal 0.9914413515484628 -0.13055284922113855 0
outer loop
vertex -81.85327911376953 29.12382698059082 -4.099999904632568
vertex -81.85327911376953 29.12382698059082 -0.5
vertex -81.88963317871094 28.847747802734375 -0.5
endloop
endfacet
facet normal -0.9238803878381614 -0.3826813674168218 0
outer loop
vertex 5.8059916496276855 13.72436809539795 -4.099999904632568
vertex 5.8059916496276855 13.72436809539795 -0.5
vertex 5.699423313140869 13.981648445129395 -0.5
endloop
endfacet
facet normal 0.9659365039753491 0.25877919214627804 0
outer loop
vertex -81.88963317871094 28.847747802734375 -4.099999904632568
vertex -81.88963317871094 28.847747802734375 -0.5
vertex -81.38883972167969 26.978452682495117 -0.5
endloop
endfacet
facet normal 0.9914413515484628 -0.13055284922113855 0
outer loop
vertex -81.88963317871094 28.847747802734375 -0.5
vertex -81.88963317871094 28.847747802734375 -4.099999904632568
vertex -81.85327911376953 29.12382698059082 -4.099999904632568
endloop
endfacet
facet normal 0 0 1
outer loop
vertex -81.88963317871094 28.847747802734375 -4.099999904632568
vertex -29.579586029052734 36.07685470581055 -4.099999904632568
vertex -81.85327911376953 29.12382698059082 -4.099999904632568
endloop
endfacet
facet normal 0 0 1
outer loop
vertex -81.38883972167969 26.978452682495117 -4.099999904632568
vertex -29.579586029052734 36.07685470581055 -4.099999904632568
vertex -81.88963317871094 28.847747802734375 -4.099999904632568
endloop
endfacet
facet normal 0 0 1
outer loop
vertex -81.38883972167969 26.978452682495117 -4.099999904632568
vertex -81.2193374633789 26.757522583007812 -4.099999904632568
vertex -29.579586029052734 36.07685470581055 -4.099999904632568
endloop
endfacet
facet normal -0.923880595581545 -0.3826808658763721 0
outer loop
vertex 81.69942474365234 32.98164749145508 -0.5
vertex 81.69942474365234 32.98164749145508 -4.099999904632568
vertex 81.80599212646484 32.724369049072266 -4.099999904632568
endloop
endfacet
facet normal 0.7933938704381465 0.6087086054518842 0
outer loop
vertex -81.2193374633789 26.757522583007812 -0.5
vertex -81.2193374633789 26.757522583007812 -4.099999904632568
vertex -81.38883972167969 26.978452682495117 -4.099999904632568
endloop
endfacet
facet normal 0.9659365039753491 0.25877919214627804 0
outer loop
vertex -81.38883972167969 26.978452682495117 -0.5
vertex -81.38883972167969 26.978452682495117 -4.099999904632568
vertex -81.88963317871094 28.847747802734375 -4.099999904632568
endloop
endfacet
facet normal 0.7933938704381465 0.6087086054518842 0
outer loop
vertex -81.38883972167969 26.978452682495117 -4.099999904632568
vertex -81.38883972167969 26.978452682495117 -0.5
vertex -81.2193374633789 26.757522583007812 -0.5
endloop
endfacet
facet normal -0.38267117986296995 -0.9238846075686523 0
outer loop
vertex 80.07365417480469 34.456703186035156 -0.5
vertex 80.07365417480469 34.456703186035156 -4.099999904632568
vertex 80.33094024658203 34.350135803222656 -4.099999904632568
endloop
endfacet
facet normal 0 0 1
outer loop
vertex 81.80599212646484 -25.198455810546875 -4.099999904632568
vertex 81.70599365234375 -26.368297576904297 -4.099999904632568
vertex 82.00390625 -25.67626190185547 -4.099999904632568
endloop
endfacet
facet normal -0.70710845831518 -0.7071051040539373 0
outer loop
vertex 82.00390625 -25.67626190185547 -0.5
vertex 82.00390625 -25.67626190185547 -4.099999904632568
vertex 82.40599060058594 -26.07834815979004 -4.099999904632568
endloop
endfacet
facet normal -0.9238792861796977 -0.3826840270616114 0
outer loop
vertex 81.80599212646484 -25.198455810546875 -0.5
vertex 81.80599212646484 -25.198455810546875 -4.099999904632568
vertex 82.00390625 -25.67626190185547 -4.099999904632568
endloop
endfacet
facet normal -0.7071077667266362 -0.7071057956450851 0
outer loop
vertex 80.33094024658203 34.350135803222656 -0.5
vertex 80.33094024658203 34.350135803222656 -4.099999904632568
vertex 81.69942474365234 32.98164749145508 -4.099999904632568
endloop
endfacet
facet normal -0.9238792861796977 -0.3826840270616114 0
outer loop
vertex 82.00390625 -25.67626190185547 -4.099999904632568
vertex 82.00390625 -25.67626190185547 -0.5
vertex 81.80599212646484 -25.198455810546875 -0.5
endloop
endfacet
facet normal -0.70710845831518 -0.7071051040539373 0
outer loop
vertex 82.40599060058594 -26.07834815979004 -4.099999904632568
vertex 82.40599060058594 -26.07834815979004 -0.5
vertex 82.00390625 -25.67626190185547 -0.5
endloop
endfacet
facet normal 1 0 0
outer loop
vertex 19.40599250793457 9.093225479125977 -0.5
vertex 19.40599250793457 9.093225479125977 -4.099999904632568
vertex 19.40599250793457 25.599369049072266 -4.099999904632568
endloop
endfacet
facet normal -1 0 0
outer loop
vertex 81.80599212646484 -25.198455810546875 -4.099999904632568
vertex 81.80599212646484 -25.198455810546875 -0.5
vertex 81.80599212646484 14.694483757019043 -0.5
endloop
endfacet
facet normal 0 0 1
outer loop
vertex -19.332483291625977 5.392618656158447 -4.099999904632568
vertex -18.59400749206543 4.635271072387695 -4.099999904632568
vertex 81.80599212646484 -25.198455810546875 -4.099999904632568
endloop
endfacet
facet normal 0 0 1
outer loop
vertex -81.2193374633789 26.757522583007812 -4.099999904632568
vertex -30.000473022460938 -2.8194851875305176 -4.099999904632568
vertex -29.768301010131836 30.706222534179688 -4.099999904632568
endloop
endfacet
facet normal 0 0 1
outer loop
vertex -18.59400749206543 4.635271072387695 -4.099999904632568
vertex 15.205991744995117 -26.368297576904297 -4.099999904632568
vertex 81.70599365234375 -26.368297576904297 -4.099999904632568
endloop
endfacet
facet normal 0.5000733251740433 0.8659830653363699 0
outer loop
vertex -81.2193374633789 26.757522583007812 -4.099999904632568
vertex -81.2193374633789 26.757522583007812 -0.5
vertex -30.000473022460938 -2.8194851875305176 -0.5
endloop
endfacet
facet normal 0 0 1
outer loop
vertex -19.332483291625977 5.392618656158447 -4.099999904632568
vertex 81.80599212646484 -25.198455810546875 -4.099999904632568
vertex 18.64447021484375 8.331703186035156 -4.099999904632568
endloop
endfacet
facet normal 0.5000733251740433 0.8659830653363699 0
outer loop
vertex -30.000473022460938 -2.8194851875305176 -4.099999904632568
vertex -81.2193374633789 26.757522583007812 -4.099999904632568
vertex -30.000473022460938 -2.8194851875305176 -0.5
endloop
endfacet
facet normal 0 0 1
outer loop
vertex -81.2193374633789 26.757522583007812 -4.099999904632568
vertex -29.768301010131836 30.706222534179688 -4.099999904632568
vertex -30.051969528198242 31.732879638671875 -4.099999904632568
endloop
endfacet
facet normal 0 1 0
outer loop
vertex 81.70599365234375 -59.3682975769043 -11.899999618530273
vertex 20.705991744995117 -59.3682975769043 -11.899999618530273
vertex 20.705991744995117 -59.3682975769043 -8.199999809265137
endloop
endfacet
facet normal 0 -1 0
outer loop
vertex 15.205991744995117 -26.368297576904297 -4.099999904632568
vertex 15.205991744995117 -26.368297576904297 -8.199999809265137
vertex 81.70599365234375 -26.368297576904297 -4.099999904632568
endloop
endfacet
facet normal -1 0 0
outer loop
vertex 81.70599365234375 -26.368297576904297 -11.899999618530273
vertex 81.70599365234375 -59.06829833984375 -4.099999904632568
vertex 81.70599365234375 -26.368297576904297 -4.099999904632568
endloop
endfacet
facet normal 0 1 0
outer loop
vertex 81.70599365234375 -59.3682975769043 -11.899999618530273
vertex 20.705991744995117 -59.3682975769043 -0.5
vertex 81.70599365234375 -59.3682975769043 -0.5
endloop
endfacet
facet normal 0 -1 0
outer loop
vertex 81.70599365234375 -26.368297576904297 -4.099999904632568
vertex 15.205991744995117 -26.368297576904297 -11.899999618530273
vertex 81.70599365234375 -26.368297576904297 -11.899999618530273
endloop
endfacet
facet normal -1 0 0
outer loop
vertex 81.70599365234375 -59.06829833984375 -0.5
vertex 81.70599365234375 -59.06829833984375 -4.099999904632568
vertex 81.70599365234375 -59.3682975769043 -0.5
endloop
endfacet
facet normal -1 0 0
outer loop
vertex 81.70599365234375 -59.3682975769043 -11.899999618530273
vertex 81.70599365234375 -59.3682975769043 -0.5
vertex 81.70599365234375 -59.06829833984375 -4.099999904632568
endloop
endfacet
facet normal 0 -1 0
outer loop
vertex 15.205991744995117 -26.368297576904297 -8.199999809265137
vertex 15.205991744995117 -26.368297576904297 -11.899999618530273
vertex 81.70599365234375 -26.368297576904297 -4.099999904632568
endloop
endfacet
facet normal 1 0 0
outer loop
vertex 15.205991744995117 -41.3682975769043 -8.199999809265137
vertex 15.205991744995117 -26.368297576904297 -11.899999618530273
vertex 15.205991744995117 -26.368297576904297 -8.199999809265137
endloop
endfacet
facet normal 0 1 0
outer loop
vertex 20.705991744995117 -59.3682975769043 -0.5
vertex 81.70599365234375 -59.3682975769043 -11.899999618530273
vertex 20.705991744995117 -59.3682975769043 -8.199999809265137
endloop
endfacet
facet normal -1 0 0
outer loop
vertex 81.70599365234375 -26.368297576904297 -11.899999618530273
vertex 81.70599365234375 -59.3682975769043 -11.899999618530273
vertex 81.70599365234375 -59.06829833984375 -4.099999904632568
endloop
endfacet
facet normal 0 1 0
outer loop
vertex 20.705991744995117 -41.3682975769043 -8.199999809265137
vertex 15.205991744995117 -41.3682975769043 -11.899999618530273
vertex 15.205991744995117 -41.3682975769043 -8.199999809265137
endloop
endfacet
facet normal 0 1 0
outer loop
vertex 20.705991744995117 -41.3682975769043 -11.899999618530273
vertex 15.205991744995117 -41.3682975769043 -11.899999618530273
vertex 20.705991744995117 -41.3682975769043 -8.199999809265137
endloop
endfacet
facet normal 1 0 0
outer loop
vertex 15.205991744995117 -41.3682975769043 -11.899999618530273
vertex 15.205991744995117 -26.368297576904297 -11.899999618530273
vertex 15.205991744995117 -41.3682975769043 -8.199999809265137
endloop
endfacet
facet normal 1 0 0
outer loop
vertex 20.705991744995117 -59.3682975769043 -8.199999809265137
vertex 20.705991744995117 -41.3682975769043 -11.899999618530273
vertex 20.705991744995117 -41.3682975769043 -8.199999809265137
endloop
endfacet
facet normal 1 0 0
outer loop
vertex 20.705991744995117 -59.3682975769043 -11.899999618530273
vertex 20.705991744995117 -41.3682975769043 -11.899999618530273
vertex 20.705991744995117 -59.3682975769043 -8.199999809265137
endloop
endfacet
facet normal 0 0 1
outer loop
vertex 15.205991744995117 -41.3682975769043 -11.899999618530273
vertex 20.705991744995117 -41.3682975769043 -11.899999618530273
vertex 15.205991744995117 -26.368297576904297 -11.899999618530273
endloop
endfacet
facet normal 0 0 1
outer loop
vertex 20.705991744995117 -59.3682975769043 -11.899999618530273
vertex 81.70599365234375 -59.3682975769043 -11.899999618530273
vertex 20.705991744995117 -41.3682975769043 -11.899999618530273
endloop
endfacet
facet normal 0 0 1
outer loop
vertex 15.205991744995117 -26.368297576904297 -11.899999618530273
vertex 20.705991744995117 -41.3682975769043 -11.899999618530273
vertex 81.70599365234375 -26.368297576904297 -11.899999618530273
endloop
endfacet
facet normal 0 0 1
outer loop
vertex 81.70599365234375 -26.368297576904297 -11.899999618530273
vertex 20.705991744995117 -41.3682975769043 -11.899999618530273
vertex 81.70599365234375 -59.3682975769043 -11.899999618530273
endloop
endfacet
facet normal 0 1 0
outer loop
vertex 20.705991744995117 -59.3682975769043 -0.5
vertex 17.955991744995117 -59.3682975769043 -6.699999809265137
vertex 17.879871368408203 -59.3682975769043 -6.31731653213501
endloop
endfacet
facet normal 0 0 1
outer loop
vertex 10.75599193572998 -38.2682991027832 -8.199999809265137
vertex 6.655992031097412 -38.2682991027832 -8.199999809265137
vertex 15.205991744995117 -41.3682975769043 -8.199999809265137
endloop
endfacet
facet normal 0 0 1
outer loop
vertex -17.294008255004883 -59.3682975769043 -8.199999809265137
vertex 8.205991744995117 -59.3682975769043 -8.199999809265137
vertex 8.205991744995117 -50.3682975769043 -8.199999809265137
endloop
endfacet
facet normal 0 1 0
outer loop
vertex 16.955991744995117 -59.3682975769043 -5.699999809265137
vertex 20.705991744995117 -59.3682975769043 -0.5
vertex 17.338674545288086 -59.3682975769043 -5.776120662689209
endloop
endfacet
facet normal 0 1 0
outer loop
vertex 20.705991744995117 -59.3682975769043 -0.5
vertex 17.66309928894043 -59.3682975769043 -5.992893218994141
vertex 17.338674545288086 -59.3682975769043 -5.776120662689209
endloop
endfacet
facet normal 0 1 0
outer loop
vertex 20.705991744995117 -59.3682975769043 -0.5
vertex 17.879871368408203 -59.3682975769043 -6.31731653213501
vertex 17.66309928894043 -59.3682975769043 -5.992893218994141
endloop
endfacet
facet normal 1 0 0
outer loop
vertex -17.294008255004883 -59.3682975769043 -8.199999809265137
vertex -17.294008255004883 -26.368297576904297 -8.199999809265137
vertex -17.294008255004883 -26.368297576904297 -4.099999904632568
endloop
endfacet
facet normal 0 0 1
outer loop
vertex -17.294008255004883 -26.368297576904297 -8.199999809265137
vertex -17.294008255004883 -59.3682975769043 -8.199999809265137
vertex 8.205991744995117 -50.3682975769043 -8.199999809265137
endloop
endfacet
facet normal 0 1 0
outer loop
vertex -17.294008255004883 -59.3682975769043 -8.199999809265137
vertex 8.455991744995117 -59.3682975769043 -6.699999809265137
vertex 8.205991744995117 -59.3682975769043 -8.199999809265137
endloop
endfacet
facet normal 1 0 0
outer loop
vertex -17.294008255004883 -59.3682975769043 -0.5
vertex -17.294008255004883 -59.3682975769043 -8.199999809265137
vertex -17.294008255004883 -59.06829833984375 -4.099999904632568
endloop
endfacet
facet normal 0 1 0
outer loop
vertex 9.455991744995117 -59.3682975769043 -5.699999809265137
vertex 20.705991744995117 -59.3682975769043 -0.5
vertex 16.955991744995117 -59.3682975769043 -5.699999809265137
endloop
endfacet
facet normal 0 1 0
outer loop
vertex 20.705991744995117 -59.3682975769043 -0.5
vertex 18.205991744995117 -59.3682975769043 -8.199999809265137
vertex 17.955991744995117 -59.3682975769043 -6.699999809265137
endloop
endfacet
facet normal 0 1 0
outer loop
vertex 18.205991744995117 -59.3682975769043 -8.199999809265137
vertex 20.705991744995117 -59.3682975769043 -0.5
vertex 20.705991744995117 -59.3682975769043 -8.199999809265137
endloop
endfacet
facet normal 0 1 0
outer loop
vertex -17.294008255004883 -59.3682975769043 -8.199999809265137
vertex 20.705991744995117 -59.3682975769043 -0.5
vertex 9.455991744995117 -59.3682975769043 -5.699999809265137
endloop
endfacet
facet normal 0 0 1
outer loop
vertex 20.705991744995117 -41.3682975769043 -8.199999809265137
vertex 15.205991744995117 -41.3682975769043 -8.199999809265137
vertex 18.205991744995117 -50.3682975769043 -8.199999809265137
endloop
endfacet
facet normal 0 0 1
outer loop
vertex 6.655992031097412 -38.2682991027832 -8.199999809265137
vertex 18.205991744995117 -50.3682975769043 -8.199999809265137
vertex 15.205991744995117 -41.3682975769043 -8.199999809265137
endloop
endfacet
facet normal 0 0 1
outer loop
vertex 6.655992031097412 -38.2682991027832 -8.199999809265137
vertex -17.294008255004883 -26.368297576904297 -8.199999809265137
vertex 18.205991744995117 -50.3682975769043 -8.199999809265137
endloop
endfacet
facet normal 0 0 1
outer loop
vertex -17.294008255004883 -26.368297576904297 -8.199999809265137
vertex 8.205991744995117 -50.3682975769043 -8.199999809265137
vertex 18.205991744995117 -50.3682975769043 -8.199999809265137
endloop
endfacet
facet normal 1 0 0
outer loop
vertex -17.294008255004883 -59.3682975769043 -0.5
vertex -17.294008255004883 -59.06829833984375 -4.099999904632568
vertex -17.294008255004883 -59.06829833984375 -0.5
endloop
endfacet
facet normal 0 0 1
outer loop
vertex 18.205991744995117 -50.3682975769043 -8.199999809265137
vertex 18.205991744995117 -59.3682975769043 -8.199999809265137
vertex 20.705991744995117 -41.3682975769043 -8.199999809265137
endloop
endfacet
facet normal 0 0 1
outer loop
vertex 18.205991744995117 -59.3682975769043 -8.199999809265137
vertex 20.705991744995117 -59.3682975769043 -8.199999809265137
vertex 20.705991744995117 -41.3682975769043 -8.199999809265137
endloop
endfacet
facet normal 0 1 0
outer loop
vertex 18.205991744995117 -59.3682975769043 -8.199999809265137
vertex 17.955991744995117 -59.3682975769043 -8.199999809265137
vertex 17.955991744995117 -59.3682975769043 -6.699999809265137
endloop
endfacet
facet normal 0 1 0
outer loop
vertex 9.073307991027832 -59.3682975769043 -5.776120662689209
vertex -17.294008255004883 -59.3682975769043 -8.199999809265137
vertex 9.455991744995117 -59.3682975769043 -5.699999809265137
endloop
endfacet
facet normal 0 1 0
outer loop
vertex 8.748885154724121 -59.3682975769043 -5.992893218994141
vertex -17.294008255004883 -59.3682975769043 -8.199999809265137
vertex 9.073307991027832 -59.3682975769043 -5.776120662689209
endloop
endfacet
facet normal 0 1 0
outer loop
vertex 8.532112121582031 -59.3682975769043 -6.31731653213501
vertex -17.294008255004883 -59.3682975769043 -8.199999809265137
vertex 8.748885154724121 -59.3682975769043 -5.992893218994141
endloop
endfacet
facet normal 0 1 0
outer loop
vertex 8.455991744995117 -59.3682975769043 -8.199999809265137
vertex 8.205991744995117 -59.3682975769043 -8.199999809265137
vertex 8.455991744995117 -59.3682975769043 -6.699999809265137
endloop
endfacet
facet normal 0 1 0
outer loop
vertex -17.294008255004883 -59.3682975769043 -0.5
vertex 20.705991744995117 -59.3682975769043 -0.5
vertex -17.294008255004883 -59.3682975769043 -8.199999809265137
endloop
endfacet
facet normal 0 0 1
outer loop
vertex -17.294008255004883 -26.368297576904297 -8.199999809265137
vertex 6.655992031097412 -28.468297958374023 -8.199999809265137
vertex 10.75599193572998 -28.468297958374023 -8.199999809265137
endloop
endfacet
facet normal 0 0 1
outer loop
vertex 10.75599193572998 -28.468297958374023 -8.199999809265137
vertex 15.205991744995117 -26.368297576904297 -8.199999809265137
vertex -17.294008255004883 -26.368297576904297 -8.199999809265137
endloop
endfacet
facet normal 1 0 0
outer loop
vertex -17.294008255004883 -59.06829833984375 -4.099999904632568
vertex -17.294008255004883 -59.3682975769043 -8.199999809265137
vertex -17.294008255004883 -26.368297576904297 -4.099999904632568
endloop
endfacet
facet normal 0 -1 0
outer loop
vertex 15.205991744995117 -26.368297576904297 -4.099999904632568
vertex -17.294008255004883 -26.368297576904297 -8.199999809265137
vertex 15.205991744995117 -26.368297576904297 -8.199999809265137
endloop
endfacet
facet normal 0 0 1
outer loop
vertex 10.75599193572998 -28.468297958374023 -8.199999809265137
vertex 10.75599193572998 -38.2682991027832 -8.199999809265137
vertex 15.205991744995117 -26.368297576904297 -8.199999809265137
endloop
endfacet
facet normal 0 -1 0
outer loop
vertex -17.294008255004883 -26.368297576904297 -4.099999904632568
vertex -17.294008255004883 -26.368297576904297 -8.199999809265137
vertex 15.205991744995117 -26.368297576904297 -4.099999904632568
endloop
endfacet
facet normal 0 0 1
outer loop
vertex 6.655992031097412 -38.2682991027832 -8.199999809265137
vertex 6.655992031097412 -28.468297958374023 -8.199999809265137
vertex -17.294008255004883 -26.368297576904297 -8.199999809265137
endloop
endfacet
facet normal 0 0 1
outer loop
vertex 10.75599193572998 -38.2682991027832 -8.199999809265137
vertex 15.205991744995117 -41.3682975769043 -8.199999809265137
vertex 15.205991744995117 -26.368297576904297 -8.199999809265137
endloop
endfacet
facet normal 0 1 0
outer loop
vertex 8.455991744995117 -59.3682975769043 -6.699999809265137
vertex -17.294008255004883 -59.3682975769043 -8.199999809265137
vertex 8.532112121582031 -59.3682975769043 -6.31731653213501
endloop
endfacet
facet normal 0 1 0
outer loop
vertex 8.205991744995117 -59.3682975769043 -9.5
vertex 16.955991744995117 -59.3682975769043 -9.199999809265137
vertex 18.205991744995117 -59.3682975769043 -9.5
endloop
endfacet
facet normal -1 0 0
outer loop
vertex 18.205991744995117 -50.3682975769043 -8.199999809265137
vertex 18.205991744995117 -50.3682975769043 -9.5
vertex 18.205991744995117 -59.3682975769043 -8.199999809265137
endloop
endfacet
facet normal 0 1 0
outer loop
vertex 8.205991744995117 -59.3682975769043 -9.5
vertex 9.073307991027832 -59.3682975769043 -9.123879432678223
vertex 9.455991744995117 -59.3682975769043 -9.199999809265137
endloop
endfacet
facet normal 0 1 0
outer loop
vertex 9.073307991027832 -59.3682975769043 -9.123879432678223
vertex 8.205991744995117 -59.3682975769043 -9.5
vertex 8.748885154724121 -59.3682975769043 -8.907106399536133
endloop
endfacet
facet normal 0 1 0
outer loop
vertex 8.748885154724121 -59.3682975769043 -8.907106399536133
vertex 8.205991744995117 -59.3682975769043 -9.5
vertex 8.532112121582031 -59.3682975769043 -8.582683563232422
endloop
endfacet
facet normal 1 0 0
outer loop
vertex 8.205991744995117 -50.3682975769043 -8.199999809265137
vertex 8.205991744995117 -59.3682975769043 -9.5
vertex 8.205991744995117 -50.3682975769043 -9.5
endloop
endfacet
facet normal 0 1 0
outer loop
vertex 16.955991744995117 -59.3682975769043 -9.199999809265137
vertex 8.205991744995117 -59.3682975769043 -9.5
vertex 9.455991744995117 -59.3682975769043 -9.199999809265137
endloop
endfacet
facet normal 0 1 0
outer loop
vertex 18.205991744995117 -59.3682975769043 -9.5
vertex 16.955991744995117 -59.3682975769043 -9.199999809265137
vertex 17.338674545288086 -59.3682975769043 -9.123879432678223
endloop
endfacet
facet normal 0 1 0
outer loop
vertex 17.338674545288086 -59.3682975769043 -9.123879432678223
vertex 17.66309928894043 -59.3682975769043 -8.907106399536133
vertex 18.205991744995117 -59.3682975769043 -9.5
endloop
endfacet
facet normal 0 1 0
outer loop
vertex 17.66309928894043 -59.3682975769043 -8.907106399536133
vertex 17.879871368408203 -59.3682975769043 -8.582683563232422
vertex 18.205991744995117 -59.3682975769043 -9.5
endloop
endfacet
facet normal 0 0 1
outer loop
vertex 8.205991744995117 -50.3682975769043 -9.5
vertex 8.205991744995117 -59.3682975769043 -9.5
vertex 18.205991744995117 -59.3682975769043 -9.5
endloop
endfacet
facet normal 0 0 1
outer loop
vertex 8.205991744995117 -50.3682975769043 -9.5
vertex 18.205991744995117 -59.3682975769043 -9.5
vertex 18.205991744995117 -50.3682975769043 -9.5
endloop
endfacet
facet normal 0 -1 0
outer loop
vertex 18.205991744995117 -50.3682975769043 -8.199999809265137
vertex 8.205991744995117 -50.3682975769043 -9.5
vertex 18.205991744995117 -50.3682975769043 -9.5
endloop
endfacet
facet normal -1 0 0
outer loop
vertex 18.205991744995117 -50.3682975769043 -9.5
vertex 18.205991744995117 -59.3682975769043 -9.5
vertex 18.205991744995117 -59.3682975769043 -8.199999809265137
endloop
endfacet
facet normal 0 1 0
outer loop
vertex 8.532112121582031 -59.3682975769043 -8.582683563232422
vertex 8.205991744995117 -59.3682975769043 -9.5
vertex 8.205991744995117 -59.3682975769043 -8.199999809265137
endloop
endfacet
facet normal 0 1 0
outer loop
vertex 8.455991744995117 -59.3682975769043 -8.199999809265137
vertex 8.532112121582031 -59.3682975769043 -8.582683563232422
vertex 8.205991744995117 -59.3682975769043 -8.199999809265137
endloop
endfacet
facet normal 1 0 0
outer loop
vertex 8.205991744995117 -50.3682975769043 -8.199999809265137
vertex 8.205991744995117 -59.3682975769043 -8.199999809265137
vertex 8.205991744995117 -59.3682975769043 -9.5
endloop
endfacet
facet normal 0 1 0
outer loop
vertex 17.879871368408203 -59.3682975769043 -8.582683563232422
vertex 17.955991744995117 -59.3682975769043 -8.199999809265137
vertex 18.205991744995117 -59.3682975769043 -9.5
endloop
endfacet
facet normal 0 1 0
outer loop
vertex 17.955991744995117 -59.3682975769043 -8.199999809265137
vertex 18.205991744995117 -59.3682975769043 -8.199999809265137
vertex 18.205991744995117 -59.3682975769043 -9.5
endloop
endfacet
facet normal 0 -1 0
outer loop
vertex 8.205991744995117 -50.3682975769043 -8.199999809265137
vertex 8.205991744995117 -50.3682975769043 -9.5
vertex 18.205991744995117 -50.3682975769043 -8.199999809265137
endloop
endfacet
facet normal 0 -1 0
outer loop
vertex 6.655992031097412 -28.468297958374023 -8.199999809265137
vertex 6.655992031097412 -28.468297958374023 -10
vertex 10.75599193572998 -28.468297958374023 -8.199999809265137
endloop
endfacet
facet normal -1 0 0
outer loop
vertex 10.75599193572998 -28.468297958374023 -10
vertex 10.75599193572998 -38.2682991027832 -8.199999809265137
vertex 10.75599193572998 -28.468297958374023 -8.199999809265137
endloop
endfacet
facet normal 0 0 1
outer loop
vertex 6.655992031097412 -38.2682991027832 -10
vertex 7.455991744995117 -36.6182975769043 -10
vertex 7.455991744995117 -30.118297576904297 -10
endloop
endfacet
facet normal 0 0 1
outer loop
vertex 6.655992031097412 -38.2682991027832 -10
vertex 10.75599193572998 -38.2682991027832 -10
vertex 9.955991744995117 -36.6182975769043 -10
endloop
endfacet
facet normal 0 0 1
outer loop
vertex 9.955991744995117 -36.6182975769043 -10
vertex 7.455991744995117 -36.6182975769043 -10
vertex 6.655992031097412 -38.2682991027832 -10
endloop
endfacet
facet normal 0 1 0
outer loop
vertex 10.75599193572998 -38.2682991027832 -10
vertex 6.655992031097412 -38.2682991027832 -10
vertex 6.655992031097412 -38.2682991027832 -8.199999809265137
endloop
endfacet
facet normal -1 0 0
outer loop
vertex 10.75599193572998 -38.2682991027832 -10
vertex 10.75599193572998 -38.2682991027832 -8.199999809265137
vertex 10.75599193572998 -28.468297958374023 -10
endloop
endfacet
facet normal 1 0 0
outer loop
vertex 6.655992031097412 -28.468297958374023 -8.199999809265137
vertex 6.655992031097412 -38.2682991027832 -8.199999809265137
vertex 6.655992031097412 -38.2682991027832 -10
endloop
endfacet
facet normal 0 1 0
outer loop
vertex 10.75599193572998 -38.2682991027832 -10
vertex 6.655992031097412 -38.2682991027832 -8.199999809265137
vertex 10.75599193572998 -38.2682991027832 -8.199999809265137
endloop
endfacet
facet normal 0 0 1
outer loop
vertex 6.655992031097412 -38.2682991027832 -10
vertex 7.455991744995117 -30.118297576904297 -10
vertex 6.655992031097412 -28.468297958374023 -10
endloop
endfacet
facet normal 0 0 1
outer loop
vertex 9.955991744995117 -36.6182975769043 -10
vertex 10.75599193572998 -38.2682991027832 -10
vertex 10.75599193572998 -28.468297958374023 -10
endloop
endfacet
facet normal 0 0 1
outer loop
vertex 9.955991744995117 -30.118297576904297 -10
vertex 9.955991744995117 -36.6182975769043 -10
vertex 10.75599193572998 -28.468297958374023 -10
endloop
endfacet
facet normal 1 0 0
outer loop
vertex 6.655992031097412 -28.468297958374023 -8.199999809265137
vertex 6.655992031097412 -38.2682991027832 -10
vertex 6.655992031097412 -28.468297958374023 -10
endloop
endfacet
facet normal 0 0 1
outer loop
vertex 6.655992031097412 -28.468297958374023 -10
vertex 7.455991744995117 -30.118297576904297 -10
vertex 10.75599193572998 -28.468297958374023 -10
endloop
endfacet
facet normal 0 0 1
outer loop
vertex 10.75599193572998 -28.468297958374023 -10
vertex 7.455991744995117 -30.118297576904297 -10
vertex 9.955991744995117 -30.118297576904297 -10
endloop
endfacet
facet normal 0 -1 0
outer loop
vertex 6.655992031097412 -28.468297958374023 -10
vertex 10.75599193572998 -28.468297958374023 -10
vertex 10.75599193572998 -28.468297958374023 -8.199999809265137
endloop
endfacet
facet normal 0 1 0
outer loop
vertex 9.955991744995117 -36.6182975769043 -11.699999809265137
vertex 7.455991744995117 -36.6182975769043 -11.699999809265137
vertex 9.955991744995117 -36.6182975769043 -10
endloop
endfacet
facet normal 1 0 0
outer loop
vertex 7.455991744995117 -36.6182975769043 -10
vertex 7.455991744995117 -36.6182975769043 -11.699999809265137
vertex 7.455991744995117 -30.118297576904297 -11.699999809265137
endloop
endfacet
facet normal -1 0 0
outer loop
vertex 9.955991744995117 -30.118297576904297 -11.699999809265137
vertex 9.955991744995117 -36.6182975769043 -11.699999809265137
vertex 9.955991744995117 -30.118297576904297 -10
endloop
endfacet
facet normal 1 0 0
outer loop
vertex 7.455991744995117 -30.118297576904297 -10
vertex 7.455991744995117 -36.6182975769043 -10
vertex 7.455991744995117 -30.118297576904297 -11.699999809265137
endloop
endfacet
facet normal -1 0 0
outer loop
vertex 9.955991744995117 -30.118297576904297 -10
vertex 9.955991744995117 -36.6182975769043 -11.699999809265137
vertex 9.955991744995117 -36.6182975769043 -10
endloop
endfacet
facet normal 0 -1 0
outer loop
vertex 7.455991744995117 -30.118297576904297 -10
vertex 7.455991744995117 -30.118297576904297 -11.699999809265137
vertex 9.955991744995117 -30.118297576904297 -11.699999809265137
endloop
endfacet
facet normal 0 -1 0
outer loop
vertex 7.455991744995117 -30.118297576904297 -10
vertex 9.955991744995117 -30.118297576904297 -11.699999809265137
vertex 9.955991744995117 -30.118297576904297 -10
endloop
endfacet
facet normal 0 1 0
outer loop
vertex 9.955991744995117 -36.6182975769043 -10
vertex 7.455991744995117 -36.6182975769043 -11.699999809265137
vertex 7.455991744995117 -36.6182975769043 -10
endloop
endfacet
facet normal 0 0 -1
outer loop
vertex -6.485349655151367 -25.906356811523438 -11.699999809265137
vertex -6.647561550140381 -40.72185134887695 -11.699999809265137
vertex -6.647561550140381 -26.01474380493164 -11.699999809265137
endloop
endfacet
facet normal 1 0 0
outer loop
vertex -6.794008255004883 -40.3682975769043 -11.699999809265137
vertex -6.794008255004883 -26.368297576904297 -14.899999618530273
vertex -6.794008255004883 -26.368297576904297 -11.699999809265137
endloop
endfacet
facet normal -0.8314715111157752 0.5555673912342671 0
outer loop
vertex 13.16793155670166 -40.55963897705078 -11.699999809265137
vertex 13.059545516967773 -40.72185134887695 -14.899999618530273
vertex 13.059545516967773 -40.72185134887695 -11.699999809265137
endloop
endfacet
facet normal 0 0 -1
outer loop
vertex -6.755948066711426 -40.55963897705078 -11.699999809265137
vertex -6.794008255004883 -40.3682975769043 -11.699999809265137
vertex -6.755948066711426 -26.176956176757812 -11.699999809265137
endloop
endfacet
facet normal -0.5555707707654927 0.8314692529919772 0
outer loop
vertex 13.059545516967773 -40.72185134887695 -11.699999809265137
vertex 12.897333145141602 -40.830238342285156 -14.899999618530273
vertex 12.897333145141602 -40.830238342285156 -11.699999809265137
endloop
endfacet
facet normal -0.9807852633251953 0.19509040787318935 0
outer loop
vertex 13.16793155670166 -40.55963897705078 -14.899999618530273
vertex 13.205991744995117 -40.3682975769043 -11.699999809265137
vertex 13.205991744995117 -40.3682975769043 -14.899999618530273
endloop
endfacet
facet normal -0.8314715111157752 0.5555673912342671 0
outer loop
vertex 13.059545516967773 -40.72185134887695 -14.899999618530273
vertex 13.16793155670166 -40.55963897705078 -11.699999809265137
vertex 13.16793155670166 -40.55963897705078 -14.899999618530273
endloop
endfacet
facet normal -0.5555707707654927 0.8314692529919772 0
outer loop
vertex 12.897333145141602 -40.830238342285156 -14.899999618530273
vertex 13.059545516967773 -40.72185134887695 -11.699999809265137
vertex 13.059545516967773 -40.72185134887695 -14.899999618530273
endloop
endfacet
facet normal -0.001982999182178054 0.9999258966246027 0.012011202010110177
outer loop
vertex 12.897333145141602 -40.830238342285156 -11.699999809265137
vertex -6.485349655151367 -40.830238342285156 -14.899999618530273
vertex -6.294008255004883 -40.8682975769043 -11.699999809265137
endloop
endfacet
facet normal 0 1 0
outer loop
vertex -6.485349655151367 -40.830238342285156 -14.899999618530273
vertex 12.897333145141602 -40.830238342285156 -11.699999809265137
vertex 12.897333145141602 -40.830238342285156 -14.899999618530273
endloop
endfacet
facet normal 0 0 -1
outer loop
vertex -6.755948066711426 -26.176956176757812 -11.699999809265137
vertex -6.794008255004883 -40.3682975769043 -11.699999809265137
vertex -6.794008255004883 -26.368297576904297 -11.699999809265137
endloop
endfacet
facet normal 0 0 -1
outer loop
vertex -6.647561550140381 -26.01474380493164 -11.699999809265137
vertex -6.755948066711426 -40.55963897705078 -11.699999809265137
vertex -6.755948066711426 -26.176956176757812 -11.699999809265137
endloop
endfacet
facet normal 0 -1 0
outer loop
vertex -6.294008255004883 -25.868297576904297 -11.699999809265137
vertex -6.294008255004883 -25.868297576904297 -14.899999618530273
vertex 12.705991744995117 -25.868297576904297 -14.899999618530273
endloop
endfacet
facet normal 0 0 -1
outer loop
vertex 13.205991744995117 -40.3682975769043 -11.699999809265137
vertex 13.16793155670166 -40.55963897705078 -11.699999809265137
vertex 13.205991744995117 -26.368297576904297 -11.699999809265137
endloop
endfacet
facet normal 0 -1 0
outer loop
vertex 12.705991744995117 -25.868297576904297 -11.699999809265137
vertex -6.294008255004883 -25.868297576904297 -11.699999809265137
vertex 12.705991744995117 -25.868297576904297 -14.899999618530273
endloop
endfacet
facet normal 0 0 -1
outer loop
vertex 13.059545516967773 -40.72185134887695 -11.699999809265137
vertex 12.897333145141602 -40.830238342285156 -11.699999809265137
vertex 13.059545516967773 -26.01474380493164 -11.699999809265137
endloop
endfacet
facet normal -1 0 0
outer loop
vertex 13.205991744995117 -26.368297576904297 -14.899999618530273
vertex 13.205991744995117 -40.3682975769043 -14.899999618530273
vertex 13.205991744995117 -26.368297576904297 -11.699999809265137
endloop
endfacet
facet normal -0.19508570553829574 -0.9807861986664705 0
outer loop
vertex 12.705991744995117 -25.868297576904297 -11.699999809265137
vertex 12.705991744995117 -25.868297576904297 -14.899999618530273
vertex 12.897333145141602 -25.906356811523438 -14.899999618530273
endloop
endfacet
facet normal -0.9807852633251953 -0.19509040787318935 0
outer loop
vertex 13.16793155670166 -26.176956176757812 -14.899999618530273
vertex 13.205991744995117 -26.368297576904297 -14.899999618530273
vertex 13.16793155670166 -26.176956176757812 -11.699999809265137
endloop
endfacet
facet normal -0.5555707707654927 -0.8314692529919772 0
outer loop
vertex 12.897333145141602 -25.906356811523438 -14.899999618530273
vertex 13.059545516967773 -26.01474380493164 -14.899999618530273
vertex 12.897333145141602 -25.906356811523438 -11.699999809265137
endloop
endfacet
facet normal 0 0 -1
outer loop
vertex 12.897333145141602 -40.830238342285156 -11.699999809265137
vertex 7.455991744995117 -36.6182975769043 -11.699999809265137
vertex 9.955991744995117 -36.6182975769043 -11.699999809265137
endloop
endfacet
facet normal 0 0 -1
outer loop
vertex 7.455991744995117 -36.6182975769043 -11.699999809265137
vertex -6.294008255004883 -40.8682975769043 -11.699999809265137
vertex 7.455991744995117 -30.118297576904297 -11.699999809265137
endloop
endfacet
facet normal 0 0 -1
outer loop
vertex 12.897333145141602 -40.830238342285156 -11.699999809265137
vertex -6.294008255004883 -40.8682975769043 -11.699999809265137
vertex 7.455991744995117 -36.6182975769043 -11.699999809265137
endloop
endfacet
facet normal 0 0 -1
outer loop
vertex -6.294008255004883 -40.8682975769043 -11.699999809265137
vertex -6.485349655151367 -40.830238342285156 -11.699999809265137
vertex -6.294008255004883 -25.868297576904297 -11.699999809265137
endloop
endfacet
facet normal 0 0 -1
outer loop
vertex -6.485349655151367 -40.830238342285156 -11.699999809265137
vertex -6.647561550140381 -40.72185134887695 -11.699999809265137
vertex -6.485349655151367 -25.906356811523438 -11.699999809265137
endloop
endfacet
facet normal -0.8314715111157752 -0.5555673912342671 0
outer loop
vertex 13.059545516967773 -26.01474380493164 -14.899999618530273
vertex 13.16793155670166 -26.176956176757812 -14.899999618530273
vertex 13.059545516967773 -26.01474380493164 -11.699999809265137
endloop
endfacet
facet normal -0.19508570553829574 -0.9807861986664705 0
outer loop
vertex 12.897333145141602 -25.906356811523438 -11.699999809265137
vertex 12.705991744995117 -25.868297576904297 -11.699999809265137
vertex 12.897333145141602 -25.906356811523438 -14.899999618530273
endloop
endfacet
facet normal -0.9807852633251953 -0.19509040787318935 0
outer loop
vertex 13.16793155670166 -26.176956176757812 -11.699999809265137
vertex 13.205991744995117 -26.368297576904297 -14.899999618530273
vertex 13.205991744995117 -26.368297576904297 -11.699999809265137
endloop
endfacet
facet normal -0.8314715111157752 -0.5555673912342671 0
outer loop
vertex 13.059545516967773 -26.01474380493164 -11.699999809265137
vertex 13.16793155670166 -26.176956176757812 -14.899999618530273
vertex 13.16793155670166 -26.176956176757812 -11.699999809265137
endloop
endfacet
facet normal 0 0 -1
outer loop
vertex -6.294008255004883 -25.868297576904297 -11.699999809265137
vertex -6.485349655151367 -40.830238342285156 -11.699999809265137
vertex -6.485349655151367 -25.906356811523438 -11.699999809265137
endloop
endfacet
facet normal -1 0 0
outer loop
vertex 13.205991744995117 -40.3682975769043 -14.899999618530273
vertex 13.205991744995117 -40.3682975769043 -11.699999809265137
vertex 13.205991744995117 -26.368297576904297 -11.699999809265137
endloop
endfacet
facet normal -0.5555707707654927 -0.8314692529919772 0
outer loop
vertex 13.059545516967773 -26.01474380493164 -11.699999809265137
vertex 12.897333145141602 -25.906356811523438 -11.699999809265137
vertex 13.059545516967773 -26.01474380493164 -14.899999618530273
endloop
endfacet
facet normal 0 0 -1
outer loop
vertex -6.647561550140381 -40.72185134887695 -11.699999809265137
vertex -6.755948066711426 -40.55963897705078 -11.699999809265137
vertex -6.647561550140381 -26.01474380493164 -11.699999809265137
endloop
endfacet
facet normal -0.9807852633251953 0.19509040787318935 0
outer loop
vertex 13.205991744995117 -40.3682975769043 -11.699999809265137
vertex 13.16793155670166 -40.55963897705078 -14.899999618530273
vertex 13.16793155670166 -40.55963897705078 -11.699999809265137
endloop
endfacet
facet normal 0.19508570553829574 -0.9807861986664705 0
outer loop
vertex -6.294008255004883 -25.868297576904297 -11.699999809265137
vertex -6.485349655151367 -25.906356811523438 -11.699999809265137
vertex -6.294008255004883 -25.868297576904297 -14.899999618530273
endloop
endfacet
facet normal 0 0 -1
outer loop
vertex 13.16793155670166 -40.55963897705078 -11.699999809265137
vertex 13.059545516967773 -40.72185134887695 -11.699999809265137
vertex 13.16793155670166 -26.176956176757812 -11.699999809265137
endloop
endfacet
facet normal 0.83147038205406 -0.5555690810033217 0
outer loop
vertex -6.647561550140381 -26.01474380493164 -11.699999809265137
vertex -6.755948066711426 -26.176956176757812 -11.699999809265137
vertex -6.647561550140381 -26.01474380493164 -14.899999618530273
endloop
endfacet
facet normal 0.9807852633251953 -0.19509040787318935 0
outer loop
vertex -6.755948066711426 -26.176956176757812 -11.699999809265137
vertex -6.794008255004883 -26.368297576904297 -11.699999809265137
vertex -6.755948066711426 -26.176956176757812 -14.899999618530273
endloop
endfacet
facet normal 0.19508570553829574 -0.9807861986664705 0
outer loop
vertex -6.485349655151367 -25.906356811523438 -14.899999618530273
vertex -6.294008255004883 -25.868297576904297 -14.899999618530273
vertex -6.485349655151367 -25.906356811523438 -11.699999809265137
endloop
endfacet
facet normal 0.5555718998295418 -0.8314684985733336 0
outer loop
vertex -6.647561550140381 -26.01474380493164 -14.899999618530273
vertex -6.485349655151367 -25.906356811523438 -14.899999618530273
vertex -6.647561550140381 -26.01474380493164 -11.699999809265137
endloop
endfacet
facet normal 0 0 -1
outer loop
vertex -6.294008255004883 -25.868297576904297 -11.699999809265137
vertex 12.705991744995117 -25.868297576904297 -11.699999809265137
vertex -6.294008255004883 -40.8682975769043 -11.699999809265137
endloop
endfacet
facet normal 0 0 -1
outer loop
vertex 7.455991744995117 -30.118297576904297 -11.699999809265137
vertex -6.294008255004883 -40.8682975769043 -11.699999809265137
vertex 12.705991744995117 -25.868297576904297 -11.699999809265137
endloop
endfacet
facet normal 0 0 -1
outer loop
vertex 7.455991744995117 -30.118297576904297 -11.699999809265137
vertex 12.705991744995117 -25.868297576904297 -11.699999809265137
vertex 9.955991744995117 -30.118297576904297 -11.699999809265137
endloop
endfacet
facet normal 0 0 -1
outer loop
vertex 12.897333145141602 -40.830238342285156 -11.699999809265137
vertex 9.955991744995117 -36.6182975769043 -11.699999809265137
vertex 12.705991744995117 -25.868297576904297 -11.699999809265137
endloop
endfacet
facet normal 0 0 -1
outer loop
vertex 12.705991744995117 -25.868297576904297 -11.699999809265137
vertex 9.955991744995117 -36.6182975769043 -11.699999809265137
vertex 9.955991744995117 -30.118297576904297 -11.699999809265137
endloop
endfacet
facet normal 0.83147038205406 0.5555690810033217 0
outer loop
vertex -6.647561550140381 -40.72185134887695 -14.899999618530273
vertex -6.755948066711426 -40.55963897705078 -14.899999618530273
vertex -6.647561550140381 -40.72185134887695 -11.699999809265137
endloop
endfacet
facet normal 0.5555718998295418 0.8314684985733336 0
outer loop
vertex -6.647561550140381 -40.72185134887695 -14.899999618530273
vertex -6.647561550140381 -40.72185134887695 -11.699999809265137
vertex -6.485349655151367 -40.830238342285156 -14.899999618530273
endloop
endfacet
facet normal 0 0 -1
outer loop
vertex 12.897333145141602 -25.906356811523438 -11.699999809265137
vertex 12.897333145141602 -40.830238342285156 -11.699999809265137
vertex 12.705991744995117 -25.868297576904297 -11.699999809265137
endloop
endfacet
facet normal 0 0 -1
outer loop
vertex 13.205991744995117 -26.368297576904297 -11.699999809265137
vertex 13.16793155670166 -40.55963897705078 -11.699999809265137
vertex 13.16793155670166 -26.176956176757812 -11.699999809265137
endloop
endfacet
facet normal 0 0 -1
outer loop
vertex 13.059545516967773 -26.01474380493164 -11.699999809265137
vertex 12.897333145141602 -40.830238342285156 -11.699999809265137
vertex 12.897333145141602 -25.906356811523438 -11.699999809265137
endloop
endfacet
facet normal 0 0 -1
outer loop
vertex 13.16793155670166 -26.176956176757812 -11.699999809265137
vertex 13.059545516967773 -40.72185134887695 -11.699999809265137
vertex 13.059545516967773 -26.01474380493164 -11.699999809265137
endloop
endfacet
facet normal 0.9807852633251953 0.19509040787318935 0
outer loop
vertex -6.755948066711426 -40.55963897705078 -14.899999618530273
vertex -6.794008255004883 -40.3682975769043 -14.899999618530273
vertex -6.755948066711426 -40.55963897705078 -11.699999809265137
endloop
endfacet
facet normal 1 0 0
outer loop
vertex -6.794008255004883 -40.3682975769043 -14.899999618530273
vertex -6.794008255004883 -26.368297576904297 -14.899999618530273
vertex -6.794008255004883 -40.3682975769043 -11.699999809265137
endloop
endfacet
facet normal 0.83147038205406 0.5555690810033217 0
outer loop
vertex -6.647561550140381 -40.72185134887695 -11.699999809265137
vertex -6.755948066711426 -40.55963897705078 -14.899999618530273
vertex -6.755948066711426 -40.55963897705078 -11.699999809265137
endloop
endfacet
facet normal 0.5555718998295418 0.8314684985733336 0
outer loop
vertex -6.485349655151367 -40.830238342285156 -14.899999618530273
vertex -6.647561550140381 -40.72185134887695 -11.699999809265137
vertex -6.485349655151367 -40.830238342285156 -11.699999809265137
endloop
endfacet
facet normal 0.19508570553829574 0.9807861986664705 0
outer loop
vertex -6.294008255004883 -40.8682975769043 -11.699999809265137
vertex -6.485349655151367 -40.830238342285156 -14.899999618530273
vertex -6.485349655151367 -40.830238342285156 -11.699999809265137
endloop
endfacet
facet normal 0.9807852633251953 0.19509040787318935 0
outer loop
vertex -6.755948066711426 -40.55963897705078 -11.699999809265137
vertex -6.794008255004883 -40.3682975769043 -14.899999618530273
vertex -6.794008255004883 -40.3682975769043 -11.699999809265137
endloop
endfacet
facet normal 0.83147038205406 -0.5555690810033217 0
outer loop
vertex -6.755948066711426 -26.176956176757812 -14.899999618530273
vertex -6.647561550140381 -26.01474380493164 -14.899999618530273
vertex -6.755948066711426 -26.176956176757812 -11.699999809265137
endloop
endfacet
facet normal 0.9807852633251953 -0.19509040787318935 0
outer loop
vertex -6.794008255004883 -26.368297576904297 -11.699999809265137
vertex -6.794008255004883 -26.368297576904297 -14.899999618530273
vertex -6.755948066711426 -26.176956176757812 -14.899999618530273
endloop
endfacet
facet normal 0.5555718998295418 -0.8314684985733336 0
outer loop
vertex -6.485349655151367 -25.906356811523438 -11.699999809265137
vertex -6.647561550140381 -26.01474380493164 -11.699999809265137
vertex -6.485349655151367 -25.906356811523438 -14.899999618530273
endloop
endfacet
facet normal 0 -0.7071067811865476 0.7071067811865476
outer loop
vertex -17.509666442871094 -63.94329833984375 -0.5
vertex -13.109122276306152 -64.44329833984375 -1
vertex -13.109122276306152 -63.94329833984375 -0.5
endloop
endfacet
facet normal 0 -0.7071067811865476 0.7071067811865476
outer loop
vertex 3.860736608505249 -63.94329833984375 -0.5
vertex 67.32110595703125 -64.44329833984375 -1
vertex 67.32110595703125 -63.94329833984375 -0.5
endloop
endfacet
facet normal 0 -0.7071067811865476 0.7071067811865476
outer loop
vertex 80.72164916992188 -63.94329833984375 -0.5
vertex 76.32110595703125 -63.94329833984375 -0.5
vertex 76.32110595703125 -64.44329833984375 -1
endloop
endfacet
facet normal 0 -0.7071067811865476 0.7071067811865476
outer loop
vertex -4.109121799468994 -63.94329833984375 -0.5
vertex -4.109121799468994 -64.44329833984375 -1
vertex 3.860736608505249 -63.94329833984375 -0.5
endloop
endfacet
facet normal 0 -0.7071067811865475 0.7071067811865475
outer loop
vertex 67.32110595703125 -64.44329833984375 -1
vertex 3.860736608505249 -63.94329833984375 -0.5
vertex -4.109121799468994 -64.44329833984375 -1
endloop
endfacet
facet normal 0 -0.7071067811865476 0.7071067811865476
outer loop
vertex 76.32110595703125 -64.44329833984375 -1
vertex 80.82110595703125 -64.44329833984375 -1
vertex 80.72164916992188 -63.94329833984375 -0.5
endloop
endfacet
facet normal 0 -0.7071067811865476 0.7071067811865476
outer loop
vertex -13.109122276306152 -64.44329833984375 -1
vertex -17.509666442871094 -63.94329833984375 -0.5
vertex -17.609121322631836 -64.44329833984375 -1
endloop
endfacet
facet normal 0.27059845048859554 -0.653281172862351 0.707106913964757
outer loop
vertex 80.72164916992188 -63.94329833984375 -0.5
vertex 81.51124572753906 -64.15743255615234 -1
vertex 81.9237289428711 -63.986576080322266 -1
endloop
endfacet
facet normal 0.2705989010120734 -0.6532799302875543 0.7071078895434177
outer loop
vertex 81.9237289428711 -63.986576080322266 -1
vertex 81.6405029296875 -63.56269454956055 -0.5
vertex 80.72164916992188 -63.94329833984375 -0.5
endloop
endfacet
facet normal 0.2705984341354127 -0.6532811965897452 0.7071068983016171
outer loop
vertex 80.72164916992188 -63.94329833984375 -0.5
vertex 80.82110595703125 -64.44329833984375 -1
vertex 81.51124572753906 -64.15743255615234 -1
endloop
endfacet
facet normal 0.49999973032412515 -0.49999973032412515 0.7071071625656214
outer loop
vertex 81.9237289428711 -63.986576080322266 -1
vertex 84.3492660522461 -61.561038970947266 -1
vertex 81.6405029296875 -63.56269454956055 -0.5
endloop
endfacet
facet normal 0.5000007031488641 -0.5000015379177807 0.7071051965093281
outer loop
vertex 84.3492660522461 -61.561038970947266 -1
vertex 83.9253921508789 -61.277809143066406 -0.5
vertex 81.6405029296875 -63.56269454956055 -0.5
endloop
endfacet
facet normal 0.6533058561222397 -0.27055883465396624 0.7070992683825059
outer loop
vertex 83.9253921508789 -61.277809143066406 -0.5
vertex 84.3492660522461 -61.561038970947266 -1
vertex 83.95413208007812 -61.208412170410156 -0.5
endloop
endfacet
facet normal 0.6532792546203762 -0.2706007492445202 0.7071078064842378
outer loop
vertex 83.95413208007812 -61.208412170410156 -0.5
vertex 84.3492660522461 -61.561038970947266 -1
vertex 84.49533081054688 -61.208412170410156 -1
endloop
endfacet
facet normal 0.7071067811865476 0 0.7071067811865476
outer loop
vertex 84.30599212646484 -40.708412170410156 -0.5
vertex 84.80599212646484 -40.708412170410156 -1
vertex 84.30599212646484 -36.294498443603516 -0.5
endloop
endfacet
facet normal 0.7071067811865476 0 0.7071067811865476
outer loop
vertex 84.80599212646484 13.533329963684082 -1
vertex 84.30599212646484 9.119416236877441 -0.5
vertex 84.80599212646484 9.119416236877441 -1
endloop
endfacet
facet normal 0.7071067811865476 0 0.7071067811865476
outer loop
vertex 84.80599212646484 13.533329963684082 -1
vertex 84.30599212646484 13.533329963684082 -0.5
vertex 84.30599212646484 9.119416236877441 -0.5
endloop
endfacet
facet normal 0.7071067811865476 0 0.7071067811865476
outer loop
vertex 84.80599212646484 -36.294498443603516 -1
vertex 84.30599212646484 -36.294498443603516 -0.5
vertex 84.80599212646484 -40.708412170410156 -1
endloop
endfacet
facet normal 0.7071067811865476 0 0.7071067811865476
outer loop
vertex 84.80599212646484 -11.380583763122559 -1
vertex 84.30599212646484 -11.380583763122559 -0.5
vertex 84.30599212646484 -15.7944974899292 -0.5
endloop
endfacet
facet normal 0.7071067811865476 0 0.7071067811865476
outer loop
vertex 84.30599212646484 -15.7944974899292 -0.5
vertex 84.80599212646484 -15.7944974899292 -1
vertex 84.80599212646484 -11.380583763122559 -1
endloop
endfacet
facet normal 0.6596636641140167 0.25465917810569494 0.7071015155224897
outer loop
vertex 84.5164566040039 34.033329010009766 -1
vertex 84.40338134765625 34.326236724853516 -1
vertex 83.97048950195312 34.059261322021484 -0.5
endloop
endfacet
facet normal 0.5236838944130311 0.4751377587362403 0.7071062784019836
outer loop
vertex 82.12890625 36.83311080932617 -1
vertex 81.8292465209961 36.419281005859375 -0.5
vertex 83.97048950195312 34.059261322021484 -0.5
endloop
endfacet
facet normal 0.5236880811206803 0.4751397394971018 0.7071018467256086
outer loop
vertex 83.97048950195312 34.059261322021484 -0.5
vertex 84.40338134765625 34.326236724853516 -1
vertex 82.12890625 36.83311080932617 -1
endloop
endfacet
facet normal 0.28800304075571176 0.6457976312473146 0.7071065464205669
outer loop
vertex 80.97676849365234 37.346923828125 -1
vertex 80.86913299560547 36.84745788574219 -0.5
vertex 81.8292465209961 36.419281005859375 -0.5
endloop
endfacet
facet normal 0.2880030991845391 0.6457976586334079 0.7071064976110097
outer loop
vertex 81.8292465209961 36.419281005859375 -0.5
vertex 82.12890625 36.83311080932617 -1
vertex 80.97676849365234 37.346923828125 -1
endloop
endfacet
facet normal 0.003555721541000699 0.7070972199209419 0.7071074023261233
outer loop
vertex 80.86913299560547 36.84745788574219 -0.5
vertex 80.97676849365234 37.346923828125 -1
vertex 58.590553283691406 37.459495544433594 -1
endloop
endfacet
facet normal 0.0035557536326118557 0.7070978627761191 0.7071067593182438
outer loop
vertex 58.590553283691406 37.459495544433594 -1
vertex 58.68185043334961 36.95903015136719 -0.5
vertex 80.86913299560547 36.84745788574219 -0.5
endloop
endfacet
facet normal -0.25299855946602073 0.6602963843347881 0.7071070737466314
outer loop
vertex 58.68185043334961 36.95903015136719 -0.5
vertex 58.590553283691406 37.459495544433594 -1
vertex 57.53934860229492 37.05671691894531 -1
endloop
endfacet
facet normal -0.25299757012306656 0.660298699857492 0.7071052654862144
outer loop
vertex 57.805843353271484 36.623382568359375 -0.5
vertex 58.68185043334961 36.95903015136719 -0.5
vertex 57.53934860229492 37.05671691894531 -1
endloop
endfacet
facet normal -0.4751371326804506 0.5236834078175523 0.7071070594505441
outer loop
vertex 55.039302825927734 34.78843307495117 -1
vertex 55.45151138305664 34.487300872802734 -0.5
vertex 57.805843353271484 36.623382568359375 -0.5
endloop
endfacet
facet normal -0.4751379867453512 0.5236852169535589 0.7071051457144677
outer loop
vertex 55.039302825927734 34.78843307495117 -1
vertex 57.805843353271484 36.623382568359375 -0.5
vertex 57.53934860229492 37.05671691894531 -1
endloop
endfacet
facet normal -0.643358059268134 0.2934078763303146 0.707108354979684
outer loop
vertex 54.5267333984375 33.66452407836914 -1
vertex 55.02437210083008 33.55070877075195 -0.5
vertex 55.45151138305664 34.487300872802734 -0.5
endloop
endfacet
facet normal -0.6433594560637976 0.2934110083710758 0.7071057844905264
outer loop
vertex 55.45151138305664 34.487300872802734 -0.5
vertex 54.866153717041016 34.40876770019531 -1
vertex 54.5267333984375 33.66452407836914 -1
endloop
endfacet
facet normal -0.6433597291971868 0.29340880472897113 0.7071064503699844
outer loop
vertex 55.45151138305664 34.487300872802734 -0.5
vertex 55.039302825927734 34.78843307495117 -1
vertex 54.866153717041016 34.40876770019531 -1
endloop
endfacet
facet normal -0.7069380871017421 0.015410991841216843 0.7071075182285927
outer loop
vertex 55.02437210083008 33.55070877075195 -0.5
vertex 54.5267333984375 33.66452407836914 -1
vertex 54.49138641357422 32.04307556152344 -1
endloop
endfacet
facet normal -0.7075182299850076 0.01581153562308702 0.7065181877206854
outer loop
vertex 55.02437210083008 33.55070877075195 -0.5
vertex 54.49138641357422 32.04307556152344 -1
vertex 54.99043655395508 32.032196044921875 -0.5
endloop
endfacet
facet normal -0.7057556365763752 0.06175539074322109 0.7057586366136993
outer loop
vertex 54.49138641357422 32.04307556152344 -1
vertex 54.98379135131836 31.956253051757812 -0.5
vertex 54.99043655395508 32.032196044921875 -0.5
endloop
endfacet
facet normal -0.6843089639558403 0.18337954655103716 0.7057571705313523
outer loop
vertex 54.49138641357422 32.04307556152344 -1
vertex 54.96123123168945 31.872066497802734 -0.5
vertex 54.98379135131836 31.956253051757812 -0.5
endloop
endfacet
facet normal -0.6420844627583256 0.2993903116379704 0.7057570289991246
outer loop
vertex 54.49138641357422 32.04307556152344 -1
vertex 54.924400329589844 31.79307746887207 -0.5
vertex 54.96123123168945 31.872066497802734 -0.5
endloop
endfacet
facet normal -0.5803275064426664 0.4063579371072717 0.705757190693768
outer loop
vertex 54.49138641357422 32.04307556152344 -1
vertex 54.87440872192383 31.721683502197266 -0.5
vertex 54.924400329589844 31.79307746887207 -0.5
endloop
endfacet
facet normal -0.5009528163261001 0.5009528163261001 0.7057567226955032
outer loop
vertex 54.49138641357422 32.04307556152344 -1
vertex 54.83975601196289 31.687030792236328 -0.5
vertex 54.87440872192383 31.721683502197266 -0.5
endloop
endfacet
facet normal -0.4945214618494486 0.5054199244737849 0.7071062322700867
outer loop
vertex 53.091976165771484 29.97431755065918 -0.5
vertex 54.49138641357422 32.04307556152344 -1
vertex 52.7422981262207 30.331703186035156 -1
endloop
endfacet
facet normal -0.4958364086997525 0.5059883120511954 0.7057776447829118
outer loop
vertex 53.091976165771484 29.97431755065918 -0.5
vertex 54.83975601196289 31.687030792236328 -0.5
vertex 54.49138641357422 32.04307556152344 -1
endloop
endfacet
facet normal -0.27709702762355964 0.6794178527541752 0.6794178527541752
outer loop
vertex 52.7422981262207 30.331703186035156 -1
vertex 52.7422981262207 29.831703186035156 -0.5
vertex 53.091976165771484 29.97431755065918 -0.5
endloop
endfacet
facet normal 0 0.7071067811865475 0.7071067811865475
outer loop
vertex 52.7422981262207 29.831703186035156 -0.5
vertex 52.7422981262207 30.331703186035156 -1
vertex 20.579364776611328 30.331703186035156 -1
endloop
endfacet
facet normal 0 0.7071067811865475 0.7071067811865475
outer loop
vertex 20.579364776611328 30.331703186035156 -1
vertex 20.67252540588379 29.831703186035156 -0.5
vertex 52.7422981262207 29.831703186035156 -0.5
endloop
endfacet
facet normal -0.25465613234921036 0.6596590582170104 0.7071069092924975
outer loop
vertex 20.67252540588379 29.831703186035156 -0.5
vertex 20.579364776611328 30.331703186035156 -1
vertex 19.536455154418945 29.929096221923828 -1
endloop
endfacet
facet normal -0.2546564351819684 0.6596583513342921 0.7071074596801648
outer loop
vertex 19.536455154418945 29.929096221923828 -1
vertex 19.803434371948242 29.496196746826172 -0.5
vertex 20.67252540588379 29.831703186035156 -0.5
endloop
endfacet
facet normal -0.47513798498006204 0.5236846792564227 0.7071055451212243
outer loop
vertex 17.03035545349121 27.65531349182129 -1
vertex 17.444055557250977 27.35553741455078 -0.5
vertex 19.803434371948242 29.496196746826172 -0.5
endloop
endfacet
facet normal -0.4751371081384966 0.5236828254702492 0.7071075072273544
outer loop
vertex 19.803434371948242 29.496196746826172 -0.5
vertex 19.536455154418945 29.929096221923828 -1
vertex 17.03035545349121 27.65531349182129 -1
endloop
endfacet
facet normal -0.6456057107621408 0.28843461070006493 0.7071058913498127
outer loop
vertex 17.444055557250977 27.35553741455078 -0.5
vertex 17.03035545349121 27.65531349182129 -1
vertex 16.85040855407715 27.25253677368164 -1
endloop
endfacet
facet normal -0.6456052588806063 0.2884326140460311 0.7071071183776039
outer loop
vertex 16.516624450683594 26.505422592163086 -1
vertex 17.015947341918945 26.397293090820312 -0.5
vertex 17.444055557250977 27.35553741455078 -0.5
endloop
endfacet
facet normal -0.6456057927774886 0.2884337575414733 0.7071061644779071
outer loop
vertex 17.444055557250977 27.35553741455078 -0.5
vertex 16.85040855407715 27.25253677368164 -1
vertex 16.516624450683594 26.505422592163086 -1
endloop
endfacet
facet normal -0.7072821943315954 0.004510624907672428 0.7069169341898844
outer loop
vertex 17.015947341918945 26.397293090820312 -0.5
vertex 16.43124771118164 13.075597763061523 -1
vertex 16.93096923828125 13.072421073913574 -0.5
endloop
endfacet
facet normal -0.7070923558354877 0.00449516212133851 0.707106918249654
outer loop
vertex 17.015947341918945 26.397293090820312 -0.5
vertex 16.516624450683594 26.505422592163086 -1
vertex 16.43124771118164 13.075597763061523 -1
endloop
endfacet
facet normal -0.5803268715547568 0.40635749254495407 0.7057579687145208
outer loop
vertex 16.43124771118164 13.075597763061523 -1
vertex 16.81427001953125 12.754203796386719 -0.5
vertex 16.864261627197266 12.825597763061523 -0.5
endloop
endfacet
facet normal -0.6420789657290582 0.29939963797297603 0.7057580736696916
outer loop
vertex 16.43124771118164 13.075597763061523 -1
vertex 16.864261627197266 12.825597763061523 -0.5
vertex 16.901094436645508 12.904587745666504 -0.5
endloop
endfacet
facet normal -0.6843120407330642 0.1833648671382924 0.705758001305763
outer loop
vertex 16.43124771118164 13.075597763061523 -1
vertex 16.901094436645508 12.904587745666504 -0.5
vertex 16.92365264892578 12.988774299621582 -0.5
endloop
endfacet
facet normal -0.5208422356732957 0.4787844266261484 0.7067452428981136
outer loop
vertex 16.43124771118164 13.075597763061523 -1
vertex 16.783676147460938 12.720922470092773 -0.5
vertex 16.81427001953125 12.754203796386719 -0.5
endloop
endfacet
facet normal -0.7057585557745832 0.06173275156655573 0.7057576980345283
outer loop
vertex 16.43124771118164 13.075597763061523 -1
vertex 16.92365264892578 12.988774299621582 -0.5
vertex 16.93096923828125 13.072421073913574 -0.5
endloop
endfacet
facet normal -0.49840798367649536 0.5015865983729556 0.7071070400867027
outer loop
vertex 16.783676147460938 12.720922470092773 -0.5
vertex 16.43124771118164 13.075597763061523 -1
vertex 14.676231384277344 11.331703186035156 -1
endloop
endfacet
facet normal -0.49896995248819953 0.5029241515859572 0.7057593671113894
outer loop
vertex 14.676231384277344 11.331703186035156 -1
vertex 15.02731990814209 10.978375434875488 -0.5
vertex 16.783676147460938 12.720922470092773 -0.5
endloop
endfacet
facet normal -0.18335771890230732 0.6843142939085985 0.7057576737601362
outer loop
vertex 14.676231384277344 11.331703186035156 -1
vertex 14.763054847717285 10.839299201965332 -0.5
vertex 14.847241401672363 10.861856460571289 -0.5
endloop
endfacet
facet normal -0.06174535746623467 0.7057575755283704 0.7057575755283704
outer loop
vertex 14.676231384277344 11.331703186035156 -1
vertex 14.676231384277344 10.831703186035156 -0.5
vertex 14.763054847717285 10.839299201965332 -0.5
endloop
endfacet
facet normal -0.2994061348511936 0.642076274015996 0.7057577663470692
outer loop
vertex 14.676231384277344 11.331703186035156 -1
vertex 14.847241401672363 10.861856460571289 -0.5
vertex 14.926231384277344 10.898690223693848 -0.5
endloop
endfacet
facet normal -0.40635244963599154 0.580330740469097 0.7057576909544935
outer loop
vertex 14.676231384277344 11.331703186035156 -1
vertex 14.926231384277344 10.898690223693848 -0.5
vertex 14.997625350952148 10.948680877685547 -0.5
endloop
endfacet
facet normal -0.5009521406968299 0.5009521406968299 0.7057576818303342
outer loop
vertex 15.02731990814209 10.978375434875488 -0.5
vertex 14.676231384277344 11.331703186035156 -1
vertex 14.997625350952148 10.948680877685547 -0.5
endloop
endfacet
facet normal 0 0.7071067811865476 0.7071067811865476
outer loop
vertex 10.563350677490234 11.331703186035156 -1
vertex 10.563350677490234 10.831703186035156 -0.5
vertex 14.676231384277344 10.831703186035156 -0.5
endloop
endfacet
facet normal 0 0.7071067811865476 0.7071067811865476
outer loop
vertex 10.563350677490234 11.331703186035156 -1
vertex 14.676231384277344 10.831703186035156 -0.5
vertex 14.676231384277344 11.331703186035156 -1
endloop
endfacet
facet normal 0.18335771890230732 0.6843142939085985 0.7057576737601362
outer loop
vertex 10.563350677490234 11.331703186035156 -1
vertex 10.392340660095215 10.861856460571289 -0.5
vertex 10.476527214050293 10.839299201965332 -0.5
endloop
endfacet
facet normal 0.5009524785113519 0.5009524785113519 0.7057572022634037
outer loop
vertex 10.241957664489746 10.948680877685547 -0.5
vertex 10.563350677490234 11.331703186035156 -1
vertex 10.211143493652344 10.97949504852295 -0.5
endloop
endfacet
facet normal 0.40635620305849446 0.5803283488269894 0.7057574964416771
outer loop
vertex 10.313350677490234 10.898690223693848 -0.5
vertex 10.563350677490234 11.331703186035156 -1
vertex 10.241957664489746 10.948680877685547 -0.5
endloop
endfacet
facet normal 0.2994061348511936 0.642076274015996 0.7057577663470692
outer loop
vertex 10.563350677490234 11.331703186035156 -1
vertex 10.313350677490234 10.898690223693848 -0.5
vertex 10.392340660095215 10.861856460571289 -0.5
endloop
endfacet
facet normal 0.06174535746623467 0.7057575755283704 0.7057575755283704
outer loop
vertex 10.563350677490234 11.331703186035156 -1
vertex 10.476527214050293 10.839299201965332 -0.5
vertex 10.563350677490234 10.831703186035156 -0.5
endloop
endfacet
facet normal 0.5009520047697895 0.5009522766238517 0.7057576818303212
outer loop
vertex 8.805992126464844 13.089061737060547 -1
vertex 8.453783988952637 12.73685359954834 -0.5
vertex 10.211143493652344 10.97949504852295 -0.5
endloop
endfacet
facet normal 0.5009524785113519 0.5009524785113519 0.7057572022634037
outer loop
vertex 10.563350677490234 11.331703186035156 -1
vertex 8.805992126464844 13.089061737060547 -1
vertex 10.211143493652344 10.97949504852295 -0.5
endloop
endfacet
facet normal 0.6843142939085985 0.18335771890230732 0.7057576737601362
outer loop
vertex 8.336145401000977 12.918051719665527 -0.5
vertex 8.805992126464844 13.089061737060547 -1
vertex 8.31358814239502 13.002238273620605 -0.5
endloop
endfacet
facet normal 0.7057575755283704 0.06174535746623467 0.7057575755283704
outer loop
vertex 8.31358814239502 13.002238273620605 -0.5
vertex 8.805992126464844 13.089061737060547 -1
vertex 8.305992126464844 13.089061737060547 -0.5
endloop
endfacet
facet normal 0.642076274015996 0.2994061348511936 0.7057577663470692
outer loop
vertex 8.372979164123535 12.839061737060547 -0.5
vertex 8.805992126464844 13.089061737060547 -1
vertex 8.336145401000977 12.918051719665527 -0.5
endloop
endfacet
facet normal 0.580330740469097 0.40635244963599154 0.7057576909544935
outer loop
vertex 8.422969818115234 12.767667770385742 -0.5
vertex 8.805992126464844 13.089061737060547 -1
vertex 8.372979164123535 12.839061737060547 -0.5
endloop
endfacet
facet normal 0.5009521406968298 0.5009521406968298 0.7057576818303342
outer loop
vertex 8.453783988952637 12.73685359954834 -0.5
vertex 8.805992126464844 13.089061737060547 -1
vertex 8.422969818115234 12.767667770385742 -0.5
endloop
endfacet
facet normal 0.7071067811865476 0 0.7071067811865476
outer loop
vertex 8.805992126464844 14.283329963684082 -1
vertex 8.305992126464844 14.190169334411621 -0.5
vertex 8.305992126464844 13.089061737060547 -0.5
endloop
endfacet
facet normal 0.7071067811865476 0 0.7071067811865476
outer loop
vertex 8.305992126464844 13.089061737060547 -0.5
vertex 8.805992126464844 13.089061737060547 -1
vertex 8.805992126464844 14.283329963684082 -1
endloop
endfacet
facet normal 0.6596593119503461 0.2546569985789604 0.7071063606219019
outer loop
vertex 7.970486164093018 15.059260368347168 -0.5
vertex 8.805992126464844 14.283329963684082 -1
vertex 8.553897857666016 14.93635082244873 -1
endloop
endfacet
facet normal 0.6596593883195766 0.2546555958930033 0.7071067945382942
outer loop
vertex 7.970486164093018 15.059260368347168 -0.5
vertex 8.553897857666016 14.93635082244873 -1
vertex 8.403385162353516 15.326238632202148 -1
endloop
endfacet
facet normal 0.65965900372285 0.2546563251021736 0.7071068907123117
outer loop
vertex 8.305992126464844 14.190169334411621 -0.5
vertex 8.805992126464844 14.283329963684082 -1
vertex 7.970486164093018 15.059260368347168 -0.5
endloop
endfacet
facet normal 0.5236835864382839 0.4751375511292323 0.7071066459891693
outer loop
vertex 6.129023551940918 17.832977294921875 -1
vertex 5.829342365264893 17.419170379638672 -0.5
vertex 7.970486164093018 15.059260368347168 -0.5
endloop
endfacet
facet normal 0.5236835104833464 0.4751373612865773 0.7071068298054174
outer loop
vertex 7.970486164093018 15.059260368347168 -0.5
vertex 8.403385162353516 15.326238632202148 -1
vertex 6.622569561004639 17.289005279541016 -1
endloop
endfacet
facet normal 0.5236818386353432 0.4751367242608331 0.7071084960189571
outer loop
vertex 7.970486164093018 15.059260368347168 -0.5
vertex 6.622569561004639 17.289005279541016 -1
vertex 6.129023551940918 17.832977294921875 -1
endloop
endfacet
facet normal 0.28807856236928897 0.6457639015089918 0.707106587022868
outer loop
vertex 5.829342365264893 17.419170379638672 -0.5
vertex 6.129023551940918 17.832977294921875 -1
vertex 4.977273464202881 18.346778869628906 -1
endloop
endfacet
facet normal 0.2880780517653003 0.6457636623449189 0.707107013461178
outer loop
vertex 4.977273464202881 18.346778869628906 -1
vertex 4.869550704956055 17.84733772277832 -0.5
vertex 5.829342365264893 17.419170379638672 -0.5
endloop
endfacet
facet normal 0.003716057899159931 0.7070969853056099 0.7071068125010592
outer loop
vertex 4.869550704956055 17.84733772277832 -0.5
vertex -3.119462490081787 18.38932991027832 -1
vertex -10.017369270324707 18.425580978393555 -1
endloop
endfacet
facet normal 0.003727526800158268 0.7072552889139563 0.7069484152660576
outer loop
vertex -10.017369270324707 18.425580978393555 -1
vertex -10.01999568939209 17.925811767578125 -0.5
vertex 4.869550704956055 17.84733772277832 -0.5
endloop
endfacet
facet normal 0.003716028681915352 0.7070967613674899 0.707107036589541
outer loop
vertex 4.869550704956055 17.84733772277832 -0.5
vertex 4.977273464202881 18.346778869628906 -1
vertex -3.119462490081787 18.38932991027832 -1
endloop
endfacet
facet normal 0.29941263166010373 0.6420735822936882 0.7057574589920543
outer loop
vertex -10.017369270324707 18.425580978393555 -1
vertex -10.267369270324707 17.992568969726562 -0.5
vertex -10.188379287719727 17.955734252929688 -0.5
endloop
endfacet
facet normal 0.4063438729055144 0.5803368610379288 0.7057575962558185
outer loop
vertex -10.017369270324707 18.425580978393555 -1
vertex -10.331896781921387 18.037750244140625 -0.5
vertex -10.267369270324707 17.992568969726562 -0.5
endloop
endfacet
facet normal 0.06174426203797236 0.7057583385303604 0.7057569083616902
outer loop
vertex -10.01999568939209 17.925811767578125 -0.5
vertex -10.017369270324707 18.425580978393555 -1
vertex -10.104193687438965 17.933177947998047 -0.5
endloop
endfacet
facet normal 0.18335248589561165 0.6843159433635684 0.7057574339490368
outer loop
vertex -10.017369270324707 18.425580978393555 -1
vertex -10.188379287719727 17.955734252929688 -0.5
vertex -10.104193687438965 17.933177947998047 -0.5
endloop
endfacet
facet normal 0.4456921446762203 0.5495626897131712 0.7066394853453462
outer loop
vertex -10.331896781921387 18.037750244140625 -0.5
vertex -10.017369270324707 18.425580978393555 -1
vertex -11.655746459960938 19.754295349121094 -1
endloop
endfacet
facet normal 0.4456921446762203 0.5495626897131712 0.7066394853453462
outer loop
vertex -10.331896781921387 18.037750244140625 -0.5
vertex -11.655746459960938 19.754295349121094 -1
vertex -11.970273971557617 19.366464614868164 -0.5
endloop
endfacet
facet normal 0.6843155157311936 0.18335326149015466 0.7057576470931601
outer loop
vertex -12.125593185424805 19.583284378051758 -0.5
vertex -11.655746459960938 19.754295349121094 -1
vertex -12.143136978149414 19.648761749267578 -0.5
endloop
endfacet
facet normal 0.642074760043447 0.2994090437442114 0.7057579096541015
outer loop
vertex -12.088759422302246 19.504295349121094 -0.5
vertex -11.655746459960938 19.754295349121094 -1
vertex -12.125593185424805 19.583284378051758 -0.5
endloop
endfacet
facet normal 0.49361056027971295 0.508901264073403 0.7052433042609059
outer loop
vertex -11.970273971557617 19.366464614868164 -0.5
vertex -11.655746459960938 19.754295349121094 -1
vertex -12.038768768310547 19.43290138244629 -0.5
endloop
endfacet
facet normal 0.580330740469097 0.40635244963599154 0.7057576909544935
outer loop
vertex -12.038768768310547 19.43290138244629 -0.5
vertex -11.655746459960938 19.754295349121094 -1
vertex -12.088759422302246 19.504295349121094 -0.5
endloop
endfacet
facet normal 0.6910124056473714 0.14988090406529722 0.7071333465747474
outer loop
vertex -12.143136978149414 19.648761749267578 -0.5
vertex -12.456969261169434 23.454641342163086 -1
vertex -12.923434257507324 23.246252059936523 -0.5
endloop
endfacet
facet normal 0.6920011601548394 0.1498365582627553 0.7061751908360475
outer loop
vertex -12.456969261169434 23.454641342163086 -1
vertex -12.143136978149414 19.648761749267578 -0.5
vertex -11.655746459960938 19.754295349121094 -1
endloop
endfacet
facet normal 0.5725892034216181 0.41489942846420474 0.7071068295420949
outer loop
vertex -12.923434257507324 23.246252059936523 -0.5
vertex -12.456969261169434 23.454641342163086 -1
vertex -13.195965766906738 24.474506378173828 -1
endloop
endfacet
facet normal 0.5725893946393285 0.41489941183225365 0.7071066844598609
outer loop
vertex -13.195965766906738 24.474506378173828 -1
vertex -13.539264678955078 24.096139907836914 -0.5
vertex -12.923434257507324 23.246252059936523 -0.5
endloop
endfacet
facet normal 0.35753486105344595 0.6102752361801641 0.7069179296330926
outer loop
vertex -25.15650749206543 31.48137855529785 -1
vertex -25.40911293029785 31.050189971923828 -0.5
vertex -13.539264678955078 24.096139907836914 -0.5
endloop
endfacet
facet normal 0.35742770452844114 0.6101194464053719 0.7071065670417238
outer loop
vertex -13.539264678955078 24.096139907836914 -0.5
vertex -13.195965766906738 24.474506378173828 -1
vertex -25.15650749206543 31.48137855529785 -1
endloop
endfacet
facet normal 0.4063522889718571 0.580330863729855 0.7057576821047666
outer loop
vertex -25.40911293029785 31.050189971923828 -0.5
vertex -25.15650749206543 31.48137855529785 -1
vertex -25.477901458740234 31.098356246948242 -0.5
endloop
endfacet
facet normal 0.5862305958363564 0.39860705090115106 0.7052985945521497
outer loop
vertex -25.53952980041504 31.159984588623047 -0.5
vertex -25.15650749206543 31.48137855529785 -1
vertex -25.59267807006836 31.238149642944336 -0.5
endloop
endfacet
facet normal 0.5009521406968298 0.5009521406968298 0.7057576818303342
outer loop
vertex -25.15650749206543 31.48137855529785 -1
vertex -25.53952980041504 31.159984588623047 -0.5
vertex -25.477901458740234 31.098356246948242 -0.5
endloop
endfacet
facet normal 0.6179414632632069 0.3445949036151856 0.7066843003651402
outer loop
vertex -25.59267807006836 31.238149642944336 -0.5
vertex -25.952945709228516 32.90958023071289 -1
vertex -26.389114379882812 32.666351318359375 -0.5
endloop
endfacet
facet normal 0.6179400828357599 0.34459495907278076 0.7066854803988567
outer loop
vertex -25.59267807006836 31.238149642944336 -0.5
vertex -25.15650749206543 31.48137855529785 -1
vertex -25.952945709228516 32.90958023071289 -1
endloop
endfacet
facet normal 0.642072618130626 0.2994157040548401 0.7057570327047601
outer loop
vertex -25.952945709228516 32.90958023071289 -1
vertex -26.422792434692383 32.73857116699219 -0.5
vertex -26.389114379882812 32.666351318359375 -0.5
endloop
endfacet
facet normal 0.7046653097681966 0.11233688188458944 0.7005906266699113
outer loop
vertex -26.422792434692383 32.73857116699219 -0.5
vertex -25.952945709228516 32.90958023071289 -1
vertex -26.451921463012695 32.92129135131836 -0.5
endloop
endfacet
facet normal 0.7075393098091113 -0.0166055656313827 0.7064788604515413
outer loop
vertex -25.952945709228516 32.90958023071289 -1
vertex -25.926443099975586 34.038818359375 -1
vertex -26.451921463012695 32.92129135131836 -0.5
endloop
endfacet
facet normal 0.7068889128880844 -0.0160023493225132 0.707143542466494
outer loop
vertex -25.926443099975586 34.038818359375 -1
vertex -26.427749633789062 33.98905944824219 -0.5
vertex -26.451921463012695 32.92129135131836 -0.5
endloop
endfacet
facet normal 0.6898564968620021 0.15523208584506212 0.7071074976702467
outer loop
vertex -26.62163734436035 37.1282844543457 -1
vertex -26.427749633789062 33.98905944824219 -0.5
vertex -25.926443099975586 34.038818359375 -1
endloop
endfacet
facet normal 0.6898574688525572 0.1552319979155126 0.7071065686949185
outer loop
vertex -26.62163734436035 37.1282844543457 -1
vertex -27.086530685424805 36.916709899902344 -0.5
vertex -26.427749633789062 33.98905944824219 -0.5
endloop
endfacet
facet normal 0.5701719883986782 0.4182164207108762 0.7071060239407391
outer loop
vertex -27.362289428710938 38.13804626464844 -1
vertex -27.7037410736084 37.7581787109375 -0.5
vertex -27.086530685424805 36.916709899902344 -0.5
endloop
endfacet
facet normal 0.5701718653515016 0.41821643104530043 0.7071061170470249
outer loop
vertex -27.086530685424805 36.916709899902344 -0.5
vertex -26.62163734436035 37.1282844543457 -1
vertex -27.362289428710938 38.13804626464844 -1
endloop
endfacet
facet normal 0.3552855416569074 0.611370671330718 0.7071054278720996
outer loop
vertex -27.362289428710938 38.13804626464844 -1
vertex -63.2464485168457 58.991390228271484 -1
vertex -27.7037410736084 37.7581787109375 -0.5
endloop
endfacet
facet normal 0.3552838593968622 0.6113679310564608 0.7071086423795239
outer loop
vertex -63.2464485168457 58.991390228271484 -1
vertex -63.41682434082031 58.51210021972656 -0.5
vertex -27.7037410736084 37.7581787109375 -0.5
endloop
endfacet
facet normal 0.11032111350753707 0.6984455801694326 0.7071089190897267
outer loop
vertex -64.35482788085938 59.16646194458008 -1
vertex -64.3404769897461 58.65799331665039 -0.5
vertex -63.41682434082031 58.51210021972656 -0.5
endloop
endfacet
facet normal 0.11032154414364466 0.6984459027031131 0.707108533320731
outer loop
vertex -63.41682434082031 58.51210021972656 -0.5
vertex -63.2464485168457 58.991390228271484 -1
vertex -64.35482788085938 59.16646194458008 -1
endloop
endfacet
facet normal -0.1495524448707649 0.6911097913204532 0.7071077163870977
outer loop
vertex -64.3404769897461 58.65799331665039 -0.5
vertex -64.35482788085938 59.16646194458008 -1
vertex -67.4581527709961 57.98334503173828 -0.5
endloop
endfacet
facet normal -0.1495520466138869 0.69110907723853 0.7071084985432612
outer loop
vertex -67.4581527709961 57.98334503173828 -0.5
vertex -64.35482788085938 59.16646194458008 -1
vertex -67.66686248779297 58.44975662231445 -1
endloop
endfacet
facet normal -0.41568279979095674 0.5720212858908886 0.7071063982497159
outer loop
vertex -67.66686248779297 58.44975662231445 -1
vertex -68.02642059326172 58.18846893310547 -1
vertex -67.55413055419922 57.91360092163086 -0.5
endloop
endfacet
facet normal -0.4156733009100717 0.5720253924901496 0.7071086601485058
outer loop
vertex -67.4581527709961 57.98334503173828 -0.5
vertex -67.66686248779297 58.44975662231445 -1
vertex -67.55413055419922 57.91360092163086 -0.5
endloop
endfacet
facet normal -0.6111400610945755 0.3556761054900113 0.7071084313659236
outer loop
vertex -78.62383270263672 40.636993408203125 -1
vertex -84.72863006591797 30.147432327270508 -1
vertex -78.19168853759766 40.38549041748047 -0.5
endloop
endfacet
facet normal -0.6111416054459138 0.35567718321004643 0.707106554514069
outer loop
vertex -84.72863006591797 30.147432327270508 -1
vertex -84.24940490722656 29.976831436157227 -0.5
vertex -78.19168853759766 40.38549041748047 -0.5
endloop
endfacet
facet normal -0.6984175025447348 0.1105194215990777 0.7071056848792696
outer loop
vertex -84.90419006347656 29.037986755371094 -1
vertex -84.39570617675781 29.05229377746582 -0.5
vertex -84.24940490722656 29.976831436157227 -0.5
endloop
endfacet
facet normal -0.6984166536418352 0.11051828869650794 0.7071067004203371
outer loop
vertex -84.24940490722656 29.976831436157227 -0.5
vertex -84.72863006591797 30.147432327270508 -1
vertex -84.90419006347656 29.037986755371094 -1
endloop
endfacet
facet normal -0.6910986778958645 -0.1496115498497735 0.7071060751840114
outer loop
vertex -84.39570617675781 29.05229377746582 -0.5
vertex -84.90419006347656 29.037986755371094 -1
vertex -84.4407958984375 26.897436141967773 -1
endloop
endfacet
facet normal -0.6910978099865778 -0.14961175477503275 0.707106880085954
outer loop
vertex -84.39570617675781 29.05229377746582 -0.5
vertex -84.4407958984375 26.897436141967773 -1
vertex -84.18693542480469 25.72478485107422 -1
endloop
endfacet
facet normal -0.6910996417346384 -0.14961160543613722 0.7071051214020981
outer loop
vertex -84.18693542480469 25.72478485107422 -1
vertex -83.72058868408203 25.93372917175293 -0.5
vertex -84.39570617675781 29.05229377746582 -0.5
endloop
endfacet
facet normal -0.5716678851972606 -0.4161655207046709 0.7071082579143747
outer loop
vertex -83.44153594970703 24.700855255126953 -1
vertex -83.09941864013672 25.080455780029297 -0.5
vertex -83.72058868408203 25.93372917175293 -0.5
endloop
endfacet
facet normal -0.5716718063213228 -0.41616519929363305 0.7071052769950219
outer loop
vertex -83.72058868408203 25.93372917175293 -0.5
vertex -84.18693542480469 25.72478485107422 -1
vertex -83.44153594970703 24.700855255126953 -1
endloop
endfacet
facet normal -0.35470340117392135 -0.6117076830102872 0.707106220975207
outer loop
vertex -31.02056884765625 -5.695842742919922 -1
vertex -30.850553512573242 -5.216450214385986 -0.5
vertex -83.09941864013672 25.080455780029297 -0.5
endloop
endfacet
facet normal -0.3547025666357034 -0.6117062971056237 0.7071078385249103
outer loop
vertex -83.09941864013672 25.080455780029297 -0.5
vertex -83.44153594970703 24.700855255126953 -1
vertex -31.02056884765625 -5.695842742919922 -1
endloop
endfacet
facet normal -0.1099620722387635 -0.698504751770803 0.707106395404939
outer loop
vertex -30.850553512573242 -5.216450214385986 -0.5
vertex -31.02056884765625 -5.695842742919922 -1
vertex -30.205900192260742 -5.824091911315918 -1
endloop
endfacet
facet normal -0.1099617311244357 -0.6985045762221963 0.7071066218646006
outer loop
vertex -30.850553512573242 -5.216450214385986 -0.5
vertex -30.205900192260742 -5.824091911315918 -1
vertex -29.913433074951172 -5.870133399963379 -1
endloop
endfacet
facet normal -0.10996158336358343 -0.6985044655733962 0.7071067541455094
outer loop
vertex -29.913433074951172 -5.870133399963379 -1
vertex -29.927940368652344 -5.361691951751709 -0.5
vertex -30.850553512573242 -5.216450214385986 -0.5
endloop
endfacet
facet normal 0.14960929589628252 -0.6910983142458433 0.7071069074955866
outer loop
vertex -29.913433074951172 -5.870133399963379 -1
vertex -26.609111785888672 -5.154812335968018 -1
vertex -29.927940368652344 -5.361691951751709 -0.5
endloop
endfacet
facet normal 0.1496092666441127 -0.6910986697363208 0.7071065662422451
outer loop
vertex -26.609111785888672 -5.154812335968018 -1
vertex -26.81673240661621 -4.68817663192749 -0.5
vertex -29.927940368652344 -5.361691951751709 -0.5
endloop
endfacet
facet normal 0.41319543983431256 -0.5738207397157433 0.7071062771410012
outer loop
vertex -26.81673240661621 -4.68817663192749 -0.5
vertex -26.609111785888672 -5.154812335968018 -1
vertex -24.858726501464844 -3.8943991661071777 -1
endloop
endfacet
facet normal 0.41319530259491366 -0.5738199438568711 0.7071070031795719
outer loop
vertex -24.858726501464844 -3.8943991661071777 -1
vertex -25.15089988708496 -3.4886467456817627 -0.5
vertex -26.81673240661621 -4.68817663192749 -0.5
endloop
endfacet
facet normal -0.2994106400799056 -0.6420742641988568 0.7057576835291542
outer loop
vertex -24.858726501464844 -3.8943991661071777 -1
vertex -24.631498336791992 -3.450767755508423 -0.5
vertex -24.687715530395508 -3.4245526790618896 -0.5
endloop
endfacet
facet normal -0.18335950293540804 -0.6843137193039468 0.7057577674072593
outer loop
vertex -24.771902084350586 -3.4019951820373535 -0.5
vertex -24.858726501464844 -3.8943991661071777 -1
vertex -24.687715530395508 -3.4245526790618896 -0.5
endloop
endfacet
facet normal -0.061744681844457645 -0.7057576050826256 0.7057576050826256
outer loop
vertex -24.858726501464844 -3.3943991661071777 -0.5
vertex -24.858726501464844 -3.8943991661071777 -1
vertex -24.771902084350586 -3.4019951820373535 -0.5
endloop
endfacet
facet normal 0.061744681844457645 -0.7057576050826256 0.7057576050826256
outer loop
vertex -24.9455509185791 -3.4019951820373535 -0.5
vertex -24.858726501464844 -3.8943991661071777 -1
vertex -24.858726501464844 -3.3943991661071777 -0.5
endloop
endfacet
facet normal 0.1833634242302122 -0.6843128496294485 0.705757591873155
outer loop
vertex -25.029735565185547 -3.4245526790618896 -0.5
vertex -24.858726501464844 -3.8943991661071777 -1
vertex -24.9455509185791 -3.4019951820373535 -0.5
endloop
endfacet
facet normal 0.29940329070634086 -0.6420779266919918 0.7057574693682864
outer loop
vertex -25.108726501464844 -3.4613864421844482 -0.5
vertex -24.858726501464844 -3.8943991661071777 -1
vertex -25.029735565185547 -3.4245526790618896 -0.5
endloop
endfacet
facet normal 0.3840973141220593 -0.5942224431109764 0.7066604144760357
outer loop
vertex -25.15089988708496 -3.4886467456817627 -0.5
vertex -24.858726501464844 -3.8943991661071777 -1
vertex -25.108726501464844 -3.4613864421844482 -0.5
endloop
endfacet
facet normal -0.32235589302104356 -0.6293540658951409 0.7071068787502073
outer loop
vertex -22.59400749206543 -5.054390907287598 -1
vertex -24.078895568847656 -3.732057571411133 -0.5
vertex -24.858726501464844 -3.8943991661071777 -1
endloop
endfacet
facet normal -0.32127205913521717 -0.6311491533084934 0.70599929907684
outer loop
vertex -24.631498336791992 -3.450767755508423 -0.5
vertex -24.858726501464844 -3.8943991661071777 -1
vertex -24.078895568847656 -3.732057571411133 -0.5
endloop
endfacet
facet normal -0.322355755355501 -0.6293539679869258 0.7071070286514595
outer loop
vertex -22.59400749206543 -4.816592216491699 -0.7883495092391968
vertex -24.078895568847656 -3.732057571411133 -0.5
vertex -22.59400749206543 -5.054390907287598 -1
endloop
endfacet
facet normal -0.3223561060415849 -0.629354321878105 0.7071065538029307
outer loop
vertex -22.59400749206543 -4.816592216491699 -0.7883495092391968
vertex -21.961496353149414 -4.816592216491699 -0.5
vertex -24.078895568847656 -3.732057571411133 -0.5
endloop
endfacet
facet normal -0.6532802406747089 -0.27060209177683975 0.707106381720596
outer loop
vertex -20.742151260375977 -61.208412170410156 -0.5
vertex -21.283348083496094 -61.208412170410156 -1
vertex -20.71340560913086 -61.277809143066406 -0.5
endloop
endfacet
facet normal -0.6532807440168009 -0.27059783260346065 0.7071075466201479
outer loop
vertex -21.283348083496094 -61.208412170410156 -1
vertex -21.137285232543945 -61.561038970947266 -1
vertex -20.71340560913086 -61.277809143066406 -0.5
endloop
endfacet
facet normal -0.4999990559753674 -0.4999990559753674 0.7071081162364654
outer loop
vertex -18.42852020263672 -63.56269454956055 -0.5
vertex -20.71340560913086 -61.277809143066406 -0.5
vertex -18.711748123168945 -63.986576080322266 -1
endloop
endfacet
facet normal -0.4999990559753674 -0.4999990559753674 0.7071081162364654
outer loop
vertex -20.71340560913086 -61.277809143066406 -0.5
vertex -21.137285232543945 -61.561038970947266 -1
vertex -18.711748123168945 -63.986576080322266 -1
endloop
endfacet
facet normal -0.2705995127214854 -0.6532814070765601 0.7071062910786217
outer loop
vertex -17.609121322631836 -64.44329833984375 -1
vertex -17.509666442871094 -63.94329833984375 -0.5
vertex -18.42852020263672 -63.56269454956055 -0.5
endloop
endfacet
facet normal -0.27059586555024 -0.6532809738510126 0.707108087035772
outer loop
vertex -18.711748123168945 -63.986576080322266 -1
vertex -18.29926109313965 -64.15743255615234 -1
vertex -18.42852020263672 -63.56269454956055 -0.5
endloop
endfacet
facet normal -0.27059828304213923 -0.6532808318189925 0.7071072931263909
outer loop
vertex -18.42852020263672 -63.56269454956055 -0.5
vertex -18.29926109313965 -64.15743255615234 -1
vertex -17.609121322631836 -64.44329833984375 -1
endloop
endfacet
facet normal 0.31035977748701304 -0.5864329027724944 -0.7481799643561956
outer loop
vertex 80.92508697509766 -64.26248168945312 -16.913753509521484
vertex 80.77616882324219 -63.19383239746094 -17.813148498535156
vertex 81.9237289428711 -63.986576080322266 -16.715755462646484
endloop
endfacet
facet normal 0.31036241661329544 -0.586430323064316 -0.7481808915928266
outer loop
vertex 80.77616882324219 -63.19383239746094 -17.813148498535156
vertex 81.51901245117188 -62.88613510131836 -17.74617576599121
vertex 82.0277099609375 -63.805763244628906 -16.81434440612793
endloop
endfacet
facet normal 0.3103593974864905 -0.5864295005273576 -0.7481827886974255
outer loop
vertex 80.9543228149414 -64.38811492919922 -16.80315399169922
vertex 80.92508697509766 -64.26248168945312 -16.913753509521484
vertex 81.9237289428711 -63.986576080322266 -16.715755462646484
endloop
endfacet
facet normal 0.3103591205789242 -0.5864335397634929 -0.748179737572421
outer loop
vertex 81.9237289428711 -63.986576080322266 -16.715755462646484
vertex 80.77616882324219 -63.19383239746094 -17.813148498535156
vertex 82.05107116699219 -63.85923767089844 -16.762741088867188
endloop
endfacet
facet normal 0.3103750194508289 -0.5864152707835862 -0.7481874614645122
outer loop
vertex 80.77616882324219 -63.19383239746094 -17.813148498535156
vertex 82.0277099609375 -63.805763244628906 -16.81434440612793
vertex 82.05107116699219 -63.85923767089844 -16.762741088867188
endloop
endfacet
facet normal 0.5380438336411126 -0.4343522776232387 -0.722389736917877
outer loop
vertex 81.51901245117188 -62.88613510131836 -17.74617576599121
vertex 83.6705322265625 -60.734615325927734 -17.437347412109375
vertex 84.43157196044922 -61.362342834472656 -16.49308204650879
endloop
endfacet
facet normal 0.5373748729204144 -0.4342478617179281 -0.7229502337970267
outer loop
vertex 82.05107116699219 -63.85923767089844 -16.762741088867188
vertex 84.43157196044922 -61.362342834472656 -16.49308204650879
vertex 84.3492660522461 -61.561038970947266 -16.434911727905273
endloop
endfacet
facet normal 0.5471393220978563 -0.44507387484865774 -0.7089060643988732
outer loop
vertex 82.0277099609375 -63.805763244628906 -16.81434440612793
vertex 84.43157196044922 -61.362342834472656 -16.49308204650879
vertex 82.05107116699219 -63.85923767089844 -16.762741088867188
endloop
endfacet
facet normal 0.5380439819309599 -0.4343530179498815 -0.7223891813321314
outer loop
vertex 82.0277099609375 -63.805763244628906 -16.81434440612793
vertex 81.51901245117188 -62.88613510131836 -17.74617576599121
vertex 84.43157196044922 -61.362342834472656 -16.49308204650879
endloop
endfacet
facet normal 0.6896682808352368 -0.2074677908378239 -0.6937685335719991
outer loop
vertex 84.80599212646484 -60.458412170410156 -16.39119529724121
vertex 83.6705322265625 -60.734615325927734 -17.437347412109375
vertex 84.80599212646484 -60.244380950927734 -16.4552001953125
endloop
endfacet
facet normal 0.6896690792788208 -0.20747637084506168 -0.6937651739801197
outer loop
vertex 83.6705322265625 -60.734615325927734 -17.437347412109375
vertex 83.97953796386719 -59.98885726928711 -17.353191375732422
vertex 84.80599212646484 -60.244380950927734 -16.4552001953125
endloop
endfacet
facet normal 0.6896682159809281 -0.2074716407848337 -0.6937674467252934
outer loop
vertex 84.43157196044922 -61.362342834472656 -16.49308204650879
vertex 83.6705322265625 -60.734615325927734 -17.437347412109375
vertex 84.80599212646484 -60.458412170410156 -16.39119529724121
endloop
endfacet
facet normal 0.7430016841867063 0.06074199863315106 -0.666527498980926
outer loop
vertex 84.80599212646484 -60.244380950927734 -16.4552001953125
vertex 83.97953796386719 -59.98885726928711 -17.353191375732422
vertex 84.80599212646484 33.283329010009766 -7.931830883026123
endloop
endfacet
facet normal 0.7430022100491073 0.06074193534479399 -0.6665269185507149
outer loop
vertex 84.80599212646484 33.283329010009766 -7.931830883026123
vertex 83.97953796386719 -59.98885726928711 -17.353191375732422
vertex 84.74202728271484 33.44902420043945 -7.988034725189209
endloop
endfacet
facet normal 0.7430014704572222 0.06074202321107262 -0.6665277349927992
outer loop
vertex 83.97953796386719 -59.98885726928711 -17.353191375732422
vertex 83.97953796386719 33.376502990722656 -8.844616889953613
vertex 84.74202728271484 33.44902420043945 -7.988034725189209
endloop
endfacet
facet normal 0.6957007179320048 0.3143639820069891 -0.645891475315786
outer loop
vertex 84.40338134765625 34.326236724853516 -7.925839900970459
vertex 83.97953796386719 33.376502990722656 -8.844616889953613
vertex 84.32688903808594 34.410545349121094 -7.967196941375732
endloop
endfacet
facet normal 0.6956979406440376 0.31436679220760455 -0.6458930990038105
outer loop
vertex 84.74202728271484 33.44902420043945 -7.988034725189209
vertex 83.97953796386719 33.376502990722656 -8.844616889953613
vertex 84.40338134765625 34.326236724853516 -7.925839900970459
endloop
endfacet
facet normal 0.6957006702656752 0.3143640241710238 -0.645891506136201
outer loop
vertex 83.97953796386719 33.376502990722656 -8.844616889953613
vertex 83.70877838134766 34.077877044677734 -8.794888496398926
vertex 84.32688903808594 34.410545349121094 -7.967196941375732
endloop
endfacet
facet normal 0.5594649309822857 0.5351860209725127 -0.6329098782264307
outer loop
vertex 82.10579681396484 36.843414306640625 -7.873327732086182
vertex 83.70877838134766 34.077877044677734 -8.794888496398926
vertex 81.69737243652344 36.29479217529297 -8.698269844055176
endloop
endfacet
facet normal 0.5594671465294629 0.5351865137061455 -0.6329075031165631
outer loop
vertex 84.32688903808594 34.410545349121094 -7.967196941375732
vertex 83.70877838134766 34.077877044677734 -8.794888496398926
vertex 82.10579681396484 36.843414306640625 -7.873327732086182
endloop
endfacet
facet normal 0.3225763939231871 0.7067034458693531 -0.6296941397852571
outer loop
vertex 82.10579681396484 36.843414306640625 -7.873327732086182
vertex 81.69737243652344 36.29479217529297 -8.698269844055176
vertex 81.04402160644531 37.316932678222656 -7.885820388793945
endloop
endfacet
facet normal 0.3225789494902299 0.7067037592465153 -0.6296924789233416
outer loop
vertex 81.69737243652344 36.29479217529297 -8.698269844055176
vertex 80.92481231689453 36.63933181762695 -8.70736026763916
vertex 81.04402160644531 37.316932678222656 -7.885820388793945
endloop
endfacet
facet normal 0.037061619005342 0.7682758256200113 -0.6390451409443568
outer loop
vertex 72.82061004638672 37.387939453125 -8.277371406555176
vertex 80.97676849365234 37.346923828125 -7.853662490844727
vertex 80.92481231689453 36.63933181762695 -8.70736026763916
endloop
endfacet
facet normal 0.03706154278562115 0.7682746188021946 -0.639046596228078
outer loop
vertex 58.930484771728516 36.74993133544922 -9.849954605102539
vertex 58.74325942993164 37.4587287902832 -9.008682250976562
vertex 70.98963928222656 36.83739471435547 -9.045433044433594
endloop
endfacet
facet normal 0.037061837463988036 0.7682712363975163 -0.6390506455109991
outer loop
vertex 71.11168670654297 36.68867492675781 -9.217146873474121
vertex 58.930484771728516 36.74993133544922 -9.849954605102539
vertex 70.98963928222656 36.83739471435547 -9.045433044433594
endloop
endfacet
facet normal 0.037061271867979584 0.7682763450640301 -0.6390445365876961
outer loop
vertex 80.92481231689453 36.63933181762695 -8.70736026763916
vertex 72.52300262451172 36.68157958984375 -9.143830299377441
vertex 72.65257263183594 36.83739471435547 -8.948990821838379
endloop
endfacet
facet normal 0.03704170389288838 0.7682769908662569 -0.6390448947282195
outer loop
vertex 81.04402160644531 37.316932678222656 -7.885820388793945
vertex 80.92481231689453 36.63933181762695 -8.70736026763916
vertex 80.97676849365234 37.346923828125 -7.853662490844727
endloop
endfacet
facet normal 0.03706163806443256 0.768277565544905 -0.6390430480526136
outer loop
vertex 70.89722442626953 37.01028060913086 -8.842945098876953
vertex 58.74325942993164 37.4587287902832 -9.008682250976562
vertex 70.84031677246094 37.197872161865234 -8.62071704864502
endloop
endfacet
facet normal 0.03706135453064597 0.768277668926388 -0.6390429402077681
outer loop
vertex 80.92481231689453 36.63933181762695 -8.70736026763916
vertex 72.74498748779297 37.01028060913086 -8.735783576965332
vertex 72.80188751220703 37.197872161865234 -8.50695514678955
endloop
endfacet
facet normal 0.037060415699535 0.7682681436877461 -0.6390544460237815
outer loop
vertex 80.92481231689453 36.63933181762695 -8.70736026763916
vertex 72.80188751220703 37.197872161865234 -8.50695514678955
vertex 72.82061004638672 37.387939453125 -8.277371406555176
endloop
endfacet
facet normal 0.03706159881235267 0.7682756495881002 -0.6390453537452994
outer loop
vertex 70.98963928222656 36.83739471435547 -9.045433044433594
vertex 58.74325942993164 37.4587287902832 -9.008682250976562
vertex 70.89722442626953 37.01028060913086 -8.842945098876953
endloop
endfacet
facet normal 0.03706172049243809 0.7682727057810479 -0.6390488857873141
outer loop
vertex 70.84031677246094 37.197872161865234 -8.62071704864502
vertex 58.74325942993164 37.4587287902832 -9.008682250976562
vertex 70.82110595703125 37.39296340942383 -8.387290000915527
endloop
endfacet
facet normal 0.03706127787368726 0.7682758066675528 -0.639045183513412
outer loop
vertex 80.92481231689453 36.63933181762695 -8.70736026763916
vertex 72.65257263183594 36.83739471435547 -8.948990821838379
vertex 72.74498748779297 37.01028060913086 -8.735783576965332
endloop
endfacet
facet normal -0.21913322708697044 0.7215880601476858 -0.6567277215397187
outer loop
vertex 58.930484771728516 36.74993133544922 -9.849954605102539
vertex 57.72736358642578 37.12875747680664 -9.03226375579834
vertex 58.590553283691406 37.459495544433594 -8.95688533782959
endloop
endfacet
facet normal -0.21913455944115207 0.7215875574704602 -0.6567278292887759
outer loop
vertex 58.930484771728516 36.74993133544922 -9.849954605102539
vertex 58.590553283691406 37.459495544433594 -8.95688533782959
vertex 58.74325942993164 37.4587287902832 -9.008682250976562
endloop
endfacet
facet normal -0.21913255606499696 0.7215888355512139 -0.6567270934568362
outer loop
vertex 58.930484771728516 36.74993133544922 -9.849954605102539
vertex 58.222415924072266 36.47863006591797 -9.911787033081055
vertex 57.72736358642578 37.12875747680664 -9.03226375579834
endloop
endfacet
facet normal -0.4397113239620222 0.5859837567504316 -0.6806445389512918
outer loop
vertex 58.222415924072266 36.47863006591797 -9.911787033081055
vertex 55.2021484375 34.93618392944336 -9.288558006286621
vertex 57.53934860229492 37.05671691894531 -8.972821235656738
endloop
endfacet
facet normal -0.4397108001012061 0.5859819741417615 -0.6806464120637684
outer loop
vertex 58.222415924072266 36.47863006591797 -9.911787033081055
vertex 56.00634765625 34.467994689941406 -10.211159706115723
vertex 55.2021484375 34.93618392944336 -9.288558006286621
endloop
endfacet
facet normal -0.4397174496742533 0.5859780587129317 -0.6806454871362879
outer loop
vertex 58.222415924072266 36.47863006591797 -9.911787033081055
vertex 57.53934860229492 37.05671691894531 -8.972821235656738
vertex 57.72736358642578 37.12875747680664 -9.03226375579834
endloop
endfacet
facet normal -0.6061520697899264 0.35818588277736374 -0.7101285388353217
outer loop
vertex 56.00634765625 34.467994689941406 -10.211159706115723
vertex 55.039302825927734 34.78843307495117 -9.224081039428711
vertex 55.2021484375 34.93618392944336 -9.288558006286621
endloop
endfacet
facet normal -0.6061506765522875 0.3581905156506745 -0.7101273912567434
outer loop
vertex 56.00634765625 34.467994689941406 -10.211159706115723
vertex 55.65959167480469 33.70782470703125 -10.29860782623291
vertex 54.630714416503906 33.845333099365234 -9.351018905639648
endloop
endfacet
facet normal -0.6061505606158359 0.35818922009905313 -0.7101281436965724
outer loop
vertex 56.00634765625 34.467994689941406 -10.211159706115723
vertex 54.630714416503906 33.845333099365234 -9.351018905639648
vertex 55.039302825927734 34.78843307495117 -9.224081039428711
endloop
endfacet
facet normal -0.6689533996014648 0.0874521016657529 -0.7381419098492416
outer loop
vertex 55.65959167480469 33.70782470703125 -10.29860782623291
vertex 54.512821197509766 33.026248931884766 -9.340078353881836
vertex 54.5267333984375 33.66452407836914 -9.277066230773926
endloop
endfacet
facet normal -0.669123842720608 0.08273843631961433 -0.7385307266852152
outer loop
vertex 55.65959167480469 33.70782470703125 -10.29860782623291
vertex 54.5267333984375 33.66452407836914 -9.277066230773926
vertex 54.630714416503906 33.845333099365234 -9.351018905639648
endloop
endfacet
facet normal -0.6697733949179377 0.09037355074632084 -0.7370456029212863
outer loop
vertex 55.65959167480469 33.70782470703125 -10.29860782623291
vertex 55.639530181884766 33.09538269042969 -10.355472564697266
vertex 54.512821197509766 33.026248931884766 -9.340078353881836
endloop
endfacet
facet normal -0.45962210947669807 0.5660182090844965 -0.6843762879184003
outer loop
vertex 54.062625885009766 31.62356185913086 -9.644407272338867
vertex 54.75926208496094 31.048133850097656 -10.588174819946289
vertex 53.470130920410156 31.043842315673828 -9.725953102111816
endloop
endfacet
facet normal -0.45890905283766104 0.5678929782557404 -0.6833008462393894
outer loop
vertex 54.75926208496094 31.048133850097656 -10.588174819946289
vertex 54.166934967041016 30.468578338623047 -10.67203426361084
vertex 53.470130920410156 31.043842315673828 -9.725953102111816
endloop
endfacet
facet normal -0.4612530333690132 0.5644152874047385 -0.6846028210223142
outer loop
vertex 54.78424835205078 31.0728759765625 -10.584610939025879
vertex 54.75926208496094 31.048133850097656 -10.588174819946289
vertex 54.062625885009766 31.62356185913086 -9.644407272338867
endloop
endfacet
facet normal -0.6679942858475801 0.13312651304322123 -0.7321618438568993
outer loop
vertex 55.5924186706543 32.59421920776367 -10.403613090515137
vertex 54.50577926635742 32.703311920166016 -9.392372131347656
vertex 54.512821197509766 33.026248931884766 -9.340078353881836
endloop
endfacet
facet normal -0.6415703381951547 0.26884258526192595 -0.718408773260627
outer loop
vertex 55.5924186706543 32.59421920776367 -10.403613090515137
vertex 54.49726867675781 32.31293869018555 -9.53085708618164
vertex 54.50577926635742 32.703311920166016 -9.392372131347656
endloop
endfacet
facet normal -0.589078894976222 0.39668456584272166 -0.7040081041548916
outer loop
vertex 54.49726867675781 32.31293869018555 -9.53085708618164
vertex 55.4255256652832 32.036827087402344 -10.463155746459961
vertex 54.49138641357422 32.04307556152344 -9.677993774414062
endloop
endfacet
facet normal -0.5890739885864664 0.3966955182730106 -0.704006038150909
outer loop
vertex 54.49138641357422 32.04307556152344 -9.677993774414062
vertex 55.15263748168945 31.52313232421875 -10.524271965026855
vertex 54.37527847290039 31.929473876953125 -9.644853591918945
endloop
endfacet
facet normal -0.641570386775948 0.26884057584702287 -0.7184094818349781
outer loop
vertex 55.5924186706543 32.59421920776367 -10.403613090515137
vertex 55.4255256652832 32.036827087402344 -10.463155746459961
vertex 54.49726867675781 32.31293869018555 -9.53085708618164
endloop
endfacet
facet normal -0.6679950445308587 0.13312402627389638 -0.7321616038217541
outer loop
vertex 55.639530181884766 33.09538269042969 -10.355472564697266
vertex 55.5924186706543 32.59421920776367 -10.403613090515137
vertex 54.512821197509766 33.026248931884766 -9.340078353881836
endloop
endfacet
facet normal -0.5061349279691039 0.5162793317801289 -0.690856776956247
outer loop
vertex 54.37527847290039 31.929473876953125 -9.644853591918945
vertex 54.78424835205078 31.0728759765625 -10.584610939025879
vertex 54.062625885009766 31.62356185913086 -9.644407272338867
endloop
endfacet
facet normal -0.589076956175719 0.39669144150977076 -0.7040058522027004
outer loop
vertex 55.4255256652832 32.036827087402344 -10.463155746459961
vertex 55.15263748168945 31.52313232421875 -10.524271965026855
vertex 54.49138641357422 32.04307556152344 -9.677993774414062
endloop
endfacet
facet normal -0.5125353913504088 0.5117457663825017 -0.6895097847042269
outer loop
vertex 55.15263748168945 31.52313232421875 -10.524271965026855
vertex 54.78424835205078 31.0728759765625 -10.584610939025879
vertex 54.37527847290039 31.929473876953125 -9.644853591918945
endloop
endfacet
facet normal 0.033500772939831204 0.7682832703134682 -0.6392327547684616
outer loop
vertex 52.089263916015625 29.6230525970459 -10.8579740524292
vertex 20.922958374023438 29.6230525970459 -12.491331100463867
vertex 20.732664108276367 30.331703186035156 -11.649588584899902
endloop
endfacet
facet normal 0.033500773372826156 0.7682832143148697 -0.6392328220495523
outer loop
vertex 52.089263916015625 29.6230525970459 -10.8579740524292
vertex 20.732664108276367 30.331703186035156 -11.649588584899902
vertex 52.04475021362305 30.331703186035156 -10.008591651916504
endloop
endfacet
facet normal -0.2998720092417966 0.6864759376511083 -0.662440612507506
outer loop
vertex 53.742183685302734 30.123804092407227 -10.725713729858398
vertex 53.22837829589844 29.849227905273438 -10.777664184570312
vertex 52.894474029541016 30.4805965423584 -9.972236633300781
endloop
endfacet
facet normal -0.17192496231923568 0.7394314445241399 -0.650909322548443
outer loop
vertex 53.22837829589844 29.849227905273438 -10.777664184570312
vertex 52.7422981262207 30.331703186035156 -10.101184844970703
vertex 52.894474029541016 30.4805965423584 -9.972236633300781
endloop
endfacet
facet normal -0.2998742832205131 0.686473561353836 -0.6624420456350614
outer loop
vertex 53.742183685302734 30.123804092407227 -10.725713729858398
vertex 52.894474029541016 30.4805965423584 -9.972236633300781
vertex 53.199432373046875 30.778982162475586 -9.801074981689453
endloop
endfacet
facet normal -0.4115069435191444 0.612103965565594 -0.6752708869590084
outer loop
vertex 53.470130920410156 31.043842315673828 -9.725953102111816
vertex 54.166934967041016 30.468578338623047 -10.67203426361084
vertex 53.199432373046875 30.778982162475586 -9.801074981689453
endloop
endfacet
facet normal -0.03596143039803859 0.7664267495282165 -0.6413242651976764
outer loop
vertex 52.670257568359375 29.680145263671875 -10.822322845458984
vertex 52.089263916015625 29.6230525970459 -10.8579740524292
vertex 52.04475021362305 30.331703186035156 -10.008591651916504
endloop
endfacet
facet normal -0.171927070738357 0.7394303241044562 -0.650910038440111
outer loop
vertex 53.22837829589844 29.849227905273438 -10.777664184570312
vertex 52.670257568359375 29.680145263671875 -10.822322845458984
vertex 52.7422981262207 30.331703186035156 -10.101184844970703
endloop
endfacet
facet normal -0.0359615799880834 0.7664266877093044 -0.6413243306874494
outer loop
vertex 52.485260009765625 30.331703186035156 -10.033292770385742
vertex 52.670257568359375 29.680145263671875 -10.822322845458984
vertex 52.04475021362305 30.331703186035156 -10.008591651916504
endloop
endfacet
facet normal -0.17192641010311926 0.7394303773030895 -0.6509101525022211
outer loop
vertex 52.7422981262207 30.331703186035156 -10.101184844970703
vertex 52.670257568359375 29.680145263671875 -10.822322845458984
vertex 52.485260009765625 30.331703186035156 -10.033292770385742
endloop
endfacet
facet normal -0.41150845309918 0.6121019092253738 -0.6752718310062787
outer loop
vertex 54.166934967041016 30.468578338623047 -10.67203426361084
vertex 53.742183685302734 30.123804092407227 -10.725713729858398
vertex 53.199432373046875 30.778982162475586 -9.801074981689453
endloop
endfacet
facet normal -0.22078326738585324 0.7209534706328926 -0.6568720134278926
outer loop
vertex 20.922958374023438 29.6230525970459 -12.491331100463867
vertex 20.22046661376953 29.35186195373535 -12.552861213684082
vertex 19.72433090209961 30.001623153686523 -11.672954559326172
endloop
endfacet
facet normal -0.22078413077165715 0.720952736220125 -0.6568725292902108
outer loop
vertex 20.922958374023438 29.6230525970459 -12.491331100463867
vertex 20.579364776611328 30.331703186035156 -11.598062515258789
vertex 20.732664108276367 30.331703186035156 -11.649588584899902
endloop
endfacet
facet normal -0.22078379168673298 0.7209528654719902 -0.6568725014005046
outer loop
vertex 19.72433090209961 30.001623153686523 -11.672954559326172
vertex 20.579364776611328 30.331703186035156 -11.598062515258789
vertex 20.922958374023438 29.6230525970459 -12.491331100463867
endloop
endfacet
facet normal -0.4397109720065289 0.5859822597611023 -0.6806460551140698
outer loop
vertex 20.22046661376953 29.35186195373535 -12.552861213684082
vertex 17.193397521972656 27.80324363708496 -11.930551528930664
vertex 19.536455154418945 29.929096221923828 -11.614023208618164
endloop
endfacet
facet normal -0.43971039989462757 0.5859827926528804 -0.6806459659318035
outer loop
vertex 19.72433090209961 30.001623153686523 -11.672954559326172
vertex 20.22046661376953 29.35186195373535 -12.552861213684082
vertex 19.536455154418945 29.929096221923828 -11.614023208618164
endloop
endfacet
facet normal -0.43971091942825535 0.5859820817543099 -0.6806462423303632
outer loop
vertex 20.22046661376953 29.35186195373535 -12.552861213684082
vertex 18.00029945373535 27.337507247924805 -12.852787971496582
vertex 17.193397521972656 27.80324363708496 -11.930551528930664
endloop
endfacet
facet normal -0.6083746047103924 0.35326471987389585 -0.710692885876798
outer loop
vertex 18.00029945373535 27.337507247924805 -12.852787971496582
vertex 17.03035545349121 27.65531349182129 -11.864514350891113
vertex 17.193397521972656 27.80324363708496 -11.930551528930664
endloop
endfacet
facet normal -0.6083716184929079 0.3532706316336996 -0.7106925035748207
outer loop
vertex 18.00029945373535 27.337507247924805 -12.852787971496582
vertex 17.652769088745117 26.55980110168457 -12.941874504089355
vertex 16.62060546875 26.686235427856445 -11.995467185974121
endloop
endfacet
facet normal -0.6083716864745914 0.35327126990792873 -0.7106921281073124
outer loop
vertex 18.00029945373535 27.337507247924805 -12.852787971496582
vertex 16.62060546875 26.686235427856445 -11.995467185974121
vertex 17.03035545349121 27.65531349182129 -11.864514350891113
endloop
endfacet
facet normal -0.669276694975719 0.07189569450312285 -0.7395266828683684
outer loop
vertex 17.652769088745117 26.55980110168457 -12.941874504089355
vertex 16.437543869018555 14.065905570983887 -13.05672550201416
vertex 16.516624450683594 26.505422592163086 -11.91894245147705
endloop
endfacet
facet normal -0.6692766549184085 0.07189752705397381 -0.7395265409603287
outer loop
vertex 16.62060546875 26.686235427856445 -11.995467185974121
vertex 17.652769088745117 26.55980110168457 -12.941874504089355
vertex 16.516624450683594 26.505422592163086 -11.91894245147705
endloop
endfacet
facet normal -0.6692764198999708 0.07189567005803121 -0.7395269341902191
outer loop
vertex 17.652769088745117 26.55980110168457 -12.941874504089355
vertex 17.573890686035156 14.151979446411133 -14.07675838470459
vertex 16.437543869018555 14.065905570983887 -13.05672550201416
endloop
endfacet
facet normal -0.46251953451588645 0.5639039951656123 -0.6841695436275053
outer loop
vertex 16.7025089263916 12.075187683105469 -14.311688423156738
vertex 16.10814666748047 11.48459243774414 -14.396659851074219
vertex 15.405117988586426 12.055970191955566 -13.450451850891113
endloop
endfacet
facet normal -0.46226948658729977 0.5645839072932227 -0.683777692964484
outer loop
vertex 16.7025089263916 12.075187683105469 -14.311688423156738
vertex 15.405117988586426 12.055970191955566 -13.450451850891113
vertex 15.999419212341309 12.646505355834961 -13.364635467529297
endloop
endfacet
facet normal -0.6674221319527878 0.13701536535659392 -0.7319661791611649
outer loop
vertex 16.435306549072266 13.71409797668457 -13.120539665222168
vertex 16.437543869018555 14.065905570983887 -13.05672550201416
vertex 17.573890686035156 14.151979446411133 -14.07675838470459
endloop
endfacet
facet normal -0.5890774294666197 0.3966893048047397 -0.7040066601577942
outer loop
vertex 16.43124771118164 13.075597763061523 -13.402467727661133
vertex 17.079647064208984 12.534173011779785 -14.250094413757324
vertex 16.297710418701172 12.942906379699707 -13.365498542785645
endloop
endfacet
facet normal -0.5890779411154681 0.3966894938751771 -0.7040061254990733
outer loop
vertex 16.432811737060547 13.321440696716309 -13.265250205993652
vertex 17.3525333404541 13.047868728637695 -14.188979148864746
vertex 16.43124771118164 13.075597763061523 -13.402467727661133
endloop
endfacet
facet normal -0.5116638133121394 0.5129219474688922 -0.6892831188645195
outer loop
vertex 17.079647064208984 12.534173011779785 -14.250094413757324
vertex 16.7025089263916 12.075187683105469 -14.311688423156738
vertex 16.297710418701172 12.942906379699707 -13.365498542785645
endloop
endfacet
facet normal -0.5890783718160203 0.3966880493263563 -0.7040065790745403
outer loop
vertex 17.3525333404541 13.047868728637695 -14.188979148864746
vertex 17.079647064208984 12.534173011779785 -14.250094413757324
vertex 16.43124771118164 13.075597763061523 -13.402467727661133
endloop
endfacet
facet normal -0.6674219112798648 0.13701365165739077 -0.7319667011572585
outer loop
vertex 17.573890686035156 14.151979446411133 -14.07675838470459
vertex 17.519428253173828 13.605259895324707 -14.129436492919922
vertex 16.435306549072266 13.71409797668457 -13.120539665222168
endloop
endfacet
facet normal -0.6415707403524028 0.2688431985211428 -0.7184081846224964
outer loop
vertex 17.519428253173828 13.605259895324707 -14.129436492919922
vertex 17.3525333404541 13.047868728637695 -14.188979148864746
vertex 16.432811737060547 13.321440696716309 -13.265250205993652
endloop
endfacet
facet normal -0.6415708076652298 0.26884003763012754 -0.7184093073720692
outer loop
vertex 16.435306549072266 13.71409797668457 -13.120539665222168
vertex 17.519428253173828 13.605259895324707 -14.129436492919922
vertex 16.432811737060547 13.321440696716309 -13.265250205993652
endloop
endfacet
facet normal -0.5116651488638597 0.5129210067210284 -0.6892828275116181
outer loop
vertex 16.297710418701172 12.942906379699707 -13.365498542785645
vertex 16.7025089263916 12.075187683105469 -14.311688423156738
vertex 15.999419212341309 12.646505355834961 -13.364635467529297
endloop
endfacet
facet normal 0.03350068124041554 0.7682832143148953 -0.6392328268779699
outer loop
vertex 14.014236450195312 10.623052597045898 -14.58491039276123
vertex 11.555480003356934 10.623052597045898 -14.713768005371094
vertex 11.510966300964355 11.331703186035156 -13.864385604858398
endloop
endfacet
facet normal 0.03350069303831994 0.7682832327876201 -0.6392328040576106
outer loop
vertex 11.510966300964355 11.331703186035156 -13.864385604858398
vertex 13.969721794128418 11.331703186035156 -13.735527992248535
vertex 14.014236450195312 10.623052597045898 -14.58491039276123
endloop
endfacet
facet normal -0.4148823006538357 0.6095956132096718 -0.6754745479732781
outer loop
vertex 15.405117988586426 12.055970191955566 -13.450451850891113
vertex 15.667156219482422 11.123804092407227 -14.45265007019043
vertex 15.125290870666504 11.777915954589844 -13.529515266418457
endloop
endfacet
facet normal -0.29987240120298353 0.6864755054555978 -0.66244088295201
outer loop
vertex 14.82172966003418 11.476279258728027 -13.704680442810059
vertex 15.125290870666504 11.777915954589844 -13.529515266418457
vertex 15.667156219482422 11.123804092407227 -14.45265007019043
endloop
endfacet
facet normal -0.03596148807751826 0.7664270844997325 -0.6413238616490817
outer loop
vertex 14.595230102539062 10.680145263671875 -14.549259185791016
vertex 14.014236450195312 10.623052597045898 -14.58491039276123
vertex 14.410232543945312 11.331703186035156 -13.760228157043457
endloop
endfacet
facet normal -0.41348227325734516 0.6102635937494213 -0.6757297949964759
outer loop
vertex 16.10814666748047 11.48459243774414 -14.396659851074219
vertex 15.667156219482422 11.123804092407227 -14.45265007019043
vertex 15.405117988586426 12.055970191955566 -13.450451850891113
endloop
endfacet
facet normal -0.17192693341505771 0.739430529955636 -0.6509098408658619
outer loop
vertex 14.82172966003418 11.476279258728027 -13.704680442810059
vertex 15.153352737426758 10.849227905273438 -14.504600524902344
vertex 14.676231384277344 11.331703186035156 -13.830487251281738
endloop
endfacet
facet normal -0.1719267886056812 0.7394306821373612 -0.6509097062370588
outer loop
vertex 14.676231384277344 11.331703186035156 -13.830487251281738
vertex 14.595230102539062 10.680145263671875 -14.549259185791016
vertex 14.410232543945312 11.331703186035156 -13.760228157043457
endloop
endfacet
facet normal -0.035960110795691294 0.7664268001715853 -0.641324278668995
outer loop
vertex 14.410232543945312 11.331703186035156 -13.760228157043457
vertex 14.014236450195312 10.623052597045898 -14.58491039276123
vertex 13.969721794128418 11.331703186035156 -13.735527992248535
endloop
endfacet
facet normal -0.29987268600632794 0.6864752063982822 -0.6624410639353407
outer loop
vertex 15.667156219482422 11.123804092407227 -14.45265007019043
vertex 15.153352737426758 10.849227905273438 -14.504600524902344
vertex 14.82172966003418 11.476279258728027 -13.704680442810059
endloop
endfacet
facet normal -0.1719266195990412 0.7394306946682772 -0.6509097366422136
outer loop
vertex 15.153352737426758 10.849227905273438 -14.504600524902344
vertex 14.595230102539062 10.680145263671875 -14.549259185791016
vertex 14.676231384277344 11.331703186035156 -13.830487251281738
endloop
endfacet
facet normal 0.5357664631368994 0.5602301326401349 -0.6317408451729193
outer loop
vertex 9.93123722076416 11.96381664276123 -13.916276931762695
vertex 9.437345504760742 11.502002716064453 -14.744674682617188
vertex 9.34894847869873 12.54610538482666 -13.893728256225586
endloop
endfacet
facet normal 0.5357664932323695 0.5602301220444884 -0.6317408290458255
outer loop
vertex 8.855055809020996 12.0842924118042 -14.722126007080078
vertex 9.34894847869873 12.54610538482666 -13.893728256225586
vertex 9.437345504760742 11.502002716064453 -14.744674682617188
endloop
endfacet
facet normal 0.36746519215368195 0.6864785496146686 -0.6274683525679989
outer loop
vertex 10.603638648986816 11.331703186035156 -14.114182472229004
vertex 10.414209365844727 10.849227905273438 -14.752967834472656
vertex 10.563350677490234 11.331703186035156 -14.137776374816895
endloop
endfacet
facet normal 0.3674723076523999 0.6864754126920016 -0.6274676173938909
outer loop
vertex 10.563350677490234 11.331703186035156 -14.137776374816895
vertex 10.414209365844727 10.849227905273438 -14.752967834472656
vertex 10.250199317932129 11.644854545593262 -13.978570938110352
endloop
endfacet
facet normal 0.48531621839696165 0.6080275007359202 -0.6283078278278118
outer loop
vertex 10.250199317932129 11.644854545593262 -13.978570938110352
vertex 9.897790908813477 11.123804092407227 -14.755009651184082
vertex 9.437345504760742 11.502002716064453 -14.744674682617188
endloop
endfacet
facet normal 0.48531671783049074 0.6080267073790308 -0.6283082098047535
outer loop
vertex 10.250199317932129 11.644854545593262 -13.978570938110352
vertex 9.437345504760742 11.502002716064453 -14.744674682617188
vertex 9.93123722076416 11.96381664276123 -13.916276931762695
endloop
endfacet
facet normal 0.23902301378806898 0.7394300502388647 -0.6293736566487499
outer loop
vertex 10.973942756652832 10.680145263671875 -14.739042282104492
vertex 10.414209365844727 10.849227905273438 -14.752967834472656
vertex 10.603638648986816 11.331703186035156 -14.114182472229004
endloop
endfacet
facet normal 0.23902499027109922 0.7394302399361476 -0.6293726831487622
outer loop
vertex 11.07544994354248 11.331703186035156 -13.934996604919434
vertex 10.973942756652832 10.680145263671875 -14.739042282104492
vertex 10.603638648986816 11.331703186035156 -14.114182472229004
endloop
endfacet
facet normal 0.10280091310320465 0.7664269729819758 -0.6340517860165942
outer loop
vertex 11.555480003356934 10.623052597045898 -14.713768005371094
vertex 10.973942756652832 10.680145263671875 -14.739042282104492
vertex 11.07544994354248 11.331703186035156 -13.934996604919434
endloop
endfacet
facet normal 0.10279994910703703 0.7664267662991002 -0.6340521921450117
outer loop
vertex 11.510966300964355 11.331703186035156 -13.864385604858398
vertex 11.555480003356934 10.623052597045898 -14.713768005371094
vertex 11.07544994354248 11.331703186035156 -13.934996604919434
endloop
endfacet
facet normal 0.3674749475117909 0.6864749474806208 -0.6274665803313239
outer loop
vertex 9.897790908813477 11.123804092407227 -14.755009651184082
vertex 10.250199317932129 11.644854545593262 -13.978570938110352
vertex 10.414209365844727 10.849227905273438 -14.752967834472656
endloop
endfacet
facet normal 0.7430000106166705 0.06074461383899295 -0.666529126230189
outer loop
vertex 8.805992126464844 14.283329963684082 -13.646330833435059
vertex 7.979535102844238 14.19073486328125 -14.576045989990234
vertex 8.742026329040527 14.44902515411377 -13.702534675598145
endloop
endfacet
facet normal 0.7430003540179085 0.06074284933682912 -0.6665289042372475
outer loop
vertex 7.979535102844238 14.19073486328125 -14.576045989990234
vertex 7.979535102844238 14.376502990722656 -14.55911636352539
vertex 8.742026329040527 14.44902515411377 -13.702534675598145
endloop
endfacet
facet normal 0.7430002834430203 0.060741747711032266 -0.6665290833028976
outer loop
vertex 8.805992126464844 14.107468605041504 -13.662357330322266
vertex 7.979535102844238 14.19073486328125 -14.576045989990234
vertex 8.805992126464844 14.283329963684082 -13.646330833435059
endloop
endfacet
facet normal 0.7411167323528486 0.13145313907207418 -0.6583813949791822
outer loop
vertex 8.039579391479492 13.596953392028809 -14.6270112991333
vertex 7.979535102844238 14.19073486328125 -14.576045989990234
vertex 8.805992126464844 13.682707786560059 -13.74716567993164
endloop
endfacet
facet normal 0.5818004595731063 0.5117466022929535 -0.6321579235302993
outer loop
vertex 9.34894847869873 12.54610538482666 -13.893728256225586
vertex 8.855055809020996 12.0842924118042 -14.722126007080078
vertex 9.040523529052734 12.854530334472656 -13.92790699005127
endloop
endfacet
facet normal 0.5818012686648494 0.5117460776111477 -0.6321576036318609
outer loop
vertex 8.48956298828125 12.525867462158203 -14.70103931427002
vertex 9.040523529052734 12.854530334472656 -13.92790699005127
vertex 8.855055809020996 12.0842924118042 -14.722126007080078
endloop
endfacet
facet normal 0.6594407357627798 0.39668754723461525 -0.6385741193359064
outer loop
vertex 9.040523529052734 12.854530334472656 -13.92790699005127
vertex 8.48956298828125 12.525867462158203 -14.70103931427002
vertex 8.805992126464844 13.089061737060547 -14.024409294128418
endloop
endfacet
facet normal 0.7131501448460364 0.26884328651686623 -0.6474103476164771
outer loop
vertex 8.211783409118652 13.039562225341797 -14.668783187866211
vertex 8.039579391479492 13.596953392028809 -14.6270112991333
vertex 8.805992126464844 13.238258361816406 -13.931726455688477
endloop
endfacet
facet normal 0.6594391256197422 0.3966903179804834 -0.6385740608750192
outer loop
vertex 8.805992126464844 13.089061737060547 -14.024409294128418
vertex 8.211783409118652 13.039562225341797 -14.668783187866211
vertex 8.805992126464844 13.238258361816406 -13.931726455688477
endloop
endfacet
facet normal 0.7131500856053246 0.26884198922459734 -0.6474109515839841
outer loop
vertex 8.805992126464844 13.238258361816406 -13.931726455688477
vertex 8.039579391479492 13.596953392028809 -14.6270112991333
vertex 8.805992126464844 13.682707786560059 -13.74716567993164
endloop
endfacet
facet normal 0.7411167732005018 0.1314533488960483 -0.6583813071046973
outer loop
vertex 8.805992126464844 13.682707786560059 -13.74716567993164
vertex 7.979535102844238 14.19073486328125 -14.576045989990234
vertex 8.805992126464844 14.107468605041504 -13.662357330322266
endloop
endfacet
facet normal 0.6594397526548532 0.3966885619749078 -0.6385745042019654
outer loop
vertex 8.48956298828125 12.525867462158203 -14.70103931427002
vertex 8.211783409118652 13.039562225341797 -14.668783187866211
vertex 8.805992126464844 13.089061737060547 -14.024409294128418
endloop
endfacet
facet normal 0.6956980392731854 0.31436275683391857 -0.6458949568368094
outer loop
vertex 7.979535102844238 14.376502990722656 -14.55911636352539
vertex 7.708775997161865 15.077875137329102 -14.50938892364502
vertex 8.326892852783203 15.41054630279541 -13.681696891784668
endloop
endfacet
facet normal 0.6956979387357096 0.31436284576600915 -0.64589502184239
outer loop
vertex 8.742026329040527 14.44902515411377 -13.702534675598145
vertex 7.979535102844238 14.376502990722656 -14.55911636352539
vertex 8.326892852783203 15.41054630279541 -13.681696891784668
endloop
endfacet
facet normal 0.6956975566816015 0.3143626913622468 -0.6458955085048469
outer loop
vertex 8.742026329040527 14.44902515411377 -13.702534675598145
vertex 8.326892852783203 15.41054630279541 -13.681696891784668
vertex 8.403385162353516 15.326238632202148 -13.640339851379395
endloop
endfacet
facet normal 0.5594646234031896 0.5351852626114785 -0.6329107913788561
outer loop
vertex 7.708775997161865 15.077875137329102 -14.50938892364502
vertex 6.105904579162598 17.843292236328125 -13.587836265563965
vertex 8.326892852783203 15.41054630279541 -13.681696891784668
endloop
endfacet
facet normal 0.5594647267492409 0.5351852855934324 -0.6329106805921934
outer loop
vertex 6.105904579162598 17.843292236328125 -13.587836265563965
vertex 7.708775997161865 15.077875137329102 -14.50938892364502
vertex 5.697450160980225 17.29470443725586 -14.412774085998535
endloop
endfacet
facet normal 0.3226500850896671 0.7066708889222921 -0.629692923051711
outer loop
vertex 5.697450160980225 17.29470443725586 -14.412774085998535
vertex 4.925146579742432 17.639232635498047 -14.42185115814209
vertex 5.044487476348877 18.31679344177246 -13.600311279296875
endloop
endfacet
facet normal 0.3226487278822899 0.7066707228296814 -0.6296938048697286
outer loop
vertex 5.697450160980225 17.29470443725586 -14.412774085998535
vertex 5.044487476348877 18.31679344177246 -13.600311279296875
vertex 6.105904579162598 17.843292236328125 -13.587836265563965
endloop
endfacet
facet normal 0.037222001681070156 0.7682754102267891 -0.639036318711005
outer loop
vertex 4.925146579742432 17.639232635498047 -14.42185115814209
vertex -7.907378673553467 17.70667266845703 -15.088229179382324
vertex -7.777652263641357 17.86260986328125 -14.89319896697998
endloop
endfacet
facet normal 0.03722211709929871 0.7682728129189992 -0.6390394345642327
outer loop
vertex 4.977273464202881 18.346778869628906 -13.568178176879883
vertex -7.628336429595947 18.22308921813965 -14.451120376586914
vertex -7.6096391677856445 18.412927627563477 -14.2218017578125
endloop
endfacet
facet normal 0.0372350385219028 0.768273144270246 -0.6390382834379975
outer loop
vertex 5.044487476348877 18.31679344177246 -13.600311279296875
vertex 4.925146579742432 17.639232635498047 -14.42185115814209
vertex 4.977273464202881 18.346778869628906 -13.568178176879883
endloop
endfacet
facet normal 0.03722176437488771 0.7682765797607052 -0.6390349264696048
outer loop
vertex 4.977273464202881 18.346778869628906 -13.568178176879883
vertex -7.685242176055908 18.035497665405273 -14.67996597290039
vertex -7.628336429595947 18.22308921813965 -14.451120376586914
endloop
endfacet
facet normal 0.03722238272448405 0.7682718040793929 -0.6390406319483191
outer loop
vertex -7.777652263641357 17.86260986328125 -14.89319896697998
vertex -7.685242176055908 18.035497665405273 -14.67996597290039
vertex 4.977273464202881 18.346778869628906 -13.568178176879883
endloop
endfacet
facet normal 0.037222042197669565 0.7682739077675621 -0.6390381226642071
outer loop
vertex 4.925146579742432 17.639232635498047 -14.42185115814209
vertex -7.777652263641357 17.86260986328125 -14.89319896697998
vertex 4.977273464202881 18.346778869628906 -13.568178176879883
endloop
endfacet
facet normal 0.48180165924363927 0.6107444583306056 -0.6283775678431966
outer loop
vertex -11.560824394226074 18.833297729492188 -15.177026748657227
vertex -11.137389183044434 19.33390998840332 -14.365797996520996
vertex -11.018996238708496 18.393877029418945 -15.188675880432129
endloop
endfacet
facet normal 0.4817999093033563 0.6107449738502322 -0.6283784085341863
outer loop
vertex -10.595561027526855 18.89449119567871 -14.377447128295898
vertex -11.018996238708496 18.393877029418945 -15.188675880432129
vertex -11.137389183044434 19.33390998840332 -14.365797996520996
endloop
endfacet
facet normal 0.36747426562211866 0.6864749382825024 -0.6274669897417067
outer loop
vertex -10.281867027282715 17.939369201660156 -15.1914644241333
vertex -10.798286437988281 18.213945388793945 -15.193506240844727
vertex -10.073195457458496 18.470855712890625 -14.487788200378418
endloop
endfacet
facet normal 0.4832145329316576 0.6095960611790059 -0.6284077954311845
outer loop
vertex -10.798286437988281 18.213945388793945 -15.193506240844727
vertex -11.018996238708496 18.393877029418945 -15.188675880432129
vertex -10.595561027526855 18.89449119567871 -14.377447128295898
endloop
endfacet
facet normal 0.10280183680970287 0.766425798205158 -0.6340530562927186
outer loop
vertex -9.440591812133789 17.86260986328125 -15.020293235778809
vertex -9.722134590148926 17.770286560058594 -15.177538871765137
vertex -9.533000946044922 18.035497665405273 -14.8262939453125
endloop
endfacet
facet normal 0.23902355532556402 0.7394305611672986 -0.6293728507104043
outer loop
vertex -9.722134590148926 17.770286560058594 -15.177538871765137
vertex -10.281867027282715 17.939369201660156 -15.1914644241333
vertex -10.017369270324707 18.425580978393555 -14.51977825164795
endloop
endfacet
facet normal 0.10279942527295381 0.7664284201485104 -0.6340502779371749
outer loop
vertex -9.333512306213379 17.732133865356445 -15.160649299621582
vertex -9.722134590148926 17.770286560058594 -15.177538871765137
vertex -9.440591812133789 17.86260986328125 -15.020293235778809
endloop
endfacet
facet normal 0.23902457354178364 0.7394301463363315 -0.6293729513827234
outer loop
vertex -10.017369270324707 18.425580978393555 -14.51977825164795
vertex -10.281867027282715 17.939369201660156 -15.1914644241333
vertex -10.073195457458496 18.470855712890625 -14.487788200378418
endloop
endfacet
facet normal 0.23548733397889235 0.739312695572628 -0.6308426536789095
outer loop
vertex -9.609122276306152 18.418180465698242 -14.376056671142578
vertex -9.722134590148926 17.770286560058594 -15.177538871765137
vertex -10.017369270324707 18.425580978393555 -14.51977825164795
endloop
endfacet
facet normal 0.4832170897744464 0.609594619241797 -0.6284072281103736
outer loop
vertex -10.429235458374023 18.759601593017578 -14.380401611328125
vertex -10.798286437988281 18.213945388793945 -15.193506240844727
vertex -10.595561027526855 18.89449119567871 -14.377447128295898
endloop
endfacet
facet normal 0.3674739055221297 0.6864753366663262 -0.6274667647845317
outer loop
vertex -10.073195457458496 18.470855712890625 -14.487788200378418
vertex -10.798286437988281 18.213945388793945 -15.193506240844727
vertex -10.429235458374023 18.759601593017578 -14.380401611328125
endloop
endfacet
facet normal 0.1027945185903236 0.7664284089678697 -0.6340510869596894
outer loop
vertex -9.533000946044922 18.035497665405273 -14.8262939453125
vertex -9.722134590148926 17.770286560058594 -15.177538871765137
vertex -9.589906692504883 18.22308921813965 -14.608762741088867
endloop
endfacet
facet normal 0.10280357095601667 0.7664266272439128 -0.6340517730045488
outer loop
vertex -9.589906692504883 18.22308921813965 -14.608762741088867
vertex -9.722134590148926 17.770286560058594 -15.177538871765137
vertex -9.609122276306152 18.418180465698242 -14.376056671142578
endloop
endfacet
facet normal 0.7272989406640183 0.2101803042135714 -0.6533456134617321
outer loop
vertex -11.840150833129883 20.605941772460938 -14.196107864379883
vertex -12.605655670166016 20.510623931884766 -15.078925132751465
vertex -12.5393705368042 23.568359375 -14.021468162536621
endloop
endfacet
facet normal 0.727468384312988 0.2102086379058228 -0.6531478227590054
outer loop
vertex -11.840150833129883 20.605941772460938 -14.196107864379883
vertex -12.5393705368042 23.568359375 -14.021468162536621
vertex -12.456969261169434 23.454641342163086 -13.966289520263672
endloop
endfacet
facet normal 0.7268156708603531 0.2103570343552637 -0.6538263520913432
outer loop
vertex -12.5393705368042 23.568359375 -14.021468162536621
vertex -12.605655670166016 20.510623931884766 -15.078925132751465
vertex -13.217622756958008 23.32159996032715 -14.854826927185059
endloop
endfacet
facet normal 0.6576410244630344 0.3958641980073186 -0.6409366736887765
outer loop
vertex -12.166053771972656 19.4731388092041 -15.150435447692871
vertex -12.443832397460938 19.986833572387695 -15.118178367614746
vertex -11.655746459960938 19.754295349121094 -14.453176498413086
endloop
endfacet
facet normal 0.58180090962302 0.5117457962470817 -0.6321581618434321
outer loop
vertex -12.166053771972656 19.4731388092041 -15.150435447692871
vertex -11.655746459960938 19.754295349121094 -14.453176498413086
vertex -11.793374061584473 19.02288055419922 -15.171936988830566
endloop
endfacet
facet normal 0.4832124707560764 0.6095981635412081 -0.6284073417083815
outer loop
vertex -11.793374061584473 19.02288055419922 -15.171936988830566
vertex -11.312735557556152 19.47611427307129 -14.362683296203613
vertex -11.560824394226074 18.833297729492188 -15.177026748657227
endloop
endfacet
facet normal 0.48321482337638155 0.6095967279839152 -0.6284069252487888
outer loop
vertex -11.137389183044434 19.33390998840332 -14.365797996520996
vertex -11.560824394226074 18.833297729492188 -15.177026748657227
vertex -11.312735557556152 19.47611427307129 -14.362683296203613
endloop
endfacet
facet normal 0.5818008326753602 0.5117458430702652 -0.6321581947571044
outer loop
vertex -11.312735557556152 19.47611427307129 -14.362683296203613
vertex -11.793374061584473 19.02288055419922 -15.171936988830566
vertex -11.655746459960938 19.754295349121094 -14.453176498413086
endloop
endfacet
facet normal 0.6568908978558284 0.40191953905557115 -0.6379302723962241
outer loop
vertex -11.655746459960938 19.754295349121094 -14.453176498413086
vertex -12.443832397460938 19.986833572387695 -15.118178367614746
vertex -11.755906105041504 20.216869354248047 -14.264874458312988
endloop
endfacet
facet normal 0.7131500160320479 0.2688427381434256 -0.6474107172275074
outer loop
vertex -11.755906105041504 20.216869354248047 -14.264874458312988
vertex -12.443832397460938 19.986833572387695 -15.118178367614746
vertex -12.605655670166016 20.510623931884766 -15.078925132751465
endloop
endfacet
facet normal 0.7131500120971642 0.26884289331609035 -0.6474106571251725
outer loop
vertex -11.755906105041504 20.216869354248047 -14.264874458312988
vertex -12.605655670166016 20.510623931884766 -15.078925132751465
vertex -11.840150833129883 20.605941772460938 -14.196107864379883
endloop
endfacet
facet normal 0.6085395307151529 0.47474356216767355 -0.6358444697701868
outer loop
vertex -13.195965766906738 24.474506378173828 -13.973299980163574
vertex -13.217622756958008 23.32159996032715 -14.854826927185059
vertex -13.240482330322266 24.500585556030273 -13.99643325805664
endloop
endfacet
facet normal 0.6085355987787232 0.4747452877161221 -0.6358469444845647
outer loop
vertex -13.217622756958008 23.32159996032715 -14.854826927185059
vertex -13.713751792907715 24.00629234313965 -14.81843090057373
vertex -13.240482330322266 24.500585556030273 -13.99643325805664
endloop
endfacet
facet normal 0.6085355996154053 0.47474544042095546 -0.6358468296690895
outer loop
vertex -12.5393705368042 23.568359375 -14.021468162536621
vertex -13.217622756958008 23.32159996032715 -14.854826927185059
vertex -13.195965766906738 24.474506378173828 -13.973299980163574
endloop
endfacet
facet normal 0.39355926886674175 0.6715826309652554 -0.6277641847659529
outer loop
vertex -24.685626983642578 31.205522537231445 -13.995200157165527
vertex -13.713751792907715 24.00629234313965 -14.81843090057373
vertex -25.01679229736328 30.641590118408203 -14.806110382080078
endloop
endfacet
facet normal 0.39276396930532903 0.6705531343879384 -0.629360753763717
outer loop
vertex -13.240482330322266 24.500585556030273 -13.99643325805664
vertex -13.713751792907715 24.00629234313965 -14.81843090057373
vertex -24.685626983642578 31.205522537231445 -13.995200157165527
endloop
endfacet
facet normal 0.6549807112259928 0.40475173292088834 -0.6381036770145041
outer loop
vertex -25.481319427490234 32.0638427734375 -13.922866821289062
vertex -26.112648010253906 31.763689041137695 -14.761281967163086
vertex -25.74639320373535 32.5391845703125 -13.893440246582031
endloop
endfacet
facet normal 0.6549813899477255 0.40475108947719335 -0.6381033884796181
outer loop
vertex -26.37771987915039 32.23902893066406 -14.731855392456055
vertex -25.74639320373535 32.5391845703125 -13.893440246582031
vertex -26.112648010253906 31.763689041137695 -14.761281967163086
endloop
endfacet
facet normal 0.4832122812035745 0.6095990145043471 -0.628406661970866
outer loop
vertex -25.15650749206543 31.48137855529785 -14.061665534973145
vertex -25.619436264038086 31.090534210205078 -14.796780586242676
vertex -25.173206329345703 31.511322021484375 -14.045458793640137
endloop
endfacet
facet normal 0.4832158696336641 0.6095956723325066 -0.6284071447777
outer loop
vertex -25.16617774963379 30.721017837524414 -14.806700706481934
vertex -25.619436264038086 31.090534210205078 -14.796780586242676
vertex -25.15650749206543 31.48137855529785 -14.061665534973145
endloop
endfacet
facet normal 0.36747562506939013 0.6864744973910906 -0.6274666759370657
outer loop
vertex -25.01679229736328 30.641590118408203 -14.806110382080078
vertex -25.16617774963379 30.721017837524414 -14.806700706481934
vertex -24.795108795166016 31.2696590423584 -13.989148139953613
endloop
endfacet
facet normal 0.4832162131554146 0.6095955373950928 -0.6284070115233669
outer loop
vertex -24.795108795166016 31.2696590423584 -13.989148139953613
vertex -25.16617774963379 30.721017837524414 -14.806700706481934
vertex -25.15650749206543 31.48137855529785 -14.061665534973145
endloop
endfacet
facet normal 0.3674665187864576 0.6864786867275239 -0.62746742564042
outer loop
vertex -24.685626983642578 31.205522537231445 -13.995200157165527
vertex -25.01679229736328 30.641590118408203 -14.806110382080078
vertex -24.795108795166016 31.2696590423584 -13.989148139953613
endloop
endfacet
facet normal 0.6594390394406489 0.3966896423505204 -0.6385745695793176
outer loop
vertex -25.389951705932617 31.899999618530273 -13.93029499053955
vertex -26.112648010253906 31.763689041137695 -14.761281967163086
vertex -25.481319427490234 32.0638427734375 -13.922866821289062
endloop
endfacet
facet normal 0.6594385656632875 0.39669079013496406 -0.638574345818906
outer loop
vertex -26.112648010253906 31.763689041137695 -14.761281967163086
vertex -25.389951705932617 31.899999618530273 -13.93029499053955
vertex -25.992116928100586 31.54079246520996 -14.77527904510498
endloop
endfacet
facet normal 0.581800884800152 0.511746348639641 -0.6321577375147404
outer loop
vertex -25.173206329345703 31.511322021484375 -14.045458793640137
vertex -25.992116928100586 31.54079246520996 -14.77527904510498
vertex -25.389951705932617 31.899999618530273 -13.93029499053955
endloop
endfacet
facet normal 0.5818007043610113 0.5117468277847387 -0.6321575157010223
outer loop
vertex -25.619436264038086 31.090534210205078 -14.796780586242676
vertex -25.992116928100586 31.54079246520996 -14.77527904510498
vertex -25.173206329345703 31.511322021484375 -14.045458793640137
endloop
endfacet
facet normal 0.7581556911275283 0.05102915130021988 -0.6500738217529752
outer loop
vertex -25.935644149780273 33.64681625366211 -13.702912330627441
vertex -25.96721076965332 34.21998977661133 -13.694734573364258
vertex -25.926443099975586 34.038818359375 -13.661410331726074
endloop
endfacet
facet normal 0.7437336394188744 0.050470211971337844 -0.6665680995219647
outer loop
vertex -25.935644149780273 33.64681625366211 -13.702912330627441
vertex -26.759342193603516 33.750308990478516 -14.614130020141602
vertex -25.96721076965332 34.21998977661133 -13.694734573364258
endloop
endfacet
facet normal 0.7423943915863137 0.054955146938196246 -0.6677053984851314
outer loop
vertex -26.759342193603516 33.750308990478516 -14.614130020141602
vertex -26.75545310974121 34.21701431274414 -14.571393966674805
vertex -25.96721076965332 34.21998977661133 -13.694734573364258
endloop
endfacet
facet normal 0.6594390591953806 0.39669021675429184 -0.638574192352732
outer loop
vertex -25.74639320373535 32.5391845703125 -13.893440246582031
vertex -26.37771987915039 32.23902893066406 -14.731855392456055
vertex -26.534969329833984 32.52982711791992 -14.713595390319824
endloop
endfacet
facet normal 0.7131511686439133 0.268840807600632 -0.6474102492473074
outer loop
vertex -26.534969329833984 32.52982711791992 -14.713595390319824
vertex -26.707172393798828 33.08721923828125 -14.67182445526123
vertex -25.952945709228516 32.90958023071289 -13.914775848388672
endloop
endfacet
facet normal 0.7408673675841193 0.13312297707127277 -0.6583265273590748
outer loop
vertex -26.707172393798828 33.08721923828125 -14.67182445526123
vertex -26.767183303833008 33.66688537597656 -14.622142791748047
vertex -25.946779251098633 33.172298431396484 -13.79888916015625
endloop
endfacet
facet normal 0.7415268367562036 -0.005257555732992272 -0.6709026072971047
outer loop
vertex -26.759342193603516 33.750308990478516 -14.614130020141602
vertex -25.935644149780273 33.64681625366211 -13.702912330627441
vertex -26.767183303833008 33.66688537597656 -14.622142791748047
endloop
endfacet
facet normal 0.7131487315991573 0.2688458153344041 -0.6474108542461214
outer loop
vertex -26.534969329833984 32.52982711791992 -14.713595390319824
vertex -25.952945709228516 32.90958023071289 -13.914775848388672
vertex -25.865930557250977 32.753543853759766 -13.883721351623535
endloop
endfacet
facet normal 0.6594395505564368 0.39668866786687756 -0.6385746471227359
outer loop
vertex -25.74639320373535 32.5391845703125 -13.893440246582031
vertex -26.534969329833984 32.52982711791992 -14.713595390319824
vertex -25.865930557250977 32.753543853759766 -13.883721351623535
endloop
endfacet
facet normal 0.7131513873424999 0.26883826733269395 -0.6474110631963456
outer loop
vertex -25.952945709228516 32.90958023071289 -13.914775848388672
vertex -26.707172393798828 33.08721923828125 -14.67182445526123
vertex -25.946779251098633 33.172298431396484 -13.79888916015625
endloop
endfacet
facet normal 0.7408675265258731 0.13312382327954303 -0.6583261773732468
outer loop
vertex -25.946779251098633 33.172298431396484 -13.79888916015625
vertex -26.767183303833008 33.66688537597656 -14.622142791748047
vertex -25.93703842163086 33.58739471435547 -13.703988075256348
endloop
endfacet
facet normal 0.741526896822503 -0.005253486246577433 -0.6709025727861282
outer loop
vertex -25.93703842163086 33.58739471435547 -13.703988075256348
vertex -26.767183303833008 33.66688537597656 -14.622142791748047
vertex -25.935644149780273 33.64681625366211 -13.702912330627441
endloop
endfacet
facet normal 0.7258308101606449 0.21516366604565762 -0.6533561294082535
outer loop
vertex -25.96721076965332 34.21998977661133 -13.694734573364258
vertex -26.75545310974121 34.21701431274414 -14.571393966674805
vertex -26.62163734436035 37.1282844543457 -13.463993072509766
endloop
endfacet
facet normal 0.7258277069165735 0.21517610002848384 -0.6533554819918179
outer loop
vertex -26.62163734436035 37.1282844543457 -13.463993072509766
vertex -27.379201889038086 36.988975524902344 -14.351469039916992
vertex -26.70391082763672 37.240447998046875 -13.518452644348145
endloop
endfacet
facet normal 0.7258307819110379 0.21516367780833878 -0.6533561569178029
outer loop
vertex -26.62163734436035 37.1282844543457 -13.463993072509766
vertex -26.75545310974121 34.21701431274414 -14.571393966674805
vertex -27.379201889038086 36.988975524902344 -14.351469039916992
endloop
endfacet
facet normal 0.6061119872487675 0.4780708260161558 -0.6356701536375454
outer loop
vertex -26.70391082763672 37.240447998046875 -13.518452644348145
vertex -27.379201889038086 36.988975524902344 -14.351469039916992
vertex -27.362289428710938 38.13804626464844 -13.47115707397461
endloop
endfacet
facet normal 0.6060973339185832 0.47807775388561496 -0.6356789150636276
outer loop
vertex -27.362289428710938 38.13804626464844 -13.47115707397461
vertex -27.379201889038086 36.988975524902344 -14.351469039916992
vertex -27.40593719482422 38.16341018676758 -13.493698120117188
endloop
endfacet
facet normal 0.6061121981602448 0.47807129093093365 -0.6356696028826507
outer loop
vertex -27.379201889038086 36.988975524902344 -14.351469039916992
vertex -27.87642478942871 37.66686248779297 -14.315750122070312
vertex -27.40593719482422 38.16341018676758 -13.493698120117188
endloop
endfacet
facet normal 0.390223239732938 0.6720885426873872 -0.6293034355227008
outer loop
vertex -27.87642478942871 37.66686248779297 -14.315750122070312
vertex -63.42234420776367 58.32364273071289 -14.296138763427734
vertex -63.2090950012207 58.96968078613281 -13.473944664001465
endloop
endfacet
facet normal 0.390223538333492 0.6720890108683687 -0.6293027503519014
outer loop
vertex -27.87642478942871 37.66686248779297 -14.315750122070312
vertex -63.2090950012207 58.96968078613281 -13.473944664001465
vertex -27.40593719482422 38.16341018676758 -13.493698120117188
endloop
endfacet
facet normal 0.1441367832806765 0.7595893959726512 -0.6342306656346746
outer loop
vertex -63.42234420776367 58.32364273071289 -14.296138763427734
vertex -63.2464485168457 58.991390228271484 -13.456433296203613
vertex -63.2090950012207 58.96968078613281 -13.473944664001465
endloop
endfacet
facet normal 0.1440887678903019 0.759599917534894 -0.6342289746210251
outer loop
vertex -63.42234420776367 58.32364273071289 -14.296138763427734
vertex -64.2316665649414 59.14700698852539 -13.493884086608887
vertex -63.2464485168457 58.991390228271484 -13.456433296203613
endloop
endfacet
facet normal 0.1440913802799363 0.7596008356579672 -0.6342272814983132
outer loop
vertex -63.42234420776367 58.32364273071289 -14.296138763427734
vertex -64.16620635986328 58.441139221191406 -14.32441520690918
vertex -64.2316665649414 59.14700698852539 -13.493884086608887
endloop
endfacet
facet normal -0.11599935676715718 0.7523031214301446 -0.6485246045571956
outer loop
vertex -64.2316665649414 59.14700698852539 -13.493884086608887
vertex -64.16620635986328 58.441139221191406 -14.32441520690918
vertex -64.35482788085938 59.16646194458008 -13.449286460876465
endloop
endfacet
facet normal -0.11601701813774262 0.7522996189197584 -0.6485255082690372
outer loop
vertex -64.16620635986328 58.441139221191406 -14.32441520690918
vertex -67.4822998046875 58.48969268798828 -13.674864768981934
vertex -64.35482788085938 59.16646194458008 -13.449286460876465
endloop
endfacet
facet normal -0.11601662835148788 0.7523012869841573 -0.6485236430138329
outer loop
vertex -64.16620635986328 58.441139221191406 -14.32441520690918
vertex -67.09676361083984 57.806983947753906 -14.535791397094727
vertex -67.4822998046875 58.48969268798828 -13.674864768981934
endloop
endfacet
facet normal -0.38078123344151865 0.6338920218441839 -0.6731913226572728
outer loop
vertex -67.09676361083984 57.806983947753906 -14.535791397094727
vertex -67.78678894042969 57.30554962158203 -14.617650032043457
vertex -68.51239776611328 57.83531188964844 -13.708383560180664
endloop
endfacet
facet normal -0.38078159819344676 0.6338911709208297 -0.6731919175880413
outer loop
vertex -67.09676361083984 57.806983947753906 -14.535791397094727
vertex -68.51239776611328 57.83531188964844 -13.708383560180664
vertex -67.66686248779297 58.44975662231445 -13.608075141906738
endloop
endfacet
facet normal -0.38077811424483493 0.6338936864587762 -0.6731915195394622
outer loop
vertex -67.09676361083984 57.806983947753906 -14.535791397094727
vertex -67.66686248779297 58.44975662231445 -13.608075141906738
vertex -67.4822998046875 58.48969268798828 -13.674864768981934
endloop
endfacet
facet normal -0.574306573487834 0.4197294788795702 -0.7028507126041401
outer loop
vertex -84.62356567382812 30.327972412109375 -16.970657348632812
vertex -67.78678894042969 57.30554962158203 -14.617650032043457
vertex -83.63165283203125 30.080158233642578 -17.929149627685547
endloop
endfacet
facet normal -0.5743071128831171 0.41972976231227116 -0.7028501025973768
outer loop
vertex -67.78678894042969 57.30554962158203 -14.617650032043457
vertex -84.62356567382812 30.327972412109375 -16.970657348632812
vertex -68.68950653076172 57.706607818603516 -13.640523910522461
endloop
endfacet
facet normal -0.5743104060386126 0.41972407243361587 -0.7028508095858643
outer loop
vertex -68.51239776611328 57.83531188964844 -13.708383560180664
vertex -67.78678894042969 57.30554962158203 -14.617650032043457
vertex -68.68950653076172 57.706607818603516 -13.640523910522461
endloop
endfacet
facet normal -0.6606731413991561 0.1770701123047173 -0.7294910387127214
outer loop
vertex -83.63165283203125 30.080158233642578 -17.929149627685547
vertex -83.7501449584961 29.331323623657227 -18.00360107421875
vertex -84.80020904541016 29.21879768371582 -17.079910278320312
endloop
endfacet
facet normal -0.6606789975862184 0.1770492534080188 -0.7294907977597337
outer loop
vertex -83.63165283203125 30.080158233642578 -17.929149627685547
vertex -84.72863006591797 30.147432327270508 -16.919321060180664
vertex -84.62356567382812 30.327972412109375 -16.970657348632812
endloop
endfacet
facet normal -0.6606562253389929 0.17702008990653414 -0.7295184985251
outer loop
vertex -83.63165283203125 30.080158233642578 -17.929149627685547
vertex -84.80020904541016 29.21879768371582 -17.079910278320312
vertex -84.8758316040039 29.21722984313965 -17.01180648803711
endloop
endfacet
facet normal -0.6606743867007653 0.1770789445842719 -0.7294877669587667
outer loop
vertex -83.63165283203125 30.080158233642578 -17.929149627685547
vertex -84.8758316040039 29.21722984313965 -17.01180648803711
vertex -84.72863006591797 30.147432327270508 -16.919321060180664
endloop
endfacet
facet normal -0.6533579360549691 -0.08138912071717572 -0.7526614234985582
outer loop
vertex -83.7501449584961 29.331323623657227 -18.00360107421875
vertex -84.21478271484375 25.853416442871094 -17.22418212890625
vertex -84.90419006347656 29.037986755371094 -16.970096588134766
endloop
endfacet
facet normal -0.6533583707155944 -0.08138691981073994 -0.7526612841774075
outer loop
vertex -84.80020904541016 29.21879768371582 -17.079910278320312
vertex -83.7501449584961 29.331323623657227 -18.00360107421875
vertex -84.90419006347656 29.037986755371094 -16.970096588134766
endloop
endfacet
facet normal -0.6533557257309786 -0.0813898288400011 -0.7526632656214475
outer loop
vertex -83.7501449584961 29.331323623657227 -18.00360107421875
vertex -84.08295440673828 25.905595779418945 -17.34425926208496
vertex -84.21478271484375 25.853416442871094 -17.22418212890625
endloop
endfacet
facet normal -0.6533575894731574 -0.0813893464354461 -0.752661699945358
outer loop
vertex -84.08295440673828 25.905595779418945 -17.34425926208496
vertex -83.7501449584961 29.331323623657227 -18.00360107421875
vertex -83.1155014038086 26.399734497070312 -18.237503051757812
endloop
endfacet
facet normal -0.6669200687861128 -0.06717080524699072 -0.7420954822479365
outer loop
vertex -84.80020904541016 29.21879768371582 -17.079910278320312
vertex -84.90419006347656 29.037986755371094 -16.970096588134766
vertex -84.8758316040039 29.21722984313965 -17.01180648803711
endloop
endfacet
facet normal -0.5339060141515878 -0.34784020424385487 -0.7706825289082125
outer loop
vertex -83.1155014038086 26.399734497070312 -18.237503051757812
vertex -82.61508178710938 25.712322235107422 -18.273921966552734
vertex -83.33755493164062 24.881668090820312 -17.39850616455078
endloop
endfacet
facet normal -0.5653070559019513 -0.3206962200109381 -0.759988070313057
outer loop
vertex -84.08295440673828 25.905595779418945 -17.34425926208496
vertex -84.18693542480469 25.72478485107422 -17.190616607666016
vertex -84.21478271484375 25.853416442871094 -17.22418212890625
endloop
endfacet
facet normal -0.5339036756038047 -0.3478416017304083 -0.7706835182371369
outer loop
vertex -83.1155014038086 26.399734497070312 -18.237503051757812
vertex -83.47682189941406 24.749330520629883 -17.24229621887207
vertex -84.18693542480469 25.72478485107422 -17.190616607666016
endloop
endfacet
facet normal -0.5339089654216537 -0.34783895435178547 -0.7706810484745528
outer loop
vertex -83.1155014038086 26.399734497070312 -18.237503051757812
vertex -83.33755493164062 24.881668090820312 -17.39850616455078
vertex -83.47682189941406 24.749330520629883 -17.24229621887207
endloop
endfacet
facet normal -0.53390118880111 -0.34784549555274297 -0.7706834835523778
outer loop
vertex -84.18693542480469 25.72478485107422 -17.190616607666016
vertex -84.08295440673828 25.905595779418945 -17.34425926208496
vertex -83.1155014038086 26.399734497070312 -18.237503051757812
endloop
endfacet
facet normal -0.39904450248160056 -0.49279686207159573 -0.7732494667127813
outer loop
vertex -83.47682189941406 24.749330520629883 -17.24229621887207
vertex -83.33755493164062 24.881668090820312 -17.39850616455078
vertex -83.44153594970703 24.700855255126953 -17.229612350463867
endloop
endfacet
facet normal -0.3159571095815723 -0.5442332819999047 -0.7771622994384574
outer loop
vertex -83.33755493164062 24.881668090820312 -17.39850616455078
vertex -82.61508178710938 25.712322235107422 -18.273921966552734
vertex -83.44153594970703 24.700855255126953 -17.229612350463867
endloop
endfacet
facet normal -0.3159281529421257 -0.5442533865047311 -0.7771599921873928
outer loop
vertex -82.61508178710938 25.712322235107422 -18.273921966552734
vertex -30.916587829589844 -5.515030860900879 -17.42135238647461
vertex -31.003158569335938 -5.698583602905273 -17.25761604309082
endloop
endfacet
facet normal -0.31592883361010665 -0.5442544848312204 -0.7771589463133397
outer loop
vertex -30.534372329711914 -4.48707389831543 -18.296621322631836
vertex -30.916587829589844 -5.515030860900879 -17.42135238647461
vertex -82.61508178710938 25.712322235107422 -18.273921966552734
endloop
endfacet
facet normal -0.3159284475256894 -0.5442538560277931 -0.7771595436220841
outer loop
vertex -83.44153594970703 24.700855255126953 -17.229612350463867
vertex -82.61508178710938 25.712322235107422 -18.273921966552734
vertex -31.003158569335938 -5.698583602905273 -17.25761604309082
endloop
endfacet
facet normal -0.1969950310757561 -0.5992583728515967 -0.7759396627951937
outer loop
vertex -30.916587829589844 -5.515030860900879 -17.42135238647461
vertex -30.96919059753418 -5.7039313316345215 -17.262109756469727
vertex -31.003158569335938 -5.698583602905273 -17.25761604309082
endloop
endfacet
facet normal -0.07001874446392527 -0.6314830742620103 -0.7722217960821203
outer loop
vertex -30.96919059753418 -5.7039313316345215 -17.262109756469727
vertex -30.916587829589844 -5.515030860900879 -17.42135238647461
vertex -29.913433074951172 -5.870133399963379 -17.221925735473633
endloop
endfacet
facet normal -0.07001929461334833 -0.6314841201017084 -0.7722208909639912
outer loop
vertex -30.534372329711914 -4.48707389831543 -18.296621322631836
vertex -29.913433074951172 -5.870133399963379 -17.221925735473633
vertex -30.916587829589844 -5.515030860900879 -17.42135238647461
endloop
endfacet
facet normal -0.07001795202716758 -0.6314835461439319 -0.7722214820525299
outer loop
vertex -29.79134178161621 -4.604045391082764 -18.268339157104492
vertex -29.809452056884766 -5.689321517944336 -17.379213333129883
vertex -30.534372329711914 -4.48707389831543 -18.296621322631836
endloop
endfacet
facet normal -0.07001889302468219 -0.6314840271577252 -0.772221003381972
outer loop
vertex -29.913433074951172 -5.870133399963379 -17.221925735473633
vertex -30.534372329711914 -4.48707389831543 -18.296621322631836
vertex -29.826051712036133 -5.851217269897461 -17.245317459106445
endloop
endfacet
facet normal -0.0700221310025081 -0.6314849196925366 -0.7722199799090789
outer loop
vertex -29.826051712036133 -5.851217269897461 -17.245317459106445
vertex -30.534372329711914 -4.48707389831543 -18.296621322631836
vertex -29.809452056884766 -5.689321517944336 -17.379213333129883
endloop
endfacet
facet normal 0.18978284686105554 -0.6241143322369622 -0.7579338832205116
outer loop
vertex -29.79134178161621 -4.604045391082764 -18.268339157104492
vertex -26.866065979003906 -3.970780372619629 -18.057321548461914
vertex -26.505130767822266 -4.974000453948975 -17.140851974487305
endloop
endfacet
facet normal 0.18978275548292184 -0.6241139148948579 -0.7579342497578029
outer loop
vertex -29.809452056884766 -5.689321517944336 -17.379213333129883
vertex -29.79134178161621 -4.604045391082764 -18.268339157104492
vertex -26.609111785888672 -5.154812335968018 -17.018001556396484
endloop
endfacet
facet normal 0.18978372751137537 -0.6241119118015791 -0.7579356557909557
outer loop
vertex -29.79134178161621 -4.604045391082764 -18.268339157104492
vertex -26.505130767822266 -4.974000453948975 -17.140851974487305
vertex -26.482398986816406 -5.063570022583008 -17.061405181884766
endloop
endfacet
facet normal 0.18978426526549683 -0.6241105756442351 -0.7579366213785009
outer loop
vertex -26.609111785888672 -5.154812335968018 -17.018001556396484
vertex -29.79134178161621 -4.604045391082764 -18.268339157104492
vertex -26.482398986816406 -5.063570022583008 -17.061405181884766
endloop
endfacet
facet normal 0.19070145183806578 -0.6371637080329715 -0.7467632592947568
outer loop
vertex -29.809452056884766 -5.689321517944336 -17.379213333129883
vertex -26.609111785888672 -5.154812335968018 -17.018001556396484
vertex -29.826051712036133 -5.851217269897461 -17.245317459106445
endloop
endfacet
facet normal 0.4542707280704025 -0.5238464200343034 -0.7205713245998836
outer loop
vertex -26.505130767822266 -4.974000453948975 -17.140851974487305
vertex -25.69989585876465 -4.500105857849121 -16.97772216796875
vertex -26.482398986816406 -5.063570022583008 -17.061405181884766
endloop
endfacet
facet normal 0.4460403552625587 -0.513060573763474 -0.7333599724056021
outer loop
vertex -26.265731811523438 -3.5488059520721436 -17.987403869628906
vertex -25.69989585876465 -4.500105857849121 -16.97772216796875
vertex -26.866065979003906 -3.970780372619629 -18.057321548461914
endloop
endfacet
facet normal 0.4485816117922989 -0.5094429330699283 -0.7343312845759276
outer loop
vertex -26.505130767822266 -4.974000453948975 -17.140851974487305
vertex -26.866065979003906 -3.970780372619629 -18.057321548461914
vertex -25.69989585876465 -4.500105857849121 -16.97772216796875
endloop
endfacet
facet normal -0.28424400615660045 -0.5636211985340555 -0.775587834824065
outer loop
vertex -22.09109878540039 -3.8791420459747314 -17.798725128173828
vertex -22.677186965942383 -5.011786460876465 -16.760835647583008
vertex -23.17394256591797 -3.324506998062134 -17.804929733276367
endloop
endfacet
facet normal -0.2842434920183413 -0.5636211745494013 -0.7755880406793111
outer loop
vertex -23.17394256591797 -3.324506998062134 -17.804929733276367
vertex -22.677186965942383 -5.011786460876465 -16.760835647583008
vertex -23.760032653808594 -4.457151412963867 -16.767040252685547
endloop
endfacet
facet normal -0.16549172527239078 -0.6115666243773388 -0.7736916393590373
outer loop
vertex -23.39177131652832 -3.2086892127990723 -17.8057918548584
vertex -23.893678665161133 -4.388697624206543 -16.76569366455078
vertex -24.219823837280273 -4.221645832061768 -16.827978134155273
endloop
endfacet
facet normal 0.4884130503802011 -0.48173181359734335 -0.727589961438805
outer loop
vertex -26.265731811523438 -3.5488059520721436 -17.987403869628906
vertex -26.185962677001953 -3.483264923095703 -17.977251052856445
vertex -25.64642906188965 -4.461606025695801 -16.967323303222656
endloop
endfacet
facet normal -0.2939399357212981 -0.5586122052049383 -0.7755976523844275
outer loop
vertex -23.893678665161133 -4.388697624206543 -16.76569366455078
vertex -23.39177131652832 -3.2086892127990723 -17.8057918548584
vertex -23.17394256591797 -3.324506998062134 -17.804929733276367
endloop
endfacet
facet normal -0.16549389669831935 -0.6115653632458353 -0.7736921717541128
outer loop
vertex -23.951505661010742 -3.0396063327789307 -17.81971549987793
vertex -23.39177131652832 -3.2086892127990723 -17.8057918548584
vertex -24.219823837280273 -4.221645832061768 -16.827978134155273
endloop
endfacet
facet normal -0.02926843119374465 -0.6385625477240385 -0.7690131543606014
outer loop
vertex -23.951505661010742 -3.0396063327789307 -17.81971549987793
vertex -24.579051971435547 -4.037648677825928 -16.967090606689453
vertex -24.533042907714844 -2.9825141429901123 -17.844989776611328
endloop
endfacet
facet normal 0.1094928281855754 -0.6385623705149809 -0.7617410449347025
outer loop
vertex -24.533042907714844 -2.9825141429901123 -17.844989776611328
vertex -24.858726501464844 -3.8943991661071777 -17.127376556396484
vertex -25.114036560058594 -3.0396063327789307 -17.88064193725586
endloop
endfacet
facet normal 0.10949355553231406 -0.6385621925823812 -0.7617410895450462
outer loop
vertex -24.98361587524414 -3.9843292236328125 -17.0699405670166
vertex -25.114036560058594 -3.0396063327789307 -17.88064193725586
vertex -24.858726501464844 -3.8943991661071777 -17.127376556396484
endloop
endfacet
facet normal -0.29393784307338744 -0.5586134907845214 -0.7755975195440585
outer loop
vertex -23.893678665161133 -4.388697624206543 -16.76569366455078
vertex -23.17394256591797 -3.324506998062134 -17.804929733276367
vertex -23.760032653808594 -4.457151412963867 -16.767040252685547
endloop
endfacet
facet normal 0.24545786729117186 -0.611566048903796 -0.7521551722969598
outer loop
vertex -25.67215919494629 -3.2086892127990723 -17.92530059814453
vertex -25.114036560058594 -3.0396063327789307 -17.88064193725586
vertex -24.98361587524414 -3.9843292236328125 -17.0699405670166
endloop
endfacet
facet normal -0.029269125827896543 -0.6385622789972885 -0.7690133510642451
outer loop
vertex -23.951505661010742 -3.0396063327789307 -17.81971549987793
vertex -24.219823837280273 -4.221645832061768 -16.827978134155273
vertex -24.579051971435547 -4.037648677825928 -16.967090606689453
endloop
endfacet
facet normal 0.10949365423382454 -0.6385624919742833 -0.7617408243793405
outer loop
vertex -24.858726501464844 -3.8943991661071777 -17.127376556396484
vertex -24.533042907714844 -2.9825141429901123 -17.844989776611328
vertex -24.579051971435547 -4.037648677825928 -16.967090606689453
endloop
endfacet
facet normal 0.24545525554532363 -0.6115677668672915 -0.7521546277555793
outer loop
vertex -25.67215919494629 -3.2086892127990723 -17.92530059814453
vertex -24.98361587524414 -3.9843292236328125 -17.0699405670166
vertex -25.332414627075195 -4.2354912757873535 -16.979549407958984
endloop
endfacet
facet normal 0.37340626438871816 -0.5586097138265604 -0.7406233518691339
outer loop
vertex -25.64642906188965 -4.461606025695801 -16.967323303222656
vertex -26.185962677001953 -3.483264923095703 -17.977251052856445
vertex -25.332414627075195 -4.2354912757873535 -16.979549407958984
endloop
endfacet
facet normal 0.4883994194492553 -0.48174300578645746 -0.7275917010641748
outer loop
vertex -25.69989585876465 -4.500105857849121 -16.97772216796875
vertex -26.265731811523438 -3.5488059520721436 -17.987403869628906
vertex -25.64642906188965 -4.461606025695801 -16.967323303222656
endloop
endfacet
facet normal 0.373404855190631 -0.5586109842625047 -0.7406231041368745
outer loop
vertex -26.185962677001953 -3.483264923095703 -17.977251052856445
vertex -25.67215919494629 -3.2086892127990723 -17.92530059814453
vertex -25.332414627075195 -4.2354912757873535 -16.979549407958984
endloop
endfacet
facet normal -0.6694606739969114 0.06740648215431409 -0.7397829223057134
outer loop
vertex -20.457901000976562 -6.52253532409668 -17.954030990600586
vertex -21.59400749206543 -60.295799255371094 -21.8255558013916
vertex -21.59400749206543 -6.615457534790039 -16.93438720703125
endloop
endfacet
facet normal -0.6692994466987393 0.06741353173966007 -0.7399281494761145
outer loop
vertex -21.490028381347656 -60.2775993347168 -21.917951583862305
vertex -21.59400749206543 -60.295799255371094 -21.8255558013916
vertex -20.457901000976562 -6.52253532409668 -17.954030990600586
endloop
endfacet
facet normal -0.6692891525873801 0.06741401744827002 -0.7399374165970735
outer loop
vertex -21.490028381347656 -60.2775993347168 -21.917951583862305
vertex -20.457901000976562 -6.52253532409668 -17.954030990600586
vertex -20.45654296875 -59.99842071533203 -22.82732582092285
endloop
endfacet
facet normal -0.2939475710104213 -0.5586073113430547 -0.7755982833987946
outer loop
vertex -22.677186965942383 -5.011786460876465 -16.760835647583008
vertex -21.79250717163086 -4.037899971008301 -17.797544479370117
vertex -22.493486404418945 -5.1058783531188965 -16.7626895904541
endloop
endfacet
facet normal -0.5859084524252247 -0.2688242749652815 -0.7644898917357044
outer loop
vertex -21.59400749206543 -5.566592216491699 -17.098812103271484
vertex -20.966569900512695 -4.8576741218566895 -17.82896614074707
vertex -20.68878936767578 -5.371369361877441 -17.861223220825195
endloop
endfacet
facet normal -0.585908520132874 -0.26882405728922915 -0.7644899163875629
outer loop
vertex -20.68878936767578 -5.371369361877441 -17.861223220825195
vertex -21.59400749206543 -5.81028413772583 -17.013120651245117
vertex -21.59400749206543 -5.566592216491699 -17.098812103271484
endloop
endfacet
facet normal -0.5859092347404247 -0.26882331331744264 -0.7644896303174571
outer loop
vertex -21.794727325439453 -5.4637837409973145 -16.981130599975586
vertex -20.966569900512695 -4.8576741218566895 -17.82896614074707
vertex -21.59400749206543 -5.566592216491699 -17.098812103271484
endloop
endfacet
facet normal -0.6678385996145084 -0.0020299273682722095 -0.7443033549970147
outer loop
vertex -20.516586303710938 -5.928761005401611 -17.90299415588379
vertex -21.59400749206543 -6.615457534790039 -16.93438720703125
vertex -21.59400749206543 -6.226614475250244 -16.935447692871094
endloop
endfacet
facet normal -0.639618921667279 -0.14097906012794803 -0.7556537167582965
outer loop
vertex -21.59400749206543 -5.81028413772583 -17.013120651245117
vertex -20.516586303710938 -5.928761005401611 -17.90299415588379
vertex -21.59400749206543 -6.226614475250244 -16.935447692871094
endloop
endfacet
facet normal -0.5082696666048628 -0.3838819092195743 -0.7709063664176838
outer loop
vertex -21.339248657226562 -4.407416820526123 -17.807464599609375
vertex -20.966569900512695 -4.8576741218566895 -17.82896614074707
vertex -21.794727325439453 -5.4637837409973145 -16.981130599975586
endloop
endfacet
facet normal -0.409683746461969 -0.481731627084881 -0.7746572579864196
outer loop
vertex -21.339248657226562 -4.407416820526123 -17.807464599609375
vertex -22.16326904296875 -5.2750163078308105 -16.83214569091797
vertex -21.79250717163086 -4.037899971008301 -17.797544479370117
endloop
endfacet
facet normal -0.29394120821769504 -0.5586120359743325 -0.7755972920118614
outer loop
vertex -22.677186965942383 -5.011786460876465 -16.760835647583008
vertex -22.09109878540039 -3.8791420459747314 -17.798725128173828
vertex -21.79250717163086 -4.037899971008301 -17.797544479370117
endloop
endfacet
facet normal -0.508268274731667 -0.38388285773550007 -0.7709068117730706
outer loop
vertex -22.16326904296875 -5.2750163078308105 -16.83214569091797
vertex -21.339248657226562 -4.407416820526123 -17.807464599609375
vertex -21.794727325439453 -5.4637837409973145 -16.981130599975586
endloop
endfacet
facet normal -0.4096816140004675 -0.48173264989664527 -0.7746577497021042
outer loop
vertex -22.493486404418945 -5.1058783531188965 -16.7626895904541
vertex -21.79250717163086 -4.037899971008301 -17.797544479370117
vertex -22.16326904296875 -5.2750163078308105 -16.83214569091797
endloop
endfacet
facet normal -0.66783854101704 -0.002030092832943489 -0.7443034071232786
outer loop
vertex -20.516586303710938 -5.928761005401611 -17.90299415588379
vertex -20.457901000976562 -6.52253532409668 -17.954030990600586
vertex -21.59400749206543 -6.615457534790039 -16.93438720703125
endloop
endfacet
facet normal -0.6396189485400015 -0.14097802537647391 -0.7556538870604275
outer loop
vertex -21.59400749206543 -5.81028413772583 -17.013120651245117
vertex -20.68878936767578 -5.371369361877441 -17.861223220825195
vertex -20.516586303710938 -5.928761005401611 -17.90299415588379
endloop
endfacet
facet normal -0.6349577170317086 -0.18289234788462708 -0.7505858289810228
outer loop
vertex -21.490028381347656 -60.2775993347168 -21.917951583862305
vertex -21.59400749206543 -60.458412170410156 -21.785932540893555
vertex -21.59400749206543 -60.295799255371094 -21.8255558013916
endloop
endfacet
facet normal -0.615614954038506 -0.2021194428716327 -0.761686260331266
outer loop
vertex -20.45654296875 -59.99842071533203 -22.82732582092285
vertex -20.149442672729492 -60.73982238769531 -22.878795623779297
vertex -21.03330421447754 -61.380226135253906 -21.99449920654297
endloop
endfacet
facet normal -0.6156073348388396 -0.20212538432404098 -0.7616908416834742
outer loop
vertex -20.45654296875 -59.99842071533203 -22.82732582092285
vertex -21.03330421447754 -61.380226135253906 -21.99449920654297
vertex -21.176780700683594 -61.4656867980957 -21.85586166381836
endloop
endfacet
facet normal -0.6156165155899881 -0.20211737259848997 -0.7616855476026344
outer loop
vertex -21.176780700683594 -61.4656867980957 -21.85586166381836
vertex -21.59400749206543 -60.458412170410156 -21.785932540893555
vertex -20.45654296875 -59.99842071533203 -22.82732582092285
endloop
endfacet
facet normal -0.6156156388899368 -0.20211972903358819 -0.7616856308803022
outer loop
vertex -21.59400749206543 -60.458412170410156 -21.785932540893555
vertex -21.490028381347656 -60.2775993347168 -21.917951583862305
vertex -20.45654296875 -59.99842071533203 -22.82732582092285
endloop
endfacet
facet normal -0.46197490202056435 -0.4319746050974014 -0.7745819068723682
outer loop
vertex -21.03330421447754 -61.380226135253906 -21.99449920654297
vertex -20.149442672729492 -60.73982238769531 -22.878795623779297
vertex -21.137285232543945 -61.561038970947266 -21.831645965576172
endloop
endfacet
facet normal -0.46197244218344546 -0.43197742760715724 -0.7745817998771766
outer loop
vertex -20.149442672729492 -60.73982238769531 -22.878795623779297
vertex -18.73412322998047 -63.96419906616211 -21.924707412719727
vertex -21.137285232543945 -61.561038970947266 -21.831645965576172
endloop
endfacet
facet normal -0.5009826359966708 -0.40213481517854877 -0.7663576115960106
outer loop
vertex -21.176780700683594 -61.4656867980957 -21.85586166381836
vertex -21.03330421447754 -61.380226135253906 -21.99449920654297
vertex -21.137285232543945 -61.561038970947266 -21.831645965576172
endloop
endfacet
facet normal -0.4619729729831548 -0.4319775471899655 -0.774581416609543
outer loop
vertex -18.60776710510254 -63.805763244628906 -22.08842658996582
vertex -18.73412322998047 -63.96419906616211 -21.924707412719727
vertex -20.149442672729492 -60.73982238769531 -22.878795623779297
endloop
endfacet
facet normal -0.4619730898945656 -0.4319775828724827 -0.7745813269818185
outer loop
vertex -20.149442672729492 -60.73982238769531 -22.878795623779297
vertex -18.001697540283203 -62.887569427490234 -22.961965560913086
vertex -18.60776710510254 -63.805763244628906 -22.08842658996582
endloop
endfacet
facet normal -0.3542850798888626 -0.5203517459327961 -0.7769917262576438
outer loop
vertex -18.60776710510254 -63.805763244628906 -22.08842658996582
vertex -18.706249237060547 -63.988853454589844 -21.92090606689453
vertex -18.73412322998047 -63.96419906616211 -21.924707412719727
endloop
endfacet
facet normal -0.23135091502273683 -0.5860523088233949 -0.776543266947123
outer loop
vertex -18.001697540283203 -62.887569427490234 -22.961965560913086
vertex -17.505142211914062 -64.26248168945312 -22.072263717651367
vertex -17.563817977905273 -64.44329833984375 -21.91832160949707
endloop
endfacet
facet normal -0.2313719387377065 -0.5860534476538538 -0.7765361436905476
outer loop
vertex -17.609121322631836 -64.44329833984375 -21.904823303222656
vertex -18.001697540283203 -62.887569427490234 -22.961965560913086
vertex -17.563817977905273 -64.44329833984375 -21.91832160949707
endloop
endfacet
facet normal -0.23136750169392722 -0.5860526361612525 -0.7765380781445023
outer loop
vertex -18.60776710510254 -63.805763244628906 -22.08842658996582
vertex -17.609121322631836 -64.44329833984375 -21.904823303222656
vertex -18.706249237060547 -63.988853454589844 -21.92090606689453
endloop
endfacet
facet normal -0.231368063853294 -0.5860533198943598 -0.7765373946369725
outer loop
vertex -18.60776710510254 -63.805763244628906 -22.08842658996582
vertex -18.001697540283203 -62.887569427490234 -22.961965560913086
vertex -17.609121322631836 -64.44329833984375 -21.904823303222656
endloop
endfacet
facet normal -0.23136763567091523 -0.5860542002294201 -0.7765368578229275
outer loop
vertex -17.262313842773438 -63.19383239746094 -22.951126098632812
vertex -17.505142211914062 -64.26248168945312 -22.072263717651367
vertex -18.001697540283203 -62.887569427490234 -22.961965560913086
endloop
endfacet
facet normal -0.09817972655623083 -0.6264595861892132 -0.7732458394100699
outer loop
vertex -17.563817977905273 -64.44329833984375 -21.91832160949707
vertex -17.505142211914062 -64.26248168945312 -22.072263717651367
vertex -17.529462814331055 -64.44329833984375 -21.922683715820312
endloop
endfacet
facet normal 0.071378299036479 -0.6496753419868571 -0.7568534127827656
outer loop
vertex 80.82110595703125 -64.44329833984375 -16.768348693847656
vertex 80.92508697509766 -64.26248168945312 -16.913753509521484
vertex 80.9543228149414 -64.38811492919922 -16.80315399169922
endloop
endfacet
facet normal 0.04020883531069283 -0.6401098229104506 -0.7672305156708178
outer loop
vertex 80.82110595703125 -64.44329833984375 -16.768348693847656
vertex -17.262313842773438 -63.19383239746094 -22.951126098632812
vertex 80.77616882324219 -63.19383239746094 -17.813148498535156
endloop
endfacet
facet normal 0.04020917138670175 -0.6401024165038757 -0.7672366772530455
outer loop
vertex -17.529462814331055 -64.44329833984375 -21.922683715820312
vertex -17.505142211914062 -64.26248168945312 -22.072263717651367
vertex 80.82110595703125 -64.44329833984375 -16.768348693847656
endloop
endfacet
facet normal 0.04020880033947859 -0.6401103599759347 -0.7672300694229465
outer loop
vertex -17.505142211914062 -64.26248168945312 -22.072263717651367
vertex -17.262313842773438 -63.19383239746094 -22.951126098632812
vertex 80.82110595703125 -64.44329833984375 -16.768348693847656
endloop
endfacet
facet normal 0.04023186991259206 -0.640108740130168 -0.7672302115091044
outer loop
vertex 80.82110595703125 -64.44329833984375 -16.768348693847656
vertex 80.77616882324219 -63.19383239746094 -17.813148498535156
vertex 80.92508697509766 -64.26248168945312 -16.913753509521484
endloop
endfacet
facet normal 0.5555706811503045 0 -0.8314693128710081
outer loop
vertex 6.631966590881348 -64.44329833984375 -3.564180612564087
vertex 6.145331859588623 -64.44329833984375 -3.8893399238586426
vertex 6.145331859588623 -60.56829833984375 -3.8893399238586426
endloop
endfacet
facet normal 0 -1 0
outer loop
vertex 16.955991744995117 -60.56829833984375 -9.199999809265137
vertex 19.205991744995117 -60.56829833984375 -11.449999809265137
vertex 17.338674545288086 -60.56829833984375 -9.123879432678223
endloop
endfacet
facet normal 0.9807853253427457 0 0.1950900960897925
outer loop
vertex 5.705991744995117 -64.44329833984375 -9.949999809265137
vertex 5.820172309875488 -60.56829833984375 -10.524024963378906
vertex 5.705991744995117 -60.56829833984375 -9.949999809265137
endloop
endfacet
facet normal 0 -1 0
outer loop
vertex 7.205991744995117 -60.56829833984375 -11.449999809265137
vertex 9.455991744995117 -60.56829833984375 -9.199999809265137
vertex 9.073307991027832 -60.56829833984375 -9.123879432678223
endloop
endfacet
facet normal 0.5555706811503045 0 -0.8314693128710081
outer loop
vertex 6.631966590881348 -60.56829833984375 -3.564180612564087
vertex 6.631966590881348 -64.44329833984375 -3.564180612564087
vertex 6.145331859588623 -60.56829833984375 -3.8893399238586426
endloop
endfacet
facet normal 0.1950900960897925 0 -0.9807853253427457
outer loop
vertex 7.205991744995117 -64.44329833984375 -3.450000047683716
vertex 6.631966590881348 -60.56829833984375 -3.564180612564087
vertex 7.205991744995117 -60.56829833984375 -3.450000047683716
endloop
endfacet
facet normal 0 -1 0
outer loop
vertex 9.455991744995117 -60.56829833984375 -5.699999809265137
vertex 16.955991744995117 -60.56829833984375 -5.699999809265137
vertex 19.205991744995117 -60.56829833984375 -3.450000047683716
endloop
endfacet
facet normal 0 -1 0
outer loop
vertex 17.955991744995117 -60.56829833984375 -6.699999809265137
vertex 19.205991744995117 -60.56829833984375 -3.450000047683716
vertex 17.879871368408203 -60.56829833984375 -6.31731653213501
endloop
endfacet
facet normal 0 -1 0
outer loop
vertex 17.66309928894043 -60.56829833984375 -5.992893218994141
vertex 17.879871368408203 -60.56829833984375 -6.31731653213501
vertex 19.205991744995117 -60.56829833984375 -3.450000047683716
endloop
endfacet
facet normal 0 -1 0
outer loop
vertex 17.338674545288086 -60.56829833984375 -5.776120662689209
vertex 17.66309928894043 -60.56829833984375 -5.992893218994141
vertex 19.205991744995117 -60.56829833984375 -3.450000047683716
endloop
endfacet
facet normal 0 -1 0
outer loop
vertex 19.205991744995117 -60.56829833984375 -3.450000047683716
vertex 16.955991744995117 -60.56829833984375 -5.699999809265137
vertex 17.338674545288086 -60.56829833984375 -5.776120662689209
endloop
endfacet
facet normal -0.9807850135586837 0 -0.19509166352946058
outer loop
vertex 20.705991744995117 -60.56829833984375 -4.949999809265137
vertex 20.705991744995117 -64.44329833984375 -4.949999809265137
vertex 20.59181022644043 -60.56829833984375 -4.375974655151367
endloop
endfacet
facet normal 0 0 -1
outer loop
vertex 7.205991744995117 -64.44329833984375 -3.450000047683716
vertex 7.205991744995117 -60.56829833984375 -3.450000047683716
vertex 19.205991744995117 -64.44329833984375 -3.450000047683716
endloop
endfacet
facet normal 0 -1 0
outer loop
vertex 7.205991744995117 -60.56829833984375 -3.450000047683716
vertex 9.455991744995117 -60.56829833984375 -5.699999809265137
vertex 19.205991744995117 -60.56829833984375 -3.450000047683716
endloop
endfacet
facet normal 0 0 -1
outer loop
vertex 19.205991744995117 -64.44329833984375 -3.450000047683716
vertex 7.205991744995117 -60.56829833984375 -3.450000047683716
vertex 19.205991744995117 -60.56829833984375 -3.450000047683716
endloop
endfacet
facet normal -0.9807850135586837 0 -0.19509166352946058
outer loop
vertex 20.705991744995117 -64.44329833984375 -4.949999809265137
vertex 20.59181022644043 -64.44329833984375 -4.375974655151367
vertex 20.59181022644043 -60.56829833984375 -4.375974655151367
endloop
endfacet
facet normal -0.8314695010489662 0 -0.5555703995223135
outer loop
vertex 20.59181022644043 -64.44329833984375 -4.375974655151367
vertex 20.266651153564453 -64.44329833984375 -3.8893399238586426
vertex 20.266651153564453 -60.56829833984375 -3.8893399238586426
endloop
endfacet
facet normal -0.5555718102198659 0 -0.8314685584488576
outer loop
vertex 20.266651153564453 -64.44329833984375 -3.8893399238586426
vertex 19.780017852783203 -64.44329833984375 -3.564180612564087
vertex 19.780017852783203 -60.56829833984375 -3.564180612564087
endloop
endfacet
facet normal -0.1950897843073725 0 -0.9807853873599989
outer loop
vertex 19.780017852783203 -64.44329833984375 -3.564180612564087
vertex 19.205991744995117 -64.44329833984375 -3.450000047683716
vertex 19.205991744995117 -60.56829833984375 -3.450000047683716
endloop
endfacet
facet normal -0.8314695010489662 0 -0.5555703995223135
outer loop
vertex 20.266651153564453 -60.56829833984375 -3.8893399238586426
vertex 20.59181022644043 -60.56829833984375 -4.375974655151367
vertex 20.59181022644043 -64.44329833984375 -4.375974655151367
endloop
endfacet
facet normal 0.83146912469304 0 -0.5555709627781045
outer loop
vertex 6.145331859588623 -64.44329833984375 -3.8893399238586426
vertex 5.820172309875488 -64.44329833984375 -4.375974655151367
vertex 5.820172309875488 -60.56829833984375 -4.375974655151367
endloop
endfacet
facet normal 0 -1 0
outer loop
vertex 7.205991744995117 -60.56829833984375 -3.450000047683716
vertex 9.073307991027832 -60.56829833984375 -5.776120662689209
vertex 9.455991744995117 -60.56829833984375 -5.699999809265137
endloop
endfacet
facet normal 0 -1 0
outer loop
vertex 7.205991744995117 -60.56829833984375 -3.450000047683716
vertex 8.748885154724121 -60.56829833984375 -5.992893218994141
vertex 9.073307991027832 -60.56829833984375 -5.776120662689209
endloop
endfacet
facet normal 0 -1 0
outer loop
vertex 7.205991744995117 -60.56829833984375 -3.450000047683716
vertex 8.532112121582031 -60.56829833984375 -6.31731653213501
vertex 8.748885154724121 -60.56829833984375 -5.992893218994141
endloop
endfacet
facet normal -0.5555718102198659 0 -0.8314685584488576
outer loop
vertex 19.780017852783203 -60.56829833984375 -3.564180612564087
vertex 20.266651153564453 -60.56829833984375 -3.8893399238586426
vertex 20.266651153564453 -64.44329833984375 -3.8893399238586426
endloop
endfacet
facet normal 0 -1 0
outer loop
vertex 7.205991744995117 -60.56829833984375 -3.450000047683716
vertex 8.455991744995117 -60.56829833984375 -6.699999809265137
vertex 8.532112121582031 -60.56829833984375 -6.31731653213501
endloop
endfacet
facet normal -0.1950897843073725 0 -0.9807853873599989
outer loop
vertex 19.205991744995117 -60.56829833984375 -3.450000047683716
vertex 19.780017852783203 -60.56829833984375 -3.564180612564087
vertex 19.780017852783203 -64.44329833984375 -3.564180612564087
endloop
endfacet
facet normal 0.9807853253427457 0 -0.1950900960897925
outer loop
vertex 5.705991744995117 -64.44329833984375 -4.949999809265137
vertex 5.705991744995117 -60.56829833984375 -4.949999809265137
vertex 5.820172309875488 -64.44329833984375 -4.375974655151367
endloop
endfacet
facet normal 0 -1 0
outer loop
vertex 19.780017852783203 -60.56829833984375 -3.564180612564087
vertex 20.266651153564453 -60.56829833984375 -11.010660171508789
vertex 20.266651153564453 -60.56829833984375 -3.8893399238586426
endloop
endfacet
facet normal 0 -1 0
outer loop
vertex 20.266651153564453 -60.56829833984375 -3.8893399238586426
vertex 20.59181022644043 -60.56829833984375 -10.524024963378906
vertex 20.59181022644043 -60.56829833984375 -4.375974655151367
endloop
endfacet
facet normal 0 -1 0
outer loop
vertex 20.59181022644043 -60.56829833984375 -4.375974655151367
vertex 20.705991744995117 -60.56829833984375 -9.949999809265137
vertex 20.705991744995117 -60.56829833984375 -4.949999809265137
endloop
endfacet
facet normal 0 -1 0
outer loop
vertex 19.205991744995117 -60.56829833984375 -3.450000047683716
vertex 19.780017852783203 -60.56829833984375 -11.335819244384766
vertex 19.780017852783203 -60.56829833984375 -3.564180612564087
endloop
endfacet
facet normal 0 -1 0
outer loop
vertex 17.955991744995117 -60.56829833984375 -6.699999809265137
vertex 19.205991744995117 -60.56829833984375 -11.449999809265137
vertex 19.205991744995117 -60.56829833984375 -3.450000047683716
endloop
endfacet
facet normal -1 0 0
outer loop
vertex 20.705991744995117 -60.56829833984375 -4.949999809265137
vertex 20.705991744995117 -64.44329833984375 -9.949999809265137
vertex 20.705991744995117 -64.44329833984375 -4.949999809265137
endloop
endfacet
facet normal 0 -1 0
outer loop
vertex 20.59181022644043 -60.56829833984375 -10.524024963378906
vertex 20.705991744995117 -60.56829833984375 -9.949999809265137
vertex 20.59181022644043 -60.56829833984375 -4.375974655151367
endloop
endfacet
facet normal 0 -1 0
outer loop
vertex 20.266651153564453 -60.56829833984375 -11.010660171508789
vertex 20.59181022644043 -60.56829833984375 -10.524024963378906
vertex 20.266651153564453 -60.56829833984375 -3.8893399238586426
endloop
endfacet
facet normal -1 0 0
outer loop
vertex 20.705991744995117 -60.56829833984375 -9.949999809265137
vertex 20.705991744995117 -64.44329833984375 -9.949999809265137
vertex 20.705991744995117 -60.56829833984375 -4.949999809265137
endloop
endfacet
facet normal 0 -1 0
outer loop
vertex 19.780017852783203 -60.56829833984375 -11.335819244384766
vertex 20.266651153564453 -60.56829833984375 -11.010660171508789
vertex 19.780017852783203 -60.56829833984375 -3.564180612564087
endloop
endfacet
facet normal 0 -1 0
outer loop
vertex 19.205991744995117 -60.56829833984375 -11.449999809265137
vertex 19.780017852783203 -60.56829833984375 -11.335819244384766
vertex 19.205991744995117 -60.56829833984375 -3.450000047683716
endloop
endfacet
facet normal 0 -1 0
outer loop
vertex 17.955991744995117 -60.56829833984375 -8.199999809265137
vertex 19.205991744995117 -60.56829833984375 -11.449999809265137
vertex 17.955991744995117 -60.56829833984375 -6.699999809265137
endloop
endfacet
facet normal 0 -1 0
outer loop
vertex 7.205991744995117 -60.56829833984375 -3.450000047683716
vertex 8.455991744995117 -60.56829833984375 -8.199999809265137
vertex 8.455991744995117 -60.56829833984375 -6.699999809265137
endloop
endfacet
facet normal 0 -1 0
outer loop
vertex 6.631966590881348 -60.56829833984375 -3.564180612564087
vertex 7.205991744995117 -60.56829833984375 -11.449999809265137
vertex 7.205991744995117 -60.56829833984375 -3.450000047683716
endloop
endfacet
facet normal 0 -1 0
outer loop
vertex 6.145331859588623 -60.56829833984375 -3.8893399238586426
vertex 6.631966590881348 -60.56829833984375 -11.335819244384766
vertex 6.631966590881348 -60.56829833984375 -3.564180612564087
endloop
endfacet
facet normal 0 -1 0
outer loop
vertex 5.820172309875488 -60.56829833984375 -4.375974655151367
vertex 6.145331859588623 -60.56829833984375 -11.010660171508789
vertex 6.145331859588623 -60.56829833984375 -3.8893399238586426
endloop
endfacet
facet normal 0 -1 0
outer loop
vertex 5.705991744995117 -60.56829833984375 -4.949999809265137
vertex 5.820172309875488 -60.56829833984375 -10.524024963378906
vertex 5.820172309875488 -60.56829833984375 -4.375974655151367
endloop
endfacet
facet normal 1 0 0
outer loop
vertex 5.705991744995117 -64.44329833984375 -4.949999809265137
vertex 5.705991744995117 -60.56829833984375 -9.949999809265137
vertex 5.705991744995117 -60.56829833984375 -4.949999809265137
endloop
endfacet
facet normal 0 -1 0
outer loop
vertex 7.205991744995117 -60.56829833984375 -11.449999809265137
vertex 8.455991744995117 -60.56829833984375 -8.199999809265137
vertex 7.205991744995117 -60.56829833984375 -3.450000047683716
endloop
endfacet
facet normal 0 -1 0
outer loop
vertex 5.705991744995117 -60.56829833984375 -9.949999809265137
vertex 5.820172309875488 -60.56829833984375 -10.524024963378906
vertex 5.705991744995117 -60.56829833984375 -4.949999809265137
endloop
endfacet
facet normal 0 -1 0
outer loop
vertex 6.631966590881348 -60.56829833984375 -11.335819244384766
vertex 7.205991744995117 -60.56829833984375 -11.449999809265137
vertex 6.631966590881348 -60.56829833984375 -3.564180612564087
endloop
endfacet
facet normal 0 -1 0
outer loop
vertex 5.820172309875488 -60.56829833984375 -10.524024963378906
vertex 6.145331859588623 -60.56829833984375 -11.010660171508789
vertex 5.820172309875488 -60.56829833984375 -4.375974655151367
endloop
endfacet
facet normal 0 -1 0
outer loop
vertex 6.145331859588623 -60.56829833984375 -11.010660171508789
vertex 6.631966590881348 -60.56829833984375 -11.335819244384766
vertex 6.145331859588623 -60.56829833984375 -3.8893399238586426
endloop
endfacet
facet normal 1 0 0
outer loop
vertex 5.705991744995117 -64.44329833984375 -4.949999809265137
vertex 5.705991744995117 -64.44329833984375 -9.949999809265137
vertex 5.705991744995117 -60.56829833984375 -9.949999809265137
endloop
endfacet
facet normal 0 -1 0
outer loop
vertex 17.879871368408203 -60.56829833984375 -8.582683563232422
vertex 19.205991744995117 -60.56829833984375 -11.449999809265137
vertex 17.955991744995117 -60.56829833984375 -8.199999809265137
endloop
endfacet
facet normal 0 -1 0
outer loop
vertex 17.66309928894043 -60.56829833984375 -8.907106399536133
vertex 19.205991744995117 -60.56829833984375 -11.449999809265137
vertex 17.879871368408203 -60.56829833984375 -8.582683563232422
endloop
endfacet
facet normal 0 -1 0
outer loop
vertex 17.338674545288086 -60.56829833984375 -9.123879432678223
vertex 19.205991744995117 -60.56829833984375 -11.449999809265137
vertex 17.66309928894043 -60.56829833984375 -8.907106399536133
endloop
endfacet
facet normal -0.9807850135586837 0 0.19509166352946058
outer loop
vertex 20.59181022644043 -64.44329833984375 -10.524024963378906
vertex 20.705991744995117 -64.44329833984375 -9.949999809265137
vertex 20.705991744995117 -60.56829833984375 -9.949999809265137
endloop
endfacet
facet normal 0 -1 0
outer loop
vertex 9.455991744995117 -60.56829833984375 -9.199999809265137
vertex 7.205991744995117 -60.56829833984375 -11.449999809265137
vertex 16.955991744995117 -60.56829833984375 -9.199999809265137
endloop
endfacet
facet normal -0.9807850135586837 0 0.19509166352946058
outer loop
vertex 20.59181022644043 -60.56829833984375 -10.524024963378906
vertex 20.59181022644043 -64.44329833984375 -10.524024963378906
vertex 20.705991744995117 -60.56829833984375 -9.949999809265137
endloop
endfacet
facet normal -0.8314697525217963 0 0.5555700231666056
outer loop
vertex 20.266651153564453 -60.56829833984375 -11.010660171508789
vertex 20.266651153564453 -64.44329833984375 -11.010660171508789
vertex 20.59181022644043 -60.56829833984375 -10.524024963378906
endloop
endfacet
facet normal -0.5555715285918136 0 0.8314687466274098
outer loop
vertex 19.780017852783203 -60.56829833984375 -11.335819244384766
vertex 19.780017852783203 -64.44329833984375 -11.335819244384766
vertex 20.266651153564453 -60.56829833984375 -11.010660171508789
endloop
endfacet
facet normal -0.1950897843073725 0 0.9807853873599989
outer loop
vertex 19.205991744995117 -60.56829833984375 -11.449999809265137
vertex 19.205991744995117 -64.44329833984375 -11.449999809265137
vertex 19.780017852783203 -60.56829833984375 -11.335819244384766
endloop
endfacet
facet normal -0.8314697525217963 0 0.5555700231666056
outer loop
vertex 20.266651153564453 -64.44329833984375 -11.010660171508789
vertex 20.59181022644043 -64.44329833984375 -10.524024963378906
vertex 20.59181022644043 -60.56829833984375 -10.524024963378906
endloop
endfacet
facet normal -0.5555715285918136 0 0.8314687466274098
outer loop
vertex 19.780017852783203 -64.44329833984375 -11.335819244384766
vertex 20.266651153564453 -64.44329833984375 -11.010660171508789
vertex 20.266651153564453 -60.56829833984375 -11.010660171508789
endloop
endfacet
facet normal -0.1950897843073725 0 0.9807853873599989
outer loop
vertex 19.205991744995117 -64.44329833984375 -11.449999809265137
vertex 19.780017852783203 -64.44329833984375 -11.335819244384766
vertex 19.780017852783203 -60.56829833984375 -11.335819244384766
endloop
endfacet
facet normal 0 -1 0
outer loop
vertex 7.205991744995117 -60.56829833984375 -11.449999809265137
vertex 19.205991744995117 -60.56829833984375 -11.449999809265137
vertex 16.955991744995117 -60.56829833984375 -9.199999809265137
endloop
endfacet
facet normal 0 0 1
outer loop
vertex 7.205991744995117 -60.56829833984375 -11.449999809265137
vertex 7.205991744995117 -64.44329833984375 -11.449999809265137
vertex 19.205991744995117 -60.56829833984375 -11.449999809265137
endloop
endfacet
facet normal 0 0 1
outer loop
vertex 7.205991744995117 -64.44329833984375 -11.449999809265137
vertex 19.205991744995117 -64.44329833984375 -11.449999809265137
vertex 19.205991744995117 -60.56829833984375 -11.449999809265137
endloop
endfacet
facet normal 0 -1 0
outer loop
vertex 7.205991744995117 -60.56829833984375 -11.449999809265137
vertex 8.532112121582031 -60.56829833984375 -8.582683563232422
vertex 8.455991744995117 -60.56829833984375 -8.199999809265137
endloop
endfacet
facet normal 0 -1 0
outer loop
vertex 7.205991744995117 -60.56829833984375 -11.449999809265137
vertex 8.748885154724121 -60.56829833984375 -8.907106399536133
vertex 8.532112121582031 -60.56829833984375 -8.582683563232422
endloop
endfacet
facet normal 0.83146912469304 0 -0.5555709627781045
outer loop
vertex 6.145331859588623 -64.44329833984375 -3.8893399238586426
vertex 5.820172309875488 -60.56829833984375 -4.375974655151367
vertex 6.145331859588623 -60.56829833984375 -3.8893399238586426
endloop
endfacet
facet normal 0 -1 0
outer loop
vertex 7.205991744995117 -60.56829833984375 -11.449999809265137
vertex 9.073307991027832 -60.56829833984375 -9.123879432678223
vertex 8.748885154724121 -60.56829833984375 -8.907106399536133
endloop
endfacet
facet normal 0.9807853253427457 0 -0.1950900960897925
outer loop
vertex 5.705991744995117 -60.56829833984375 -4.949999809265137
vertex 5.820172309875488 -60.56829833984375 -4.375974655151367
vertex 5.820172309875488 -64.44329833984375 -4.375974655151367
endloop
endfacet
facet normal 0.831469376166266 0 0.5555705864223558
outer loop
vertex 5.820172309875488 -60.56829833984375 -10.524024963378906
vertex 5.820172309875488 -64.44329833984375 -10.524024963378906
vertex 6.145331859588623 -60.56829833984375 -11.010660171508789
endloop
endfacet
facet normal 0.1950900960897925 0 0.9807853253427457
outer loop
vertex 6.631966590881348 -60.56829833984375 -11.335819244384766
vertex 6.631966590881348 -64.44329833984375 -11.335819244384766
vertex 7.205991744995117 -60.56829833984375 -11.449999809265137
endloop
endfacet
facet normal 0.5555703995223135 0 0.8314695010489662
outer loop
vertex 6.145331859588623 -60.56829833984375 -11.010660171508789
vertex 6.145331859588623 -64.44329833984375 -11.010660171508789
vertex 6.631966590881348 -60.56829833984375 -11.335819244384766
endloop
endfacet
facet normal 0.9807853253427457 0 0.1950900960897925
outer loop
vertex 5.705991744995117 -64.44329833984375 -9.949999809265137
vertex 5.820172309875488 -64.44329833984375 -10.524024963378906
vertex 5.820172309875488 -60.56829833984375 -10.524024963378906
endloop
endfacet
facet normal 0.831469376166266 0 0.5555705864223558
outer loop
vertex 5.820172309875488 -64.44329833984375 -10.524024963378906
vertex 6.145331859588623 -64.44329833984375 -11.010660171508789
vertex 6.145331859588623 -60.56829833984375 -11.010660171508789
endloop
endfacet
facet normal 0.5555703995223135 0 0.8314695010489662
outer loop
vertex 6.145331859588623 -64.44329833984375 -11.010660171508789
vertex 6.631966590881348 -64.44329833984375 -11.335819244384766
vertex 6.631966590881348 -60.56829833984375 -11.335819244384766
endloop
endfacet
facet normal 0.1950900960897925 0 0.9807853253427457
outer loop
vertex 6.631966590881348 -64.44329833984375 -11.335819244384766
vertex 7.205991744995117 -64.44329833984375 -11.449999809265137
vertex 7.205991744995117 -60.56829833984375 -11.449999809265137
endloop
endfacet
facet normal 0.1950900960897925 0 -0.9807853253427457
outer loop
vertex 7.205991744995117 -64.44329833984375 -3.450000047683716
vertex 6.631966590881348 -64.44329833984375 -3.564180612564087
vertex 6.631966590881348 -60.56829833984375 -3.564180612564087
endloop
endfacet
facet normal 0 0 1
outer loop
vertex 9.455991744995117 -59.3682975769043 -9.199999809265137
vertex 9.455991744995117 -60.56829833984375 -9.199999809265137
vertex 16.955991744995117 -59.3682975769043 -9.199999809265137
endloop
endfacet
facet normal 1 0 0
outer loop
vertex 8.455991744995117 -60.56829833984375 -8.199999809265137
vertex 8.455991744995117 -59.3682975769043 -8.199999809265137
vertex 8.455991744995117 -60.56829833984375 -6.699999809265137
endloop
endfacet
facet normal 0 0 -1
outer loop
vertex 9.455991744995117 -60.56829833984375 -5.699999809265137
vertex 9.455991744995117 -59.3682975769043 -5.699999809265137
vertex 16.955991744995117 -60.56829833984375 -5.699999809265137
endloop
endfacet
facet normal 0 0 -1
outer loop
vertex 16.955991744995117 -60.56829833984375 -5.699999809265137
vertex 9.455991744995117 -59.3682975769043 -5.699999809265137
vertex 16.955991744995117 -59.3682975769043 -5.699999809265137
endloop
endfacet
facet normal -0.831470379496779 0 -0.5555690848305744
outer loop
vertex 17.66309928894043 -60.56829833984375 -5.992893218994141
vertex 17.66309928894043 -59.3682975769043 -5.992893218994141
vertex 17.879871368408203 -60.56829833984375 -6.31731653213501
endloop
endfacet
facet normal -0.5555682361196549 0 -0.8314709465849636
outer loop
vertex 17.66309928894043 -60.56829833984375 -5.992893218994141
vertex 17.338674545288086 -60.56829833984375 -5.776120662689209
vertex 17.338674545288086 -59.3682975769043 -5.776120662689209
endloop
endfacet
facet normal -0.19509158345481065 0 -0.9807850294866326
outer loop
vertex 16.955991744995117 -59.3682975769043 -5.699999809265137
vertex 17.338674545288086 -60.56829833984375 -5.776120662689209
vertex 16.955991744995117 -60.56829833984375 -5.699999809265137
endloop
endfacet
facet normal -0.5555682361196549 0 -0.8314709465849636
outer loop
vertex 17.66309928894043 -59.3682975769043 -5.992893218994141
vertex 17.66309928894043 -60.56829833984375 -5.992893218994141
vertex 17.338674545288086 -59.3682975769043 -5.776120662689209
endloop
endfacet
facet normal -0.19509158345481065 0 -0.9807850294866326
outer loop
vertex 17.338674545288086 -59.3682975769043 -5.776120662689209
vertex 17.338674545288086 -60.56829833984375 -5.776120662689209
vertex 16.955991744995117 -59.3682975769043 -5.699999809265137
endloop
endfacet
facet normal 0.19509111577748656 0 -0.9807851225139456
outer loop
vertex 9.455991744995117 -60.56829833984375 -5.699999809265137
vertex 9.073307991027832 -59.3682975769043 -5.776120662689209
vertex 9.455991744995117 -59.3682975769043 -5.699999809265137
endloop
endfacet
facet normal 0.5555704942502147 0 -0.831469437753771
outer loop
vertex 9.073307991027832 -59.3682975769043 -5.776120662689209
vertex 9.073307991027832 -60.56829833984375 -5.776120662689209
vertex 8.748885154724121 -59.3682975769043 -5.992893218994141
endloop
endfacet
facet normal 0.8314692504297169 0 -0.5555707746001806
outer loop
vertex 8.748885154724121 -59.3682975769043 -5.992893218994141
vertex 8.748885154724121 -60.56829833984375 -5.992893218994141
vertex 8.532112121582031 -59.3682975769043 -6.31731653213501
endloop
endfacet
facet normal 0.19509111577748656 0 -0.9807851225139456
outer loop
vertex 9.073307991027832 -60.56829833984375 -5.776120662689209
vertex 9.073307991027832 -59.3682975769043 -5.776120662689209
vertex 9.455991744995117 -60.56829833984375 -5.699999809265137
endloop
endfacet
facet normal 0.5555704942502147 0 -0.831469437753771
outer loop
vertex 8.748885154724121 -60.56829833984375 -5.992893218994141
vertex 8.748885154724121 -59.3682975769043 -5.992893218994141
vertex 9.073307991027832 -60.56829833984375 -5.776120662689209
endloop
endfacet
facet normal -0.831470379496779 0 -0.5555690848305744
outer loop
vertex 17.879871368408203 -59.3682975769043 -6.31731653213501
vertex 17.879871368408203 -60.56829833984375 -6.31731653213501
vertex 17.66309928894043 -59.3682975769043 -5.992893218994141
endloop
endfacet
facet normal -0.9807853098383859 0 -0.19509017403555012
outer loop
vertex 17.955991744995117 -59.3682975769043 -6.699999809265137
vertex 17.955991744995117 -60.56829833984375 -6.699999809265137
vertex 17.879871368408203 -59.3682975769043 -6.31731653213501
endloop
endfacet
facet normal -0.9807853098383859 0 -0.19509017403555012
outer loop
vertex 17.879871368408203 -59.3682975769043 -6.31731653213501
vertex 17.955991744995117 -60.56829833984375 -6.699999809265137
vertex 17.879871368408203 -60.56829833984375 -6.31731653213501
endloop
endfacet
facet normal -1 0 0
outer loop
vertex 17.955991744995117 -60.56829833984375 -8.199999809265137
vertex 17.955991744995117 -60.56829833984375 -6.699999809265137
vertex 17.955991744995117 -59.3682975769043 -6.699999809265137
endloop
endfacet
facet normal -1 0 0
outer loop
vertex 17.955991744995117 -59.3682975769043 -8.199999809265137
vertex 17.955991744995117 -60.56829833984375 -8.199999809265137
vertex 17.955991744995117 -59.3682975769043 -6.699999809265137
endloop
endfacet
facet normal -0.9807853563514094 0 0.1950899401984604
outer loop
vertex 17.879871368408203 -59.3682975769043 -8.582683563232422
vertex 17.879871368408203 -60.56829833984375 -8.582683563232422
vertex 17.955991744995117 -59.3682975769043 -8.199999809265137
endloop
endfacet
facet normal -0.8314700022881474 0 0.5555696493644593
outer loop
vertex 17.66309928894043 -59.3682975769043 -8.907106399536133
vertex 17.66309928894043 -60.56829833984375 -8.907106399536133
vertex 17.879871368408203 -59.3682975769043 -8.582683563232422
endloop
endfacet
facet normal -0.9807853563514094 0 0.1950899401984604
outer loop
vertex 17.879871368408203 -60.56829833984375 -8.582683563232422
vertex 17.955991744995117 -60.56829833984375 -8.199999809265137
vertex 17.955991744995117 -59.3682975769043 -8.199999809265137
endloop
endfacet
facet normal -0.8314700022881474 0 0.5555696493644593
outer loop
vertex 17.66309928894043 -60.56829833984375 -8.907106399536133
vertex 17.879871368408203 -60.56829833984375 -8.582683563232422
vertex 17.879871368408203 -59.3682975769043 -8.582683563232422
endloop
endfacet
facet normal 0.9807853098383859 0 -0.19509017403555012
outer loop
vertex 8.532112121582031 -60.56829833984375 -6.31731653213501
vertex 8.455991744995117 -59.3682975769043 -6.699999809265137
vertex 8.532112121582031 -59.3682975769043 -6.31731653213501
endloop
endfacet
facet normal 0.8314692504297169 0 -0.5555707746001806
outer loop
vertex 8.532112121582031 -60.56829833984375 -6.31731653213501
vertex 8.532112121582031 -59.3682975769043 -6.31731653213501
vertex 8.748885154724121 -60.56829833984375 -5.992893218994141
endloop
endfacet
facet normal 0.9807853098383859 0 -0.19509017403555012
outer loop
vertex 8.455991744995117 -60.56829833984375 -6.699999809265137
vertex 8.455991744995117 -59.3682975769043 -6.699999809265137
vertex 8.532112121582031 -60.56829833984375 -6.31731653213501
endloop
endfacet
facet normal 1 0 0
outer loop
vertex 8.455991744995117 -60.56829833984375 -6.699999809265137
vertex 8.455991744995117 -59.3682975769043 -8.199999809265137
vertex 8.455991744995117 -59.3682975769043 -6.699999809265137
endloop
endfacet
facet normal 0.9807853563514094 0 0.1950899401984604
outer loop
vertex 8.455991744995117 -60.56829833984375 -8.199999809265137
vertex 8.532112121582031 -59.3682975769043 -8.582683563232422
vertex 8.455991744995117 -59.3682975769043 -8.199999809265137
endloop
endfacet
facet normal 0.8314688732193027 0 0.5555713391342493
outer loop
vertex 8.532112121582031 -60.56829833984375 -8.582683563232422
vertex 8.748885154724121 -59.3682975769043 -8.907106399536133
vertex 8.532112121582031 -59.3682975769043 -8.582683563232422
endloop
endfacet
facet normal 0.9807853563514094 0 0.1950899401984604
outer loop
vertex 8.532112121582031 -60.56829833984375 -8.582683563232422
vertex 8.532112121582031 -59.3682975769043 -8.582683563232422
vertex 8.455991744995117 -60.56829833984375 -8.199999809265137
endloop
endfacet
facet normal 0.8314688732193027 0 0.5555713391342493
outer loop
vertex 8.532112121582031 -60.56829833984375 -8.582683563232422
vertex 8.748885154724121 -60.56829833984375 -8.907106399536133
vertex 8.748885154724121 -59.3682975769043 -8.907106399536133
endloop
endfacet
facet normal -0.5555690810033217 0 0.83147038205406
outer loop
vertex 17.338674545288086 -59.3682975769043 -9.123879432678223
vertex 17.338674545288086 -60.56829833984375 -9.123879432678223
vertex 17.66309928894043 -59.3682975769043 -8.907106399536133
endloop
endfacet
facet normal -0.19509040787318935 0 0.9807852633251952
outer loop
vertex 16.955991744995117 -59.3682975769043 -9.199999809265137
vertex 16.955991744995117 -60.56829833984375 -9.199999809265137
vertex 17.338674545288086 -59.3682975769043 -9.123879432678223
endloop
endfacet
facet normal -0.5555690810033217 0 0.83147038205406
outer loop
vertex 17.66309928894043 -60.56829833984375 -8.907106399536133
vertex 17.66309928894043 -59.3682975769043 -8.907106399536133
vertex 17.338674545288086 -60.56829833984375 -9.123879432678223
endloop
endfacet
facet normal 0.5555713391342493 0 0.8314688732193027
outer loop
vertex 8.748885154724121 -60.56829833984375 -8.907106399536133
vertex 9.073307991027832 -60.56829833984375 -9.123879432678223
vertex 9.073307991027832 -59.3682975769043 -9.123879432678223
endloop
endfacet
facet normal 0.1950899401984604 0 0.9807853563514094
outer loop
vertex 9.073307991027832 -60.56829833984375 -9.123879432678223
vertex 9.455991744995117 -60.56829833984375 -9.199999809265137
vertex 9.455991744995117 -59.3682975769043 -9.199999809265137
endloop
endfacet
facet normal 0.1950899401984604 0 0.9807853563514094
outer loop
vertex 9.073307991027832 -59.3682975769043 -9.123879432678223
vertex 9.073307991027832 -60.56829833984375 -9.123879432678223
vertex 9.455991744995117 -59.3682975769043 -9.199999809265137
endloop
endfacet
facet normal 0.5555713391342493 0 0.8314688732193027
outer loop
vertex 8.748885154724121 -59.3682975769043 -8.907106399536133
vertex 8.748885154724121 -60.56829833984375 -8.907106399536133
vertex 9.073307991027832 -59.3682975769043 -9.123879432678223
endloop
endfacet
facet normal -0.19509040787318935 0 0.9807852633251952
outer loop
vertex 16.955991744995117 -60.56829833984375 -9.199999809265137
vertex 17.338674545288086 -60.56829833984375 -9.123879432678223
vertex 17.338674545288086 -59.3682975769043 -9.123879432678223
endloop
endfacet
facet normal 0 0 1
outer loop
vertex 16.955991744995117 -59.3682975769043 -9.199999809265137
vertex 9.455991744995117 -60.56829833984375 -9.199999809265137
vertex 16.955991744995117 -60.56829833984375 -9.199999809265137
endloop
endfacet
facet normal -0.42261948047228126 -0.9063072187317825 0
outer loop
vertex 67.82110595703125 -64.87149810791016 -0.5
vertex 67.82110595703125 -64.87149810791016 -1.5
vertex 69.08494567871094 -65.4608383178711 -0.5
endloop
endfacet
facet normal -1 0 0
outer loop
vertex 67.32110595703125 -64.44329833984375 -1
vertex 67.32110595703125 -64.44329833984375 -1.5076520442962646
vertex 67.32110595703125 -64.52140045166016 -1.5
endloop
endfacet
facet normal 0.06811606658428422 -0.09728152326681597 -0.9929232128941157
outer loop
vertex 75.82110595703125 -64.87149810791016 -1.5
vertex 76.32110595703125 -64.44329833984375 -1.5076520442962646
vertex 76.32110595703125 -64.52140045166016 -1.5
endloop
endfacet
facet normal 0.06812006207079724 -0.09728617566953872 -0.9929224829598061
outer loop
vertex 75.82110595703125 -64.87149810791016 -1.5
vertex 75.57388305664062 -64.44329833984375 -1.5589157342910767
vertex 76.32110595703125 -64.44329833984375 -1.5076520442962646
endloop
endfacet
facet normal 0.0501913042138593 -0.10763741530113288 -0.9929224641474294
outer loop
vertex 75.82110595703125 -64.87149810791016 -1.5
vertex 74.86201477050781 -64.44329833984375 -1.5949000120162964
vertex 75.57388305664062 -64.44329833984375 -1.5589157342910767
endloop
endfacet
facet normal 0.05019165176549849 -0.10763596667221456 -0.9929226036160064
outer loop
vertex 74.55726623535156 -65.4608383178711 -1.5
vertex 74.28486633300781 -64.7124252319336 -1.5949000120162964
vertex 75.82110595703125 -64.87149810791016 -1.5
endloop
endfacet
facet normal 0.050191552556388144 -0.10763686939151382 -0.992922510772907
outer loop
vertex 75.82110595703125 -64.87149810791016 -1.5
vertex 74.28486633300781 -64.7124252319336 -1.5949000120162964
vertex 74.86201477050781 -64.44329833984375 -1.5949000120162964
endloop
endfacet
facet normal 0.04493010334121775 -0.09635357781875097 -0.9943325770863958
outer loop
vertex 74.28486633300781 -64.7124252319336 -1.5949000120162964
vertex 74.1869125366211 -64.44329833984375 -1.6254053115844727
vertex 74.86201477050781 -64.44329833984375 -1.5949000120162964
endloop
endfacet
facet normal -0.5735697163184464 -0.8191567496653964 0
outer loop
vertex 67.82110595703125 -64.87149810791016 -1.5
vertex 67.82110595703125 -64.87149810791016 -0.5
vertex 67.32110595703125 -64.52140045166016 -1.5
endloop
endfacet
facet normal -0.030738138055674796 -0.11471617154407224 -0.9929226389075542
outer loop
vertex 70.43192291259766 -65.82176208496094 -1.5
vertex 69.35734558105469 -64.7124252319336 -1.5949000120162964
vertex 70.57022094726562 -65.03741455078125 -1.5949000120162964
endloop
endfacet
facet normal -0.5735697163184464 -0.8191567496653964 0
outer loop
vertex 67.32110595703125 -64.52140045166016 -0.5
vertex 67.32110595703125 -64.52140045166016 -1.5
vertex 67.82110595703125 -64.87149810791016 -0.5
endloop
endfacet
facet normal -0.044929595812526785 -0.09635376310763541 -0.9943325820645327
outer loop
vertex 69.35734558105469 -64.7124252319336 -1.5949000120162964
vertex 68.78018951416016 -64.44329833984375 -1.5949000120162964
vertex 69.4552993774414 -64.44329833984375 -1.6254053115844727
endloop
endfacet
facet normal -0.027515757474004532 -0.10269185621165612 -0.9943325730149025
outer loop
vertex 69.4552993774414 -64.44329833984375 -1.6254053115844727
vertex 70.67498016357422 -64.44329833984375 -1.6591570377349854
vertex 69.35734558105469 -64.7124252319336 -1.5949000120162964
endloop
endfacet
facet normal -0.02751596412747188 -0.10269086746016655 -0.9943326694112057
outer loop
vertex 70.57022094726562 -65.03741455078125 -1.5949000120162964
vertex 69.35734558105469 -64.7124252319336 -1.5949000120162964
vertex 70.67498016357422 -64.44329833984375 -1.6591570377349854
endloop
endfacet
facet normal -0.010351643117954003 -0.1183119186325124 -0.9929225213450708
outer loop
vertex 71.42110443115234 -65.9083023071289 -1.5
vertex 70.57022094726562 -65.03741455078125 -1.5949000120162964
vertex 71.42110443115234 -65.11186218261719 -1.5949000120162964
endloop
endfacet
facet normal -0.009266379248813234 -0.10590812446017561 -0.9943327427923436
outer loop
vertex 71.42110443115234 -65.11186218261719 -1.5949000120162964
vertex 70.57022094726562 -65.03741455078125 -1.5949000120162964
vertex 71.42110443115234 -64.44329833984375 -1.6661099195480347
endloop
endfacet
facet normal -0.009265852654989536 -0.1059088697131952 -0.9943326683211458
outer loop
vertex 71.42110443115234 -64.44329833984375 -1.6661099195480347
vertex 70.57022094726562 -65.03741455078125 -1.5949000120162964
vertex 70.67498016357422 -64.44329833984375 -1.6591570377349854
endloop
endfacet
facet normal 0.42261948047228126 -0.9063072187317825 0
outer loop
vertex 74.55726623535156 -65.4608383178711 -1.5
vertex 75.82110595703125 -64.87149810791016 -1.5
vertex 75.82110595703125 -64.87149810791016 -0.5
endloop
endfacet
facet normal 0.5735697163184464 -0.8191567496653964 0
outer loop
vertex 75.82110595703125 -64.87149810791016 -1.5
vertex 76.32110595703125 -64.52140045166016 -1.5
vertex 76.32110595703125 -64.52140045166016 -0.5
endloop
endfacet
facet normal -0.030738358281302572 -0.11471638220394974 -0.9929226077515849
outer loop
vertex 69.08494567871094 -65.4608383178711 -1.5
vertex 69.35734558105469 -64.7124252319336 -1.5949000120162964
vertex 70.43192291259766 -65.82176208496094 -1.5
endloop
endfacet
facet normal -0.010350633706011374 -0.11831094617995228 -0.9929226477404413
outer loop
vertex 70.57022094726562 -65.03741455078125 -1.5949000120162964
vertex 71.42110443115234 -65.9083023071289 -1.5
vertex 70.43192291259766 -65.82176208496094 -1.5
endloop
endfacet
facet normal -0.42261948047228126 -0.9063072187317825 0
outer loop
vertex 69.08494567871094 -65.4608383178711 -1.5
vertex 69.08494567871094 -65.4608383178711 -0.5
vertex 67.82110595703125 -64.87149810791016 -1.5
endloop
endfacet
facet normal 0.010351544089549069 -0.11831078680827413 -0.9929226572396106
outer loop
vertex 73.21028900146484 -65.82176208496094 -1.5
vertex 72.22110748291016 -65.11186218261719 -1.5949000120162964
vertex 73.07199096679688 -65.03741455078125 -1.5949000120162964
endloop
endfacet
facet normal 0.009266379248813234 -0.10590812446017561 -0.9943327427923436
outer loop
vertex 73.07199096679688 -65.03741455078125 -1.5949000120162964
vertex 72.22110748291016 -65.11186218261719 -1.5949000120162964
vertex 72.22110748291016 -64.44329833984375 -1.6661099195480347
endloop
endfacet
facet normal 1 0 0
outer loop
vertex 76.32110595703125 -64.52140045166016 -0.5
vertex 76.32110595703125 -64.52140045166016 -1.5
vertex 76.32110595703125 -64.44329833984375 -1
endloop
endfacet
facet normal 0.42261948047228126 -0.9063072187317825 0
outer loop
vertex 74.55726623535156 -65.4608383178711 -0.5
vertex 74.55726623535156 -65.4608383178711 -1.5
vertex 75.82110595703125 -64.87149810791016 -0.5
endloop
endfacet
facet normal 0.009265852654989536 -0.1059088697131952 -0.9943326683211458
outer loop
vertex 73.07199096679688 -65.03741455078125 -1.5949000120162964
vertex 72.22110748291016 -64.44329833984375 -1.6661099195480347
vertex 72.96723175048828 -64.44329833984375 -1.6591570377349854
endloop
endfacet
facet normal 0.030738209004710124 -0.11471643632919659 -0.9929226061194862
outer loop
vertex 74.55726623535156 -65.4608383178711 -1.5
vertex 73.07199096679688 -65.03741455078125 -1.5949000120162964
vertex 74.28486633300781 -64.7124252319336 -1.5949000120162964
endloop
endfacet
facet normal 0.02751576019434876 -0.10269090362564794 -0.9943326713195514
outer loop
vertex 73.07199096679688 -65.03741455078125 -1.5949000120162964
vertex 72.96723175048828 -64.44329833984375 -1.6591570377349854
vertex 74.1869125366211 -64.44329833984375 -1.6254053115844727
endloop
endfacet
facet normal -1 0 0
outer loop
vertex 67.32110595703125 -63.94329833984375 -0.5
vertex 67.32110595703125 -64.44329833984375 -1
vertex 67.32110595703125 -64.52140045166016 -0.5
endloop
endfacet
facet normal 0.5735697163184464 -0.8191567496653964 0
outer loop
vertex 75.82110595703125 -64.87149810791016 -0.5
vertex 75.82110595703125 -64.87149810791016 -1.5
vertex 76.32110595703125 -64.52140045166016 -0.5
endloop
endfacet
facet normal 0.02751618727447074 -0.10269170025522247 -0.9943325772278446
outer loop
vertex 74.28486633300781 -64.7124252319336 -1.5949000120162964
vertex 73.07199096679688 -65.03741455078125 -1.5949000120162964
vertex 74.1869125366211 -64.44329833984375 -1.6254053115844727
endloop
endfacet
facet normal 0.010350718881707533 -0.11831191976451631 -0.9929225308453155
outer loop
vertex 72.22110748291016 -65.11186218261719 -1.5949000120162964
vertex 73.21028900146484 -65.82176208496094 -1.5
vertex 72.22110748291016 -65.9083023071289 -1.5
endloop
endfacet
facet normal -1 0 0
outer loop
vertex 67.32110595703125 -64.44329833984375 -1
vertex 67.32110595703125 -64.52140045166016 -1.5
vertex 67.32110595703125 -64.52140045166016 -0.5
endloop
endfacet
facet normal 0.03073829439549061 -0.11471614378037633 -0.9929226372753399
outer loop
vertex 73.21028900146484 -65.82176208496094 -1.5
vertex 73.07199096679688 -65.03741455078125 -1.5949000120162964
vertex 74.55726623535156 -65.4608383178711 -1.5
endloop
endfacet
facet normal -0.050191260771874496 -0.10763610952471134 -0.9929226078947513
outer loop
vertex 68.06832885742188 -64.44329833984375 -1.5589157342910767
vertex 69.35734558105469 -64.7124252319336 -1.5949000120162964
vertex 69.08494567871094 -65.4608383178711 -1.5
endloop
endfacet
facet normal -0.25882058733748775 -0.9659254130471346 0
outer loop
vertex 69.08494567871094 -65.4608383178711 -1.5
vertex 70.43192291259766 -65.82176208496094 -1.5
vertex 70.43192291259766 -65.82176208496094 -0.5
endloop
endfacet
facet normal 0.25882058733748775 -0.9659254130471346 0
outer loop
vertex 73.21028900146484 -65.82176208496094 -0.5
vertex 73.21028900146484 -65.82176208496094 -1.5
vertex 74.55726623535156 -65.4608383178711 -0.5
endloop
endfacet
facet normal 1 0 0
outer loop
vertex 76.32110595703125 -64.44329833984375 -1
vertex 76.32110595703125 -63.94329833984375 -0.5
vertex 76.32110595703125 -64.52140045166016 -0.5
endloop
endfacet
facet normal -0.08715379696267496 -0.9961948683239583 0
outer loop
vertex 70.43192291259766 -65.82176208496094 -1.5
vertex 71.42110443115234 -65.9083023071289 -1.5
vertex 71.42110443115234 -65.9083023071289 -0.5
endloop
endfacet
facet normal -0.25882058733748775 -0.9659254130471346 0
outer loop
vertex 69.08494567871094 -65.4608383178711 -0.5
vertex 69.08494567871094 -65.4608383178711 -1.5
vertex 70.43192291259766 -65.82176208496094 -0.5
endloop
endfacet
facet normal -0.05019211074861536 -0.10763695096122944 -0.9929224737140199
outer loop
vertex 67.82110595703125 -64.87149810791016 -1.5
vertex 68.06832885742188 -64.44329833984375 -1.5589157342910767
vertex 69.08494567871094 -65.4608383178711 -1.5
endloop
endfacet
facet normal -0.05019183269303931 -0.10763889302326664 -0.9929222772400867
outer loop
vertex 69.35734558105469 -64.7124252319336 -1.5949000120162964
vertex 68.06832885742188 -64.44329833984375 -1.5589157342910767
vertex 68.78018951416016 -64.44329833984375 -1.5949000120162964
endloop
endfacet
facet normal -0.06811606658428422 -0.09728152326681597 -0.9929232128941157
outer loop
vertex 67.32110595703125 -64.44329833984375 -1.5076520442962646
vertex 67.82110595703125 -64.87149810791016 -1.5
vertex 67.32110595703125 -64.52140045166016 -1.5
endloop
endfacet
facet normal -0.08715379696267496 -0.9961948683239583 0
outer loop
vertex 70.43192291259766 -65.82176208496094 -0.5
vertex 70.43192291259766 -65.82176208496094 -1.5
vertex 71.42110443115234 -65.9083023071289 -0.5
endloop
endfacet
facet normal -0.06812006207079724 -0.09728617566953872 -0.9929224829598061
outer loop
vertex 67.82110595703125 -64.87149810791016 -1.5
vertex 67.32110595703125 -64.44329833984375 -1.5076520442962646
vertex 68.06832885742188 -64.44329833984375 -1.5589157342910767
endloop
endfacet
facet normal 0.08715379696267496 -0.9961948683239583 0
outer loop
vertex 72.22110748291016 -65.9083023071289 -1.5
vertex 73.21028900146484 -65.82176208496094 -0.5
vertex 72.22110748291016 -65.9083023071289 -0.5
endloop
endfacet
facet normal 0.25882058733748775 -0.9659254130471346 0
outer loop
vertex 73.21028900146484 -65.82176208496094 -1.5
vertex 74.55726623535156 -65.4608383178711 -1.5
vertex 74.55726623535156 -65.4608383178711 -0.5
endloop
endfacet
facet normal 0.08715379696267496 -0.9961948683239583 0
outer loop
vertex 73.21028900146484 -65.82176208496094 -1.5
vertex 73.21028900146484 -65.82176208496094 -0.5
vertex 72.22110748291016 -65.9083023071289 -1.5
endloop
endfacet
facet normal 1 0 0
outer loop
vertex 76.32110595703125 -64.52140045166016 -1.5
vertex 76.32110595703125 -64.44329833984375 -1.5076520442962646
vertex 76.32110595703125 -64.44329833984375 -1
endloop
endfacet
facet normal -1 0 0
outer loop
vertex -13.109122276306152 -64.44329833984375 -1
vertex -13.109122276306152 -64.44329833984375 -1.5076520442962646
vertex -13.109122276306152 -64.52140045166016 -1.5
endloop
endfacet
facet normal -0.05019207025796953 -0.1076368641290641 -0.9929224851737826
outer loop
vertex -12.609122276306152 -64.87149810791016 -1.5
vertex -12.361898422241211 -64.44329833984375 -1.5589157342910767
vertex -11.345282554626465 -65.4608383178711 -1.5
endloop
endfacet
facet normal -0.03073840738105431 -0.1147164030044322 -0.9929226038284158
outer loop
vertex -11.345282554626465 -65.4608383178711 -1.5
vertex -11.072883605957031 -64.7124252319336 -1.5949000120162964
vertex -9.998307228088379 -65.82176208496094 -1.5
endloop
endfacet
facet normal -0.25882092928258643 -0.9659253214225717 0
outer loop
vertex -9.998307228088379 -65.82176208496094 -0.5
vertex -11.345282554626465 -65.4608383178711 -1.5
vertex -9.998307228088379 -65.82176208496094 -1.5
endloop
endfacet
facet normal 0.05019169669459887 -0.10763598180209973 -0.992922599704738
outer loop
vertex -5.872960567474365 -65.4608383178711 -1.5
vertex -6.145359992980957 -64.7124252319336 -1.5949000120162964
vertex -4.609121799468994 -64.87149810791016 -1.5
endloop
endfacet
facet normal 1 0 0
outer loop
vertex -4.109121799468994 -64.44329833984375 -1
vertex -4.109121799468994 -63.94329833984375 -0.5
vertex -4.109121799468994 -64.52140045166016 -0.5
endloop
endfacet
facet normal 0.5735697163184464 -0.8191567496653964 0
outer loop
vertex -4.609121799468994 -64.87149810791016 -0.5
vertex -4.609121799468994 -64.87149810791016 -1.5
vertex -4.109121799468994 -64.52140045166016 -0.5
endloop
endfacet
facet normal -0.06811946244843099 -0.09728637314810785 -0.9929225047481922
outer loop
vertex -13.109122276306152 -64.52140045166016 -1.5
vertex -12.361898422241211 -64.44329833984375 -1.5589157342910767
vertex -12.609122276306152 -64.87149810791016 -1.5
endloop
endfacet
facet normal -0.06812000683856896 -0.09728149703450686 -0.9929229451488362
outer loop
vertex -13.109122276306152 -64.44329833984375 -1.5076520442962646
vertex -12.361898422241211 -64.44329833984375 -1.5589157342910767
vertex -13.109122276306152 -64.52140045166016 -1.5
endloop
endfacet
facet normal -0.050191578165782694 -0.10763637698168557 -0.9929225628574893
outer loop
vertex -11.345282554626465 -65.4608383178711 -1.5
vertex -12.361898422241211 -64.44329833984375 -1.5589157342910767
vertex -11.650033950805664 -64.44329833984375 -1.5949000120162964
endloop
endfacet
facet normal -0.04492991370587472 -0.09635348956769489 -0.9943325942070445
outer loop
vertex -11.072883605957031 -64.7124252319336 -1.5949000120162964
vertex -11.650033950805664 -64.44329833984375 -1.5949000120162964
vertex -10.974928855895996 -64.44329833984375 -1.6254053115844727
endloop
endfacet
facet normal -0.050191090742924674 -0.10763623473546284 -0.9929226029162636
outer loop
vertex -11.072883605957031 -64.7124252319336 -1.5949000120162964
vertex -11.345282554626465 -65.4608383178711 -1.5
vertex -11.650033950805664 -64.44329833984375 -1.5949000120162964
endloop
endfacet
facet normal 1 0 0
outer loop
vertex -4.109121799468994 -64.52140045166016 -0.5
vertex -4.109121799468994 -64.52140045166016 -1.5
vertex -4.109121799468994 -64.44329833984375 -1
endloop
endfacet
facet normal 0.5735697163184464 -0.8191567496653964 0
outer loop
vertex -4.609121799468994 -64.87149810791016 -1.5
vertex -4.109121799468994 -64.52140045166016 -1.5
vertex -4.109121799468994 -64.52140045166016 -0.5
endloop
endfacet
facet normal 0.030738297273949784 -0.11471603269246347 -0.9929226500206348
outer loop
vertex -7.219936370849609 -65.82176208496094 -1.5
vertex -7.358237266540527 -65.03741455078125 -1.5949000120162964
vertex -5.872960567474365 -65.4608383178711 -1.5
endloop
endfacet
facet normal 0.010350678969440938 -0.11831191981339857 -0.9929225312555555
outer loop
vertex -8.209121704101562 -65.11186218261719 -1.5949000120162964
vertex -7.219936370849609 -65.82176208496094 -1.5
vertex -8.209121704101562 -65.9083023071289 -1.5
endloop
endfacet
facet normal 0.42261974241643857 -0.9063070965847411 0
outer loop
vertex -4.609121799468994 -64.87149810791016 -0.5
vertex -5.872960567474365 -65.4608383178711 -1.5
vertex -4.609121799468994 -64.87149810791016 -1.5
endloop
endfacet
facet normal 1 0 0
outer loop
vertex -4.109121799468994 -64.52140045166016 -1.5
vertex -4.109121799468994 -64.44329833984375 -1.5076520442962646
vertex -4.109121799468994 -64.44329833984375 -1
endloop
endfacet
facet normal -0.5735697163184464 -0.8191567496653964 0
outer loop
vertex -12.609122276306152 -64.87149810791016 -1.5
vertex -12.609122276306152 -64.87149810791016 -0.5
vertex -13.109122276306152 -64.52140045166016 -1.5
endloop
endfacet
facet normal 0.06811606658428422 -0.09728152326681597 -0.9929232128941157
outer loop
vertex -4.609121799468994 -64.87149810791016 -1.5
vertex -4.109121799468994 -64.44329833984375 -1.5076520442962646
vertex -4.109121799468994 -64.52140045166016 -1.5
endloop
endfacet
facet normal -1 0 0
outer loop
vertex -13.109122276306152 -64.44329833984375 -1
vertex -13.109122276306152 -64.52140045166016 -1.5
vertex -13.109122276306152 -64.52140045166016 -0.5
endloop
endfacet
facet normal -0.42261948047228126 -0.9063072187317825 0
outer loop
vertex -11.345282554626465 -65.4608383178711 -1.5
vertex -11.345282554626465 -65.4608383178711 -0.5
vertex -12.609122276306152 -64.87149810791016 -1.5
endloop
endfacet
facet normal -0.42261948047228126 -0.9063072187317825 0
outer loop
vertex -12.609122276306152 -64.87149810791016 -0.5
vertex -12.609122276306152 -64.87149810791016 -1.5
vertex -11.345282554626465 -65.4608383178711 -0.5
endloop
endfacet
facet normal 0.08715346341544244 -0.9961948975048472 0
outer loop
vertex -7.219936370849609 -65.82176208496094 -1.5
vertex -7.219936370849609 -65.82176208496094 -0.5
vertex -8.209121704101562 -65.9083023071289 -1.5
endloop
endfacet
facet normal -1 0 0
outer loop
vertex -13.109122276306152 -63.94329833984375 -0.5
vertex -13.109122276306152 -64.44329833984375 -1
vertex -13.109122276306152 -64.52140045166016 -0.5
endloop
endfacet
facet normal 0.050191550715373935 -0.10763731008862384 -0.9929224630924971
outer loop
vertex -4.609121799468994 -64.87149810791016 -1.5
vertex -6.145359992980957 -64.7124252319336 -1.5949000120162964
vertex -5.568209171295166 -64.44329833984375 -1.5949000120162964
endloop
endfacet
facet normal 0.044929850609324896 -0.09635343386172998 -0.9943326024561787
outer loop
vertex -6.145359992980957 -64.7124252319336 -1.5949000120162964
vertex -6.24331521987915 -64.44329833984375 -1.6254053115844727
vertex -5.568209171295166 -64.44329833984375 -1.5949000120162964
endloop
endfacet
facet normal -0.25882092928258643 -0.9659253214225717 0
outer loop
vertex -11.345282554626465 -65.4608383178711 -0.5
vertex -11.345282554626465 -65.4608383178711 -1.5
vertex -9.998307228088379 -65.82176208496094 -0.5
endloop
endfacet
facet normal -0.03073806363018679 -0.1147160741850652 -0.9929226524598144
outer loop
vertex -9.998307228088379 -65.82176208496094 -1.5
vertex -11.072883605957031 -64.7124252319336 -1.5949000120162964
vertex -9.860006332397461 -65.03741455078125 -1.5949000120162964
endloop
endfacet
facet normal -0.027515736228992053 -0.10269176754440777 -0.9943325827601053
outer loop
vertex -11.072883605957031 -64.7124252319336 -1.5949000120162964
vertex -10.974928855895996 -64.44329833984375 -1.6254053115844727
vertex -9.755247116088867 -64.44329833984375 -1.6591570377349854
endloop
endfacet
facet normal -0.027515922819256012 -0.10269087478576215 -0.9943326697977591
outer loop
vertex -9.860006332397461 -65.03741455078125 -1.5949000120162964
vertex -11.072883605957031 -64.7124252319336 -1.5949000120162964
vertex -9.755247116088867 -64.44329833984375 -1.6591570377349854
endloop
endfacet
facet normal -0.009265840810629061 -0.10590887178970175 -0.9943326682103453
outer loop
vertex -9.860006332397461 -65.03741455078125 -1.5949000120162964
vertex -9.755247116088867 -64.44329833984375 -1.6591570377349854
vertex -9.009121894836426 -64.44329833984375 -1.6661099195480347
endloop
endfacet
facet normal 0.027516112533503383 -0.10269158280933634 -0.9943325914256038
outer loop
vertex -6.145359992980957 -64.7124252319336 -1.5949000120162964
vertex -7.358237266540527 -65.03741455078125 -1.5949000120162964
vertex -6.24331521987915 -64.44329833984375 -1.6254053115844727
endloop
endfacet
facet normal 0.030738169660610448 -0.11471646989619692 -0.9929226034593384
outer loop
vertex -5.872960567474365 -65.4608383178711 -1.5
vertex -7.358237266540527 -65.03741455078125 -1.5949000120162964
vertex -6.145359992980957 -64.7124252319336 -1.5949000120162964
endloop
endfacet
facet normal -0.01035163151703867 -0.11831191864672182 -0.9929225214643219
outer loop
vertex -9.009121894836426 -65.9083023071289 -1.5
vertex -9.860006332397461 -65.03741455078125 -1.5949000120162964
vertex -9.009121894836426 -65.11186218261719 -1.5949000120162964
endloop
endfacet
facet normal -0.009266368863914062 -0.10590812447036807 -0.994332742888037
outer loop
vertex -9.009121894836426 -65.11186218261719 -1.5949000120162964
vertex -9.860006332397461 -65.03741455078125 -1.5949000120162964
vertex -9.009121894836426 -64.44329833984375 -1.6661099195480347
endloop
endfacet
facet normal 0.06812001913840182 -0.09728612567843548 -0.9929224908033172
outer loop
vertex -4.609121799468994 -64.87149810791016 -1.5
vertex -4.856345176696777 -64.44329833984375 -1.5589157342910767
vertex -4.109121799468994 -64.44329833984375 -1.5076520442962646
endloop
endfacet
facet normal 0.05019160728002844 -0.1076371857479937 -0.9929224737122728
outer loop
vertex -4.609121799468994 -64.87149810791016 -1.5
vertex -5.568209171295166 -64.44329833984375 -1.5949000120162964
vertex -4.856345176696777 -64.44329833984375 -1.5589157342910767
endloop
endfacet
facet normal -0.010350591184891421 -0.11831091640496383 -0.9929226517315137
outer loop
vertex -9.860006332397461 -65.03741455078125 -1.5949000120162964
vertex -9.009121894836426 -65.9083023071289 -1.5
vertex -9.998307228088379 -65.82176208496094 -1.5
endloop
endfacet
facet normal 0.42261974241643857 -0.9063070965847411 0
outer loop
vertex -5.872960567474365 -65.4608383178711 -0.5
vertex -5.872960567474365 -65.4608383178711 -1.5
vertex -4.609121799468994 -64.87149810791016 -0.5
endloop
endfacet
facet normal 0.2588208437962301 -0.9659253443287464 0
outer loop
vertex -7.219936370849609 -65.82176208496094 -0.5
vertex -7.219936370849609 -65.82176208496094 -1.5
vertex -5.872960567474365 -65.4608383178711 -0.5
endloop
endfacet
facet normal 0.08715346341544244 -0.9961948975048472 0
outer loop
vertex -8.209121704101562 -65.9083023071289 -0.5
vertex -8.209121704101562 -65.9083023071289 -1.5
vertex -7.219936370849609 -65.82176208496094 -0.5
endloop
endfacet
facet normal 0.010351529454930475 -0.11831075214810546 -0.9929226615220811
outer loop
vertex -7.219936370849609 -65.82176208496094 -1.5
vertex -8.209121704101562 -65.11186218261719 -1.5949000120162964
vertex -7.358237266540527 -65.03741455078125 -1.5949000120162964
endloop
endfacet
facet normal 0.2588208437962301 -0.9659253443287464 0
outer loop
vertex -7.219936370849609 -65.82176208496094 -1.5
vertex -5.872960567474365 -65.4608383178711 -1.5
vertex -5.872960567474365 -65.4608383178711 -0.5
endloop
endfacet
facet normal 0.02751574943978474 -0.10269090553286123 -0.9943326714201883
outer loop
vertex -7.358237266540527 -65.03741455078125 -1.5949000120162964
vertex -7.462996482849121 -64.44329833984375 -1.6591570377349854
vertex -6.24331521987915 -64.44329833984375 -1.6254053115844727
endloop
endfacet
facet normal 0.009265840810629061 -0.10590887178970175 -0.9943326682103453
outer loop
vertex -7.358237266540527 -65.03741455078125 -1.5949000120162964
vertex -8.209121704101562 -64.44329833984375 -1.6661099195480347
vertex -7.462996482849121 -64.44329833984375 -1.6591570377349854
endloop
endfacet
facet normal 0.009266368863914062 -0.10590812447036807 -0.994332742888037
outer loop
vertex -7.358237266540527 -65.03741455078125 -1.5949000120162964
vertex -8.209121704101562 -65.11186218261719 -1.5949000120162964
vertex -8.209121704101562 -64.44329833984375 -1.6661099195480347
endloop
endfacet
facet normal -0.5735697163184464 -0.8191567496653964 0
outer loop
vertex -13.109122276306152 -64.52140045166016 -0.5
vertex -13.109122276306152 -64.52140045166016 -1.5
vertex -12.609122276306152 -64.87149810791016 -0.5
endloop
endfacet
facet normal -0.08715346341544244 -0.9961948975048472 0
outer loop
vertex -9.998307228088379 -65.82176208496094 -0.5
vertex -9.998307228088379 -65.82176208496094 -1.5
vertex -9.009121894836426 -65.9083023071289 -0.5
endloop
endfacet
facet normal -0.08715346341544244 -0.9961948975048472 0
outer loop
vertex -9.998307228088379 -65.82176208496094 -1.5
vertex -9.009121894836426 -65.9083023071289 -1.5
vertex -9.009121894836426 -65.9083023071289 -0.5
endloop
endfacet
facet normal 0.007192549263254353 0.9999741332830042 0
outer loop
vertex 66.1297607421875 -63.205238342285156 -4
vertex 71.42110443115234 -63.2432975769043 -0.5
vertex 71.42110443115234 -63.2432975769043 -4
endloop
endfacet
facet normal 0 0 -1
outer loop
vertex 65.82110595703125 -64.44329833984375 -4
vertex 66.1297607421875 -63.205238342285156 -4
vertex 71.42110443115234 -64.44329833984375 -4
endloop
endfacet
facet normal 1 0 0
outer loop
vertex 71.42110443115234 -64.44329833984375 -1.6661099195480347
vertex 71.42110443115234 -64.44329833984375 -4
vertex 71.42110443115234 -63.2432975769043 -4
endloop
endfacet
facet normal 0.19508196428504695 -0.9807869428222868 0
outer loop
vertex 66.32110595703125 -61.2432975769043 -5
vertex 66.32110595703125 -61.2432975769043 -0.5
vertex 66.1297607421875 -61.28135681152344 -0.5
endloop
endfacet
facet normal -1 0 0
outer loop
vertex 72.22110748291016 -63.2432975769043 -0.5
vertex 72.22110748291016 -64.44329833984375 -4
vertex 72.22110748291016 -64.44329833984375 -1.6661099195480347
endloop
endfacet
facet normal 0 -1 0
outer loop
vertex 66.32110595703125 -61.2432975769043 -0.5
vertex 66.32110595703125 -61.2432975769043 -5
vertex 77.32110595703125 -61.2432975769043 -0.5
endloop
endfacet
facet normal 0.8314782854783427 0.5555572524753821 0
outer loop
vertex 65.85916900634766 -62.93463897705078 -4
vertex 65.85916900634766 -62.93463897705078 -0.5
vertex 65.9675521850586 -63.09685134887695 -0.5
endloop
endfacet
facet normal 0.5555798033776967 0.8314632175140401 0
outer loop
vertex 65.9675521850586 -63.09685134887695 -4
vertex 65.9675521850586 -63.09685134887695 -0.5
vertex 66.1297607421875 -63.205238342285156 -0.5
endloop
endfacet
facet normal 0.19508196428504695 0.9807869428222867 0
outer loop
vertex 66.1297607421875 -63.205238342285156 -4
vertex 66.1297607421875 -63.205238342285156 -0.5
vertex 66.32110595703125 -63.2432975769043 -0.5
endloop
endfacet
facet normal 0.980782457176804 0.19510451479714808 0
outer loop
vertex 65.82110595703125 -62.7432975769043 -4
vertex 65.82110595703125 -62.7432975769043 -0.5
vertex 65.85916900634766 -62.93463897705078 -0.5
endloop
endfacet
facet normal 1 0 0
outer loop
vertex 65.82110595703125 -62.7432975769043 -0.5
vertex 65.82110595703125 -62.7432975769043 -4
vertex 65.82110595703125 -61.7432975769043 -0.5
endloop
endfacet
facet normal 0 0.9999408825757876 0.010873424187206413
outer loop
vertex 71.42110443115234 -63.2432975769043 -0.5
vertex 66.1297607421875 -63.205238342285156 -4
vertex 66.32110595703125 -63.2432975769043 -0.5
endloop
endfacet
facet normal 1 0 0
outer loop
vertex 71.42110443115234 -65.9083023071289 -0.5
vertex 71.42110443115234 -65.11186218261719 -1.5949000120162964
vertex 71.42110443115234 -64.44329833984375 -1.6661099195480347
endloop
endfacet
facet normal -1 0 0
outer loop
vertex 72.22110748291016 -63.2432975769043 -0.5
vertex 72.22110748291016 -64.44329833984375 -1.6661099195480347
vertex 72.22110748291016 -65.11186218261719 -1.5949000120162964
endloop
endfacet
facet normal -0.007192559633405969 0.9999741332084146 0
outer loop
vertex 72.22110748291016 -63.2432975769043 -4
vertex 72.22110748291016 -63.2432975769043 -0.5
vertex 77.51244354248047 -63.205238342285156 -0.5
endloop
endfacet
facet normal 0 0 -1
outer loop
vertex 77.82110595703125 -64.44329833984375 -4
vertex 77.51244354248047 -63.205238342285156 -4
vertex 77.6746597290039 -63.09685134887695 -4
endloop
endfacet
facet normal 0 0 -1
outer loop
vertex 77.82110595703125 -64.44329833984375 -4
vertex 77.6746597290039 -63.09685134887695 -4
vertex 77.78304290771484 -62.93463897705078 -4
endloop
endfacet
facet normal 0 0 -1
outer loop
vertex 77.82110595703125 -62.7432975769043 -4
vertex 77.82110595703125 -64.44329833984375 -4
vertex 77.78304290771484 -62.93463897705078 -4
endloop
endfacet
facet normal -0.19508944693220684 -0.9807854544678392 0
outer loop
vertex 77.32110595703125 -61.2432975769043 -0.5
vertex 77.32110595703125 -61.2432975769043 -5
vertex 77.51244354248047 -61.28135681152344 -5
endloop
endfacet
facet normal -0.980782457176804 -0.19510451479714808 0
outer loop
vertex 77.78304290771484 -61.55195617675781 -0.5
vertex 77.78304290771484 -61.55195617675781 -5
vertex 77.82110595703125 -61.7432975769043 -5
endloop
endfacet
facet normal -1 0 0
outer loop
vertex 72.22110748291016 -64.44329833984375 -4
vertex 72.22110748291016 -63.2432975769043 -0.5
vertex 72.22110748291016 -63.2432975769043 -4
endloop
endfacet
facet normal 1 0 0
outer loop
vertex 71.42110443115234 -63.2432975769043 -4
vertex 71.42110443115234 -63.2432975769043 -0.5
vertex 71.42110443115234 -64.44329833984375 -1.6661099195480347
endloop
endfacet
facet normal -0.5555617383814266 -0.831475288175546 0
outer loop
vertex 77.51244354248047 -61.28135681152344 -0.5
vertex 77.51244354248047 -61.28135681152344 -5
vertex 77.6746597290039 -61.38974380493164 -5
endloop
endfacet
facet normal -0.8314782854783427 -0.5555572524753821 0
outer loop
vertex 77.78304290771484 -61.55195617675781 -0.5
vertex 77.6746597290039 -61.38974380493164 -5
vertex 77.78304290771484 -61.55195617675781 -5
endloop
endfacet
facet normal 1 0 0
outer loop
vertex 65.82110595703125 -61.7432975769043 -5
vertex 65.82110595703125 -61.7432975769043 -0.5
vertex 65.82110595703125 -62.7432975769043 -4
endloop
endfacet
facet normal -1 0 0
outer loop
vertex 77.82110595703125 -62.7432975769043 -4
vertex 77.82110595703125 -62.7432975769043 -0.5
vertex 77.82110595703125 -61.7432975769043 -0.5
endloop
endfacet
facet normal -0.980782457176804 0.19510451479714808 0
outer loop
vertex 77.78304290771484 -62.93463897705078 -4
vertex 77.78304290771484 -62.93463897705078 -0.5
vertex 77.82110595703125 -62.7432975769043 -0.5
endloop
endfacet
facet normal -0.8314782854783427 0.5555572524753821 0
outer loop
vertex 77.6746597290039 -63.09685134887695 -4
vertex 77.6746597290039 -63.09685134887695 -0.5
vertex 77.78304290771484 -62.93463897705078 -0.5
endloop
endfacet
facet normal -0.5555617383814266 0.831475288175546 0
outer loop
vertex 77.51244354248047 -63.205238342285156 -4
vertex 77.51244354248047 -63.205238342285156 -0.5
vertex 77.6746597290039 -63.09685134887695 -0.5
endloop
endfacet
facet normal 0.5555798033776967 0.8314632175140401 0
outer loop
vertex 66.1297607421875 -63.205238342285156 -0.5
vertex 66.1297607421875 -63.205238342285156 -4
vertex 65.9675521850586 -63.09685134887695 -4
endloop
endfacet
facet normal 0.8314782854783427 0.5555572524753821 0
outer loop
vertex 65.9675521850586 -63.09685134887695 -0.5
vertex 65.9675521850586 -63.09685134887695 -4
vertex 65.85916900634766 -62.93463897705078 -4
endloop
endfacet
facet normal -0.8314782854783427 -0.5555572524753821 0
outer loop
vertex 77.6746597290039 -61.38974380493164 -0.5
vertex 77.6746597290039 -61.38974380493164 -5
vertex 77.78304290771484 -61.55195617675781 -0.5
endloop
endfacet
facet normal -0.5555617383814266 -0.831475288175546 0
outer loop
vertex 77.6746597290039 -61.38974380493164 -5
vertex 77.6746597290039 -61.38974380493164 -0.5
vertex 77.51244354248047 -61.28135681152344 -0.5
endloop
endfacet
facet normal -0.980782457176804 -0.19510451479714808 0
outer loop
vertex 77.82110595703125 -61.7432975769043 -5
vertex 77.82110595703125 -61.7432975769043 -0.5
vertex 77.78304290771484 -61.55195617675781 -0.5
endloop
endfacet
facet normal -0.19508944693220684 -0.9807854544678392 0
outer loop
vertex 77.51244354248047 -61.28135681152344 -5
vertex 77.51244354248047 -61.28135681152344 -0.5
vertex 77.32110595703125 -61.2432975769043 -0.5
endloop
endfacet
facet normal 0.980782457176804 0.19510451479714808 0
outer loop
vertex 65.85916900634766 -62.93463897705078 -0.5
vertex 65.85916900634766 -62.93463897705078 -4
vertex 65.82110595703125 -62.7432975769043 -4
endloop
endfacet
facet normal 0.980782457176804 -0.19510451479714808 0
outer loop
vertex 65.85916900634766 -61.55195617675781 -5
vertex 65.85916900634766 -61.55195617675781 -0.5
vertex 65.82110595703125 -61.7432975769043 -0.5
endloop
endfacet
facet normal 0.8314782854783427 -0.5555572524753821 0
outer loop
vertex 65.9675521850586 -61.38974380493164 -5
vertex 65.9675521850586 -61.38974380493164 -0.5
vertex 65.85916900634766 -61.55195617675781 -0.5
endloop
endfacet
facet normal -0.980782457176804 0.19510451479714808 0
outer loop
vertex 77.82110595703125 -62.7432975769043 -0.5
vertex 77.82110595703125 -62.7432975769043 -4
vertex 77.78304290771484 -62.93463897705078 -4
endloop
endfacet
facet normal -0.8314782854783427 0.5555572524753821 0
outer loop
vertex 77.78304290771484 -62.93463897705078 -0.5
vertex 77.78304290771484 -62.93463897705078 -4
vertex 77.6746597290039 -63.09685134887695 -4
endloop
endfacet
facet normal -1 0 0
outer loop
vertex 77.82110595703125 -61.7432975769043 -0.5
vertex 77.82110595703125 -61.7432975769043 -5
vertex 77.82110595703125 -62.7432975769043 -4
endloop
endfacet
facet normal 0.5555798033776967 -0.8314632175140401 0
outer loop
vertex 66.1297607421875 -61.28135681152344 -5
vertex 66.1297607421875 -61.28135681152344 -0.5
vertex 65.9675521850586 -61.38974380493164 -0.5
endloop
endfacet
facet normal -0.007192559633405969 0.9999741332084146 0
outer loop
vertex 77.51244354248047 -63.205238342285156 -0.5
vertex 77.51244354248047 -63.205238342285156 -4
vertex 72.22110748291016 -63.2432975769043 -4
endloop
endfacet
facet normal 0 0 1
outer loop
vertex 65.82110595703125 -64.44329833984375 -5
vertex 65.85916900634766 -61.55195617675781 -5
vertex 65.82110595703125 -61.7432975769043 -5
endloop
endfacet
facet normal 0 0 1
outer loop
vertex 65.85916900634766 -61.55195617675781 -5
vertex 65.82110595703125 -64.44329833984375 -5
vertex 65.9675521850586 -61.38974380493164 -5
endloop
endfacet
facet normal -1 0 0
outer loop
vertex 72.22110748291016 -63.2432975769043 -0.5
vertex 72.22110748291016 -65.9083023071289 -1.5
vertex 72.22110748291016 -65.9083023071289 -0.5
endloop
endfacet
facet normal -1 0 0
outer loop
vertex 72.22110748291016 -65.9083023071289 -1.5
vertex 72.22110748291016 -63.2432975769043 -0.5
vertex 72.22110748291016 -65.11186218261719 -1.5949000120162964
endloop
endfacet
facet normal 1 0 0
outer loop
vertex 71.42110443115234 -65.9083023071289 -0.5
vertex 71.42110443115234 -64.44329833984375 -1.6661099195480347
vertex 71.42110443115234 -63.2432975769043 -0.5
endloop
endfacet
facet normal 1 0 0
outer loop
vertex 71.42110443115234 -65.9083023071289 -0.5
vertex 71.42110443115234 -65.9083023071289 -1.5
vertex 71.42110443115234 -65.11186218261719 -1.5949000120162964
endloop
endfacet
facet normal 0 0 1
outer loop
vertex 65.9675521850586 -61.38974380493164 -5
vertex 65.82110595703125 -64.44329833984375 -5
vertex 66.1297607421875 -61.28135681152344 -5
endloop
endfacet
facet normal 0 0 1
outer loop
vertex 66.1297607421875 -61.28135681152344 -5
vertex 65.82110595703125 -64.44329833984375 -5
vertex 66.32110595703125 -61.2432975769043 -5
endloop
endfacet
facet normal 0 0 1
outer loop
vertex 66.32110595703125 -61.2432975769043 -5
vertex 65.82110595703125 -64.44329833984375 -5
vertex 77.32110595703125 -61.2432975769043 -5
endloop
endfacet
facet normal 0 0 1
outer loop
vertex 77.82110595703125 -64.44329833984375 -5
vertex 77.82110595703125 -61.7432975769043 -5
vertex 65.82110595703125 -64.44329833984375 -5
endloop
endfacet
facet normal 0 0 1
outer loop
vertex 65.82110595703125 -64.44329833984375 -5
vertex 77.82110595703125 -61.7432975769043 -5
vertex 77.78304290771484 -61.55195617675781 -5
endloop
endfacet
facet normal 0 0 1
outer loop
vertex 65.82110595703125 -64.44329833984375 -5
vertex 77.6746597290039 -61.38974380493164 -5
vertex 77.51244354248047 -61.28135681152344 -5
endloop
endfacet
facet normal 0 0 -1
outer loop
vertex 77.82110595703125 -64.44329833984375 -4
vertex 72.22110748291016 -63.2432975769043 -4
vertex 77.51244354248047 -63.205238342285156 -4
endloop
endfacet
facet normal -1 0 0
outer loop
vertex 77.82110595703125 -62.7432975769043 -4
vertex 77.82110595703125 -64.44329833984375 -5
vertex 77.82110595703125 -64.44329833984375 -4
endloop
endfacet
facet normal -1 0 0
outer loop
vertex 77.82110595703125 -61.7432975769043 -5
vertex 77.82110595703125 -64.44329833984375 -5
vertex 77.82110595703125 -62.7432975769043 -4
endloop
endfacet
facet normal 0 0 1
outer loop
vertex 77.32110595703125 -61.2432975769043 -5
vertex 65.82110595703125 -64.44329833984375 -5
vertex 77.51244354248047 -61.28135681152344 -5
endloop
endfacet
facet normal 0 0 1
outer loop
vertex 77.6746597290039 -61.38974380493164 -5
vertex 65.82110595703125 -64.44329833984375 -5
vertex 77.78304290771484 -61.55195617675781 -5
endloop
endfacet
facet normal 1 0 0
outer loop
vertex 65.82110595703125 -64.44329833984375 -5
vertex 65.82110595703125 -61.7432975769043 -5
vertex 65.82110595703125 -62.7432975769043 -4
endloop
endfacet
facet normal 0 -1 0
outer loop
vertex 77.32110595703125 -61.2432975769043 -0.5
vertex 66.32110595703125 -61.2432975769043 -5
vertex 77.32110595703125 -61.2432975769043 -5
endloop
endfacet
facet normal 1 0 0
outer loop
vertex 65.82110595703125 -64.44329833984375 -4
vertex 65.82110595703125 -64.44329833984375 -5
vertex 65.82110595703125 -62.7432975769043 -4
endloop
endfacet
facet normal 0 0 -1
outer loop
vertex 72.22110748291016 -63.2432975769043 -4
vertex 77.82110595703125 -64.44329833984375 -4
vertex 72.22110748291016 -64.44329833984375 -4
endloop
endfacet
facet normal 0 0 -1
outer loop
vertex 71.42110443115234 -64.44329833984375 -4
vertex 66.1297607421875 -63.205238342285156 -4
vertex 71.42110443115234 -63.2432975769043 -4
endloop
endfacet
facet normal 0.19508196428504695 -0.9807869428222868 0
outer loop
vertex 66.1297607421875 -61.28135681152344 -0.5
vertex 66.1297607421875 -61.28135681152344 -5
vertex 66.32110595703125 -61.2432975769043 -5
endloop
endfacet
facet normal 0 0 -1
outer loop
vertex 65.82110595703125 -64.44329833984375 -4
vertex 65.85916900634766 -62.93463897705078 -4
vertex 65.9675521850586 -63.09685134887695 -4
endloop
endfacet
facet normal 0.5555798033776967 -0.8314632175140401 0
outer loop
vertex 65.9675521850586 -61.38974380493164 -0.5
vertex 65.9675521850586 -61.38974380493164 -5
vertex 66.1297607421875 -61.28135681152344 -5
endloop
endfacet
facet normal 0.8314782854783427 -0.5555572524753821 0
outer loop
vertex 65.85916900634766 -61.55195617675781 -0.5
vertex 65.85916900634766 -61.55195617675781 -5
vertex 65.9675521850586 -61.38974380493164 -5
endloop
endfacet
facet normal 0.980782457176804 -0.19510451479714808 0
outer loop
vertex 65.82110595703125 -61.7432975769043 -0.5
vertex 65.82110595703125 -61.7432975769043 -5
vertex 65.85916900634766 -61.55195617675781 -5
endloop
endfacet
facet normal 0 0 -1
outer loop
vertex 65.82110595703125 -64.44329833984375 -4
vertex 65.9675521850586 -63.09685134887695 -4
vertex 66.1297607421875 -63.205238342285156 -4
endloop
endfacet
facet normal 0 0 -1
outer loop
vertex 65.85916900634766 -62.93463897705078 -4
vertex 65.82110595703125 -64.44329833984375 -4
vertex 65.82110595703125 -62.7432975769043 -4
endloop
endfacet
facet normal -0.5555617383814266 0.831475288175546 0
outer loop
vertex 77.6746597290039 -63.09685134887695 -0.5
vertex 77.6746597290039 -63.09685134887695 -4
vertex 77.51244354248047 -63.205238342285156 -4
endloop
endfacet
facet normal -1 0 0
outer loop
vertex -8.209121704101562 -63.2432975769043 -4
vertex -8.209121704101562 -64.44329833984375 -4
vertex -8.209121704101562 -64.44329833984375 -1.6661099195480347
endloop
endfacet
facet normal -1 0 0
outer loop
vertex -2.609121799468994 -62.7432975769043 -4
vertex -2.609121799468994 -62.7432975769043 -0.5
vertex -2.609121799468994 -61.7432975769043 -0.5
endloop
endfacet
facet normal 0 -1 0
outer loop
vertex -2.9177801609039307 -61.28135681152344 -5
vertex -2.9177801609039307 -61.28135681152344 -0.5
vertex -14.300463676452637 -61.28135681152344 -0.5
endloop
endfacet
facet normal -0.9807850294866326 0.19509158345481065 0
outer loop
vertex -2.6471822261810303 -62.93463897705078 -4
vertex -2.6471822261810303 -62.93463897705078 -0.5
vertex -2.609121799468994 -62.7432975769043 -0.5
endloop
endfacet
facet normal -0.8314709465849636 0.5555682361196549 0
outer loop
vertex -2.755568504333496 -63.09685134887695 -4
vertex -2.755568504333496 -63.09685134887695 -0.5
vertex -2.6471822261810303 -62.93463897705078 -0.5
endloop
endfacet
facet normal -0.5555724643629031 0.831468121362287 0
outer loop
vertex -2.9177801609039307 -63.205238342285156 -4
vertex -2.9177801609039307 -63.205238342285156 -0.5
vertex -2.755568504333496 -63.09685134887695 -0.5
endloop
endfacet
facet normal -1 0 0
outer loop
vertex -8.209121704101562 -63.2432975769043 -0.5
vertex -8.209121704101562 -65.9083023071289 -1.5
vertex -8.209121704101562 -65.9083023071289 -0.5
endloop
endfacet
facet normal 0 0 1
outer loop
vertex -14.609122276306152 -64.44329833984375 -5
vertex -14.571062088012695 -61.55195617675781 -5
vertex -14.609122276306152 -61.7432975769043 -5
endloop
endfacet
facet normal 0 0 1
outer loop
vertex -14.571062088012695 -61.55195617675781 -5
vertex -14.609122276306152 -64.44329833984375 -5
vertex -14.462675094604492 -61.38974380493164 -5
endloop
endfacet
facet normal 1 0 0
outer loop
vertex -9.009121894836426 -65.9083023071289 -0.5
vertex -9.009121894836426 -64.44329833984375 -1.6661099195480347
vertex -9.009121894836426 -63.2432975769043 -0.5
endloop
endfacet
facet normal -1 0 0
outer loop
vertex -8.209121704101562 -65.9083023071289 -1.5
vertex -8.209121704101562 -63.2432975769043 -0.5
vertex -8.209121704101562 -65.11186218261719 -1.5949000120162964
endloop
endfacet
facet normal 1 0 0
outer loop
vertex -9.009121894836426 -65.9083023071289 -0.5
vertex -9.009121894836426 -65.9083023071289 -1.5
vertex -9.009121894836426 -65.11186218261719 -1.5949000120162964
endloop
endfacet
facet normal -0.007192552179856473 0.999974133262026 0
outer loop
vertex -2.9177801609039307 -63.205238342285156 -0.5
vertex -8.209121704101562 -63.2432975769043 -4
vertex -8.209121704101562 -63.2432975769043 -0.5
endloop
endfacet
facet normal 0 0 1
outer loop
vertex -14.462675094604492 -61.38974380493164 -5
vertex -14.609122276306152 -64.44329833984375 -5
vertex -14.300463676452637 -61.28135681152344 -5
endloop
endfacet
facet normal 1 0 0
outer loop
vertex -14.609122276306152 -64.44329833984375 -5
vertex -14.609122276306152 -61.7432975769043 -5
vertex -14.609122276306152 -62.7432975769043 -4
endloop
endfacet
facet normal 1 0 0
outer loop
vertex -14.609122276306152 -64.44329833984375 -4
vertex -14.609122276306152 -64.44329833984375 -5
vertex -14.609122276306152 -62.7432975769043 -4
endloop
endfacet
facet normal 0 0 -1
outer loop
vertex -14.609122276306152 -64.44329833984375 -4
vertex -14.571062088012695 -62.93463897705078 -4
vertex -14.462675094604492 -63.09685134887695 -4
endloop
endfacet
facet normal -1 0 0
outer loop
vertex -8.209121704101562 -63.2432975769043 -0.5
vertex -8.209121704101562 -64.44329833984375 -1.6661099195480347
vertex -8.209121704101562 -65.11186218261719 -1.5949000120162964
endloop
endfacet
facet normal 1 0 0
outer loop
vertex -9.009121894836426 -65.9083023071289 -0.5
vertex -9.009121894836426 -65.11186218261719 -1.5949000120162964
vertex -9.009121894836426 -64.44329833984375 -1.6661099195480347
endloop
endfacet
facet normal 0 0 -1
outer loop
vertex -14.609122276306152 -64.44329833984375 -4
vertex -14.462675094604492 -63.09685134887695 -4
vertex -14.300463676452637 -63.205238342285156 -4
endloop
endfacet
facet normal 0 0 -1
outer loop
vertex -14.571062088012695 -62.93463897705078 -4
vertex -14.609122276306152 -64.44329833984375 -4
vertex -14.609122276306152 -62.7432975769043 -4
endloop
endfacet
facet normal 0 0 -1
outer loop
vertex -14.300463676452637 -63.205238342285156 -4
vertex -9.009121894836426 -64.44329833984375 -4
vertex -14.609122276306152 -64.44329833984375 -4
endloop
endfacet
facet normal 0 0 -1
outer loop
vertex -9.009121894836426 -64.44329833984375 -4
vertex -14.300463676452637 -63.205238342285156 -4
vertex -9.009121894836426 -63.2432975769043 -4
endloop
endfacet
facet normal 0.9807852633251952 -0.19509040787318935 0
outer loop
vertex -14.609122276306152 -61.7432975769043 -0.5
vertex -14.609122276306152 -61.7432975769043 -5
vertex -14.571062088012695 -61.55195617675781 -5
endloop
endfacet
facet normal 0.831469252991977 -0.5555707707654927 0
outer loop
vertex -14.571062088012695 -61.55195617675781 -0.5
vertex -14.571062088012695 -61.55195617675781 -5
vertex -14.462675094604492 -61.38974380493164 -5
endloop
endfacet
facet normal 0.5555730288971555 -0.8314677441500905 0
outer loop
vertex -14.462675094604492 -61.38974380493164 -0.5
vertex -14.462675094604492 -61.38974380493164 -5
vertex -14.300463676452637 -61.28135681152344 -5
endloop
endfacet
facet normal 0 0 1
outer loop
vertex -2.755568504333496 -61.38974380493164 -5
vertex -14.609122276306152 -64.44329833984375 -5
vertex -2.6471822261810303 -61.55195617675781 -5
endloop
endfacet
facet normal 0 0 -1
outer loop
vertex -8.209121704101562 -63.2432975769043 -4
vertex -2.609121799468994 -64.44329833984375 -4
vertex -8.209121704101562 -64.44329833984375 -4
endloop
endfacet
facet normal 0 -1 0
outer loop
vertex -14.300463676452637 -61.28135681152344 -0.5
vertex -14.300463676452637 -61.28135681152344 -5
vertex -2.9177801609039307 -61.28135681152344 -5
endloop
endfacet
facet normal -1 0 0
outer loop
vertex -2.609121799468994 -61.7432975769043 -5
vertex -2.609121799468994 -64.44329833984375 -5
vertex -2.609121799468994 -62.7432975769043 -4
endloop
endfacet
facet normal -1 0 0
outer loop
vertex -2.609121799468994 -62.7432975769043 -4
vertex -2.609121799468994 -64.44329833984375 -5
vertex -2.609121799468994 -64.44329833984375 -4
endloop
endfacet
facet normal 0 0 -1
outer loop
vertex -2.609121799468994 -64.44329833984375 -4
vertex -8.209121704101562 -63.2432975769043 -4
vertex -2.9177801609039307 -63.205238342285156 -4
endloop
endfacet
facet normal 0 0 -1
outer loop
vertex -2.609121799468994 -64.44329833984375 -4
vertex -2.9177801609039307 -63.205238342285156 -4
vertex -2.755568504333496 -63.09685134887695 -4
endloop
endfacet
facet normal 0 0 -1
outer loop
vertex -2.609121799468994 -64.44329833984375 -4
vertex -2.755568504333496 -63.09685134887695 -4
vertex -2.6471822261810303 -62.93463897705078 -4
endloop
endfacet
facet normal 0 0 -1
outer loop
vertex -2.609121799468994 -62.7432975769043 -4
vertex -2.609121799468994 -64.44329833984375 -4
vertex -2.6471822261810303 -62.93463897705078 -4
endloop
endfacet
facet normal -0.8314709465849637 -0.5555682361196549 0
outer loop
vertex -2.755568504333496 -61.38974380493164 -0.5
vertex -2.755568504333496 -61.38974380493164 -5
vertex -2.6471822261810303 -61.55195617675781 -5
endloop
endfacet
facet normal -0.5555724643629031 -0.831468121362287 0
outer loop
vertex -2.9177801609039307 -61.28135681152344 -0.5
vertex -2.9177801609039307 -61.28135681152344 -5
vertex -2.755568504333496 -61.38974380493164 -5
endloop
endfacet
facet normal -0.9807850294866325 -0.19509158345481065 0
outer loop
vertex -2.6471822261810303 -61.55195617675781 -0.5
vertex -2.6471822261810303 -61.55195617675781 -5
vertex -2.609121799468994 -61.7432975769043 -5
endloop
endfacet
facet normal 1 0 0
outer loop
vertex -14.609122276306152 -61.7432975769043 -5
vertex -14.609122276306152 -61.7432975769043 -0.5
vertex -14.609122276306152 -62.7432975769043 -4
endloop
endfacet
facet normal 0.831469252991977 0.5555707707654927 0
outer loop
vertex -14.462675094604492 -63.09685134887695 -0.5
vertex -14.462675094604492 -63.09685134887695 -4
vertex -14.571062088012695 -62.93463897705078 -4
endloop
endfacet
facet normal 0.5555730288971555 0.8314677441500905 0
outer loop
vertex -14.300463676452637 -63.205238342285156 -0.5
vertex -14.300463676452637 -63.205238342285156 -4
vertex -14.462675094604492 -63.09685134887695 -4
endloop
endfacet
facet normal 0.9807852633251952 0.19509040787318935 0
outer loop
vertex -14.571062088012695 -62.93463897705078 -0.5
vertex -14.571062088012695 -62.93463897705078 -4
vertex -14.609122276306152 -62.7432975769043 -4
endloop
endfacet
facet normal -0.8314709465849637 -0.5555682361196549 0
outer loop
vertex -2.6471822261810303 -61.55195617675781 -5
vertex -2.6471822261810303 -61.55195617675781 -0.5
vertex -2.755568504333496 -61.38974380493164 -0.5
endloop
endfacet
facet normal -0.9807850294866325 -0.19509158345481065 0
outer loop
vertex -2.609121799468994 -61.7432975769043 -5
vertex -2.609121799468994 -61.7432975769043 -0.5
vertex -2.6471822261810303 -61.55195617675781 -0.5
endloop
endfacet
facet normal 0.007192551855789454 0.999974133264357 0
outer loop
vertex -14.300463676452637 -63.205238342285156 -4
vertex -9.009121894836426 -63.2432975769043 -0.5
vertex -9.009121894836426 -63.2432975769043 -4
endloop
endfacet
facet normal 0.9807852633251952 -0.19509040787318935 0
outer loop
vertex -14.571062088012695 -61.55195617675781 -5
vertex -14.571062088012695 -61.55195617675781 -0.5
vertex -14.609122276306152 -61.7432975769043 -0.5
endloop
endfacet
facet normal 0.831469252991977 -0.5555707707654927 0
outer loop
vertex -14.462675094604492 -61.38974380493164 -5
vertex -14.462675094604492 -61.38974380493164 -0.5
vertex -14.571062088012695 -61.55195617675781 -0.5
endloop
endfacet
facet normal 0.5555730288971555 -0.8314677441500905 0
outer loop
vertex -14.300463676452637 -61.28135681152344 -5
vertex -14.300463676452637 -61.28135681152344 -0.5
vertex -14.462675094604492 -61.38974380493164 -0.5
endloop
endfacet
facet normal 0.831469252991977 0.5555707707654927 0
outer loop
vertex -14.571062088012695 -62.93463897705078 -4
vertex -14.571062088012695 -62.93463897705078 -0.5
vertex -14.462675094604492 -63.09685134887695 -0.5
endloop
endfacet
facet normal 0.5555730288971555 0.8314677441500905 0
outer loop
vertex -14.462675094604492 -63.09685134887695 -4
vertex -14.462675094604492 -63.09685134887695 -0.5
vertex -14.300463676452637 -63.205238342285156 -0.5
endloop
endfacet
facet normal 0.9807852633251952 0.19509040787318935 0
outer loop
vertex -14.609122276306152 -62.7432975769043 -4
vertex -14.609122276306152 -62.7432975769043 -0.5
vertex -14.571062088012695 -62.93463897705078 -0.5
endloop
endfacet
facet normal 1 0 0
outer loop
vertex -14.609122276306152 -62.7432975769043 -0.5
vertex -14.609122276306152 -62.7432975769043 -4
vertex -14.609122276306152 -61.7432975769043 -0.5
endloop
endfacet
facet normal -0.5555724643629031 -0.831468121362287 0
outer loop
vertex -2.755568504333496 -61.38974380493164 -5
vertex -2.755568504333496 -61.38974380493164 -0.5
vertex -2.9177801609039307 -61.28135681152344 -0.5
endloop
endfacet
facet normal -0.9807850294866326 0.19509158345481065 0
outer loop
vertex -2.609121799468994 -62.7432975769043 -0.5
vertex -2.609121799468994 -62.7432975769043 -4
vertex -2.6471822261810303 -62.93463897705078 -4
endloop
endfacet
facet normal -0.8314709465849636 0.5555682361196549 0
outer loop
vertex -2.6471822261810303 -62.93463897705078 -0.5
vertex -2.6471822261810303 -62.93463897705078 -4
vertex -2.755568504333496 -63.09685134887695 -4
endloop
endfacet
facet normal -1 0 0
outer loop
vertex -2.609121799468994 -61.7432975769043 -0.5
vertex -2.609121799468994 -61.7432975769043 -5
vertex -2.609121799468994 -62.7432975769043 -4
endloop
endfacet
facet normal 0.007192551855789454 0.999974133264357 0
outer loop
vertex -14.300463676452637 -63.205238342285156 -4
vertex -14.300463676452637 -63.205238342285156 -0.5
vertex -9.009121894836426 -63.2432975769043 -0.5
endloop
endfacet
facet normal -0.5555724643629031 0.831468121362287 0
outer loop
vertex -2.755568504333496 -63.09685134887695 -0.5
vertex -2.755568504333496 -63.09685134887695 -4
vertex -2.9177801609039307 -63.205238342285156 -4
endloop
endfacet
facet normal -0.007192552179856473 0.999974133262026 0
outer loop
vertex -2.9177801609039307 -63.205238342285156 -0.5
vertex -2.9177801609039307 -63.205238342285156 -4
vertex -8.209121704101562 -63.2432975769043 -4
endloop
endfacet
facet normal 0 0 1
outer loop
vertex -2.609121799468994 -64.44329833984375 -5
vertex -2.609121799468994 -61.7432975769043 -5
vertex -14.609122276306152 -64.44329833984375 -5
endloop
endfacet
facet normal 0 0 1
outer loop
vertex -14.609122276306152 -64.44329833984375 -5
vertex -2.609121799468994 -61.7432975769043 -5
vertex -2.6471822261810303 -61.55195617675781 -5
endloop
endfacet
facet normal 0 0 1
outer loop
vertex -2.9177801609039307 -61.28135681152344 -5
vertex -14.609122276306152 -64.44329833984375 -5
vertex -2.755568504333496 -61.38974380493164 -5
endloop
endfacet
facet normal -1 0 0
outer loop
vertex -8.209121704101562 -63.2432975769043 -0.5
vertex -8.209121704101562 -63.2432975769043 -4
vertex -8.209121704101562 -64.44329833984375 -1.6661099195480347
endloop
endfacet
facet normal 1 0 0
outer loop
vertex -9.009121894836426 -64.44329833984375 -4
vertex -9.009121894836426 -63.2432975769043 -0.5
vertex -9.009121894836426 -64.44329833984375 -1.6661099195480347
endloop
endfacet
facet normal 0 0 1
outer loop
vertex -14.300463676452637 -61.28135681152344 -5
vertex -14.609122276306152 -64.44329833984375 -5
vertex -2.9177801609039307 -61.28135681152344 -5
endloop
endfacet
facet normal 1 0 0
outer loop
vertex -9.009121894836426 -63.2432975769043 -0.5
vertex -9.009121894836426 -64.44329833984375 -4
vertex -9.009121894836426 -63.2432975769043 -4
endloop
endfacet
facet normal 0.652659950485827 0.7576508616650588 0.000401061132301409
outer loop
vertex -9.164691925048828 17.58670997619629 -15.165054321289062
vertex -9.333512306213379 17.732133865356445 -15.160649299621582
vertex -9.316228866577148 17.71107292175293 -3.5
endloop
endfacet
facet normal 0 0 -1
outer loop
vertex -9.316228866577148 17.71107292175293 -3.5
vertex -9.440591812133789 17.86260986328125 -3.5
vertex -9.609122276306152 18.418180465698242 -3.5
endloop
endfacet
facet normal -0.09801670231362045 0.9951847698129042 0
outer loop
vertex -8.414031982421875 17.437395095825195 -15.139321327209473
vertex -8.609122276306152 17.418180465698242 -15.151296615600586
vertex -8.609122276306152 17.418180465698242 -3.5
endloop
endfacet
facet normal -0.29028417498481407 0.956940488093897 0
outer loop
vertex -8.226438522338867 17.494300842285156 -15.124303817749023
vertex -8.414031982421875 17.437395095825195 -15.139321327209473
vertex -8.226438522338867 17.494300842285156 -3.5
endloop
endfacet
facet normal -0.4713935157445851 0.881922986044677 0
outer loop
vertex -8.05355167388916 17.58670997619629 -15.10682201385498
vertex -8.226438522338867 17.494300842285156 -15.124303817749023
vertex -8.226438522338867 17.494300842285156 -3.5
endloop
endfacet
facet normal -0.6343983751994307 0.7730062752295885 0
outer loop
vertex -7.907378673553467 17.70667266845703 -15.088229179382324
vertex -8.05355167388916 17.58670997619629 -15.10682201385498
vertex -8.05355167388916 17.58670997619629 -3.5
endloop
endfacet
facet normal -0.7688269401320298 0.6394568971804996 0.00011302879406710024
outer loop
vertex -7.777652263641357 17.86260986328125 -14.89319896697998
vertex -7.907378673553467 17.70667266845703 -15.088229179382324
vertex -7.902015209197998 17.71107292175293 -3.5
endloop
endfacet
facet normal 0.9569396682142506 0.29028687775715967 0
outer loop
vertex -9.533000946044922 18.035497665405273 -14.8262939453125
vertex -9.589906692504883 18.22308921813965 -14.608762741088867
vertex -9.589906692504883 18.22308921813965 -3.5
endloop
endfacet
facet normal 0.9951843420044603 0.09802104584806945 0
outer loop
vertex -9.589906692504883 18.22308921813965 -14.608762741088867
vertex -9.609122276306152 18.418180465698242 -14.376056671142578
vertex -9.609122276306152 18.418180465698242 -3.5
endloop
endfacet
facet normal -0.8819220446002555 0.4713952770744578 0
outer loop
vertex -7.685242176055908 18.035497665405273 -14.67996597290039
vertex -7.777652263641357 17.86260986328125 -14.89319896697998
vertex -7.777652263641357 17.86260986328125 -3.5
endloop
endfacet
facet normal -0.9569396682142505 0.2902868777571596 0
outer loop
vertex -7.628336429595947 18.22308921813965 -14.451120376586914
vertex -7.685242176055908 18.035497665405273 -14.67996597290039
vertex -7.685242176055908 18.035497665405273 -3.5
endloop
endfacet
facet normal -0.9951848235971071 0.0980161562294438 0
outer loop
vertex -7.6096391677856445 18.412927627563477 -14.2218017578125
vertex -7.628336429595947 18.22308921813965 -14.451120376586914
vertex -7.628336429595947 18.22308921813965 -3.5
endloop
endfacet
facet normal 0.7730109746444829 0.6343926489794658 5.310889761779824e-8
outer loop
vertex -9.316228866577148 17.71107292175293 -3.5
vertex -9.333512306213379 17.732133865356445 -15.160649299621582
vertex -9.440591812133789 17.86260986328125 -3.5
endloop
endfacet
facet normal 0.8819240670633722 0.4713914932775098 0
outer loop
vertex -9.440591812133789 17.86260986328125 -3.5
vertex -9.440591812133789 17.86260986328125 -15.020293235778809
vertex -9.533000946044922 18.035497665405273 -3.5
endloop
endfacet
facet normal 0.9569396682142505 0.2902868777571596 0
outer loop
vertex -9.533000946044922 18.035497665405273 -3.5
vertex -9.533000946044922 18.035497665405273 -14.8262939453125
vertex -9.589906692504883 18.22308921813965 -3.5
endloop
endfacet
facet normal 0.6343926489794667 0.773010974644484 0
outer loop
vertex -9.164691925048828 17.58670997619629 -3.5
vertex -9.164691925048828 17.58670997619629 -15.165054321289062
vertex -9.316228866577148 17.71107292175293 -3.5
endloop
endfacet
facet normal 0.47139351574458505 0.8819229860446769 0
outer loop
vertex -8.991805076599121 17.494300842285156 -3.5
vertex -8.991805076599121 17.494300842285156 -15.16441535949707
vertex -9.164691925048828 17.58670997619629 -3.5
endloop
endfacet
facet normal 0.2902855263649851 0.9569400781569364 0
outer loop
vertex -8.80421257019043 17.437395095825195 -3.5
vertex -8.80421257019043 17.437395095825195 -15.159770011901855
vertex -8.991805076599121 17.494300842285156 -3.5
endloop
endfacet
facet normal 0.09801670231362045 0.9951847698129042 0
outer loop
vertex -8.609122276306152 17.418180465698242 -3.5
vertex -8.609122276306152 17.418180465698242 -15.151296615600586
vertex -8.80421257019043 17.437395095825195 -3.5
endloop
endfacet
facet normal 0.8819240670633722 0.4713914932775098 0
outer loop
vertex -9.440591812133789 17.86260986328125 -15.020293235778809
vertex -9.533000946044922 18.035497665405273 -14.8262939453125
vertex -9.533000946044922 18.035497665405273 -3.5
endloop
endfacet
facet normal 0.7730086470739082 0.6343954851265622 0
outer loop
vertex -9.440591812133789 17.86260986328125 -3.5
vertex -9.333512306213379 17.732133865356445 -15.160649299621582
vertex -9.440591812133789 17.86260986328125 -15.020293235778809
endloop
endfacet
facet normal 0.09801670231362045 0.9951847698129042 0
outer loop
vertex -8.609122276306152 17.418180465698242 -15.151296615600586
vertex -8.80421257019043 17.437395095825195 -15.159770011901855
vertex -8.80421257019043 17.437395095825195 -3.5
endloop
endfacet
facet normal -0.09801670231362045 0.9951847698129042 0
outer loop
vertex -8.414031982421875 17.437395095825195 -15.139321327209473
vertex -8.609122276306152 17.418180465698242 -3.5
vertex -8.414031982421875 17.437395095825195 -3.5
endloop
endfacet
facet normal -0.29028417498481407 0.9569404880938971 0
outer loop
vertex -8.226438522338867 17.494300842285156 -3.5
vertex -8.414031982421875 17.437395095825195 -15.139321327209473
vertex -8.414031982421875 17.437395095825195 -3.5
endloop
endfacet
facet normal -0.4713935157445851 0.8819229860446769 0
outer loop
vertex -8.05355167388916 17.58670997619629 -3.5
vertex -8.05355167388916 17.58670997619629 -15.10682201385498
vertex -8.226438522338867 17.494300842285156 -3.5
endloop
endfacet
facet normal 0.9951843420044604 0.09802104584806945 0
outer loop
vertex -9.589906692504883 18.22308921813965 -3.5
vertex -9.589906692504883 18.22308921813965 -14.608762741088867
vertex -9.609122276306152 18.418180465698242 -3.5
endloop
endfacet
facet normal 0.47139351574458516 0.8819229860446771 0
outer loop
vertex -8.991805076599121 17.494300842285156 -15.16441535949707
vertex -9.164691925048828 17.58670997619629 -15.165054321289062
vertex -9.164691925048828 17.58670997619629 -3.5
endloop
endfacet
facet normal -0.6343938418177676 0.7730099957074839 9.569853400527997e-8
outer loop
vertex -7.902015209197998 17.71107292175293 -3.5
vertex -7.907378673553467 17.70667266845703 -15.088229179382324
vertex -8.05355167388916 17.58670997619629 -3.5
endloop
endfacet
facet normal -0.773010974644484 0.6343926489794667 0
outer loop
vertex -7.777652263641357 17.86260986328125 -3.5
vertex -7.777652263641357 17.86260986328125 -14.89319896697998
vertex -7.902015209197998 17.71107292175293 -3.5
endloop
endfacet
facet normal -0.8819220446002556 0.47139527707445783 0
outer loop
vertex -7.685242176055908 18.035497665405273 -3.5
vertex -7.685242176055908 18.035497665405273 -14.67996597290039
vertex -7.777652263641357 17.86260986328125 -3.5
endloop
endfacet
facet normal 0 0 -1
outer loop
vertex -7.6096391677856445 18.412927627563477 -3.5
vertex -7.628336429595947 18.22308921813965 -3.5
vertex -9.609122276306152 18.418180465698242 -3.5
endloop
endfacet
facet normal -0.9569396682142506 0.29028687775715967 0
outer loop
vertex -7.628336429595947 18.22308921813965 -3.5
vertex -7.628336429595947 18.22308921813965 -14.451120376586914
vertex -7.685242176055908 18.035497665405273 -3.5
endloop
endfacet
facet normal 0 0 -1
outer loop
vertex -7.628336429595947 18.22308921813965 -3.5
vertex -7.685242176055908 18.035497665405273 -3.5
vertex -9.609122276306152 18.418180465698242 -3.5
endloop
endfacet
facet normal -0.995184823597107 0.09801615622944379 0
outer loop
vertex -7.6096391677856445 18.412927627563477 -3.5
vertex -7.6096391677856445 18.412927627563477 -14.2218017578125
vertex -7.628336429595947 18.22308921813965 -3.5
endloop
endfacet
facet normal 0 0 -1
outer loop
vertex -9.440591812133789 17.86260986328125 -3.5
vertex -9.589906692504883 18.22308921813965 -3.5
vertex -9.609122276306152 18.418180465698242 -3.5
endloop
endfacet
facet normal 0 0 -1
outer loop
vertex -7.685242176055908 18.035497665405273 -3.5
vertex -7.777652263641357 17.86260986328125 -3.5
vertex -9.609122276306152 18.418180465698242 -3.5
endloop
endfacet
facet normal 0 0 -1
outer loop
vertex -7.777652263641357 17.86260986328125 -3.5
vertex -7.902015209197998 17.71107292175293 -3.5
vertex -9.609122276306152 18.418180465698242 -3.5
endloop
endfacet
facet normal 0 0 -1
outer loop
vertex -7.902015209197998 17.71107292175293 -3.5
vertex -8.05355167388916 17.58670997619629 -3.5
vertex -9.609122276306152 18.418180465698242 -3.5
endloop
endfacet
facet normal 0 0 -1
outer loop
vertex -8.05355167388916 17.58670997619629 -3.5
vertex -8.226438522338867 17.494300842285156 -3.5
vertex -9.609122276306152 18.418180465698242 -3.5
endloop
endfacet
facet normal 0 0 -1
outer loop
vertex -8.226438522338867 17.494300842285156 -3.5
vertex -8.414031982421875 17.437395095825195 -3.5
vertex -9.609122276306152 18.418180465698242 -3.5
endloop
endfacet
facet normal 0 0 -1
outer loop
vertex -8.414031982421875 17.437395095825195 -3.5
vertex -8.609122276306152 17.418180465698242 -3.5
vertex -9.609122276306152 18.418180465698242 -3.5
endloop
endfacet
facet normal 0 0 -1
outer loop
vertex -8.80421257019043 17.437395095825195 -3.5
vertex -8.991805076599121 17.494300842285156 -3.5
vertex -9.609122276306152 18.418180465698242 -3.5
endloop
endfacet
facet normal 0 0 -1
outer loop
vertex -8.609122276306152 17.418180465698242 -3.5
vertex -8.80421257019043 17.437395095825195 -3.5
vertex -9.609122276306152 18.418180465698242 -3.5
endloop
endfacet
facet normal 0 0 -1
outer loop
vertex -8.991805076599121 17.494300842285156 -3.5
vertex -9.164691925048828 17.58670997619629 -3.5
vertex -9.609122276306152 18.418180465698242 -3.5
endloop
endfacet
facet normal 0 0 -1
outer loop
vertex -9.164691925048828 17.58670997619629 -3.5
vertex -9.316228866577148 17.71107292175293 -3.5
vertex -9.609122276306152 18.418180465698242 -3.5
endloop
endfacet
facet normal 0 0 -1
outer loop
vertex -9.440591812133789 17.86260986328125 -3.5
vertex -9.533000946044922 18.035497665405273 -3.5
vertex -9.589906692504883 18.22308921813965 -3.5
endloop
endfacet
facet normal 0.2902855263649851 0.9569400781569364 0
outer loop
vertex -8.80421257019043 17.437395095825195 -15.159770011901855
vertex -8.991805076599121 17.494300842285156 -15.16441535949707
vertex -8.991805076599121 17.494300842285156 -3.5
endloop
endfacet
facet normal -0.2902957875711588 0.9569369653840532 0
outer loop
vertex 72.20378875732422 36.469085693359375 -9.179924011230469
vertex 72.01619720458984 36.41217803955078 -9.194941520690918
vertex 72.01619720458984 36.41217803955078 -3.5
endloop
endfacet
facet normal 0.6343974203505326 0.7730070588633648 0
outer loop
vertex 71.26553344726562 36.561492919921875 -3.5
vertex 71.26553344726562 36.561492919921875 -9.220674514770508
vertex 71.11399841308594 36.685855865478516 -3.5
endloop
endfacet
facet normal 0.47137988074382814 0.8819302739048785 0
outer loop
vertex 71.43842315673828 36.469085693359375 -3.5
vertex 71.43842315673828 36.469085693359375 -9.220035552978516
vertex 71.26553344726562 36.561492919921875 -3.5
endloop
endfacet
facet normal 0.9569369653840533 0.2902957875711588 0
outer loop
vertex 70.89722442626953 37.01028060913086 -3.5
vertex 70.89722442626953 37.01028060913086 -8.842945098876953
vertex 70.84031677246094 37.197872161865234 -3.5
endloop
endfacet
facet normal 0 0 -1
outer loop
vertex 71.82110595703125 36.39296340942383 -3.5
vertex 71.62601470947266 36.41217803955078 -3.5
vertex 70.82110595703125 37.39296340942383 -3.5
endloop
endfacet
facet normal 0 0 -1
outer loop
vertex 71.62601470947266 36.41217803955078 -3.5
vertex 71.43842315673828 36.469085693359375 -3.5
vertex 70.82110595703125 37.39296340942383 -3.5
endloop
endfacet
facet normal 0 0 -1
outer loop
vertex 70.82110595703125 37.39296340942383 -3.5
vertex 71.11399841308594 36.685855865478516 -3.5
vertex 70.98963928222656 36.83739471435547 -3.5
endloop
endfacet
facet normal 0.7730244329668988 0.6343762495839119 2.3436202933760684e-7
outer loop
vertex 71.11399841308594 36.685855865478516 -3.5
vertex 71.11168670654297 36.68867492675781 -9.217146873474121
vertex 70.98963928222656 36.83739471435547 -3.5
endloop
endfacet
facet normal 0.8819097699505026 0.4714182407012395 0
outer loop
vertex 70.98963928222656 36.83739471435547 -3.5
vertex 70.98963928222656 36.83739471435547 -9.045433044433594
vertex 70.89722442626953 37.01028060913086 -3.5
endloop
endfacet
facet normal 0.9951867145052741 0.09799695542310743 0
outer loop
vertex 70.84031677246094 37.197872161865234 -3.5
vertex 70.84031677246094 37.197872161865234 -8.62071704864502
vertex 70.82110595703125 37.39296340942383 -3.5
endloop
endfacet
facet normal 0 0 -1
outer loop
vertex 72.20378875732422 36.469085693359375 -3.5
vertex 72.01619720458984 36.41217803955078 -3.5
vertex 70.82110595703125 37.39296340942383 -3.5
endloop
endfacet
facet normal 0 0 -1
outer loop
vertex 72.37667846679688 36.561492919921875 -3.5
vertex 72.20378875732422 36.469085693359375 -3.5
vertex 70.82110595703125 37.39296340942383 -3.5
endloop
endfacet
facet normal 0 0 -1
outer loop
vertex 70.89722442626953 37.01028060913086 -3.5
vertex 70.84031677246094 37.197872161865234 -3.5
vertex 70.98963928222656 36.83739471435547 -3.5
endloop
endfacet
facet normal 0 0 -1
outer loop
vertex 71.26553344726562 36.561492919921875 -3.5
vertex 71.11399841308594 36.685855865478516 -3.5
vertex 70.82110595703125 37.39296340942383 -3.5
endloop
endfacet
facet normal 0 0 -1
outer loop
vertex 71.43842315673828 36.469085693359375 -3.5
vertex 71.26553344726562 36.561492919921875 -3.5
vertex 70.82110595703125 37.39296340942383 -3.5
endloop
endfacet
facet normal 0.6371547006336838 0.7707359291457369 0.00012241020557413046
outer loop
vertex 71.26553344726562 36.561492919921875 -9.220674514770508
vertex 71.11168670654297 36.68867492675781 -9.217146873474121
vertex 71.11399841308594 36.685855865478516 -3.5
endloop
endfacet
facet normal -0.9569477762986945 0.29026014786219556 0
outer loop
vertex 72.80188751220703 37.197872161865234 -3.5
vertex 72.80188751220703 37.197872161865234 -8.50695514678955
vertex 72.74498748779297 37.01028060913086 -3.5
endloop
endfacet
facet normal -0.9951834293357623 0.09803031151389707 0
outer loop
vertex 72.80188751220703 37.197872161865234 -8.50695514678955
vertex 72.80188751220703 37.197872161865234 -3.5
vertex 72.82061004638672 37.387939453125 -8.277371406555176
endloop
endfacet
facet normal 0.2902957875711588 0.9569369653840532 0
outer loop
vertex 71.62601470947266 36.41217803955078 -3.5
vertex 71.62601470947266 36.41217803955078 -9.2153902053833
vertex 71.43842315673828 36.469085693359375 -3.5
endloop
endfacet
facet normal -0.9569477762986945 0.29026014786219556 0
outer loop
vertex 72.80188751220703 37.197872161865234 -8.50695514678955
vertex 72.74498748779297 37.01028060913086 -8.735783576965332
vertex 72.74498748779297 37.01028060913086 -3.5
endloop
endfacet
facet normal 0.09801622777686082 0.9951848165503705 0
outer loop
vertex 71.82110595703125 36.39296340942383 -3.5
vertex 71.82110595703125 36.39296340942383 -9.206916809082031
vertex 71.62601470947266 36.41217803955078 -3.5
endloop
endfacet
facet normal -0.09801622777686082 0.9951848165503705 0
outer loop
vertex 72.01619720458984 36.41217803955078 -3.5
vertex 72.01619720458984 36.41217803955078 -9.194941520690918
vertex 71.82110595703125 36.39296340942383 -3.5
endloop
endfacet
facet normal -0.29029578757115876 0.9569369653840532 0
outer loop
vertex 72.20378875732422 36.469085693359375 -3.5
vertex 72.20378875732422 36.469085693359375 -9.179924011230469
vertex 72.01619720458984 36.41217803955078 -3.5
endloop
endfacet
facet normal -0.47137988074382814 0.8819302739048787 0
outer loop
vertex 72.37667846679688 36.561492919921875 -3.5
vertex 72.37667846679688 36.561492919921875 -9.162442207336426
vertex 72.20378875732422 36.469085693359375 -3.5
endloop
endfacet
facet normal -0.6343974203505324 0.7730070588633645 3.106679925383453e-8
outer loop
vertex 72.52821350097656 36.685855865478516 -3.5
vertex 72.52300262451172 36.68157958984375 -9.143830299377441
vertex 72.37667846679688 36.561492919921875 -3.5
endloop
endfacet
facet normal -0.8819097699505025 0.4714182407012395 0
outer loop
vertex 72.74498748779297 37.01028060913086 -8.735783576965332
vertex 72.65257263183594 36.83739471435547 -8.948990821838379
vertex 72.65257263183594 36.83739471435547 -3.5
endloop
endfacet
facet normal 0 0 -1
outer loop
vertex 72.52821350097656 36.685855865478516 -3.5
vertex 72.37667846679688 36.561492919921875 -3.5
vertex 70.82110595703125 37.39296340942383 -3.5
endloop
endfacet
facet normal 0 0 -1
outer loop
vertex 72.65257263183594 36.83739471435547 -3.5
vertex 72.52821350097656 36.685855865478516 -3.5
vertex 70.82110595703125 37.39296340942383 -3.5
endloop
endfacet
facet normal 0 0 -1
outer loop
vertex 72.74498748779297 37.01028060913086 -3.5
vertex 72.65257263183594 36.83739471435547 -3.5
vertex 70.82110595703125 37.39296340942383 -3.5
endloop
endfacet
facet normal 0 0 -1
outer loop
vertex 72.80188751220703 37.197872161865234 -3.5
vertex 72.74498748779297 37.01028060913086 -3.5
vertex 70.82110595703125 37.39296340942383 -3.5
endloop
endfacet
facet normal 0 0 -1
outer loop
vertex 72.82061004638672 37.387939453125 -3.5
vertex 72.80188751220703 37.197872161865234 -3.5
vertex 70.82110595703125 37.39296340942383 -3.5
endloop
endfacet
facet normal 0 0 -1
outer loop
vertex 70.84031677246094 37.197872161865234 -3.5
vertex 70.82110595703125 37.39296340942383 -3.5
vertex 70.98963928222656 36.83739471435547 -3.5
endloop
endfacet
facet normal -0.9951834293357623 0.09803031151389707 0
outer loop
vertex 72.82061004638672 37.387939453125 -3.5
vertex 72.82061004638672 37.387939453125 -8.277371406555176
vertex 72.80188751220703 37.197872161865234 -3.5
endloop
endfacet
facet normal 0 0 -1
outer loop
vertex 72.01619720458984 36.41217803955078 -3.5
vertex 71.82110595703125 36.39296340942383 -3.5
vertex 70.82110595703125 37.39296340942383 -3.5
endloop
endfacet
facet normal -0.77302443296692 0.6343762495839294 0
outer loop
vertex 72.65257263183594 36.83739471435547 -3.5
vertex 72.65257263183594 36.83739471435547 -8.948990821838379
vertex 72.52821350097656 36.685855865478516 -3.5
endloop
endfacet
facet normal 0.4713798807438282 0.8819302739048787 0
outer loop
vertex 71.43842315673828 36.469085693359375 -9.220035552978516
vertex 71.26553344726562 36.561492919921875 -9.220674514770508
vertex 71.26553344726562 36.561492919921875 -3.5
endloop
endfacet
facet normal 0.29029578757115876 0.9569369653840532 0
outer loop
vertex 71.62601470947266 36.41217803955078 -9.2153902053833
vertex 71.43842315673828 36.469085693359375 -9.220035552978516
vertex 71.43842315673828 36.469085693359375 -3.5
endloop
endfacet
facet normal -0.8819097699505024 0.47141824070123944 0
outer loop
vertex 72.74498748779297 37.01028060913086 -3.5
vertex 72.74498748779297 37.01028060913086 -8.735783576965332
vertex 72.65257263183594 36.83739471435547 -3.5
endloop
endfacet
facet normal 0.7730200148486304 0.6343816332803335 0
outer loop
vertex 70.98963928222656 36.83739471435547 -3.5
vertex 71.11168670654297 36.68867492675781 -9.217146873474121
vertex 70.98963928222656 36.83739471435547 -9.045433044433594
endloop
endfacet
facet normal -0.7690292192001645 0.639213586426223 0.00022570890804463268
outer loop
vertex 72.65257263183594 36.83739471435547 -8.948990821838379
vertex 72.52300262451172 36.68157958984375 -9.143830299377441
vertex 72.52821350097656 36.685855865478516 -3.5
endloop
endfacet
facet normal -0.6343981363634369 0.7730064712397939 0
outer loop
vertex 72.52300262451172 36.68157958984375 -9.143830299377441
vertex 72.37667846679688 36.561492919921875 -9.162442207336426
vertex 72.37667846679688 36.561492919921875 -3.5
endloop
endfacet
facet normal -0.47137988074382814 0.8819302739048787 0
outer loop
vertex 72.37667846679688 36.561492919921875 -9.162442207336426
vertex 72.20378875732422 36.469085693359375 -9.179924011230469
vertex 72.20378875732422 36.469085693359375 -3.5
endloop
endfacet
facet normal 0.8819097699505026 0.4714182407012395 0
outer loop
vertex 70.98963928222656 36.83739471435547 -9.045433044433594
vertex 70.89722442626953 37.01028060913086 -8.842945098876953
vertex 70.89722442626953 37.01028060913086 -3.5
endloop
endfacet
facet normal 0.9569369653840533 0.2902957875711588 0
outer loop
vertex 70.89722442626953 37.01028060913086 -8.842945098876953
vertex 70.84031677246094 37.197872161865234 -8.62071704864502
vertex 70.84031677246094 37.197872161865234 -3.5
endloop
endfacet
facet normal 0.9951867145052739 0.09799695542310742 0
outer loop
vertex 70.84031677246094 37.197872161865234 -8.62071704864502
vertex 70.82110595703125 37.39296340942383 -8.387290000915527
vertex 70.82110595703125 37.39296340942383 -3.5
endloop
endfacet
facet normal 0.09801622777686082 0.9951848165503705 0
outer loop
vertex 71.82110595703125 36.39296340942383 -9.206916809082031
vertex 71.62601470947266 36.41217803955078 -9.2153902053833
vertex 71.62601470947266 36.41217803955078 -3.5
endloop
endfacet
facet normal -0.09801622777686082 0.9951848165503705 0
outer loop
vertex 72.01619720458984 36.41217803955078 -9.194941520690918
vertex 71.82110595703125 36.39296340942383 -9.206916809082031
vertex 71.82110595703125 36.39296340942383 -3.5
endloop
endfacet
facet normal 0.000651890340712067 0.12403325648070064 0.9922778473420518
outer loop
vertex -7.604931354522705 19.212913513183594 -1.2000000476837158
vertex -9.604904174804688 19.223424911499023 -1.2000000476837158
vertex -7.4091386795043945 18.411874771118164 -1.100000023841858
endloop
endfacet
facet normal 0.0006517706872285185 0.12403293766128755 0.9922778872725535
outer loop
vertex -9.604904174804688 19.223424911499023 -1.2000000476837158
vertex -9.809104919433594 18.42448616027832 -1.100000023841858
vertex -7.4091386795043945 18.411874771118164 -1.100000023841858
endloop
endfacet
facet normal 0.9714037042584842 0.23743387153667686 0
outer loop
vertex -7.4091386795043945 18.411874771118164 -2.5
vertex -7.604931354522705 19.212913513183594 -1.2000000476837158
vertex -7.4091386795043945 18.411874771118164 -1.100000023841858
endloop
endfacet
facet normal 0.005255697993997526 0.9999861887239222 0
outer loop
vertex -7.604931354522705 19.212913513183594 -1.2000000476837158
vertex -9.604904174804688 19.223424911499023 -2.4000000953674316
vertex -9.604904174804688 19.223424911499023 -1.2000000476837158
endloop
endfacet
facet normal 0.0006518877440295376 0.12403276241755833 -0.9922779091007916
outer loop
vertex -9.604904174804688 19.223424911499023 -2.4000000953674316
vertex -7.604931354522705 19.212913513183594 -2.4000000953674316
vertex -9.809104919433594 18.42448616027832 -2.5
endloop
endfacet
facet normal 0.0006517714482057901 0.12403308247640173 -0.9922778691704162
outer loop
vertex -7.4091386795043945 18.411874771118164 -2.5
vertex -9.809104919433594 18.42448616027832 -2.5
vertex -7.604931354522705 19.212913513183594 -2.4000000953674316
endloop
endfacet
facet normal -0.9688547830598709 0.24762958091070292 0
outer loop
vertex -9.604904174804688 19.223424911499023 -2.4000000953674316
vertex -9.809104919433594 18.42448616027832 -2.5
vertex -9.809104919433594 18.42448616027832 -1.100000023841858
endloop
endfacet
facet normal 0.005255697993997526 0.9999861887239222 0
outer loop
vertex -7.604931354522705 19.212913513183594 -2.4000000953674316
vertex -9.604904174804688 19.223424911499023 -2.4000000953674316
vertex -7.604931354522705 19.212913513183594 -1.2000000476837158
endloop
endfacet
facet normal 0.9714037042584844 0.2374338715366769 0
outer loop
vertex -7.4091386795043945 18.411874771118164 -2.5
vertex -7.604931354522705 19.212913513183594 -2.4000000953674316
vertex -7.604931354522705 19.212913513183594 -1.2000000476837158
endloop
endfacet
facet normal -0.9688547830598709 0.24762958091070295 0
outer loop
vertex -9.809104919433594 18.42448616027832 -1.100000023841858
vertex -9.604904174804688 19.223424911499023 -1.2000000476837158
vertex -9.604904174804688 19.223424911499023 -2.4000000953674316
endloop
endfacet
facet normal 0.0006236151250246005 0.12403269536348543 0.9922779356536376
outer loop
vertex 72.82511901855469 38.18792724609375 -1.2000000476837158
vertex 70.82514190673828 38.19798278808594 -1.2000000476837158
vertex 73.02108764648438 37.38692855834961 -1.100000023841858
endloop
endfacet
facet normal 0.0006237773980809656 0.12403312804016005 0.9922778814678531
outer loop
vertex 70.82514190673828 38.19798278808594 -1.2000000476837158
vertex 70.62112426757812 37.39899826049805 -1.100000023841858
vertex 73.02108764648438 37.38692855834961 -1.100000023841858
endloop
endfacet
facet normal 0.9713517292892128 0.23764641383125504 0
outer loop
vertex 73.02108764648438 37.38692855834961 -2.5
vertex 72.82511901855469 38.18792724609375 -1.2000000476837158
vertex 73.02108764648438 37.38692855834961 -1.100000023841858
endloop
endfacet
facet normal 0.005027764986840826 0.9999873607097427 0
outer loop
vertex 70.82514190673828 38.19798278808594 -2.4000000953674316
vertex 70.82514190673828 38.19798278808594 -1.2000000476837158
vertex 72.82511901855469 38.18792724609375 -1.2000000476837158
endloop
endfacet
facet normal -0.9689114348356606 0.247407824138004 0
outer loop
vertex 70.82514190673828 38.19798278808594 -2.4000000953674316
vertex 70.62112426757812 37.39899826049805 -1.100000023841858
vertex 70.82514190673828 38.19798278808594 -1.2000000476837158
endloop
endfacet
facet normal 0.9713517292892125 0.23764641383125498 0
outer loop
vertex 72.82511901855469 38.18792724609375 -1.2000000476837158
vertex 73.02108764648438 37.38692855834961 -2.5
vertex 72.82511901855469 38.18792724609375 -2.4000000953674316
endloop
endfacet
facet normal 0.005027764986840826 0.9999873607097427 0
outer loop
vertex 72.82511901855469 38.18792724609375 -2.4000000953674316
vertex 70.82514190673828 38.19798278808594 -2.4000000953674316
vertex 72.82511901855469 38.18792724609375 -1.2000000476837158
endloop
endfacet
facet normal 0.000623774684069914 0.12403258838085 -0.99227794892595
outer loop
vertex 73.02108764648438 37.38692855834961 -2.5
vertex 70.62112426757812 37.39899826049805 -2.5
vertex 72.82511901855469 38.18792724609375 -2.4000000953674316
endloop
endfacet
facet normal 0.0006236167706558365 0.12403302266805132 -0.9922778947401529
outer loop
vertex 70.62112426757812 37.39899826049805 -2.5
vertex 70.82514190673828 38.19798278808594 -2.4000000953674316
vertex 72.82511901855469 38.18792724609375 -2.4000000953674316
endloop
endfacet
facet normal -0.9689114348356606 0.247407824138004 0
outer loop
vertex 70.82514190673828 38.19798278808594 -2.4000000953674316
vertex 70.62112426757812 37.39899826049805 -2.5
vertex 70.62112426757812 37.39899826049805 -1.100000023841858
endloop
endfacet
facet normal 0 0 -1
outer loop
vertex -22.805002212524414 6.289116859436035 -14.899999618530273
vertex -28.41815757751465 5.865325927734375 -14.899999618530273
vertex -21.068092346191406 15.970054626464844 -14.899999618530273
endloop
endfacet
facet normal 0 0 -1
outer loop
vertex -29.580242156982422 5.028534412384033 -14.899999618530273
vertex -73.09300231933594 30.259742736816406 -14.899999618530273
vertex -28.41815757751465 5.865325927734375 -14.899999618530273
endloop
endfacet
facet normal 0.38121460205449514 -0.9244865749054624 0
outer loop
vertex 20.319660186767578 2.8419716358184814 -14.899999618530273
vertex 16.657094955444336 1.331702709197998 -15.293143272399902
vertex 20.319660186767578 2.8419716358184814 -14.963562965393066
endloop
endfacet
facet normal 0.38121460205449514 -0.9244865749054624 0
outer loop
vertex 20.319660186767578 2.8419716358184814 -14.899999618530273
vertex 16.657094955444336 1.331702709197998 -14.899999618530273
vertex 16.657094955444336 1.331702709197998 -15.293143272399902
endloop
endfacet
facet normal 0 -1 0
outer loop
vertex 16.657094955444336 1.331702709197998 -14.899999618530273
vertex 8.574227333068848 1.331702709197998 -14.899999618530273
vertex 8.574227333068848 1.331702709197998 -15.71674919128418
endloop
endfacet
facet normal 0 -1 0
outer loop
vertex 16.657094955444336 1.331702709197998 -14.899999618530273
vertex 8.574227333068848 1.331702709197998 -15.71674919128418
vertex 16.657094955444336 1.331702709197998 -15.293143272399902
endloop
endfacet
facet normal -0.9238795633296111 -0.38268335796306485 0
outer loop
vertex 0.3284011781215668 7.4245171546936035 -14.899999618530273
vertex -0.0645301342010498 8.373137474060059 -14.899999618530273
vertex -0.0645301342010498 8.373137474060059 -15.527786254882812
endloop
endfacet
facet normal -0.7071067881028134 -0.7071067742702815 0
outer loop
vertex 0.3284011781215668 7.4245171546936035 -15.593644142150879
vertex 4.898806095123291 2.854112148284912 -14.899999618530273
vertex 0.3284011781215668 7.4245171546936035 -14.899999618530273
endloop
endfacet
facet normal -0.923879563329611 -0.3826833579630648 0
outer loop
vertex -0.0645301342010498 8.373137474060059 -15.527786254882812
vertex 0.3284011781215668 7.4245171546936035 -15.593644142150879
vertex 0.3284011781215668 7.4245171546936035 -14.899999618530273
endloop
endfacet
facet normal -0.38268345701656364 -0.9238795223003116 0
outer loop
vertex 8.574227333068848 1.331702709197998 -14.899999618530273
vertex 4.898806095123291 2.854112148284912 -14.899999618530273
vertex 4.898806095123291 2.854112148284912 -15.770628929138184
endloop
endfacet
facet normal -0.38268345701656364 -0.9238795223003117 0
outer loop
vertex 4.898806095123291 2.854112148284912 -15.770628929138184
vertex 8.574227333068848 1.331702709197998 -15.71674919128418
vertex 8.574227333068848 1.331702709197998 -14.899999618530273
endloop
endfacet
facet normal -0.7071067881028134 -0.7071067742702815 0
outer loop
vertex 4.898806095123291 2.854112148284912 -14.899999618530273
vertex 0.3284011781215668 7.4245171546936035 -15.593644142150879
vertex 4.898806095123291 2.854112148284912 -15.770628929138184
endloop
endfacet
facet normal 1 0 0
outer loop
vertex -11.594008445739746 -54.44329833984375 -21.856609344482422
vertex -11.594008445739746 -2.7520270347595215 -14.899999618530273
vertex -11.594008445739746 -54.44329833984375 -14.899999618530273
endloop
endfacet
facet normal 0 0 -1
outer loop
vertex -11.594008445739746 -54.44329833984375 -14.899999618530273
vertex -6.794008255004883 -40.3682975769043 -14.899999618530273
vertex -6.755948066711426 -40.55963897705078 -14.899999618530273
endloop
endfacet
facet normal 0 0 -1
outer loop
vertex -11.594008445739746 -54.44329833984375 -14.899999618530273
vertex -6.647561550140381 -40.72185134887695 -14.899999618530273
vertex -6.485349655151367 -40.830238342285156 -14.899999618530273
endloop
endfacet
facet normal 0 0 -1
outer loop
vertex -6.647561550140381 -40.72185134887695 -14.899999618530273
vertex -11.594008445739746 -54.44329833984375 -14.899999618530273
vertex -6.755948066711426 -40.55963897705078 -14.899999618530273
endloop
endfacet
facet normal 0 0 -1
outer loop
vertex -6.794008255004883 -40.3682975769043 -14.899999618530273
vertex -11.594008445739746 -54.44329833984375 -14.899999618530273
vertex -6.794008255004883 -26.368297576904297 -14.899999618530273
endloop
endfacet
facet normal 1 0 0
outer loop
vertex -11.594008445739746 -2.7520270347595215 -14.899999618530273
vertex -11.594008445739746 -54.44329833984375 -21.856609344482422
vertex -11.594008445739746 -9.432669639587402 -17.75469970703125
endloop
endfacet
facet normal 0 0 -1
outer loop
vertex -6.794008255004883 -26.368297576904297 -14.899999618530273
vertex -11.594008445739746 -54.44329833984375 -14.899999618530273
vertex -11.594008445739746 -2.7520270347595215 -14.899999618530273
endloop
endfacet
facet normal 1 0 0
outer loop
vertex -11.594008445739746 -2.7520270347595215 -14.899999618530273
vertex -11.594008445739746 -9.432669639587402 -17.75469970703125
vertex -11.594008445739746 -2.7520270347595215 -17.1458797454834
endloop
endfacet
facet normal 0 0 -1
outer loop
vertex -6.755948066711426 -26.176956176757812 -14.899999618530273
vertex -6.794008255004883 -26.368297576904297 -14.899999618530273
vertex -11.594008445739746 -2.7520270347595215 -14.899999618530273
endloop
endfacet
facet normal 0 0 -1
outer loop
vertex -6.647561550140381 -26.01474380493164 -14.899999618530273
vertex -6.755948066711426 -26.176956176757812 -14.899999618530273
vertex -11.594008445739746 -2.7520270347595215 -14.899999618530273
endloop
endfacet
facet normal 0 0 -1
outer loop
vertex -6.485349655151367 -25.906356811523438 -14.899999618530273
vertex -6.647561550140381 -26.01474380493164 -14.899999618530273
vertex -11.594008445739746 -2.7520270347595215 -14.899999618530273
endloop
endfacet
facet normal 0 0 -1
outer loop
vertex -6.294008255004883 -25.868297576904297 -14.899999618530273
vertex -6.485349655151367 -25.906356811523438 -14.899999618530273
vertex -11.594008445739746 -2.7520270347595215 -14.899999618530273
endloop
endfacet
facet normal 0 0 -1
outer loop
vertex -11.594008445739746 -2.7520270347595215 -14.899999618530273
vertex 12.705991744995117 -25.868297576904297 -14.899999618530273
vertex -6.294008255004883 -25.868297576904297 -14.899999618530273
endloop
endfacet
facet normal 0 0 -1
outer loop
vertex 74.80599212646484 -27.794294357299805 -14.899999618530273
vertex 74.80599212646484 -54.44329833984375 -14.899999618530273
vertex 20.764272689819336 3.283766746520996 -14.899999618530273
endloop
endfacet
facet normal -1 0 0
outer loop
vertex 74.80599212646484 -27.794294357299805 -14.899999618530273
vertex 74.80599212646484 -54.44329833984375 -17.328577041625977
vertex 74.80599212646484 -54.44329833984375 -14.899999618530273
endloop
endfacet
facet normal 0 1 0
outer loop
vertex 74.80599212646484 -54.44329833984375 -17.328577041625977
vertex -11.594008445739746 -54.44329833984375 -14.899999618530273
vertex 74.80599212646484 -54.44329833984375 -14.899999618530273
endloop
endfacet
facet normal 0 0 -1
outer loop
vertex 74.80599212646484 -54.44329833984375 -14.899999618530273
vertex 20.319660186767578 2.8419716358184814 -14.899999618530273
vertex 20.764272689819336 3.283766746520996 -14.899999618530273
endloop
endfacet
facet normal 0 0 -1
outer loop
vertex 74.80599212646484 -54.44329833984375 -14.899999618530273
vertex 12.897333145141602 -25.906356811523438 -14.899999618530273
vertex 20.319660186767578 2.8419716358184814 -14.899999618530273
endloop
endfacet
facet normal 0 0 -1
outer loop
vertex 20.319660186767578 2.8419716358184814 -14.899999618530273
vertex 12.705991744995117 -25.868297576904297 -14.899999618530273
vertex 16.657094955444336 1.331702709197998 -14.899999618530273
endloop
endfacet
facet normal 0 0 -1
outer loop
vertex 12.705991744995117 -25.868297576904297 -14.899999618530273
vertex 8.574227333068848 1.331702709197998 -14.899999618530273
vertex 16.657094955444336 1.331702709197998 -14.899999618530273
endloop
endfacet
facet normal 0 0 -1
outer loop
vertex 12.897333145141602 -25.906356811523438 -14.899999618530273
vertex 12.705991744995117 -25.868297576904297 -14.899999618530273
vertex 20.319660186767578 2.8419716358184814 -14.899999618530273
endloop
endfacet
facet normal 0 0 -1
outer loop
vertex 12.705991744995117 -25.868297576904297 -14.899999618530273
vertex 4.898806095123291 2.854112148284912 -14.899999618530273
vertex 8.574227333068848 1.331702709197998 -14.899999618530273
endloop
endfacet
facet normal 0 0 -1
outer loop
vertex 12.705991744995117 -25.868297576904297 -14.899999618530273
vertex -11.594008445739746 -2.7520270347595215 -14.899999618530273
vertex 4.898806095123291 2.854112148284912 -14.899999618530273
endloop
endfacet
facet normal 0 0 -1
outer loop
vertex 74.80599212646484 -54.44329833984375 -14.899999618530273
vertex 13.16793155670166 -26.176956176757812 -14.899999618530273
vertex 13.059545516967773 -26.01474380493164 -14.899999618530273
endloop
endfacet
facet normal -0.9707125300791681 -0.24024400918087477 0
outer loop
vertex -35.91648483276367 31.543193817138672 -14.899999618530273
vertex -35.91648483276367 31.543193817138672 -15.295173645019531
vertex -35.33855056762695 29.20803451538086 -14.899999618530273
endloop
endfacet
facet normal -0.970712530079168 -0.24024400918087477 0
outer loop
vertex -35.33855056762695 29.20803451538086 -15.477693557739258
vertex -35.33855056762695 29.20803451538086 -14.899999618530273
vertex -35.91648483276367 31.543193817138672 -15.295173645019531
endloop
endfacet
facet normal 0 0 -1
outer loop
vertex 12.897333145141602 -25.906356811523438 -14.899999618530273
vertex 74.80599212646484 -54.44329833984375 -14.899999618530273
vertex 13.059545516967773 -26.01474380493164 -14.899999618530273
endloop
endfacet
facet normal 0 0 -1
outer loop
vertex 74.80599212646484 -54.44329833984375 -14.899999618530273
vertex 13.205991744995117 -26.368297576904297 -14.899999618530273
vertex 13.16793155670166 -26.176956176757812 -14.899999618530273
endloop
endfacet
facet normal 0 0 -1
outer loop
vertex 74.80599212646484 -54.44329833984375 -14.899999618530273
vertex 13.205991744995117 -40.3682975769043 -14.899999618530273
vertex 13.205991744995117 -26.368297576904297 -14.899999618530273
endloop
endfacet
facet normal 0 0 -1
outer loop
vertex 74.80599212646484 -54.44329833984375 -14.899999618530273
vertex 13.16793155670166 -40.55963897705078 -14.899999618530273
vertex 13.205991744995117 -40.3682975769043 -14.899999618530273
endloop
endfacet
facet normal -0.8733799442269098 -0.48703949842102134 0
outer loop
vertex -35.33855056762695 29.20803451538086 -15.477693557739258
vertex -33.238494873046875 25.44212532043457 -14.899999618530273
vertex -35.33855056762695 29.20803451538086 -14.899999618530273
endloop
endfacet
facet normal -0.9773515672240247 -0.21162210197600528 0
outer loop
vertex -21.068092346191406 15.970054626464844 -14.899999618530273
vertex -21.4466495513916 17.71837615966797 -15.796725273132324
vertex -21.068092346191406 15.970054626464844 -15.936214447021484
endloop
endfacet
facet normal -0.8518382504636436 -0.5238049207930743 0
outer loop
vertex -21.068092346191406 15.970054626464844 -15.936214447021484
vertex -19.280168533325195 13.0624418258667 -14.899999618530273
vertex -21.068092346191406 15.970054626464844 -14.899999618530273
endloop
endfacet
facet normal -0.8518382504636436 -0.5238049207930743 0
outer loop
vertex -19.280168533325195 13.0624418258667 -16.10749053955078
vertex -19.280168533325195 13.0624418258667 -14.899999618530273
vertex -21.068092346191406 15.970054626464844 -15.936214447021484
endloop
endfacet
facet normal -0.005255297808400261 -0.9999861908271258 0
outer loop
vertex -0.0645301342010498 8.373137474060059 -14.899999618530273
vertex -11.776567459106445 8.434688568115234 -16.13597869873047
vertex -0.0645301342010498 8.373137474060059 -15.527786254882812
endloop
endfacet
facet normal -0.005255297808400262 -0.9999861908271259 0
outer loop
vertex -11.776567459106445 8.434688568115234 -14.899999618530273
vertex -11.776567459106445 8.434688568115234 -16.13597869873047
vertex -0.0645301342010498 8.373137474060059 -14.899999618530273
endloop
endfacet
facet normal 0 0 -1
outer loop
vertex -0.0645301342010498 8.373137474060059 -14.899999618530273
vertex -14.530126571655273 2.0507137775421143 -14.899999618530273
vertex -11.776567459106445 8.434688568115234 -14.899999618530273
endloop
endfacet
facet normal 0 0 -1
outer loop
vertex -11.594008445739746 -2.7520270347595215 -14.899999618530273
vertex 0.3284011781215668 7.4245171546936035 -14.899999618530273
vertex 4.898806095123291 2.854112148284912 -14.899999618530273
endloop
endfacet
facet normal 0 0 -1
outer loop
vertex -11.594008445739746 -2.7520270347595215 -14.899999618530273
vertex -0.0645301342010498 8.373137474060059 -14.899999618530273
vertex 0.3284011781215668 7.4245171546936035 -14.899999618530273
endloop
endfacet
facet normal 0 0 -1
outer loop
vertex -11.594008445739746 -2.7520270347595215 -14.899999618530273
vertex -14.530126571655273 2.0507137775421143 -14.899999618530273
vertex -0.0645301342010498 8.373137474060059 -14.899999618530273
endloop
endfacet
facet normal -0.3366261365115786 -0.9416383829354494 0
outer loop
vertex -11.776567459106445 8.434688568115234 -14.899999618530273
vertex -14.99069881439209 9.583707809448242 -16.1997127532959
vertex -11.776567459106445 8.434688568115234 -16.13597869873047
endloop
endfacet
facet normal -0.3366261365115786 -0.9416383829354494 0
outer loop
vertex -14.99069881439209 9.583707809448242 -14.899999618530273
vertex -14.99069881439209 9.583707809448242 -16.1997127532959
vertex -11.776567459106445 8.434688568115234 -14.899999618530273
endloop
endfacet
facet normal 0 0 -1
outer loop
vertex -14.530126571655273 2.0507137775421143 -14.899999618530273
vertex -14.99069881439209 9.583707809448242 -14.899999618530273
vertex -11.776567459106445 8.434688568115234 -14.899999618530273
endloop
endfacet
facet normal 0 0 -1
outer loop
vertex -19.280168533325195 13.0624418258667 -14.899999618530273
vertex -22.805002212524414 6.289116859436035 -14.899999618530273
vertex -21.068092346191406 15.970054626464844 -14.899999618530273
endloop
endfacet
facet normal 0 0 -1
outer loop
vertex -14.99069881439209 9.583707809448242 -14.899999618530273
vertex -22.805002212524414 6.289116859436035 -14.899999618530273
vertex -19.280168533325195 13.0624418258667 -14.899999618530273
endloop
endfacet
facet normal -0.6298877788209601 -0.7766861567531619 0
outer loop
vertex -19.280168533325195 13.0624418258667 -16.10749053955078
vertex -14.99069881439209 9.583707809448242 -14.899999618530273
vertex -19.280168533325195 13.0624418258667 -14.899999618530273
endloop
endfacet
facet normal -0.6298877788209601 -0.7766861567531619 0
outer loop
vertex -14.99069881439209 9.583707809448242 -14.899999618530273
vertex -19.280168533325195 13.0624418258667 -16.10749053955078
vertex -14.99069881439209 9.583707809448242 -16.1997127532959
endloop
endfacet
facet normal 0 0 -1
outer loop
vertex -14.530126571655273 2.0507137775421143 -14.899999618530273
vertex -22.805002212524414 6.289116859436035 -14.899999618530273
vertex -14.99069881439209 9.583707809448242 -14.899999618530273
endloop
endfacet
facet normal 0.45588031277961827 0.890041089175077 0
outer loop
vertex -14.530126571655273 2.0507137775421143 -16.862071990966797
vertex -22.805002212524414 6.289116859436035 -16.90948486328125
vertex -22.805002212524414 6.289116859436035 -14.899999618530273
endloop
endfacet
facet normal 0.8531940954743362 0.5215935538786203 0
outer loop
vertex -11.594008445739746 -2.7520270347595215 -14.899999618530273
vertex -11.594008445739746 -2.7520270347595215 -17.1458797454834
vertex -14.530126571655273 2.0507137775421143 -14.899999618530273
endloop
endfacet
facet normal 0 0 -1
outer loop
vertex 74.80599212646484 -54.44329833984375 -14.899999618530273
vertex 13.059545516967773 -40.72185134887695 -14.899999618530273
vertex 13.16793155670166 -40.55963897705078 -14.899999618530273
endloop
endfacet
facet normal 0 0 -1
outer loop
vertex 74.80599212646484 -54.44329833984375 -14.899999618530273
vertex 12.897333145141602 -40.830238342285156 -14.899999618530273
vertex 13.059545516967773 -40.72185134887695 -14.899999618530273
endloop
endfacet
facet normal 0.4558803127796183 0.890041089175077 0
outer loop
vertex -14.530126571655273 2.0507137775421143 -14.899999618530273
vertex -14.530126571655273 2.0507137775421143 -16.862071990966797
vertex -22.805002212524414 6.289116859436035 -14.899999618530273
endloop
endfacet
facet normal 0.8531940954743362 0.5215935538786203 0
outer loop
vertex -11.594008445739746 -2.7520270347595215 -17.1458797454834
vertex -14.530126571655273 2.0507137775421143 -16.862071990966797
vertex -14.530126571655273 2.0507137775421143 -14.899999618530273
endloop
endfacet
facet normal -0.5054788539904451 -0.8628389931896369 0
outer loop
vertex -31.366043090820312 23.529476165771484 -14.899999618530273
vertex -31.366043090820312 23.529476165771484 -15.787001609802246
vertex -21.4466495513916 17.71837615966797 -14.899999618530273
endloop
endfacet
facet normal -0.9773515672240246 -0.21162210197600526 0
outer loop
vertex -21.068092346191406 15.970054626464844 -14.899999618530273
vertex -21.4466495513916 17.71837615966797 -14.899999618530273
vertex -21.4466495513916 17.71837615966797 -15.796725273132324
endloop
endfacet
facet normal -0.5054788539904451 -0.8628389931896369 0
outer loop
vertex -21.4466495513916 17.71837615966797 -14.899999618530273
vertex -31.366043090820312 23.529476165771484 -15.787001609802246
vertex -21.4466495513916 17.71837615966797 -15.796725273132324
endloop
endfacet
facet normal 0 0 -1
outer loop
vertex -21.068092346191406 15.970054626464844 -14.899999618530273
vertex -28.41815757751465 5.865325927734375 -14.899999618530273
vertex -21.4466495513916 17.71837615966797 -14.899999618530273
endloop
endfacet
facet normal 0 0 -1
outer loop
vertex -31.366043090820312 23.529476165771484 -14.899999618530273
vertex -28.41815757751465 5.865325927734375 -14.899999618530273
vertex -33.238494873046875 25.44212532043457 -14.899999618530273
endloop
endfacet
facet normal 0 0 -1
outer loop
vertex -28.41815757751465 5.865325927734375 -14.899999618530273
vertex -31.366043090820312 23.529476165771484 -14.899999618530273
vertex -21.4466495513916 17.71837615966797 -14.899999618530273
endloop
endfacet
facet normal 0 0 -1
outer loop
vertex 74.80599212646484 -54.44329833984375 -14.899999618530273
vertex -6.485349655151367 -40.830238342285156 -14.899999618530273
vertex 12.897333145141602 -40.830238342285156 -14.899999618530273
endloop
endfacet
facet normal -0.7145758859992066 -0.6995579340901287 0
outer loop
vertex -33.238494873046875 25.44212532043457 -15.71082878112793
vertex -31.366043090820312 23.529476165771484 -14.899999618530273
vertex -33.238494873046875 25.44212532043457 -14.899999618530273
endloop
endfacet
facet normal -0.8733799442269097 -0.4870394984210213 0
outer loop
vertex -33.238494873046875 25.44212532043457 -14.899999618530273
vertex -35.33855056762695 29.20803451538086 -15.477693557739258
vertex -33.238494873046875 25.44212532043457 -15.71082878112793
endloop
endfacet
facet normal -0.7145758859992066 -0.6995579340901287 0
outer loop
vertex -33.238494873046875 25.44212532043457 -15.71082878112793
vertex -31.366043090820312 23.529476165771484 -15.787001609802246
vertex -31.366043090820312 23.529476165771484 -14.899999618530273
endloop
endfacet
facet normal 0.7048557251757784 -0.7093506937241463 0
outer loop
vertex 20.764272689819336 3.283766746520996 -14.899999618530273
vertex 20.319660186767578 2.8419716358184814 -14.899999618530273
vertex 20.319660186767578 2.8419716358184814 -14.963562965393066
endloop
endfacet
facet normal -0.07528532518559035 0.9971620328771548 0
outer loop
vertex -22.805002212524414 6.289116859436035 -16.90948486328125
vertex -28.41815757751465 5.865325927734375 -14.899999618530273
vertex -22.805002212524414 6.289116859436035 -14.899999618530273
endloop
endfacet
facet normal -0.5843464006901435 0.8115043339381955 0
outer loop
vertex -28.41815757751465 5.865325927734375 -14.899999618530273
vertex -28.41815757751465 5.865325927734375 -17.242279052734375
vertex -29.580242156982422 5.028534412384033 -14.899999618530273
endloop
endfacet
facet normal -0.07528532518559035 0.9971620328771547 0
outer loop
vertex -22.805002212524414 6.289116859436035 -16.90948486328125
vertex -28.41815757751465 5.865325927734375 -17.242279052734375
vertex -28.41815757751465 5.865325927734375 -14.899999618530273
endloop
endfacet
facet normal -0.5843464006901434 0.8115043339381954 0
outer loop
vertex -28.41815757751465 5.865325927734375 -17.242279052734375
vertex -29.580242156982422 5.028534412384033 -17.379440307617188
vertex -29.580242156982422 5.028534412384033 -14.899999618530273
endloop
endfacet
facet normal -0.5024486600942811 -0.8646070459864769 0
outer loop
vertex -35.91648483276367 31.543193817138672 -14.899999618530273
vertex -63.139076232910156 47.36304473876953 -15.28015422821045
vertex -35.91648483276367 31.543193817138672 -15.295173645019531
endloop
endfacet
facet normal 0 0 -1
outer loop
vertex -33.238494873046875 25.44212532043457 -14.899999618530273
vertex -73.09300231933594 30.259742736816406 -14.899999618530273
vertex -35.33855056762695 29.20803451538086 -14.899999618530273
endloop
endfacet
facet normal 0 0 -1
outer loop
vertex -73.09300231933594 30.259742736816406 -14.899999618530273
vertex -35.91648483276367 31.543193817138672 -14.899999618530273
vertex -35.33855056762695 29.20803451538086 -14.899999618530273
endloop
endfacet
facet normal -0.502448660094281 -0.8646070459864766 0
outer loop
vertex -63.139076232910156 47.36304473876953 -14.899999618530273
vertex -63.139076232910156 47.36304473876953 -15.28015422821045
vertex -35.91648483276367 31.543193817138672 -14.899999618530273
endloop
endfacet
facet normal 0 0 -1
outer loop
vertex -73.09300231933594 30.259742736816406 -14.899999618530273
vertex -63.139076232910156 47.36304473876953 -14.899999618530273
vertex -35.91648483276367 31.543193817138672 -14.899999618530273
endloop
endfacet
facet normal 0.8642843228961743 -0.5030035876570877 0
outer loop
vertex -73.09300231933594 30.259742736816406 -17.360475540161133
vertex -63.139076232910156 47.36304473876953 -15.28015422821045
vertex -63.139076232910156 47.36304473876953 -14.899999618530273
endloop
endfacet
facet normal 0.8642843228961743 -0.5030035876570877 0
outer loop
vertex -73.09300231933594 30.259742736816406 -14.899999618530273
vertex -73.09300231933594 30.259742736816406 -17.360475540161133
vertex -63.139076232910156 47.36304473876953 -14.899999618530273
endloop
endfacet
facet normal 0 0 -1
outer loop
vertex -11.594008445739746 -54.44329833984375 -14.899999618530273
vertex -6.485349655151367 -40.830238342285156 -14.899999618530273
vertex 74.80599212646484 -54.44329833984375 -14.899999618530273
endloop
endfacet
facet normal 0 0 -1
outer loop
vertex -28.41815757751465 5.865325927734375 -14.899999618530273
vertex -73.09300231933594 30.259742736816406 -14.899999618530273
vertex -33.238494873046875 25.44212532043457 -14.899999618530273
endloop
endfacet
facet normal 0 1 0
outer loop
vertex 74.80599212646484 -54.44329833984375 -17.328577041625977
vertex -11.594008445739746 -54.44329833984375 -21.856609344482422
vertex -11.594008445739746 -54.44329833984375 -14.899999618530273
endloop
endfacet
facet normal 0.5016259621611612 0.8650846167201733 0
outer loop
vertex -29.580242156982422 5.028534412384033 -17.379440307617188
vertex -73.09300231933594 30.259742736816406 -17.360475540161133
vertex -73.09300231933594 30.259742736816406 -14.899999618530273
endloop
endfacet
facet normal 0.5016259621611613 0.8650846167201734 0
outer loop
vertex -29.580242156982422 5.028534412384033 -17.379440307617188
vertex -73.09300231933594 30.259742736816406 -14.899999618530273
vertex -29.580242156982422 5.028534412384033 -14.899999618530273
endloop
endfacet
facet normal 0 0 1
outer loop
vertex -10.267369270324707 17.992568969726562 -0.5
vertex -10.331896781921387 18.037750244140625 -0.5
vertex -15.947124481201172 15.456703186035156 -0.5
endloop
endfacet
facet normal 0 0 1
outer loop
vertex 66.32110595703125 -61.2432975769043 -0.5
vertex 81.70599365234375 -59.3682975769043 -0.5
vertex 20.705991744995117 -59.3682975769043 -0.5
endloop
endfacet
facet normal 0 0 1
outer loop
vertex -28.934276580810547 33.740264892578125 -0.5
vertex -30.051969528198242 31.732879638671875 -0.5
vertex -26.451921463012695 32.92129135131836 -0.5
endloop
endfacet
facet normal 0 0 1
outer loop
vertex 21.13832664489746 27.331703186035156 -0.5
vertex 56.64447021484375 27.331703186035156 -0.5
vertex 52.7422981262207 29.831703186035156 -0.5
endloop
endfacet
facet normal 0 0 1
outer loop
vertex 80.86913299560547 36.84745788574219 -0.5
vertex 83.97048950195312 34.059261322021484 -0.5
vertex 81.8292465209961 36.419281005859375 -0.5
endloop
endfacet
facet normal 0 0 1
outer loop
vertex 82.80599212646484 9.119416236877441 -0.5
vertex 84.30599212646484 9.119416236877441 -0.5
vertex 81.80599212646484 14.694483757019043 -0.5
endloop
endfacet
facet normal 0 0 1
outer loop
vertex 4.330936908721924 15.350133895874023 -0.5
vertex 7.970486164093018 15.059260368347168 -0.5
vertex 5.829342365264893 17.419170379638672 -0.5
endloop
endfacet
facet normal 0 0 1
outer loop
vertex 84.30599212646484 13.533329963684082 -0.5
vertex 82.80599212646484 13.533329963684082 -0.5
vertex 84.30599212646484 9.119416236877441 -0.5
endloop
endfacet
facet normal 0 0 1
outer loop
vertex 4.330936908721924 15.350133895874023 -0.5
vertex 5.699423313140869 13.981648445129395 -0.5
vertex 7.970486164093018 15.059260368347168 -0.5
endloop
endfacet
facet normal 0 0 1
outer loop
vertex -63.41682434082031 58.51210021972656 -0.5
vertex -64.3404769897461 58.65799331665039 -0.5
vertex -27.7037410736084 37.7581787109375 -0.5
endloop
endfacet
facet normal 0 0 1
outer loop
vertex -27.7037410736084 37.7581787109375 -0.5
vertex -66.58368682861328 57.348812103271484 -0.5
vertex -64.2686996459961 56.11566162109375 -0.5
endloop
endfacet
facet normal 0 0 1
outer loop
vertex -64.3404769897461 58.65799331665039 -0.5
vertex -67.4581527709961 57.98334503173828 -0.5
vertex -27.7037410736084 37.7581787109375 -0.5
endloop
endfacet
facet normal 0 0 1
outer loop
vertex -66.58368682861328 57.348812103271484 -0.5
vertex -27.7037410736084 37.7581787109375 -0.5
vertex -67.55413055419922 57.91360092163086 -0.5
endloop
endfacet
facet normal 0 0 1
outer loop
vertex -19.59400749206543 -4.816592216491699 -0.5
vertex -18.59400749206543 -58.65824508666992 -0.5
vertex -18.59400749206543 4.635271072387695 -0.5
endloop
endfacet
facet normal 0 0 1
outer loop
vertex -19.59400749206543 -4.816592216491699 -0.5
vertex -19.59400749206543 -25.316593170166016 -0.5
vertex -18.59400749206543 -58.65824508666992 -0.5
endloop
endfacet
facet normal 0 0 1
outer loop
vertex -27.7037410736084 37.7581787109375 -0.5
vertex -67.4581527709961 57.98334503173828 -0.5
vertex -67.55413055419922 57.91360092163086 -0.5
endloop
endfacet
facet normal 0 0 1
outer loop
vertex -66.58368682861328 57.348812103271484 -0.5
vertex -64.54483032226562 56.15206527709961 -0.5
vertex -64.2686996459961 56.11566162109375 -0.5
endloop
endfacet
facet normal 0 0 1
outer loop
vertex -66.58368682861328 57.348812103271484 -0.5
vertex -66.41458892822266 55.651302337646484 -0.5
vertex -64.54483032226562 56.15206527709961 -0.5
endloop
endfacet
facet normal 0 0 1
outer loop
vertex 82.80599212646484 13.533329963684082 -0.5
vertex 81.80599212646484 14.694483757019043 -0.5
vertex 84.30599212646484 9.119416236877441 -0.5
endloop
endfacet
facet normal 0 0 1
outer loop
vertex 67.32110595703125 -63.94329833984375 -0.5
vertex 67.32110595703125 -64.52140045166016 -0.5
vertex 67.82110595703125 -64.87149810791016 -0.5
endloop
endfacet
facet normal 0 0 1
outer loop
vertex 67.32110595703125 -63.94329833984375 -0.5
vertex 67.82110595703125 -64.87149810791016 -0.5
vertex 71.42110443115234 -63.2432975769043 -0.5
endloop
endfacet
facet normal 0 0 1
outer loop
vertex 67.32110595703125 -63.94329833984375 -0.5
vertex 66.32110595703125 -63.2432975769043 -0.5
vertex 66.1297607421875 -63.205238342285156 -0.5
endloop
endfacet
facet normal 0 0 1
outer loop
vertex 67.32110595703125 -63.94329833984375 -0.5
vertex 71.42110443115234 -63.2432975769043 -0.5
vertex 66.32110595703125 -63.2432975769043 -0.5
endloop
endfacet
facet normal 0 0 1
outer loop
vertex 81.80599212646484 14.694483757019043 -0.5
vertex 82.80599212646484 13.533329963684082 -0.5
vertex 82.80599212646484 34.033329010009766 -0.5
endloop
endfacet
facet normal 0 0 1
outer loop
vertex 20.705991744995117 -59.3682975769043 -0.5
vertex -14.300463676452637 -61.28135681152344 -0.5
vertex -2.9177801609039307 -61.28135681152344 -0.5
endloop
endfacet
facet normal 0 0 1
outer loop
vertex 81.80599212646484 32.724369049072266 -0.5
vertex 81.80599212646484 14.694483757019043 -0.5
vertex 82.80599212646484 34.033329010009766 -0.5
endloop
endfacet
facet normal 0 0 1
outer loop
vertex 82.80599212646484 -15.7944974899292 -0.5
vertex 82.80599212646484 -11.380583763122559 -0.5
vertex 81.80599212646484 14.694483757019043 -0.5
endloop
endfacet
facet normal 0 0 1
outer loop
vertex 83.97048950195312 34.059261322021484 -0.5
vertex 80.86913299560547 36.84745788574219 -0.5
vertex 82.80599212646484 34.033329010009766 -0.5
endloop
endfacet
facet normal 0 0 1
outer loop
vertex 80.33094024658203 34.350135803222656 -0.5
vertex 82.80599212646484 34.033329010009766 -0.5
vertex 80.86913299560547 36.84745788574219 -0.5
endloop
endfacet
facet normal 0 0 1
outer loop
vertex 80.33094024658203 34.350135803222656 -0.5
vertex 81.69942474365234 32.98164749145508 -0.5
vertex 82.80599212646484 34.033329010009766 -0.5
endloop
endfacet
facet normal 0 0 1
outer loop
vertex -27.854841232299805 -2.3549978733062744 -0.5
vertex -29.724363327026367 -2.8558530807495117 -0.5
vertex -29.927940368652344 -5.361691951751709 -0.5
endloop
endfacet
facet normal 0 0 1
outer loop
vertex -29.724363327026367 -2.8558530807495117 -0.5
vertex -30.000473022460938 -2.8194851875305176 -0.5
vertex -30.850553512573242 -5.216450214385986 -0.5
endloop
endfacet
facet normal 0 0 1
outer loop
vertex -29.724363327026367 -2.8558530807495117 -0.5
vertex -30.850553512573242 -5.216450214385986 -0.5
vertex -29.927940368652344 -5.361691951751709 -0.5
endloop
endfacet
facet normal 0 0 1
outer loop
vertex 80.07365417480469 34.456703186035156 -0.5
vertex 80.33094024658203 34.350135803222656 -0.5
vertex 80.86913299560547 36.84745788574219 -0.5
endloop
endfacet
facet normal 0 0 1
outer loop
vertex 81.69942474365234 32.98164749145508 -0.5
vertex 81.80599212646484 32.724369049072266 -0.5
vertex 82.80599212646484 34.033329010009766 -0.5
endloop
endfacet
facet normal 0 0 1
outer loop
vertex -19.59400749206543 -25.316593170166016 -0.5
vertex -19.59400749206543 -40.708412170410156 -0.5
vertex -18.59400749206543 -58.65824508666992 -0.5
endloop
endfacet
facet normal 0 0 1
outer loop
vertex -66.58368682861328 57.348812103271484 -0.5
vertex -66.63556671142578 55.48176574707031 -0.5
vertex -66.41458892822266 55.651302337646484 -0.5
endloop
endfacet
facet normal 0 0 1
outer loop
vertex -66.58368682861328 57.348812103271484 -0.5
vertex -81.85327911376953 29.12382698059082 -0.5
vertex -66.63556671142578 55.48176574707031 -0.5
endloop
endfacet
facet normal 0 0 1
outer loop
vertex 20.705991744995117 -59.3682975769043 -0.5
vertex -17.294008255004883 -59.3682975769043 -0.5
vertex -14.300463676452637 -61.28135681152344 -0.5
endloop
endfacet
facet normal 0 0 1
outer loop
vertex -2.755568504333496 -61.38974380493164 -0.5
vertex -2.6471822261810303 -61.55195617675781 -0.5
vertex 3.860736608505249 -63.94329833984375 -0.5
endloop
endfacet
facet normal 0 0 1
outer loop
vertex -2.6471822261810303 -61.55195617675781 -0.5
vertex -2.609121799468994 -61.7432975769043 -0.5
vertex 3.860736608505249 -63.94329833984375 -0.5
endloop
endfacet
facet normal 0 0 1
outer loop
vertex -2.609121799468994 -61.7432975769043 -0.5
vertex -2.609121799468994 -62.7432975769043 -0.5
vertex 3.860736608505249 -63.94329833984375 -0.5
endloop
endfacet
facet normal 0 0 1
outer loop
vertex -2.609121799468994 -62.7432975769043 -0.5
vertex -2.6471822261810303 -62.93463897705078 -0.5
vertex 3.860736608505249 -63.94329833984375 -0.5
endloop
endfacet
facet normal 0 0 1
outer loop
vertex -2.6471822261810303 -62.93463897705078 -0.5
vertex -2.755568504333496 -63.09685134887695 -0.5
vertex 3.860736608505249 -63.94329833984375 -0.5
endloop
endfacet
facet normal 0 0 1
outer loop
vertex -2.755568504333496 -63.09685134887695 -0.5
vertex -2.9177801609039307 -63.205238342285156 -0.5
vertex 3.860736608505249 -63.94329833984375 -0.5
endloop
endfacet
facet normal 0 0 1
outer loop
vertex -2.9177801609039307 -63.205238342285156 -0.5
vertex -4.109121799468994 -63.94329833984375 -0.5
vertex 3.860736608505249 -63.94329833984375 -0.5
endloop
endfacet
facet normal 0 0 1
outer loop
vertex -2.9177801609039307 -63.205238342285156 -0.5
vertex -8.209121704101562 -63.2432975769043 -0.5
vertex -4.109121799468994 -63.94329833984375 -0.5
endloop
endfacet
facet normal 0 0 1
outer loop
vertex 7.970486164093018 15.059260368347168 -0.5
vertex 5.699423313140869 13.981648445129395 -0.5
vertex 5.8059916496276855 13.72436809539795 -0.5
endloop
endfacet
facet normal 0 0 1
outer loop
vertex -4.609121799468994 -64.87149810791016 -0.5
vertex -4.109121799468994 -64.52140045166016 -0.5
vertex -4.109121799468994 -63.94329833984375 -0.5
endloop
endfacet
facet normal 0 0 1
outer loop
vertex 8.305992126464844 13.089061737060547 -0.5
vertex 8.305992126464844 14.190169334411621 -0.5
vertex 5.8059916496276855 13.72436809539795 -0.5
endloop
endfacet
facet normal 0 0 1
outer loop
vertex 8.31358814239502 13.002238273620605 -0.5
vertex 8.305992126464844 13.089061737060547 -0.5
vertex 5.8059916496276855 13.72436809539795 -0.5
endloop
endfacet
facet normal 0 0 1
outer loop
vertex 8.372979164123535 12.839061737060547 -0.5
vertex 8.336145401000977 12.918051719665527 -0.5
vertex 5.8059916496276855 13.72436809539795 -0.5
endloop
endfacet
facet normal 0 0 1
outer loop
vertex 81.70599365234375 -59.3682975769043 -0.5
vertex 77.6746597290039 -61.38974380493164 -0.5
vertex 77.78304290771484 -61.55195617675781 -0.5
endloop
endfacet
facet normal 0 0 1
outer loop
vertex 8.336145401000977 12.918051719665527 -0.5
vertex 8.31358814239502 13.002238273620605 -0.5
vertex 5.8059916496276855 13.72436809539795 -0.5
endloop
endfacet
facet normal 0 0 1
outer loop
vertex 8.422969818115234 12.767667770385742 -0.5
vertex 8.372979164123535 12.839061737060547 -0.5
vertex 5.8059916496276855 13.72436809539795 -0.5
endloop
endfacet
facet normal 0 0 1
outer loop
vertex 4.869550704956055 17.84733772277832 -0.5
vertex 4.073657512664795 15.456703186035156 -0.5
vertex 5.829342365264893 17.419170379638672 -0.5
endloop
endfacet
facet normal 0 0 1
outer loop
vertex 4.073657512664795 15.456703186035156 -0.5
vertex 4.330936908721924 15.350133895874023 -0.5
vertex 5.829342365264893 17.419170379638672 -0.5
endloop
endfacet
facet normal 0 0 1
outer loop
vertex 77.32110595703125 -61.2432975769043 -0.5
vertex 77.51244354248047 -61.28135681152344 -0.5
vertex 81.70599365234375 -59.3682975769043 -0.5
endloop
endfacet
facet normal 0 0 1
outer loop
vertex 81.70599365234375 -59.3682975769043 -0.5
vertex 77.51244354248047 -61.28135681152344 -0.5
vertex 77.6746597290039 -61.38974380493164 -0.5
endloop
endfacet
facet normal 0 0 1
outer loop
vertex 66.32110595703125 -61.2432975769043 -0.5
vertex 77.32110595703125 -61.2432975769043 -0.5
vertex 81.70599365234375 -59.3682975769043 -0.5
endloop
endfacet
facet normal 0 0 1
outer loop
vertex 77.82110595703125 -61.7432975769043 -0.5
vertex 80.72164916992188 -63.94329833984375 -0.5
vertex 77.78304290771484 -61.55195617675781 -0.5
endloop
endfacet
facet normal 0 0 1
outer loop
vertex -8.209121704101562 -63.2432975769043 -0.5
vertex -4.609121799468994 -64.87149810791016 -0.5
vertex -4.109121799468994 -63.94329833984375 -0.5
endloop
endfacet
facet normal 0 0 1
outer loop
vertex -8.209121704101562 -63.2432975769043 -0.5
vertex -5.872960567474365 -65.4608383178711 -0.5
vertex -4.609121799468994 -64.87149810791016 -0.5
endloop
endfacet
facet normal 0 0 1
outer loop
vertex 77.82110595703125 -61.7432975769043 -0.5
vertex 77.82110595703125 -62.7432975769043 -0.5
vertex 80.72164916992188 -63.94329833984375 -0.5
endloop
endfacet
facet normal 0 0 1
outer loop
vertex -8.209121704101562 -63.2432975769043 -0.5
vertex -7.219936370849609 -65.82176208496094 -0.5
vertex -5.872960567474365 -65.4608383178711 -0.5
endloop
endfacet
facet normal 0 0 1
outer loop
vertex -8.209121704101562 -63.2432975769043 -0.5
vertex -8.209121704101562 -65.9083023071289 -0.5
vertex -7.219936370849609 -65.82176208496094 -0.5
endloop
endfacet
facet normal 0 0 1
outer loop
vertex 77.82110595703125 -62.7432975769043 -0.5
vertex 77.78304290771484 -62.93463897705078 -0.5
vertex 80.72164916992188 -63.94329833984375 -0.5
endloop
endfacet
facet normal 0 0 1
outer loop
vertex 77.78304290771484 -62.93463897705078 -0.5
vertex 77.6746597290039 -63.09685134887695 -0.5
vertex 80.72164916992188 -63.94329833984375 -0.5
endloop
endfacet
facet normal 0 0 1
outer loop
vertex 77.6746597290039 -63.09685134887695 -0.5
vertex 77.51244354248047 -63.205238342285156 -0.5
vertex 80.72164916992188 -63.94329833984375 -0.5
endloop
endfacet
facet normal 0 0 1
outer loop
vertex 77.51244354248047 -63.205238342285156 -0.5
vertex 76.32110595703125 -63.94329833984375 -0.5
vertex 80.72164916992188 -63.94329833984375 -0.5
endloop
endfacet
facet normal 0 0 1
outer loop
vertex -27.633895874023438 -2.1854660511016846 -0.5
vertex -27.854841232299805 -2.3549978733062744 -0.5
vertex -29.927940368652344 -5.361691951751709 -0.5
endloop
endfacet
facet normal 0 0 1
outer loop
vertex -9.009121894836426 -65.9083023071289 -0.5
vertex -9.009121894836426 -63.2432975769043 -0.5
vertex -12.609122276306152 -64.87149810791016 -0.5
endloop
endfacet
facet normal 0 0 1
outer loop
vertex -11.345282554626465 -65.4608383178711 -0.5
vertex -9.998307228088379 -65.82176208496094 -0.5
vertex -9.009121894836426 -65.9083023071289 -0.5
endloop
endfacet
facet normal 0 0 1
outer loop
vertex -27.633895874023438 -2.1854660511016846 -0.5
vertex -29.927940368652344 -5.361691951751709 -0.5
vertex -19.332483291625977 5.392618656158447 -0.5
endloop
endfacet
facet normal 0 0 1
outer loop
vertex -19.332483291625977 5.392618656158447 -0.5
vertex -25.15089988708496 -3.4886467456817627 -0.5
vertex -25.108726501464844 -3.4613864421844482 -0.5
endloop
endfacet
facet normal 0 0 1
outer loop
vertex -19.332483291625977 5.392618656158447 -0.5
vertex -25.108726501464844 -3.4613864421844482 -0.5
vertex -25.029735565185547 -3.4245526790618896 -0.5
endloop
endfacet
facet normal 0 0 1
outer loop
vertex -19.332483291625977 5.392618656158447 -0.5
vertex -25.029735565185547 -3.4245526790618896 -0.5
vertex -24.9455509185791 -3.4019951820373535 -0.5
endloop
endfacet
facet normal 0 0 1
outer loop
vertex -19.332483291625977 5.392618656158447 -0.5
vertex -24.9455509185791 -3.4019951820373535 -0.5
vertex -24.858726501464844 -3.3943991661071777 -0.5
endloop
endfacet
facet normal 0 0 1
outer loop
vertex -19.332483291625977 5.392618656158447 -0.5
vertex -24.858726501464844 -3.3943991661071777 -0.5
vertex -24.771902084350586 -3.4019951820373535 -0.5
endloop
endfacet
facet normal 0 0 1
outer loop
vertex -24.687715530395508 -3.4245526790618896 -0.5
vertex -24.631498336791992 -3.450767755508423 -0.5
vertex -18.59400749206543 4.635271072387695 -0.5
endloop
endfacet
facet normal 0 0 1
outer loop
vertex -24.771902084350586 -3.4019951820373535 -0.5
vertex -24.687715530395508 -3.4245526790618896 -0.5
vertex -18.59400749206543 4.635271072387695 -0.5
endloop
endfacet
facet normal 0 0 1
outer loop
vertex 76.32110595703125 -63.94329833984375 -0.5
vertex 77.51244354248047 -63.205238342285156 -0.5
vertex 72.22110748291016 -63.2432975769043 -0.5
endloop
endfacet
facet normal 0 0 1
outer loop
vertex 75.82110595703125 -64.87149810791016 -0.5
vertex 76.32110595703125 -64.52140045166016 -0.5
vertex 76.32110595703125 -63.94329833984375 -0.5
endloop
endfacet
facet normal 0 0 1
outer loop
vertex 76.32110595703125 -63.94329833984375 -0.5
vertex 72.22110748291016 -63.2432975769043 -0.5
vertex 75.82110595703125 -64.87149810791016 -0.5
endloop
endfacet
facet normal 0 0 1
outer loop
vertex 72.22110748291016 -63.2432975769043 -0.5
vertex 74.55726623535156 -65.4608383178711 -0.5
vertex 75.82110595703125 -64.87149810791016 -0.5
endloop
endfacet
facet normal 0 0 1
outer loop
vertex -24.631498336791992 -3.450767755508423 -0.5
vertex -24.078895568847656 -3.732057571411133 -0.5
vertex -18.59400749206543 4.635271072387695 -0.5
endloop
endfacet
facet normal 0 0 1
outer loop
vertex -18.59400749206543 4.635271072387695 -0.5
vertex -24.078895568847656 -3.732057571411133 -0.5
vertex -21.961496353149414 -4.816592216491699 -0.5
endloop
endfacet
facet normal 0 0 1
outer loop
vertex -23.41005516052246 5.130491256713867 -0.5
vertex -27.633895874023438 -2.1854660511016846 -0.5
vertex -19.332483291625977 5.392618656158447 -0.5
endloop
endfacet
facet normal 0 0 1
outer loop
vertex -23.41005516052246 5.130491256713867 -0.5
vertex -19.332483291625977 5.392618656158447 -0.5
vertex -22.787017822265625 5.479799270629883 -0.5
endloop
endfacet
facet normal 0 0 1
outer loop
vertex -21.961496353149414 -4.816592216491699 -0.5
vertex -19.59400749206543 -4.816592216491699 -0.5
vertex -18.59400749206543 4.635271072387695 -0.5
endloop
endfacet
facet normal 0 0 1
outer loop
vertex -18.59400749206543 4.635271072387695 -0.5
vertex -19.332483291625977 5.392618656158447 -0.5
vertex -24.771902084350586 -3.4019951820373535 -0.5
endloop
endfacet
facet normal 0 0 1
outer loop
vertex 19.40599250793457 9.093225479125977 -0.5
vertex 16.92365264892578 12.988774299621582 -0.5
vertex 16.901094436645508 12.904587745666504 -0.5
endloop
endfacet
facet normal 0 0 1
outer loop
vertex 19.40599250793457 9.093225479125977 -0.5
vertex 16.93096923828125 13.072421073913574 -0.5
vertex 16.92365264892578 12.988774299621582 -0.5
endloop
endfacet
facet normal 0 0 1
outer loop
vertex 19.40599250793457 9.093225479125977 -0.5
vertex 16.901094436645508 12.904587745666504 -0.5
vertex 16.864261627197266 12.825597763061523 -0.5
endloop
endfacet
facet normal 0 0 1
outer loop
vertex 19.40599250793457 9.093225479125977 -0.5
vertex 16.864261627197266 12.825597763061523 -0.5
vertex 16.81427001953125 12.754203796386719 -0.5
endloop
endfacet
facet normal 0 0 1
outer loop
vertex 19.40599250793457 9.093225479125977 -0.5
vertex 16.81427001953125 12.754203796386719 -0.5
vertex 16.783676147460938 12.720922470092773 -0.5
endloop
endfacet
facet normal 0 0 1
outer loop
vertex 19.40599250793457 9.093225479125977 -0.5
vertex 16.783676147460938 12.720922470092773 -0.5
vertex 15.02731990814209 10.978375434875488 -0.5
endloop
endfacet
facet normal 0 0 1
outer loop
vertex 19.40599250793457 9.093225479125977 -0.5
vertex 15.02731990814209 10.978375434875488 -0.5
vertex 14.997625350952148 10.948680877685547 -0.5
endloop
endfacet
facet normal 0 0 1
outer loop
vertex 18.64447021484375 8.331703186035156 -0.5
vertex 19.40599250793457 9.093225479125977 -0.5
vertex 14.997625350952148 10.948680877685547 -0.5
endloop
endfacet
facet normal 0 0 1
outer loop
vertex 18.64447021484375 8.331703186035156 -0.5
vertex 14.763054847717285 10.839299201965332 -0.5
vertex 14.676231384277344 10.831703186035156 -0.5
endloop
endfacet
facet normal 0 0 1
outer loop
vertex 18.64447021484375 8.331703186035156 -0.5
vertex 14.847241401672363 10.861856460571289 -0.5
vertex 14.763054847717285 10.839299201965332 -0.5
endloop
endfacet
facet normal 0 0 1
outer loop
vertex 18.64447021484375 8.331703186035156 -0.5
vertex 14.926231384277344 10.898690223693848 -0.5
vertex 14.847241401672363 10.861856460571289 -0.5
endloop
endfacet
facet normal 0 0 1
outer loop
vertex 18.64447021484375 8.331703186035156 -0.5
vertex 14.997625350952148 10.948680877685547 -0.5
vertex 14.926231384277344 10.898690223693848 -0.5
endloop
endfacet
facet normal 0 0 1
outer loop
vertex 14.676231384277344 10.831703186035156 -0.5
vertex 6.567514419555664 8.331703186035156 -0.5
vertex 18.64447021484375 8.331703186035156 -0.5
endloop
endfacet
facet normal 0 0 1
outer loop
vertex 14.676231384277344 10.831703186035156 -0.5
vertex 10.563350677490234 10.831703186035156 -0.5
vertex 6.567514419555664 8.331703186035156 -0.5
endloop
endfacet
facet normal 0 0 1
outer loop
vertex -16.69767951965332 16.756698608398438 -0.5
vertex -15.947124481201172 15.456703186035156 -0.5
vertex -11.970273971557617 19.366464614868164 -0.5
endloop
endfacet
facet normal 0 0 1
outer loop
vertex -16.69767951965332 16.756698608398438 -0.5
vertex -11.970273971557617 19.366464614868164 -0.5
vertex -14.791207313537598 20.0588321685791 -0.5
endloop
endfacet
facet normal 0 0 1
outer loop
vertex -12.143136978149414 19.648761749267578 -0.5
vertex -14.75485897064209 20.334924697875977 -0.5
vertex -14.791207313537598 20.0588321685791 -0.5
endloop
endfacet
facet normal 0 0 1
outer loop
vertex -10.188379287719727 17.955734252929688 -0.5
vertex -10.267369270324707 17.992568969726562 -0.5
vertex -15.947124481201172 15.456703186035156 -0.5
endloop
endfacet
facet normal 0 0 1
outer loop
vertex -10.104193687438965 17.933177947998047 -0.5
vertex -10.188379287719727 17.955734252929688 -0.5
vertex -15.947124481201172 15.456703186035156 -0.5
endloop
endfacet
facet normal 0 0 1
outer loop
vertex -10.01999568939209 17.925811767578125 -0.5
vertex -10.104193687438965 17.933177947998047 -0.5
vertex -15.947124481201172 15.456703186035156 -0.5
endloop
endfacet
facet normal 0 0 1
outer loop
vertex -15.947124481201172 15.456703186035156 -0.5
vertex -10.331896781921387 18.037750244140625 -0.5
vertex -11.970273971557617 19.366464614868164 -0.5
endloop
endfacet
facet normal 0 0 1
outer loop
vertex 8.305992126464844 14.190169334411621 -0.5
vertex 7.970486164093018 15.059260368347168 -0.5
vertex 5.8059916496276855 13.72436809539795 -0.5
endloop
endfacet
facet normal 0 0 1
outer loop
vertex 10.211143493652344 10.97949504852295 -0.5
vertex 8.453783988952637 12.73685359954834 -0.5
vertex 6.567514419555664 8.331703186035156 -0.5
endloop
endfacet
facet normal 0 0 1
outer loop
vertex -12.125593185424805 19.583284378051758 -0.5
vertex -12.143136978149414 19.648761749267578 -0.5
vertex -14.791207313537598 20.0588321685791 -0.5
endloop
endfacet
facet normal 0 0 1
outer loop
vertex 10.241957664489746 10.948680877685547 -0.5
vertex 10.211143493652344 10.97949504852295 -0.5
vertex 6.567514419555664 8.331703186035156 -0.5
endloop
endfacet
facet normal 0 0 1
outer loop
vertex 10.563350677490234 10.831703186035156 -0.5
vertex 10.476527214050293 10.839299201965332 -0.5
vertex 6.567514419555664 8.331703186035156 -0.5
endloop
endfacet
facet normal 0 0 1
outer loop
vertex 10.476527214050293 10.839299201965332 -0.5
vertex 10.392340660095215 10.861856460571289 -0.5
vertex 6.567514419555664 8.331703186035156 -0.5
endloop
endfacet
facet normal 0 0 1
outer loop
vertex 10.392340660095215 10.861856460571289 -0.5
vertex 10.313350677490234 10.898690223693848 -0.5
vertex 6.567514419555664 8.331703186035156 -0.5
endloop
endfacet
facet normal 0 0 1
outer loop
vertex 10.313350677490234 10.898690223693848 -0.5
vertex 10.241957664489746 10.948680877685547 -0.5
vertex 6.567514419555664 8.331703186035156 -0.5
endloop
endfacet
facet normal 0 0 1
outer loop
vertex 8.422969818115234 12.767667770385742 -0.5
vertex 5.8059916496276855 13.72436809539795 -0.5
vertex 5.8059916496276855 9.093225479125977 -0.5
endloop
endfacet
facet normal 0 0 1
outer loop
vertex 8.453783988952637 12.73685359954834 -0.5
vertex 8.422969818115234 12.767667770385742 -0.5
vertex 6.567514419555664 8.331703186035156 -0.5
endloop
endfacet
facet normal 0 0 1
outer loop
vertex 5.8059916496276855 9.093225479125977 -0.5
vertex 6.567514419555664 8.331703186035156 -0.5
vertex 8.422969818115234 12.767667770385742 -0.5
endloop
endfacet
facet normal 0 0 1
outer loop
vertex -12.088759422302246 19.504295349121094 -0.5
vertex -12.125593185424805 19.583284378051758 -0.5
vertex -14.791207313537598 20.0588321685791 -0.5
endloop
endfacet
facet normal 0 0 1
outer loop
vertex -12.038768768310547 19.43290138244629 -0.5
vertex -12.088759422302246 19.504295349121094 -0.5
vertex -14.791207313537598 20.0588321685791 -0.5
endloop
endfacet
facet normal 0 0 1
outer loop
vertex -11.970273971557617 19.366464614868164 -0.5
vertex -12.038768768310547 19.43290138244629 -0.5
vertex -14.791207313537598 20.0588321685791 -0.5
endloop
endfacet
facet normal 0 0 1
outer loop
vertex -12.923434257507324 23.246252059936523 -0.5
vertex -29.768301010131836 30.706222534179688 -0.5
vertex -15.425284385681152 22.425235748291016 -0.5
endloop
endfacet
facet normal 0 0 1
outer loop
vertex -13.539264678955078 24.096139907836914 -0.5
vertex -29.768301010131836 30.706222534179688 -0.5
vertex -12.923434257507324 23.246252059936523 -0.5
endloop
endfacet
facet normal 0 0 1
outer loop
vertex -12.143136978149414 19.648761749267578 -0.5
vertex -15.255758285522461 22.20430564880371 -0.5
vertex -14.75485897064209 20.334924697875977 -0.5
endloop
endfacet
facet normal 0 0 1
outer loop
vertex -12.143136978149414 19.648761749267578 -0.5
vertex -12.923434257507324 23.246252059936523 -0.5
vertex -15.255758285522461 22.20430564880371 -0.5
endloop
endfacet
facet normal 0 0 1
outer loop
vertex -12.923434257507324 23.246252059936523 -0.5
vertex -15.425284385681152 22.425235748291016 -0.5
vertex -15.255758285522461 22.20430564880371 -0.5
endloop
endfacet
facet normal 0 0 1
outer loop
vertex -19.59400749206543 -40.708412170410156 -0.5
vertex -19.59400749206543 -61.208412170410156 -0.5
vertex -18.59400749206543 -58.65824508666992 -0.5
endloop
endfacet
facet normal 0 0 1
outer loop
vertex 19.40599250793457 9.093225479125977 -0.5
vertex 17.015947341918945 26.397293090820312 -0.5
vertex 16.93096923828125 13.072421073913574 -0.5
endloop
endfacet
facet normal 0 0 1
outer loop
vertex -66.58368682861328 57.348812103271484 -0.5
vertex -76.895263671875 39.630985260009766 -0.5
vertex -81.85327911376953 29.12382698059082 -0.5
endloop
endfacet
facet normal 0 0 1
outer loop
vertex -17.294008255004883 -59.3682975769043 -0.5
vertex -14.462675094604492 -61.38974380493164 -0.5
vertex -14.300463676452637 -61.28135681152344 -0.5
endloop
endfacet
facet normal 0 0 1
outer loop
vertex -17.294008255004883 -59.3682975769043 -0.5
vertex -14.571062088012695 -61.55195617675781 -0.5
vertex -14.462675094604492 -61.38974380493164 -0.5
endloop
endfacet
facet normal 0 0 1
outer loop
vertex -17.294008255004883 -59.3682975769043 -0.5
vertex -14.609122276306152 -61.7432975769043 -0.5
vertex -14.571062088012695 -61.55195617675781 -0.5
endloop
endfacet
facet normal 0 0 1
outer loop
vertex -17.294008255004883 -59.3682975769043 -0.5
vertex -14.609122276306152 -62.7432975769043 -0.5
vertex -14.609122276306152 -61.7432975769043 -0.5
endloop
endfacet
facet normal 0 0 1
outer loop
vertex -17.509666442871094 -63.94329833984375 -0.5
vertex -13.109122276306152 -63.94329833984375 -0.5
vertex -9.009121894836426 -63.2432975769043 -0.5
endloop
endfacet
facet normal 0 0 1
outer loop
vertex -13.109122276306152 -63.94329833984375 -0.5
vertex -12.609122276306152 -64.87149810791016 -0.5
vertex -9.009121894836426 -63.2432975769043 -0.5
endloop
endfacet
facet normal 0 0 1
outer loop
vertex -12.609122276306152 -64.87149810791016 -0.5
vertex -11.345282554626465 -65.4608383178711 -0.5
vertex -9.009121894836426 -65.9083023071289 -0.5
endloop
endfacet
facet normal 0 0 1
outer loop
vertex 4.869550704956055 17.84733772277832 -0.5
vertex -10.01999568939209 17.925811767578125 -0.5
vertex -15.947124481201172 15.456703186035156 -0.5
endloop
endfacet
facet normal 0 0 1
outer loop
vertex -13.109122276306152 -63.94329833984375 -0.5
vertex -13.109122276306152 -64.52140045166016 -0.5
vertex -12.609122276306152 -64.87149810791016 -0.5
endloop
endfacet
facet normal 0 0 1
outer loop
vertex 4.869550704956055 17.84733772277832 -0.5
vertex -15.947124481201172 15.456703186035156 -0.5
vertex 4.073657512664795 15.456703186035156 -0.5
endloop
endfacet
facet normal 0 0 1
outer loop
vertex -27.7037410736084 37.7581787109375 -0.5
vertex -64.2686996459961 56.11566162109375 -0.5
vertex -29.579586029052734 36.07685470581055 -0.5
endloop
endfacet
facet normal 0 0 1
outer loop
vertex -30.051969528198242 31.732879638671875 -0.5
vertex -29.768301010131836 30.706222534179688 -0.5
vertex -25.59267807006836 31.238149642944336 -0.5
endloop
endfacet
facet normal 0 0 1
outer loop
vertex -29.768301010131836 30.706222534179688 -0.5
vertex -25.477901458740234 31.098356246948242 -0.5
vertex -25.53952980041504 31.159984588623047 -0.5
endloop
endfacet
facet normal 0 0 1
outer loop
vertex 72.22110748291016 -63.2432975769043 -0.5
vertex 73.21028900146484 -65.82176208496094 -0.5
vertex 74.55726623535156 -65.4608383178711 -0.5
endloop
endfacet
facet normal 0 0 1
outer loop
vertex -17.509666442871094 -63.94329833984375 -0.5
vertex -9.009121894836426 -63.2432975769043 -0.5
vertex -14.300463676452637 -63.205238342285156 -0.5
endloop
endfacet
facet normal 0 0 1
outer loop
vertex -17.509666442871094 -63.94329833984375 -0.5
vertex -14.571062088012695 -62.93463897705078 -0.5
vertex -14.609122276306152 -62.7432975769043 -0.5
endloop
endfacet
facet normal 0 0 1
outer loop
vertex -17.509666442871094 -63.94329833984375 -0.5
vertex -14.300463676452637 -63.205238342285156 -0.5
vertex -14.462675094604492 -63.09685134887695 -0.5
endloop
endfacet
facet normal 0 0 1
outer loop
vertex -17.509666442871094 -63.94329833984375 -0.5
vertex -14.462675094604492 -63.09685134887695 -0.5
vertex -14.571062088012695 -62.93463897705078 -0.5
endloop
endfacet
facet normal 0 0 1
outer loop
vertex -29.768301010131836 30.706222534179688 -0.5
vertex -25.53952980041504 31.159984588623047 -0.5
vertex -25.59267807006836 31.238149642944336 -0.5
endloop
endfacet
facet normal 0 0 1
outer loop
vertex 72.22110748291016 -63.2432975769043 -0.5
vertex 72.22110748291016 -65.9083023071289 -0.5
vertex 73.21028900146484 -65.82176208496094 -0.5
endloop
endfacet
facet normal 0 0 1
outer loop
vertex -29.768301010131836 30.706222534179688 -0.5
vertex -25.40911293029785 31.050189971923828 -0.5
vertex -25.477901458740234 31.098356246948242 -0.5
endloop
endfacet
facet normal 0 0 1
outer loop
vertex -19.332483291625977 5.392618656158447 -0.5
vertex -26.81673240661621 -4.68817663192749 -0.5
vertex -25.15089988708496 -3.4886467456817627 -0.5
endloop
endfacet
facet normal 0 0 1
outer loop
vertex 82.80599212646484 -11.380583763122559 -0.5
vertex 82.80599212646484 9.119416236877441 -0.5
vertex 81.80599212646484 14.694483757019043 -0.5
endloop
endfacet
facet normal 0 0 1
outer loop
vertex -19.332483291625977 5.392618656158447 -0.5
vertex -29.927940368652344 -5.361691951751709 -0.5
vertex -26.81673240661621 -4.68817663192749 -0.5
endloop
endfacet
facet normal 0 0 1
outer loop
vertex 67.82110595703125 -64.87149810791016 -0.5
vertex 71.42110443115234 -65.9083023071289 -0.5
vertex 71.42110443115234 -63.2432975769043 -0.5
endloop
endfacet
facet normal 0 0 1
outer loop
vertex 67.82110595703125 -64.87149810791016 -0.5
vertex 69.08494567871094 -65.4608383178711 -0.5
vertex 71.42110443115234 -65.9083023071289 -0.5
endloop
endfacet
facet normal 0 0 1
outer loop
vertex -28.90147590637207 34.01390838623047 -0.5
vertex -28.934276580810547 33.740264892578125 -0.5
vertex -26.451921463012695 32.92129135131836 -0.5
endloop
endfacet
facet normal 0 0 1
outer loop
vertex -30.051969528198242 31.732879638671875 -0.5
vertex -25.59267807006836 31.238149642944336 -0.5
vertex -26.389114379882812 32.666351318359375 -0.5
endloop
endfacet
facet normal 0 0 1
outer loop
vertex -30.051969528198242 31.732879638671875 -0.5
vertex -26.389114379882812 32.666351318359375 -0.5
vertex -26.422792434692383 32.73857116699219 -0.5
endloop
endfacet
facet normal 0 0 1
outer loop
vertex -26.422792434692383 32.73857116699219 -0.5
vertex -26.451921463012695 32.92129135131836 -0.5
vertex -30.051969528198242 31.732879638671875 -0.5
endloop
endfacet
facet normal 0 0 1
outer loop
vertex -28.90147590637207 34.01390838623047 -0.5
vertex -26.451921463012695 32.92129135131836 -0.5
vertex -26.427749633789062 33.98905944824219 -0.5
endloop
endfacet
facet normal 0 0 1
outer loop
vertex -29.41099739074707 35.85882568359375 -0.5
vertex -28.90147590637207 34.01390838623047 -0.5
vertex -26.427749633789062 33.98905944824219 -0.5
endloop
endfacet
facet normal 0 0 1
outer loop
vertex -18.42852020263672 -63.56269454956055 -0.5
vertex -17.294008255004883 -59.3682975769043 -0.5
vertex -17.294008255004883 -59.06829833984375 -0.5
endloop
endfacet
facet normal 0 0 1
outer loop
vertex 53.091976165771484 29.97431755065918 -0.5
vertex 52.7422981262207 29.831703186035156 -0.5
vertex 56.64447021484375 27.331703186035156 -0.5
endloop
endfacet
facet normal 0 0 1
outer loop
vertex 53.091976165771484 29.97431755065918 -0.5
vertex 56.64447021484375 27.331703186035156 -0.5
vertex 54.83975601196289 31.687030792236328 -0.5
endloop
endfacet
facet normal 0 0 1
outer loop
vertex -18.183958053588867 -59.06829833984375 -0.5
vertex -18.59400749206543 -58.65824508666992 -0.5
vertex -18.42852020263672 -63.56269454956055 -0.5
endloop
endfacet
facet normal 0 0 1
outer loop
vertex -18.183958053588867 -59.06829833984375 -0.5
vertex -18.42852020263672 -63.56269454956055 -0.5
vertex -17.294008255004883 -59.06829833984375 -0.5
endloop
endfacet
facet normal 0 0 1
outer loop
vertex -18.42852020263672 -63.56269454956055 -0.5
vertex -18.59400749206543 -58.65824508666992 -0.5
vertex -19.59400749206543 -61.208412170410156 -0.5
endloop
endfacet
facet normal 0 0 1
outer loop
vertex 56.64447021484375 27.331703186035156 -0.5
vertex 57.40599060058594 28.093225479125977 -0.5
vertex 54.83975601196289 31.687030792236328 -0.5
endloop
endfacet
facet normal 0 0 1
outer loop
vertex 57.40599060058594 28.093225479125977 -0.5
vertex 54.924400329589844 31.79307746887207 -0.5
vertex 54.87440872192383 31.721683502197266 -0.5
endloop
endfacet
facet normal 0 0 1
outer loop
vertex 57.40599060058594 28.093225479125977 -0.5
vertex 54.87440872192383 31.721683502197266 -0.5
vertex 54.83975601196289 31.687030792236328 -0.5
endloop
endfacet
facet normal 0 0 1
outer loop
vertex 57.40599060058594 28.093225479125977 -0.5
vertex 54.99043655395508 32.032196044921875 -0.5
vertex 54.98379135131836 31.956253051757812 -0.5
endloop
endfacet
facet normal 0 0 1
outer loop
vertex 57.40599060058594 28.093225479125977 -0.5
vertex 54.98379135131836 31.956253051757812 -0.5
vertex 54.96123123168945 31.872066497802734 -0.5
endloop
endfacet
facet normal 0 0 1
outer loop
vertex 57.40599060058594 28.093225479125977 -0.5
vertex 54.96123123168945 31.872066497802734 -0.5
vertex 54.924400329589844 31.79307746887207 -0.5
endloop
endfacet
facet normal 0 0 1
outer loop
vertex 57.40599060058594 28.093225479125977 -0.5
vertex 55.02437210083008 33.55070877075195 -0.5
vertex 54.99043655395508 32.032196044921875 -0.5
endloop
endfacet
facet normal 0 0 1
outer loop
vertex 57.40599060058594 28.093225479125977 -0.5
vertex 57.40599060058594 32.724369049072266 -0.5
vertex 55.02437210083008 33.55070877075195 -0.5
endloop
endfacet
facet normal 0 0 1
outer loop
vertex -19.59400749206543 -61.208412170410156 -0.5
vertex -20.742151260375977 -61.208412170410156 -0.5
vertex -20.71340560913086 -61.277809143066406 -0.5
endloop
endfacet
facet normal 0 0 1
outer loop
vertex 20.705991744995117 -59.3682975769043 -0.5
vertex -2.9177801609039307 -61.28135681152344 -0.5
vertex -2.755568504333496 -61.38974380493164 -0.5
endloop
endfacet
facet normal 0 0 1
outer loop
vertex 20.705991744995117 -59.3682975769043 -0.5
vertex -2.755568504333496 -61.38974380493164 -0.5
vertex 3.860736608505249 -63.94329833984375 -0.5
endloop
endfacet
facet normal 0 0 1
outer loop
vertex 82.80599212646484 -15.7944974899292 -0.5
vertex 81.80599212646484 14.694483757019043 -0.5
vertex 81.80599212646484 -25.198455810546875 -0.5
endloop
endfacet
facet normal 0 0 1
outer loop
vertex -17.294008255004883 -59.3682975769043 -0.5
vertex -17.509666442871094 -63.94329833984375 -0.5
vertex -14.609122276306152 -62.7432975769043 -0.5
endloop
endfacet
facet normal 0 0 1
outer loop
vertex -17.294008255004883 -59.3682975769043 -0.5
vertex -18.42852020263672 -63.56269454956055 -0.5
vertex -17.509666442871094 -63.94329833984375 -0.5
endloop
endfacet
facet normal 0 0 1
outer loop
vertex -18.42852020263672 -63.56269454956055 -0.5
vertex -19.59400749206543 -61.208412170410156 -0.5
vertex -20.71340560913086 -61.277809143066406 -0.5
endloop
endfacet
facet normal 0 0 1
outer loop
vertex -29.41099739074707 35.85882568359375 -0.5
vertex -26.427749633789062 33.98905944824219 -0.5
vertex -27.086530685424805 36.916709899902344 -0.5
endloop
endfacet
facet normal 0 0 1
outer loop
vertex -29.768301010131836 30.706222534179688 -0.5
vertex -13.539264678955078 24.096139907836914 -0.5
vertex -25.40911293029785 31.050189971923828 -0.5
endloop
endfacet
facet normal 0 0 1
outer loop
vertex -29.41099739074707 35.85882568359375 -0.5
vertex -27.086530685424805 36.916709899902344 -0.5
vertex -29.579586029052734 36.07685470581055 -0.5
endloop
endfacet
facet normal 0 0 1
outer loop
vertex -27.086530685424805 36.916709899902344 -0.5
vertex -27.7037410736084 37.7581787109375 -0.5
vertex -29.579586029052734 36.07685470581055 -0.5
endloop
endfacet
facet normal 0 0 1
outer loop
vertex 59.13832473754883 34.456703186035156 -0.5
vertex 80.86913299560547 36.84745788574219 -0.5
vertex 58.68185043334961 36.95903015136719 -0.5
endloop
endfacet
facet normal 0 0 1
outer loop
vertex 20.705991744995117 -59.3682975769043 -0.5
vertex 3.860736608505249 -63.94329833984375 -0.5
vertex 67.32110595703125 -63.94329833984375 -0.5
endloop
endfacet
facet normal 0 0 1
outer loop
vertex 21.13832664489746 27.331703186035156 -0.5
vertex 52.7422981262207 29.831703186035156 -0.5
vertex 20.67252540588379 29.831703186035156 -0.5
endloop
endfacet
facet normal 0 0 1
outer loop
vertex 20.881046295166016 27.225133895874023 -0.5
vertex 21.13832664489746 27.331703186035156 -0.5
vertex 20.67252540588379 29.831703186035156 -0.5
endloop
endfacet
facet normal 0 0 1
outer loop
vertex 20.881046295166016 27.225133895874023 -0.5
vertex 20.67252540588379 29.831703186035156 -0.5
vertex 19.803434371948242 29.496196746826172 -0.5
endloop
endfacet
facet normal 0 0 1
outer loop
vertex 19.51255989074707 25.856647491455078 -0.5
vertex 20.881046295166016 27.225133895874023 -0.5
vertex 19.803434371948242 29.496196746826172 -0.5
endloop
endfacet
facet normal 0 0 1
outer loop
vertex 57.40599060058594 32.724369049072266 -0.5
vertex 55.45151138305664 34.487300872802734 -0.5
vertex 55.02437210083008 33.55070877075195 -0.5
endloop
endfacet
facet normal 0 0 1
outer loop
vertex 57.40599060058594 32.724369049072266 -0.5
vertex 57.5125617980957 32.98164749145508 -0.5
vertex 55.45151138305664 34.487300872802734 -0.5
endloop
endfacet
facet normal 0 0 1
outer loop
vertex 57.5125617980957 32.98164749145508 -0.5
vertex 57.805843353271484 36.623382568359375 -0.5
vertex 55.45151138305664 34.487300872802734 -0.5
endloop
endfacet
facet normal 0 0 1
outer loop
vertex 19.51255989074707 25.856647491455078 -0.5
vertex 19.803434371948242 29.496196746826172 -0.5
vertex 17.444055557250977 27.35553741455078 -0.5
endloop
endfacet
facet normal 0 0 1
outer loop
vertex 19.40599250793457 25.599369049072266 -0.5
vertex 19.51255989074707 25.856647491455078 -0.5
vertex 17.444055557250977 27.35553741455078 -0.5
endloop
endfacet
facet normal 0 0 1
outer loop
vertex 57.805843353271484 36.623382568359375 -0.5
vertex 57.5125617980957 32.98164749145508 -0.5
vertex 58.881046295166016 34.350135803222656 -0.5
endloop
endfacet
facet normal 0 0 1
outer loop
vertex 19.40599250793457 25.599369049072266 -0.5
vertex 17.444055557250977 27.35553741455078 -0.5
vertex 17.015947341918945 26.397293090820312 -0.5
endloop
endfacet
facet normal 0 0 1
outer loop
vertex -83.72058868408203 25.93372917175293 -0.5
vertex -83.09941864013672 25.080455780029297 -0.5
vertex -81.2193374633789 26.757522583007812 -0.5
endloop
endfacet
facet normal 0 0 1
outer loop
vertex 58.68185043334961 36.95903015136719 -0.5
vertex 58.881046295166016 34.350135803222656 -0.5
vertex 59.13832473754883 34.456703186035156 -0.5
endloop
endfacet
facet normal 0 0 1
outer loop
vertex -84.39570617675781 29.05229377746582 -0.5
vertex -83.72058868408203 25.93372917175293 -0.5
vertex -81.38883972167969 26.978452682495117 -0.5
endloop
endfacet
facet normal 0 0 1
outer loop
vertex -83.72058868408203 25.93372917175293 -0.5
vertex -81.2193374633789 26.757522583007812 -0.5
vertex -81.38883972167969 26.978452682495117 -0.5
endloop
endfacet
facet normal 0 0 1
outer loop
vertex -83.09941864013672 25.080455780029297 -0.5
vertex -30.000473022460938 -2.8194851875305176 -0.5
vertex -81.2193374633789 26.757522583007812 -0.5
endloop
endfacet
facet normal 0 0 1
outer loop
vertex -30.000473022460938 -2.8194851875305176 -0.5
vertex -83.09941864013672 25.080455780029297 -0.5
vertex -30.850553512573242 -5.216450214385986 -0.5
endloop
endfacet
facet normal 0 0 1
outer loop
vertex -84.39570617675781 29.05229377746582 -0.5
vertex -81.38883972167969 26.978452682495117 -0.5
vertex -81.88963317871094 28.847747802734375 -0.5
endloop
endfacet
facet normal 0 0 1
outer loop
vertex -84.24940490722656 29.976831436157227 -0.5
vertex -84.39570617675781 29.05229377746582 -0.5
vertex -81.88963317871094 28.847747802734375 -0.5
endloop
endfacet
facet normal 0 0 1
outer loop
vertex 58.68185043334961 36.95903015136719 -0.5
vertex 57.805843353271484 36.623382568359375 -0.5
vertex 58.881046295166016 34.350135803222656 -0.5
endloop
endfacet
facet normal 0 0 1
outer loop
vertex 19.40599250793457 9.093225479125977 -0.5
vertex 19.40599250793457 25.599369049072266 -0.5
vertex 17.015947341918945 26.397293090820312 -0.5
endloop
endfacet
facet normal 0 0 1
outer loop
vertex 81.70599365234375 -59.3682975769043 -0.5
vertex 80.72164916992188 -63.94329833984375 -0.5
vertex 81.6405029296875 -63.56269454956055 -0.5
endloop
endfacet
facet normal 0 0 1
outer loop
vertex -84.24940490722656 29.976831436157227 -0.5
vertex -81.88963317871094 28.847747802734375 -0.5
vertex -81.85327911376953 29.12382698059082 -0.5
endloop
endfacet
facet normal 0 0 1
outer loop
vertex -84.24940490722656 29.976831436157227 -0.5
vertex -81.85327911376953 29.12382698059082 -0.5
vertex -78.19168853759766 40.38549041748047 -0.5
endloop
endfacet
facet normal 0 0 1
outer loop
vertex -76.895263671875 39.630985260009766 -0.5
vertex -78.19168853759766 40.38549041748047 -0.5
vertex -81.85327911376953 29.12382698059082 -0.5
endloop
endfacet
facet normal 0 0 1
outer loop
vertex 81.6405029296875 -63.56269454956055 -0.5
vertex 83.9253921508789 -61.277809143066406 -0.5
vertex 83.95413208007812 -61.208412170410156 -0.5
endloop
endfacet
facet normal 0 0 1
outer loop
vertex 81.70599365234375 -59.3682975769043 -0.5
vertex 77.78304290771484 -61.55195617675781 -0.5
vertex 80.72164916992188 -63.94329833984375 -0.5
endloop
endfacet
facet normal 0 0 1
outer loop
vertex 81.6405029296875 -63.56269454956055 -0.5
vertex 82.80599212646484 -61.208412170410156 -0.5
vertex 81.70599365234375 -59.3682975769043 -0.5
endloop
endfacet
facet normal 0 0 1
outer loop
vertex 81.70599365234375 -59.3682975769043 -0.5
vertex 82.80599212646484 -61.208412170410156 -0.5
vertex 81.70599365234375 -59.06829833984375 -0.5
endloop
endfacet
facet normal 0 0 1
outer loop
vertex 84.30599212646484 -11.380583763122559 -0.5
vertex 82.80599212646484 -11.380583763122559 -0.5
vertex 84.30599212646484 -15.7944974899292 -0.5
endloop
endfacet
facet normal 0 0 1
outer loop
vertex 82.80599212646484 -61.208412170410156 -0.5
vertex 81.6405029296875 -63.56269454956055 -0.5
vertex 83.95413208007812 -61.208412170410156 -0.5
endloop
endfacet
facet normal 0 0 1
outer loop
vertex 20.705991744995117 -59.3682975769043 -0.5
vertex 67.32110595703125 -63.94329833984375 -0.5
vertex 66.1297607421875 -63.205238342285156 -0.5
endloop
endfacet
facet normal 0 0 1
outer loop
vertex 65.9675521850586 -63.09685134887695 -0.5
vertex 20.705991744995117 -59.3682975769043 -0.5
vertex 66.1297607421875 -63.205238342285156 -0.5
endloop
endfacet
facet normal 0 0 1
outer loop
vertex 82.80599212646484 -61.208412170410156 -0.5
vertex 81.99594116210938 -59.06829833984375 -0.5
vertex 81.70599365234375 -59.06829833984375 -0.5
endloop
endfacet
facet normal 0 0 1
outer loop
vertex 82.80599212646484 -61.208412170410156 -0.5
vertex 82.40599060058594 -58.65824508666992 -0.5
vertex 81.99594116210938 -59.06829833984375 -0.5
endloop
endfacet
facet normal 0 0 1
outer loop
vertex 65.9675521850586 -63.09685134887695 -0.5
vertex 65.85916900634766 -62.93463897705078 -0.5
vertex 20.705991744995117 -59.3682975769043 -0.5
endloop
endfacet
facet normal 0 0 1
outer loop
vertex 65.85916900634766 -62.93463897705078 -0.5
vertex 65.82110595703125 -62.7432975769043 -0.5
vertex 20.705991744995117 -59.3682975769043 -0.5
endloop
endfacet
facet normal 0 0 1
outer loop
vertex 82.40599060058594 -58.65824508666992 -0.5
vertex 82.80599212646484 -61.208412170410156 -0.5
vertex 82.80599212646484 -40.708412170410156 -0.5
endloop
endfacet
facet normal 0 0 1
outer loop
vertex 82.80599212646484 -15.7944974899292 -0.5
vertex 84.30599212646484 -15.7944974899292 -0.5
vertex 82.80599212646484 -11.380583763122559 -0.5
endloop
endfacet
facet normal 0 0 1
outer loop
vertex 65.82110595703125 -62.7432975769043 -0.5
vertex 65.82110595703125 -61.7432975769043 -0.5
vertex 20.705991744995117 -59.3682975769043 -0.5
endloop
endfacet
facet normal 0 0 1
outer loop
vertex 59.13832473754883 34.456703186035156 -0.5
vertex 80.07365417480469 34.456703186035156 -0.5
vertex 80.86913299560547 36.84745788574219 -0.5
endloop
endfacet
facet normal 0 0 1
outer loop
vertex 82.40599060058594 -58.65824508666992 -0.5
vertex 82.80599212646484 -40.708412170410156 -0.5
vertex 82.40599060058594 -26.07834815979004 -0.5
endloop
endfacet
facet normal 0 0 1
outer loop
vertex 65.82110595703125 -61.7432975769043 -0.5
vertex 65.85916900634766 -61.55195617675781 -0.5
vertex 20.705991744995117 -59.3682975769043 -0.5
endloop
endfacet
facet normal 0 0 1
outer loop
vertex 65.9675521850586 -61.38974380493164 -0.5
vertex 66.1297607421875 -61.28135681152344 -0.5
vertex 20.705991744995117 -59.3682975769043 -0.5
endloop
endfacet
facet normal 0 0 1
outer loop
vertex 82.80599212646484 -40.708412170410156 -0.5
vertex 84.30599212646484 -40.708412170410156 -0.5
vertex 82.80599212646484 -36.294498443603516 -0.5
endloop
endfacet
facet normal 0 0 1
outer loop
vertex 84.30599212646484 -36.294498443603516 -0.5
vertex 82.80599212646484 -36.294498443603516 -0.5
vertex 84.30599212646484 -40.708412170410156 -0.5
endloop
endfacet
facet normal 0 0 1
outer loop
vertex 65.85916900634766 -61.55195617675781 -0.5
vertex 65.9675521850586 -61.38974380493164 -0.5
vertex 20.705991744995117 -59.3682975769043 -0.5
endloop
endfacet
facet normal 0 0 1
outer loop
vertex 82.80599212646484 -15.7944974899292 -0.5
vertex 81.80599212646484 -25.198455810546875 -0.5
vertex 82.00390625 -25.67626190185547 -0.5
endloop
endfacet
facet normal 0 0 1
outer loop
vertex 82.80599212646484 -40.708412170410156 -0.5
vertex 82.80599212646484 -36.294498443603516 -0.5
vertex 82.40599060058594 -26.07834815979004 -0.5
endloop
endfacet
facet normal 0 0 1
outer loop
vertex 82.80599212646484 -15.7944974899292 -0.5
vertex 82.00390625 -25.67626190185547 -0.5
vertex 82.40599060058594 -26.07834815979004 -0.5
endloop
endfacet
facet normal 0 0 1
outer loop
vertex 82.80599212646484 -36.294498443603516 -0.5
vertex 82.80599212646484 -15.7944974899292 -0.5
vertex 82.40599060058594 -26.07834815979004 -0.5
endloop
endfacet
facet normal 0 0 1
outer loop
vertex 66.1297607421875 -61.28135681152344 -0.5
vertex 66.32110595703125 -61.2432975769043 -0.5
vertex 20.705991744995117 -59.3682975769043 -0.5
endloop
endfacet
facet normal 0 0 1
outer loop
vertex 69.08494567871094 -65.4608383178711 -0.5
vertex 70.43192291259766 -65.82176208496094 -0.5
vertex 71.42110443115234 -65.9083023071289 -0.5
endloop
endfacet
facet normal 0 -1 0
outer loop
vertex 82.80599212646484 -40.708412170410156 -0.5
vertex 84.80599212646484 -40.708412170410156 -1
vertex 84.30599212646484 -40.708412170410156 -0.5
endloop
endfacet
facet normal 0 0 1
outer loop
vertex 82.80599212646484 -61.208412170410156 -1
vertex 84.49533081054688 -61.208412170410156 -1
vertex 84.80599212646484 -60.458412170410156 -1
endloop
endfacet
facet normal 0 -1 0
outer loop
vertex 82.80599212646484 -40.708412170410156 -1
vertex 84.80599212646484 -40.708412170410156 -1
vertex 82.80599212646484 -40.708412170410156 -0.5
endloop
endfacet
facet normal 1 0 0
outer loop
vertex 82.80599212646484 -61.208412170410156 -0.5
vertex 82.80599212646484 -40.708412170410156 -1
vertex 82.80599212646484 -40.708412170410156 -0.5
endloop
endfacet
facet normal 0 0 1
outer loop
vertex 82.80599212646484 -61.208412170410156 -1
vertex 84.80599212646484 -40.708412170410156 -1
vertex 82.80599212646484 -40.708412170410156 -1
endloop
endfacet
facet normal 0 0 1
outer loop
vertex 84.80599212646484 -40.708412170410156 -1
vertex 82.80599212646484 -61.208412170410156 -1
vertex 84.80599212646484 -60.458412170410156 -1
endloop
endfacet
facet normal 1 0 0
outer loop
vertex 82.80599212646484 -61.208412170410156 -0.5
vertex 82.80599212646484 -61.208412170410156 -1
vertex 82.80599212646484 -40.708412170410156 -1
endloop
endfacet
facet normal 0 1 0
outer loop
vertex 84.49533081054688 -61.208412170410156 -1
vertex 82.80599212646484 -61.208412170410156 -1
vertex 83.95413208007812 -61.208412170410156 -0.5
endloop
endfacet
facet normal 0 1 0
outer loop
vertex 82.80599212646484 -61.208412170410156 -1
vertex 82.80599212646484 -61.208412170410156 -0.5
vertex 83.95413208007812 -61.208412170410156 -0.5
endloop
endfacet
facet normal 1 0 0
outer loop
vertex 82.80599212646484 13.533329963684082 -0.5
vertex 82.80599212646484 34.033329010009766 -1
vertex 82.80599212646484 34.033329010009766 -0.5
endloop
endfacet
facet normal 0 -1 0
outer loop
vertex 82.80599212646484 34.033329010009766 -1
vertex 84.5164566040039 34.033329010009766 -1
vertex 82.80599212646484 34.033329010009766 -0.5
endloop
endfacet
facet normal 0 1 0
outer loop
vertex 82.80599212646484 13.533329963684082 -0.5
vertex 84.30599212646484 13.533329963684082 -0.5
vertex 82.80599212646484 13.533329963684082 -1
endloop
endfacet
facet normal 0 1 0
outer loop
vertex 82.80599212646484 13.533329963684082 -1
vertex 84.30599212646484 13.533329963684082 -0.5
vertex 84.80599212646484 13.533329963684082 -1
endloop
endfacet
facet normal 0 0 1
outer loop
vertex 82.80599212646484 34.033329010009766 -1
vertex 82.80599212646484 13.533329963684082 -1
vertex 84.80599212646484 13.533329963684082 -1
endloop
endfacet
facet normal 1 0 0
outer loop
vertex 82.80599212646484 13.533329963684082 -0.5
vertex 82.80599212646484 13.533329963684082 -1
vertex 82.80599212646484 34.033329010009766 -1
endloop
endfacet
facet normal 0 0 1
outer loop
vertex 84.5164566040039 34.033329010009766 -1
vertex 82.80599212646484 34.033329010009766 -1
vertex 84.80599212646484 13.533329963684082 -1
endloop
endfacet
facet normal 0 0 1
outer loop
vertex 84.5164566040039 34.033329010009766 -1
vertex 84.80599212646484 13.533329963684082 -1
vertex 84.80599212646484 33.283329010009766 -1
endloop
endfacet
facet normal 0.022199291003626637 -0.9968650731852146 0.07594219737651169
outer loop
vertex 82.80599212646484 34.033329010009766 -0.5
vertex 84.5164566040039 34.033329010009766 -1
vertex 83.97048950195312 34.059261322021484 -0.5
endloop
endfacet
facet normal -0.8642842310716868 0.5030037454341895 0
outer loop
vertex -76.895263671875 39.630985260009766 -1
vertex -76.895263671875 39.630985260009766 -0.5
vertex -66.58368682861328 57.348812103271484 -0.5
endloop
endfacet
facet normal -0.5030046102214416 -0.8642837277745778 2.3481368283598826e-7
outer loop
vertex -68.02642059326172 58.18846893310547 -1
vertex -66.58368682861328 57.348812103271484 -1
vertex -67.55413055419922 57.91360092163086 -0.5
endloop
endfacet
facet normal -0.5030047005938275 -0.8642836751787657 0
outer loop
vertex -66.58368682861328 57.348812103271484 -1
vertex -66.58368682861328 57.348812103271484 -0.5
vertex -67.55413055419922 57.91360092163086 -0.5
endloop
endfacet
facet normal 0 0 1
outer loop
vertex -68.68950653076172 57.706607818603516 -1
vertex -66.58368682861328 57.348812103271484 -1
vertex -68.02642059326172 58.18846893310547 -1
endloop
endfacet
facet normal 0.5030038673407587 0.8642841601234169 0
outer loop
vertex -76.895263671875 39.630985260009766 -1
vertex -78.62383270263672 40.636993408203125 -1
vertex -76.895263671875 39.630985260009766 -0.5
endloop
endfacet
facet normal -0.8642842310716868 0.5030037454341895 0
outer loop
vertex -76.895263671875 39.630985260009766 -1
vertex -66.58368682861328 57.348812103271484 -0.5
vertex -66.58368682861328 57.348812103271484 -1
endloop
endfacet
facet normal 0.5030039452174916 0.8642841147999359 -3.6042219959271065e-7
outer loop
vertex -78.19168853759766 40.38549041748047 -0.5
vertex -76.895263671875 39.630985260009766 -0.5
vertex -78.62383270263672 40.636993408203125 -1
endloop
endfacet
facet normal 0 0 1
outer loop
vertex -68.68950653076172 57.706607818603516 -1
vertex -76.895263671875 39.630985260009766 -1
vertex -66.58368682861328 57.348812103271484 -1
endloop
endfacet
facet normal 0 0 1
outer loop
vertex -68.68950653076172 57.706607818603516 -1
vertex -78.62383270263672 40.636993408203125 -1
vertex -76.895263671875 39.630985260009766 -1
endloop
endfacet
facet normal -1 0 0
outer loop
vertex -19.59400749206543 -61.208412170410156 -1
vertex -19.59400749206543 -40.708412170410156 -0.5
vertex -19.59400749206543 -40.708412170410156 -1
endloop
endfacet
facet normal 0 0 1
outer loop
vertex -21.59400749206543 -60.458412170410156 -1
vertex -21.283348083496094 -61.208412170410156 -1
vertex -19.59400749206543 -61.208412170410156 -1
endloop
endfacet
facet normal 0 1 0
outer loop
vertex -19.59400749206543 -61.208412170410156 -1
vertex -21.283348083496094 -61.208412170410156 -1
vertex -19.59400749206543 -61.208412170410156 -0.5
endloop
endfacet
facet normal 0 1 0
outer loop
vertex -19.59400749206543 -61.208412170410156 -0.5
vertex -21.283348083496094 -61.208412170410156 -1
vertex -20.742151260375977 -61.208412170410156 -0.5
endloop
endfacet
facet normal -1 0 0
outer loop
vertex -19.59400749206543 -61.208412170410156 -1
vertex -19.59400749206543 -61.208412170410156 -0.5
vertex -19.59400749206543 -40.708412170410156 -0.5
endloop
endfacet
facet normal 0 0 1
outer loop
vertex -21.59400749206543 -60.458412170410156 -1
vertex -19.59400749206543 -61.208412170410156 -1
vertex -21.59400749206543 -40.708412170410156 -1
endloop
endfacet
facet normal 0 0 1
outer loop
vertex -19.59400749206543 -61.208412170410156 -1
vertex -19.59400749206543 -40.708412170410156 -1
vertex -21.59400749206543 -40.708412170410156 -1
endloop
endfacet
facet normal 1 0 0
outer loop
vertex 82.80599212646484 -36.294498443603516 -0.5
vertex 82.80599212646484 -36.294498443603516 -1
vertex 82.80599212646484 -15.7944974899292 -1
endloop
endfacet
facet normal 0 -1 0
outer loop
vertex 82.80599212646484 -15.7944974899292 -0.5
vertex 84.80599212646484 -15.7944974899292 -1
vertex 84.30599212646484 -15.7944974899292 -0.5
endloop
endfacet
facet normal 0 0 1
outer loop
vertex 84.80599212646484 -36.294498443603516 -1
vertex 84.80599212646484 -15.7944974899292 -1
vertex 82.80599212646484 -15.7944974899292 -1
endloop
endfacet
facet normal 1 0 0
outer loop
vertex 82.80599212646484 -36.294498443603516 -0.5
vertex 82.80599212646484 -15.7944974899292 -1
vertex 82.80599212646484 -15.7944974899292 -0.5
endloop
endfacet
facet normal 0 0 1
outer loop
vertex 82.80599212646484 -36.294498443603516 -1
vertex 84.80599212646484 -36.294498443603516 -1
vertex 82.80599212646484 -15.7944974899292 -1
endloop
endfacet
facet normal 0 1 0
outer loop
vertex 84.30599212646484 -36.294498443603516 -0.5
vertex 84.80599212646484 -36.294498443603516 -1
vertex 82.80599212646484 -36.294498443603516 -1
endloop
endfacet
facet normal 0 1 0
outer loop
vertex 82.80599212646484 -36.294498443603516 -0.5
vertex 84.30599212646484 -36.294498443603516 -0.5
vertex 82.80599212646484 -36.294498443603516 -1
endloop
endfacet
facet normal 0 -1 0
outer loop
vertex 82.80599212646484 -15.7944974899292 -1
vertex 84.80599212646484 -15.7944974899292 -1
vertex 82.80599212646484 -15.7944974899292 -0.5
endloop
endfacet
facet normal 0 1 0
outer loop
vertex 82.80599212646484 -11.380583763122559 -1
vertex 84.30599212646484 -11.380583763122559 -0.5
vertex 84.80599212646484 -11.380583763122559 -1
endloop
endfacet
facet normal 0 -1 0
outer loop
vertex 82.80599212646484 9.119416236877441 -1
vertex 84.80599212646484 9.119416236877441 -1
vertex 82.80599212646484 9.119416236877441 -0.5
endloop
endfacet
facet normal 0 0 1
outer loop
vertex 84.80599212646484 -11.380583763122559 -1
vertex 84.80599212646484 9.119416236877441 -1
vertex 82.80599212646484 9.119416236877441 -1
endloop
endfacet
facet normal 1 0 0
outer loop
vertex 82.80599212646484 -11.380583763122559 -0.5
vertex 82.80599212646484 -11.380583763122559 -1
vertex 82.80599212646484 9.119416236877441 -1
endloop
endfacet
facet normal 0 -1 0
outer loop
vertex 82.80599212646484 9.119416236877441 -0.5
vertex 84.80599212646484 9.119416236877441 -1
vertex 84.30599212646484 9.119416236877441 -0.5
endloop
endfacet
facet normal 0 1 0
outer loop
vertex 82.80599212646484 -11.380583763122559 -0.5
vertex 84.30599212646484 -11.380583763122559 -0.5
vertex 82.80599212646484 -11.380583763122559 -1
endloop
endfacet
facet normal 0 0 1
outer loop
vertex 82.80599212646484 -11.380583763122559 -1
vertex 84.80599212646484 -11.380583763122559 -1
vertex 82.80599212646484 9.119416236877441 -1
endloop
endfacet
facet normal 1 0 0
outer loop
vertex 82.80599212646484 -11.380583763122559 -0.5
vertex 82.80599212646484 9.119416236877441 -1
vertex 82.80599212646484 9.119416236877441 -0.5
endloop
endfacet
facet normal 0 -1 0
outer loop
vertex -22.59400749206543 -4.816592216491699 -0.7883495092391968
vertex -22.59400749206543 -4.816592216491699 -1
vertex -21.961496353149414 -4.816592216491699 -0.5
endloop
endfacet
facet normal 1 0 0
outer loop
vertex -22.59400749206543 -4.816592216491699 -1
vertex -22.59400749206543 -4.816592216491699 -0.7883495092391968
vertex -22.59400749206543 -5.054390907287598 -1
endloop
endfacet
facet normal 0 0 1
outer loop
vertex -21.59400749206543 -25.316593170166016 -1
vertex -19.59400749206543 -25.316593170166016 -1
vertex -21.59400749206543 -5.566592216491699 -1
endloop
endfacet
facet normal -1 0 0
outer loop
vertex -19.59400749206543 -25.316593170166016 -1
vertex -19.59400749206543 -25.316593170166016 -0.5
vertex -19.59400749206543 -4.816592216491699 -0.5
endloop
endfacet
facet normal 0 0 1
outer loop
vertex -21.59400749206543 -5.566592216491699 -1
vertex -19.59400749206543 -25.316593170166016 -1
vertex -19.59400749206543 -4.816592216491699 -1
endloop
endfacet
facet normal -1 0 0
outer loop
vertex -19.59400749206543 -4.816592216491699 -0.5
vertex -19.59400749206543 -4.816592216491699 -1
vertex -19.59400749206543 -25.316593170166016 -1
endloop
endfacet
facet normal 0 0 1
outer loop
vertex -21.59400749206543 -5.566592216491699 -1
vertex -19.59400749206543 -4.816592216491699 -1
vertex -22.59400749206543 -4.816592216491699 -1
endloop
endfacet
facet normal 0 -1 0
outer loop
vertex -19.59400749206543 -4.816592216491699 -0.5
vertex -21.961496353149414 -4.816592216491699 -0.5
vertex -19.59400749206543 -4.816592216491699 -1
endloop
endfacet
facet normal 0 0 1
outer loop
vertex -22.59400749206543 -5.054390907287598 -1
vertex -21.59400749206543 -5.566592216491699 -1
vertex -22.59400749206543 -4.816592216491699 -1
endloop
endfacet
facet normal 0 -1 0
outer loop
vertex -19.59400749206543 -4.816592216491699 -1
vertex -21.961496353149414 -4.816592216491699 -0.5
vertex -22.59400749206543 -4.816592216491699 -1
endloop
endfacet
facet normal 0 0 1
outer loop
vertex -21.59400749206543 -40.708412170410156 -1
vertex -19.59400749206543 -40.708412170410156 -1
vertex -21.59400749206543 -25.316593170166016 -1
endloop
endfacet
facet normal -1 0 0
outer loop
vertex -19.59400749206543 -40.708412170410156 -1
vertex -19.59400749206543 -40.708412170410156 -0.5
vertex -19.59400749206543 -25.316593170166016 -0.5
endloop
endfacet
facet normal 0 0 1
outer loop
vertex -21.59400749206543 -25.316593170166016 -1
vertex -19.59400749206543 -40.708412170410156 -1
vertex -19.59400749206543 -25.316593170166016 -1
endloop
endfacet
facet normal -1 0 0
outer loop
vertex -19.59400749206543 -25.316593170166016 -1
vertex -19.59400749206543 -40.708412170410156 -1
vertex -19.59400749206543 -25.316593170166016 -0.5
endloop
endfacet
endsolid auto-kdk-case
