solid auto-kdk-case
facet normal 0.7071067811865476 0.7071067811865476 0
outer loop
vertex -52.65380096435547 30.32651710510254 -1
vertex -52.65380096435547 30.32651710510254 -10.09164810180664
vertex -52.79656219482422 30.46927833557129 -9.967179298400879
endloop
endfacet
facet normal 0.7071067811865476 0.7071067811865476 0
outer loop
vertex -52.79656219482422 30.46927833557129 -9.967179298400879
vertex -53.09954833984375 30.77226448059082 -9.790355682373047
vertex -52.65380096435547 30.32651710510254 -1
endloop
endfacet
facet normal 0 1 0
outer loop
vertex -38.26576614379883 30.32651710510254 -10.712535858154297
vertex -51.9435920715332 30.32651710510254 -9.995711326599121
vertex -37.58413314819336 30.32651710510254 -1
endloop
endfacet
facet normal -0.9238808745264733 0.38268019243775764 0
outer loop
vertex -84.35443878173828 34.418548583984375 -7.905143737792969
vertex -84.8111572265625 33.315921783447266 -7.90993595123291
vertex -84.35443878173828 34.418548583984375 -1
endloop
endfacet
facet normal -0.7071116917599137 -0.7071018654863322 -0.00008486566823577232
outer loop
vertex -84.35443878173828 -61.56622314453125 -16.416460037231445
vertex -82.06396484375 -63.856689453125 -16.7452335357666
vertex -81.92890167236328 -63.99176025390625 -16.697303771972656
endloop
endfacet
facet normal -0.7059159900593471 0.7082950139936214 -0.0008877670344980593
outer loop
vertex -81.76072692871094 37.00360870361328 -7.857244968414307
vertex -84.35443878173828 34.418548583984375 -7.905143737792969
vertex -81.7754135131836 36.99756622314453 -1
endloop
endfacet
facet normal 0.6291523958214752 0.7772819712511579 -1.0933584651352706e-7
outer loop
vertex 68.9544906616211 57.45500183105469 -1
vertex 68.08122253417969 58.16184616088867 -13.626355171203613
vertex 68.32916259765625 57.961158752441406 -1
endloop
endfacet
facet normal -0.380360484734424 0.9248383110859941 4.472098299359117e-7
outer loop
vertex -80.73649597167969 37.42484664916992 -7.872534275054932
vertex -81.76072692871094 37.00360870361328 -7.857244968414307
vertex -80.66439056396484 37.454498291015625 -1
endloop
endfacet
facet normal 0.6291490318420112 0.7772846941322465 0
outer loop
vertex 68.32916259765625 57.961158752441406 -1
vertex 68.08122253417969 58.16184616088867 -13.626355171203613
vertex 68.08122253417969 58.16184616088867 -1
endloop
endfacet
facet normal -0.3803240259148476 0.924853304752663 0
outer loop
vertex -80.66439056396484 37.454498291015625 -7.840281009674072
vertex -80.73649597167969 37.42484664916992 -7.872534275054932
vertex -80.66439056396484 37.454498291015625 -1
endloop
endfacet
facet normal 0.005669792197500206 0.9999839265990415 0
outer loop
vertex -72.8262710571289 37.410057067871094 -8.260693550109863
vertex -80.66439056396484 37.454498291015625 -7.840281009674072
vertex -80.66439056396484 37.454498291015625 -1
endloop
endfacet
facet normal 0.3052989556408425 0.9522565556007535 0
outer loop
vertex 64.85304260253906 59.19681930541992 -13.436982154846191
vertex 64.85304260253906 59.19681930541992 -1
vertex 68.08122253417969 58.16184616088867 -1
endloop
endfacet
facet normal 0.005669792197500206 0.9999839265990415 0
outer loop
vertex -72.8262710571289 37.410057067871094 -8.260693550109863
vertex -80.66439056396484 37.454498291015625 -1
vertex -72.8262710571289 37.410057067871094 -3.5
endloop
endfacet
facet normal -0.10527290227069838 0.9944433699550237 0
outer loop
vertex 64.85304260253906 59.19681930541992 -1
vertex 63.59463119506836 59.063602447509766 -13.44433307647705
vertex 63.59463119506836 59.063602447509766 -1
endloop
endfacet
facet normal 0 -1 0
outer loop
vertex -19.071819305419922 -64.448486328125 -3.8893399238586426
vertex -68.07349395751953 -64.448486328125 -1.5589157342910767
vertex -19.3969783782959 -64.448486328125 -4.375974655151367
endloop
endfacet
facet normal 1 0 0
outer loop
vertex -54.41115951538086 32.08387756347656 -1
vertex -54.41115951538086 32.319732666015625 -9.528664588928223
vertex -54.41115951538086 32.71336364746094 -9.381360054016113
endloop
endfacet
facet normal 0.8386705438512153 0.5446390721168534 0
outer loop
vertex 8.242430686950684 38.57456970214844 -1
vertex 8.242430686950684 38.57456970214844 -1.100000023841858
vertex 8.11403751373291 38.77227783203125 -1
endloop
endfacet
facet normal 0 -1 0
outer loop
vertex -18.011159896850586 -64.448486328125 -11.449999809265137
vertex 17.603954315185547 -64.448486328125 -21.886369705200195
vertex -6.011159420013428 -64.448486328125 -11.449999809265137
endloop
endfacet
facet normal 0.24616682496675496 0.9692274729313232 -9.737999853383189e-7
outer loop
vertex -6.621497631072998 45.8551025390625 -10.967546463012695
vertex -6.697826862335205 45.874488830566406 -10.965685844421387
vertex -5.89346170425415 45.670204162597656 -1
endloop
endfacet
facet normal 0.8788183078890566 0.47715655891857495 0
outer loop
vertex 9.290852546691895 36.64361572265625 -12.216462135314941
vertex 9.078825950622559 37.034122467041016 -12.207757949829102
vertex 9.078825950622559 37.034122467041016 -3.5
endloop
endfacet
facet normal 1 0 0
outer loop
vertex 21.58884048461914 -6.6279826164245605 -16.91660499572754
vertex 21.58884048461914 -25.305177688598633 -1
vertex 21.58884048461914 -40.71359634399414 -1
endloop
endfacet
facet normal -0.6120423165408744 -0.7908250139969494 -7.124308244592994e-8
outer loop
vertex 26.06831169128418 -4.776506423950195 -17.004514694213867
vertex 26.21001434326172 -4.886174201965332 -16.966510772705078
vertex 24.946256637573242 -3.9081170558929443 -1
endloop
endfacet
facet normal 0.8788183286643675 0.47715652065498143 0
outer loop
vertex 9.290852546691895 36.64361572265625 -1
vertex 9.176545143127441 36.85414505004883 -2.5
vertex 9.176545143127441 36.85414505004883 -1.100000023841858
endloop
endfacet
facet normal 0.9914445777723546 -0.13052834636867586 -2.3810732105190811e-7
outer loop
vertex 10.322620391845703 26.805049896240234 -1
vertex 10.479433059692383 27.99616241455078 -13.087370872497559
vertex 10.491814613342285 28.090208053588867 -13.076939582824707
endloop
endfacet
facet normal -0.28375301419436577 0.9588973362119738 -0.00035431792628174097
outer loop
vertex -24.64012336730957 52.68778610229492 -9.419877052307129
vertex -24.63430404663086 52.69261932373047 -1
vertex -22.15665054321289 53.42579650878906 -1
endloop
endfacet
facet normal 1 0 0
outer loop
vertex 21.58884048461914 -6.6279826164245605 -16.91660499572754
vertex 21.58884048461914 -60.46359634399414 -1
vertex 21.58884048461914 -60.32143783569336 -21.80520248413086
endloop
endfacet
facet normal 0 1 0
outer loop
vertex -37.58413314819336 30.32651710510254 -1
vertex -37.83024978637695 30.32651710510254 -10.783147811889648
vertex -38.26576614379883 30.32651710510254 -10.712535858154297
endloop
endfacet
facet normal -0.30536942921050475 -0.9522339584911103 2.670444556008036e-8
outer loop
vertex 29.281352996826172 -5.871114253997803 -17.21723175048828
vertex 29.40616226196289 -5.911139011383057 -17.183815002441406
vertex 26.21001434326172 -4.886174201965332 -1
endloop
endfacet
facet normal 0.4404299247071107 -0.8977869911189864 -7.6127637513125e-8
outer loop
vertex 22.700050354003906 -5.010047435760498 -16.74270248413086
vertex 21.58884048461914 -5.555178165435791 -1
vertex 22.48609161376953 -5.115009784698486 -16.748193740844727
endloop
endfacet
facet normal 0.3826856488586868 -0.9238786144064616 -5.058403705054963e-8
outer loop
vertex 17.603954315185547 -64.448486328125 -1
vertex 18.701080322265625 -63.99403762817383 -21.902454376220703
vertex 18.706581115722656 -63.99176025390625 -1
endloop
endfacet
facet normal -0.775308009896051 0.6315833195006838 -0.000017875183009428193
outer loop
vertex 27.599163055419922 38.396888732910156 -13.446394920349121
vertex 26.97631072998047 37.63229751586914 -13.483430862426758
vertex 26.89781951904297 37.535945892333984 -13.439441680908203
endloop
endfacet
facet normal 0.05234798855590333 0.9986289040950853 0
outer loop
vertex -3.8922433853149414 45.704105377197266 -1
vertex -4.127660751342773 45.71644592285156 -10.9852876663208
vertex -4.127660751342773 45.71644592285156 -1
endloop
endfacet
facet normal 0.8788169553983253 0.47715904990308833 0
outer loop
vertex 9.078825950622559 37.034122467041016 -3.5
vertex 8.242430686950684 38.57456970214844 -3.5
vertex 8.242430686950684 38.57456970214844 -2.5
endloop
endfacet
facet normal 0 -1 0
outer loop
vertex -69.46046447753906 -64.448486328125 -1.6254053115844727
vertex -70.68014526367188 -64.448486328125 -1.6591570377349854
vertex -19.511159896850586 -64.448486328125 -9.949999809265137
endloop
endfacet
facet normal 0 -1 0
outer loop
vertex 8.203954696655273 -64.448486328125 -1.6661099195480347
vertex 2.603954315185547 -64.448486328125 -4
vertex 8.203954696655273 -64.448486328125 -4
endloop
endfacet
facet normal -1 0 0
outer loop
vertex -84.8111572265625 -11.36058521270752 -1
vertex -84.8111572265625 9.13941478729248 -1
vertex -84.8111572265625 -60.46359634399414 -16.37274169921875
endloop
endfacet
facet normal -0.5222641236094533 0.8527837857220609 0
outer loop
vertex -37.58413314819336 30.32651710510254 -10.876618385314941
vertex -37.58413314819336 30.32651710510254 -1
vertex -36.14183044433594 31.209815979003906 -1
endloop
endfacet
facet normal 0.005028492589381149 0.99998735705119 -2.329750716865908e-7
outer loop
vertex -58.39929962158203 37.34253692626953 -9.017348289489746
vertex -70.82676696777344 37.405029296875 -8.360357284545898
vertex -58.240379333496094 37.341739654541016 -1
endloop
endfacet
facet normal 0.7071078980565684 0.7071056643147379 -1.8704019758249112e-7
outer loop
vertex -52.65380096435547 30.32651710510254 -1
vertex -53.38301086425781 31.055727005004883 -9.70864486694336
vertex -53.97960662841797 31.652324676513672 -9.622801780700684
endloop
endfacet
facet normal 0 -1 0
outer loop
vertex -5.437134265899658 -64.448486328125 -3.564180612564087
vertex -4.950499057769775 -64.448486328125 -3.8893399238586426
vertex 8.203954696655273 -64.448486328125 -1.6661099195480347
endloop
endfacet
facet normal 0.7071067811865476 -0.7071067811865476 0
outer loop
vertex 18.706581115722656 -63.99176025390625 -1
vertex 18.728954315185547 -63.96938705444336 -21.9062557220459
vertex 21.132118225097656 -61.56622314453125 -21.813194274902344
endloop
endfacet
facet normal 0.9426414522808259 0.3338069688336293 0
outer loop
vertex 9.386736869812012 36.42825698852539 -12.239336967468262
vertex 10.120183944702148 34.3570671081543 -1
vertex 10.120183944702148 34.3570671081543 -12.621391296386719
endloop
endfacet
facet normal 0 -1 0
outer loop
vertex -74.19207763671875 -64.448486328125 -1.6254053115844727
vertex -72.22627258300781 -64.448486328125 -4
vertex -72.97239685058594 -64.448486328125 -1.6591570377349854
endloop
endfacet
facet normal -0.5000018752487395 0.866024321106367 -3.735258307649104e-9
outer loop
vertex 24.605857849121094 31.187572479248047 -13.974626541137695
vertex 14.50491714477539 25.355762481689453 -13.976722717285156
vertex 25.057573318481445 31.44837188720703 -1
endloop
endfacet
facet normal 0.629147902648605 0.7772856081215331 0
outer loop
vertex 68.78499603271484 57.592193603515625 -13.7151517868042
vertex 68.9544906616211 57.45500183105469 -1
vertex 68.9544906616211 57.45500183105469 -13.657221794128418
endloop
endfacet
facet normal -0.858262128354536 0.5132115733616517 0
outer loop
vertex 25.857421875 32.78600311279297 -13.89864730834961
vertex 25.810993194580078 32.70835876464844 -13.879746437072754
vertex 25.857421875 32.78600311279297 -1
endloop
endfacet
facet normal 0 -1 0
outer loop
vertex 2.603954315185547 -64.448486328125 -5
vertex 17.603954315185547 -64.448486328125 -21.886369705200195
vertex 14.603954315185547 -64.448486328125 -5
endloop
endfacet
facet normal 0.40730137263028876 0.9132938146366056 0
outer loop
vertex -58.240379333496094 37.341739654541016 -8.957039833068848
vertex -58.240379333496094 37.341739654541016 -1
vertex -57.0882453918457 36.82792282104492 -1
endloop
endfacet
facet normal 0.44043131843361505 -0.8977863073932602 4.592526622574504e-8
outer loop
vertex 23.813875198364258 -4.463633060455322 -16.751279830932617
vertex 21.58884048461914 -5.555178165435791 -1
vertex 22.700050354003906 -5.010047435760498 -16.74270248413086
endloop
endfacet
facet normal 0.707107164915313 0.7071063974575739 0
outer loop
vertex -52.65380096435547 30.32651710510254 -1
vertex -54.41115951538086 32.08387756347656 -9.6615629196167
vertex -54.41115951538086 32.08387756347656 -1
endloop
endfacet
facet normal 0.9945029222697902 0.10470882291787817 0
outer loop
vertex 84.93414306640625 28.528226852416992 -1
vertex 84.80180358886719 29.785160064697266 -16.928163528442383
vertex 84.80180358886719 29.785160064697266 -1
endloop
endfacet
facet normal 0.005858297180434878 0.9999593538406281 -0.006853540747631401
outer loop
vertex -58.240379333496094 37.341739654541016 -1
vertex -72.8262710571289 37.410057067871094 -3.5
vertex -70.62628936767578 37.404022216796875 -2.5
endloop
endfacet
facet normal 0.005028179098263704 0.9999873586275758 0
outer loop
vertex -73.02626037597656 37.41609191894531 -2.5
vertex -80.66439056396484 37.454498291015625 -1
vertex -73.02626037597656 37.41609191894531 -1.100000023841858
endloop
endfacet
facet normal 0.9238794883139744 -0.38268353906682157 -3.8467411398615483e-8
outer loop
vertex 21.278181076049805 -61.21359634399414 -1
vertex 21.132118225097656 -61.56622314453125 -1
vertex 21.58884048461914 -60.46359634399414 -21.767478942871094
endloop
endfacet
facet normal -0.3803577074538083 0.9248394533001272 -7.192667599361642e-8
outer loop
vertex -80.66439056396484 37.454498291015625 -1
vertex -81.76072692871094 37.00360870361328 -7.857244968414307
vertex -81.65827178955078 37.045745849609375 -1
endloop
endfacet
facet normal 0.9522358457479801 -0.30536354411194827 1.3878129168339828e-7
outer loop
vertex 83.89977264404297 25.30268669128418 -1
vertex 83.92727661132812 25.388446807861328 -17.215497970581055
vertex 84.93414306640625 28.528226852416992 -16.986858367919922
endloop
endfacet
facet normal 0.005028356352006581 0.9999873577362852 0
outer loop
vertex -58.240379333496094 37.341739654541016 -1
vertex -70.82676696777344 37.405029296875 -8.360357284545898
vertex -70.82676696777344 37.405029296875 -3.5
endloop
endfacet
facet normal 1 0 0
outer loop
vertex 21.58884048461914 -25.305177688598633 -1
vertex 21.58884048461914 -5.555178165435791 -17.089447021484375
vertex 21.58884048461914 -5.555178165435791 -1
endloop
endfacet
facet normal 0.5555803337297562 0.8314628631350487 0
outer loop
vertex 10.364187240600586 26.77727508544922 -13.664122581481934
vertex 10.322620391845703 26.805049896240234 -13.68325424194336
vertex 10.322620391845703 26.805049896240234 -1
endloop
endfacet
facet normal 0 -1 0
outer loop
vertex 4.85117769241333 -64.448486328125 -1.5589157342910767
vertex -6.011159420013428 -64.448486328125 -3.450000047683716
vertex 5.563041687011719 -64.448486328125 -1.5949000120162964
endloop
endfacet
facet normal 0.5555691076606184 0.8314703642422535 1.9576619077603675e-7
outer loop
vertex 11.100981712341309 26.28496742248535 -13.564419746398926
vertex 10.75151538848877 26.51847267150879 -13.568290710449219
vertex 13.424872398376465 24.732194900512695 -1
endloop
endfacet
facet normal 0.10558454298492709 -0.9944103299356178 -3.3763534237309867e-9
outer loop
vertex 29.40616226196289 -5.911139011383057 -1
vertex 30.64496421813965 -5.779605388641357 -17.229475021362305
vertex 30.665735244750977 -5.777400016784668 -1
endloop
endfacet
facet normal 0.55556997026228 0.831469787871314 -3.500968134794228e-8
outer loop
vertex 13.424872398376465 24.732194900512695 -1
vertex 12.228677749633789 25.531465530395508 -13.692187309265137
vertex 11.100981712341309 26.28496742248535 -13.564419746398926
endloop
endfacet
facet normal 0 -1 0
outer loop
vertex -76.3262710571289 -64.448486328125 -1.5076520442962646
vertex -72.22627258300781 -64.448486328125 -4
vertex -75.57904815673828 -64.448486328125 -1.5589157342910767
endloop
endfacet
facet normal 0 -1 0
outer loop
vertex -67.3262710571289 -64.448486328125 -1
vertex -67.3262710571289 -64.448486328125 -1.5076520442962646
vertex -18.011159896850586 -64.448486328125 -3.450000047683716
endloop
endfacet
facet normal -1 0 0
outer loop
vertex -84.8111572265625 -60.249568939208984 -16.436748504638672
vertex -84.8111572265625 -60.46359634399414 -16.37274169921875
vertex -84.8111572265625 33.315921783447266 -7.90993595123291
endloop
endfacet
facet normal 0 -1 0
outer loop
vertex 14.603954315185547 -64.448486328125 -4
vertex 17.603954315185547 -64.448486328125 -1
vertex 9.00395393371582 -64.448486328125 -4
endloop
endfacet
facet normal 0 1 0
outer loop
vertex -52.38410568237305 30.32651710510254 -10.02041244506836
vertex -52.65380096435547 30.32651710510254 -10.09164810180664
vertex -52.65380096435547 30.32651710510254 -1
endloop
endfacet
facet normal 0.20790687402256444 0.9781486245627927 2.8690448566808763e-7
outer loop
vertex -1.6304043531417847 45.39958190917969 -11.226812362670898
vertex -1.713822841644287 45.41731262207031 -11.210243225097656
vertex -1.4832336902618408 45.3682975769043 -1
endloop
endfacet
facet normal 0.9328981816654481 0.3601402263637048 0
outer loop
vertex -54.41115951538086 33.27814483642578 -9.29605770111084
vertex -54.483211517333984 33.464786529541016 -9.34321403503418
vertex -54.41115951538086 33.27814483642578 -1
endloop
endfacet
facet normal 0 -1 0
outer loop
vertex -18.58518409729004 -64.448486328125 -11.335819244384766
vertex -19.071819305419922 -64.448486328125 -11.010660171508789
vertex -71.42626953125 -64.448486328125 -1.6661099195480347
endloop
endfacet
facet normal 0.4999982003127864 0.8660264428318425 0
outer loop
vertex -6.697826862335205 45.874488830566406 -10.965685844421387
vertex -6.999356746673584 46.04857635498047 -10.847566604614258
vertex -6.697826862335205 45.874488830566406 -1
endloop
endfacet
facet normal 0 -1 0
outer loop
vertex 2.603954315185547 -64.448486328125 -5
vertex -4.625339984893799 -64.448486328125 -10.524024963378906
vertex 17.603954315185547 -64.448486328125 -21.886369705200195
endloop
endfacet
facet normal -0.7059561863648619 0.7082439604917435 0.004044176077981007
outer loop
vertex -84.27909088134766 34.493892669677734 -7.947099685668945
vertex -84.35443878173828 34.418548583984375 -7.905143737792969
vertex -81.76072692871094 37.00360870361328 -7.857244968414307
endloop
endfacet
facet normal -0.639123484360493 0.769104135822221 2.3918560242372955e-7
outer loop
vertex -24.64012336730957 52.68778610229492 -9.419877052307129
vertex -25.58332061767578 51.90399169921875 -9.403375625610352
vertex -24.63430404663086 52.69261932373047 -1
endloop
endfacet
facet normal 0.6293234404484583 0.7771434920927119 -2.4654585914398285e-7
outer loop
vertex 5.024909019470215 42.203102111816406 -1
vertex 4.86637020111084 42.33148193359375 -11.755014419555664
vertex 4.841704368591309 42.35145950317383 -1
endloop
endfacet
facet normal -0.49791551368055936 0.8672255423107791 0
outer loop
vertex 27.599163055419922 38.396888732910156 -13.446394920349121
vertex 27.599163055419922 38.396888732910156 -1
vertex 63.59463119506836 59.063602447509766 -1
endloop
endfacet
facet normal 0.994520888862516 0.10453803908666688 1.6092310146111218e-7
outer loop
vertex 10.581608772277832 31.96893310546875 -12.835987091064453
vertex 10.606250762939453 31.73448371887207 -1
vertex 10.58797550201416 31.908363342285156 -12.844968795776367
endloop
endfacet
facet normal 0.7933534007097107 0.6087613502698223 0
outer loop
vertex 8.112399101257324 38.774410247802734 -12.178666114807129
vertex 6.776455879211426 40.515445709228516 -11.790178298950195
vertex 6.776455879211426 40.515445709228516 -1
endloop
endfacet
facet normal 0 -1 0
outer loop
vertex -4.950499057769775 -64.448486328125 -11.010660171508789
vertex -5.437134265899658 -64.448486328125 -11.335819244384766
vertex 17.603954315185547 -64.448486328125 -21.886369705200195
endloop
endfacet
facet normal 0.35836643186733746 0.9335810090777731 0
outer loop
vertex 0.843585193157196 44.65977478027344 -11.364266395568848
vertex 0.6741478443145752 44.724815368652344 -11.381053924560547
vertex 0.843585193157196 44.65977478027344 -1
endloop
endfacet
facet normal -0.5222625953377 0.8527847216683913 -3.068814348539686e-7
outer loop
vertex -37.40218734741211 30.437944412231445 -10.814805030822754
vertex -37.58413314819336 30.32651710510254 -10.876618385314941
vertex -36.14183044433594 31.209815979003906 -1
endloop
endfacet
facet normal 0 -1 0
outer loop
vertex -67.3262710571289 -64.448486328125 -1
vertex -6.011159420013428 -64.448486328125 -3.450000047683716
vertex 4.103954315185547 -64.448486328125 -1
endloop
endfacet
facet normal -0.8582620004840694 0.5132117872037745 -4.3680367514956075e-7
outer loop
vertex 25.3836669921875 31.993715286254883 -13.907344818115234
vertex 25.3215274810791 31.88979721069336 -13.907731056213379
vertex 25.857421875 32.78600311279297 -1
endloop
endfacet
facet normal -0.9499931158082086 0.3122708438471509 0
outer loop
vertex 26.89781951904297 37.535945892333984 -13.439441680908203
vertex 25.910995483398438 34.53382110595703 -13.607870101928711
vertex 26.89781951904297 37.535945892333984 -1
endloop
endfacet
facet normal 1 0 0
outer loop
vertex 21.58884048461914 -5.555178165435791 -17.089447021484375
vertex 21.58884048461914 -25.305177688598633 -1
vertex 21.58884048461914 -5.82280969619751 -16.995336532592773
endloop
endfacet
facet normal -0.10525785510345806 0.9944449627500856 0
outer loop
vertex 64.85304260253906 59.19681930541992 -13.436982154846191
vertex 64.71417999267578 59.18212127685547 -13.492205619812012
vertex 64.85304260253906 59.19681930541992 -1
endloop
endfacet
facet normal 0.4404313382408616 -0.8977862976763131 1.484302295415032e-7
outer loop
vertex 24.946256637573242 -3.9081170558929443 -17.126728057861328
vertex 21.58884048461914 -5.555178165435791 -1
vertex 24.605600357055664 -4.075234413146973 -16.93766975402832
endloop
endfacet
facet normal 1 0 0
outer loop
vertex -54.41115951538086 32.08387756347656 -1
vertex -54.41115951538086 33.27814483642578 -9.29605770111084
vertex -54.41115951538086 33.27814483642578 -1
endloop
endfacet
facet normal 0.4404286108854169 -0.8977876356429499 -4.285906624677339e-7
outer loop
vertex 23.92032814025879 -4.411410331726074 -16.74854850769043
vertex 21.58884048461914 -5.555178165435791 -1
vertex 23.813875198364258 -4.463633060455322 -16.751279830932617
endloop
endfacet
facet normal 0.7933485398004851 0.6087676850789946 0
outer loop
vertex 8.11403751373291 38.77227783203125 -1.0976879596710205
vertex 7.978014945983887 38.94954299926758 -1.0933187007904053
vertex 8.11403751373291 38.77227783203125 -1
endloop
endfacet
facet normal -0.9238847886290009 -0.3826707427279307 0
outer loop
vertex -84.35443878173828 -61.56622314453125 -16.416460037231445
vertex -84.35443878173828 -61.56622314453125 -1
vertex -84.50049591064453 -61.21359634399414 -1
endloop
endfacet
facet normal 0.8788170943432078 0.47715879399856126 0
outer loop
vertex 8.242430686950684 38.57456970214844 -1
vertex 9.176545143127441 36.85414505004883 -1.100000023841858
vertex 8.242430686950684 38.57456970214844 -1.100000023841858
endloop
endfacet
facet normal 0.7071067811865475 -0.7071067811865475 0
outer loop
vertex 18.706581115722656 -63.99176025390625 -1
vertex 21.132118225097656 -61.56622314453125 -21.813194274902344
vertex 21.132118225097656 -61.56622314453125 -1
endloop
endfacet
facet normal 0.00502897612261904 0.9999747091758211 -0.005028956938597577
outer loop
vertex -72.8262710571289 37.410057067871094 -3.5
vertex -73.02626037597656 37.41609191894531 -2.5
vertex -70.62628936767578 37.404022216796875 -2.5
endloop
endfacet
facet normal 0.13052497879856637 0.9914450211230242 0
outer loop
vertex -3.8922433853149414 45.704105377197266 -10.987200736999512
vertex -3.8922433853149414 45.704105377197266 -1
vertex -3.0255489349365234 45.590003967285156 -1
endloop
endfacet
facet normal 0.7933529274264112 0.6087619668196397 -0.00001725768074329302
outer loop
vertex 7.978014945983887 38.94954299926758 -1.0933187007904053
vertex 6.776455879211426 40.515445709228516 -1
vertex 8.11403751373291 38.77227783203125 -1
endloop
endfacet
facet normal 0.8677567280236731 0.4969891960290978 0
outer loop
vertex 68.9544906616211 57.45500183105469 -13.657221794128418
vertex 84.80180358886719 29.785160064697266 -1
vertex 84.80180358886719 29.785160064697266 -16.928163528442383
endloop
endfacet
facet normal 0.7933534242515975 0.6087613195894306 0
outer loop
vertex 7.978014945983887 38.94954299926758 -2.506681203842163
vertex 6.776455879211426 40.515445709228516 -1
vertex 7.978014945983887 38.94954299926758 -1.0933187007904053
endloop
endfacet
facet normal -0.026179857411789374 0.999657248793724 2.4726981063382164e-7
outer loop
vertex -4.127660751342773 45.71644592285156 -1
vertex -5.89346170425415 45.670204162597656 -11.13601303100586
vertex -4.939139366149902 45.695194244384766 -1
endloop
endfacet
facet normal 0.4984926466059622 -0.8668937712799947 -0.0005201881694368503
outer loop
vertex 30.665735244750977 -5.777400016784668 -1
vertex 30.64496421813965 -5.779605388641357 -17.229475021362305
vertex 83.20697784423828 24.445293426513672 -17.228008270263672
endloop
endfacet
facet normal 1 0 0
outer loop
vertex 21.58884048461914 -40.71359634399414 -1
vertex 21.58884048461914 -60.46359634399414 -1
vertex 21.58884048461914 -6.6279826164245605 -16.91660499572754
endloop
endfacet
facet normal 0.7933485398004853 0.6087676850789946 0
outer loop
vertex 8.11403751373291 38.77227783203125 -2.502311944961548
vertex 8.11403751373291 38.77227783203125 -3.5
vertex 7.978014945983887 38.94954299926758 -2.506681203842163
endloop
endfacet
facet normal -0.6120409741638885 -0.7908260528994429 7.923900381552247e-8
outer loop
vertex 25.781585693359375 -4.554601669311523 -16.977476119995117
vertex 26.06831169128418 -4.776506423950195 -17.004514694213867
vertex 24.946256637573242 -3.9081170558929443 -1
endloop
endfacet
facet normal 0 -1 0
outer loop
vertex -6.011159420013428 -64.448486328125 -3.450000047683716
vertex 4.85117769241333 -64.448486328125 -1.5589157342910767
vertex 4.103954315185547 -64.448486328125 -1.5076520442962646
endloop
endfacet
facet normal 0.44043065655832275 -0.8977866320922834 0
outer loop
vertex 22.58884048461914 -5.064603805541992 -1
vertex 24.946256637573242 -3.9081170558929443 -17.126728057861328
vertex 24.946256637573242 -3.9081170558929443 -1
endloop
endfacet
facet normal 0.9914450014553422 -0.13052512819074286 8.178342690435522e-8
outer loop
vertex 10.322620391845703 26.805049896240234 -1
vertex 10.379404067993164 27.236360549926758 -13.392708778381348
vertex 10.43205451965332 27.63628387451172 -13.196029663085938
endloop
endfacet
facet normal -0.49791546068524767 0.8672255727378959 -1.6117885351985523e-7
outer loop
vertex 27.637020111083984 38.41862487792969 -13.463899612426758
vertex 63.59463119506836 59.063602447509766 -1
vertex 63.55118942260742 59.038658142089844 -13.466936111450195
endloop
endfacet
facet normal 0.5555722272625433 0.8314682797885539 0
outer loop
vertex 13.424872398376465 24.732194900512695 -14.331562042236328
vertex 13.36487865447998 24.772281646728516 -14.2733793258667
vertex 13.424872398376465 24.732194900512695 -1
endloop
endfacet
facet normal -0.30536955182022585 -0.9522339191717099 0
outer loop
vertex 26.21001434326172 -4.886174201965332 -1
vertex 29.40616226196289 -5.911139011383057 -17.183815002441406
vertex 29.40616226196289 -5.911139011383057 -1
endloop
endfacet
facet normal 0 -1 0
outer loop
vertex 6.238147735595703 -64.448486328125 -1.6254053115844727
vertex -6.011159420013428 -64.448486328125 -3.450000047683716
vertex 7.457828998565674 -64.448486328125 -1.6591570377349854
endloop
endfacet
facet normal 0.555568942879278 0.8314704743452945 1.1058087576399018e-7
outer loop
vertex 13.424872398376465 24.732194900512695 -1
vertex 12.936245918273926 25.058685302734375 -13.955142974853516
vertex 12.570693969726562 25.30293846130371 -13.774226188659668
endloop
endfacet
facet normal -0.5000018681553239 0.8660243252017703 6.657508970432869e-8
outer loop
vertex 14.2450532913208 25.205730438232422 -13.988677024841309
vertex 13.83812141418457 24.970787048339844 -14.110159873962402
vertex 25.057573318481445 31.44837188720703 -1
endloop
endfacet
facet normal 0 -1 0
outer loop
vertex -65.8262710571289 -64.448486328125 -5
vertex -18.011159896850586 -64.448486328125 -11.449999809265137
vertex -65.8262710571289 -64.448486328125 -4
endloop
endfacet
facet normal 0 -1 0
outer loop
vertex -68.07349395751953 -64.448486328125 -1.5589157342910767
vertex -68.78536224365234 -64.448486328125 -1.5949000120162964
vertex -19.3969783782959 -64.448486328125 -4.375974655151367
endloop
endfacet
facet normal -0.6391206115587126 0.7691065231037386 -3.092859704999823e-7
outer loop
vertex -24.95554542541504 52.4256706237793 -1
vertex -24.63430404663086 52.69261932373047 -1
vertex -25.58332061767578 51.90399169921875 -9.403375625610352
endloop
endfacet
facet normal 0 -1 0
outer loop
vertex -18.011159896850586 -64.448486328125 -11.449999809265137
vertex -65.8262710571289 -64.448486328125 -5
vertex 17.558650970458984 -64.448486328125 -21.89986801147461
endloop
endfacet
facet normal 0 -1 0
outer loop
vertex 9.750080108642578 -64.448486328125 -1.6591570377349854
vertex 9.00395393371582 -64.448486328125 -4
vertex 10.96976089477539 -64.448486328125 -1.6254053115844727
endloop
endfacet
facet normal -1 0 0
outer loop
vertex -84.8111572265625 13.565919876098633 -1
vertex -84.8111572265625 33.315921783447266 -1
vertex -84.8111572265625 -60.46359634399414 -16.37274169921875
endloop
endfacet
facet normal -0.8907576157804469 0.45447867928992147 1.4970199404167178e-7
outer loop
vertex -35.82715606689453 31.826566696166992 -10.707221984863281
vertex -36.14183044433594 31.209815979003906 -1
vertex -34.55928421020508 34.3115348815918 -1
endloop
endfacet
facet normal -0.9238812583607159 -0.38267926478804387 -0.000027406248014061292
outer loop
vertex -84.43673706054688 -61.367530822753906 -16.47463035583496
vertex -84.35443878173828 -61.56622314453125 -16.416460037231445
vertex -84.8111572265625 -60.46359634399414 -16.37274169921875
endloop
endfacet
facet normal 0 -1 0
outer loop
vertex -80.8262710571289 -64.448486328125 -1
vertex -72.22627258300781 -64.448486328125 -4
vertex -76.3262710571289 -64.448486328125 -1.5076520442962646
endloop
endfacet
facet normal 0 1 0
outer loop
vertex -51.9435920715332 30.32651710510254 -9.995711326599121
vertex -52.38410568237305 30.32651710510254 -10.02041244506836
vertex -52.65380096435547 30.32651710510254 -1
endloop
endfacet
facet normal 0.1305254092189248 0.9914449644575498 0
outer loop
vertex -1.713822841644287 45.41731262207031 -11.210243225097656
vertex -3.8922433853149414 45.704105377197266 -10.987200736999512
vertex -1.713822841644287 45.41731262207031 -1
endloop
endfacet
facet normal 0.407300763286042 0.9132940863854294 1.0577744068788308e-7
outer loop
vertex -57.27892303466797 36.912960052490234 -9.046503067016602
vertex -58.240379333496094 37.341739654541016 -8.957039833068848
vertex -57.0882453918457 36.82792282104492 -1
endloop
endfacet
facet normal 0 -1 0
outer loop
vertex 12.356731414794922 -64.448486328125 -1.5589157342910767
vertex 9.00395393371582 -64.448486328125 -4
vertex 13.103954315185547 -64.448486328125 -1.5076520442962646
endloop
endfacet
facet normal 0.7406040042111884 0.671941745202926 0
outer loop
vertex -54.81376647949219 34.32105255126953 -9.247727394104004
vertex -54.96025466918945 34.48250961303711 -9.303021430969238
vertex -54.81376647949219 34.32105255126953 -1
endloop
endfacet
facet normal 0.05234798855590332 0.9986289040950852 0
outer loop
vertex -3.8922433853149414 45.704105377197266 -10.987200736999512
vertex -4.127660751342773 45.71644592285156 -10.9852876663208
vertex -3.8922433853149414 45.704105377197266 -1
endloop
endfacet
facet normal 1 0 0
outer loop
vertex -54.41115951538086 32.08387756347656 -1
vertex -54.41115951538086 33.07728576660156 -9.315192222595215
vertex -54.41115951538086 33.27814483642578 -9.29605770111084
endloop
endfacet
facet normal -0.382684518796441 -0.9238790824959381 0
outer loop
vertex -81.92890167236328 -63.99176025390625 -1
vertex -80.8262710571289 -64.448486328125 -16.749897003173828
vertex -80.8262710571289 -64.448486328125 -1
endloop
endfacet
facet normal 0.7071067810970544 0.7071067812760233 1.5643829752739057e-7
outer loop
vertex -52.65380096435547 30.32651710510254 -1
vertex -53.97960662841797 31.652324676513672 -9.622801780700684
vertex -54.270538330078125 31.943256378173828 -9.62313461303711
endloop
endfacet
facet normal 0.2461553431747191 0.9692303890337612 0
outer loop
vertex -5.89346170425415 45.670204162597656 -11.13601303100586
vertex -6.409047603607178 45.8011474609375 -11.020113945007324
vertex -5.89346170425415 45.670204162597656 -1
endloop
endfacet
facet normal 0.9238794341627291 -0.3826836697994222 -4.659942148598303e-8
outer loop
vertex 21.132118225097656 -61.56622314453125 -1
vertex 21.171611785888672 -61.47087478637695 -21.8374080657959
vertex 21.58884048461914 -60.46359634399414 -21.767478942871094
endloop
endfacet
facet normal 0.7071067811865476 0.7071067811865476 0
outer loop
vertex -53.09954833984375 30.77226448059082 -9.790355682373047
vertex -53.38301086425781 31.055727005004883 -9.70864486694336
vertex -52.65380096435547 30.32651710510254 -1
endloop
endfacet
facet normal 0.11767385409182832 0.9930522967412672 2.6271992234516253e-7
outer loop
vertex -20.176130294799805 53.576255798339844 -9.525211334228516
vertex -21.22727394104004 53.70081329345703 -9.458772659301758
vertex -20.001924514770508 53.55561065673828 -1
endloop
endfacet
facet normal 0.555569579953276 0.8314700486671409 -5.1055838304826444e-8
outer loop
vertex 13.424872398376465 24.732194900512695 -1
vertex 10.364187240600586 26.77727508544922 -13.664122581481934
vertex 10.322620391845703 26.805049896240234 -1
endloop
endfacet
facet normal -0.28457995835907557 0.9586523077695451 0.000010414994444337671
outer loop
vertex -21.324939727783203 53.671913146972656 -9.500571250915527
vertex -24.64012336730957 52.68778610229492 -9.419877052307129
vertex -21.22727394104004 53.70081329345703 -1
endloop
endfacet
facet normal -1 0 0
outer loop
vertex -84.8111572265625 -60.46359634399414 -16.37274169921875
vertex -84.8111572265625 33.315921783447266 -1
vertex -84.8111572265625 33.315921783447266 -7.90993595123291
endloop
endfacet
facet normal -0.639123754852922 0.7691039106069468 -0.000025919169950189874
outer loop
vertex -24.64012336730957 52.68778610229492 -9.419877052307129
vertex -25.515522003173828 51.960330963134766 -9.440293312072754
vertex -25.58332061767578 51.90399169921875 -9.403375625610352
endloop
endfacet
facet normal 0.991444859196057 -0.13052620876173032 -6.692876329324602e-9
outer loop
vertex 10.322620391845703 26.805049896240234 -1
vertex 10.491814613342285 28.090208053588867 -13.076939582824707
vertex 10.651429176330566 29.302600860595703 -12.882858276367188
endloop
endfacet
facet normal 0.30530831396982905 0.952253555215679 0
outer loop
vertex 68.08122253417969 58.16184616088867 -13.626355171203613
vertex 67.89463806152344 58.2216682434082 -13.68525218963623
vertex 68.08122253417969 58.16184616088867 -1
endloop
endfacet
facet normal 0.9996573291452635 0.026176789072730872 0
outer loop
vertex 10.606250762939453 31.73448371887207 -12.834879875183105
vertex 10.663766860961914 29.53801918029785 -1
vertex 10.663766860961914 29.53801918029785 -12.863197326660156
endloop
endfacet
facet normal -0.522263371110916 0.8527842465687681 0
outer loop
vertex -36.14183044433594 31.209815979003906 -10.858114242553711
vertex -36.54859161376953 30.96070671081543 -10.781349182128906
vertex -36.14183044433594 31.209815979003906 -1
endloop
endfacet
facet normal 0.9659250882194808 0.25882179960001045 0
outer loop
vertex 10.181198120117188 34.12936019897461 -12.634353637695312
vertex 10.130722999572754 34.31773376464844 -12.630844116210938
vertex 10.181198120117188 34.12936019897461 -1
endloop
endfacet
facet normal 0.5672955217378374 0.8235142614072897 -0.00022863726939445335
outer loop
vertex 3.030919313430786 43.595977783203125 -11.373201370239258
vertex 4.841704368591309 42.35145950317383 -1
vertex 4.86637020111084 42.33148193359375 -11.755014419555664
endloop
endfacet
facet normal 0 -1 0
outer loop
vertex -71.42626953125 -64.448486328125 -1.6661099195480347
vertex -71.42626953125 -64.448486328125 -4
vertex -65.8262710571289 -64.448486328125 -4
endloop
endfacet
facet normal 0.7431462797631211 0.6691289912074001 0
outer loop
vertex 6.776455879211426 40.515445709228516 -11.790178298950195
vertex 6.618714809417725 40.690635681152344 -11.76778793334961
vertex 6.776455879211426 40.515445709228516 -1
endloop
endfacet
facet normal -0.6120422228879739 -0.790825086477628 0
outer loop
vertex 24.946256637573242 -3.9081170558929443 -17.126728057861328
vertex 25.015424728393555 -3.9616482257843018 -17.091794967651367
vertex 24.946256637573242 -3.9081170558929443 -1
endloop
endfacet
facet normal 0.8788183286643675 0.47715652065498143 0
outer loop
vertex 9.176545143127441 36.85414505004883 -2.5
vertex 9.290852546691895 36.64361572265625 -1
vertex 9.290852546691895 36.64361572265625 -12.216462135314941
endloop
endfacet
facet normal -0.5222642707929317 0.8527836955835325 1.4231774014532002e-7
outer loop
vertex -36.619178771972656 30.917478561401367 -10.787303924560547
vertex -37.09544372558594 30.625802993774414 -10.788925170898438
vertex -36.14183044433594 31.209815979003906 -1
endloop
endfacet
facet normal 0.7933527914580116 0.6087621442614037 -1.964718468846285e-7
outer loop
vertex 8.11403751373291 38.77227783203125 -3.5
vertex 8.112399101257324 38.774410247802734 -12.178666114807129
vertex 6.776455879211426 40.515445709228516 -1
endloop
endfacet
facet normal -0.5000018206675417 0.8660243526189917 0
outer loop
vertex 25.057573318481445 31.44837188720703 -14.037816047668457
vertex 24.728134155273438 31.258169174194336 -13.969001770019531
vertex 25.057573318481445 31.44837188720703 -1
endloop
endfacet
facet normal 0 -1 0
outer loop
vertex -18.011159896850586 -64.448486328125 -3.450000047683716
vertex -67.3262710571289 -64.448486328125 -1.5076520442962646
vertex -18.58518409729004 -64.448486328125 -3.564180612564087
endloop
endfacet
facet normal 0 -1 0
outer loop
vertex -80.8262710571289 -64.448486328125 -16.749897003173828
vertex -65.8262710571289 -64.448486328125 -5
vertex -77.8262710571289 -64.448486328125 -5
endloop
endfacet
facet normal 0 -1 0
outer loop
vertex -19.511159896850586 -64.448486328125 -4.949999809265137
vertex -69.46046447753906 -64.448486328125 -1.6254053115844727
vertex -19.511159896850586 -64.448486328125 -9.949999809265137
endloop
endfacet
facet normal -0.9995305671275204 0.030637320015580987 0
outer loop
vertex 25.910995483398438 34.53382110595703 -1
vertex 25.857421875 32.78600311279297 -13.89864730834961
vertex 25.857421875 32.78600311279297 -1
endloop
endfacet
facet normal 0 -1 0
outer loop
vertex -4.511159420013428 -64.448486328125 -4.949999809265137
vertex -4.511159420013428 -64.448486328125 -9.949999809265137
vertex 2.603954315185547 -64.448486328125 -5
endloop
endfacet
facet normal 1 0 0
outer loop
vertex 21.58884048461914 -25.305177688598633 -1
vertex 21.58884048461914 -6.6279826164245605 -16.91660499572754
vertex 21.58884048461914 -6.239140033721924 -16.917665481567383
endloop
endfacet
facet normal -0.9995306084318304 0.03063597244859171 1.546146645459884e-7
outer loop
vertex 25.879079818725586 33.49260330200195 -13.701085090637207
vertex 25.868038177490234 33.13235855102539 -13.766514778137207
vertex 25.910995483398438 34.53382110595703 -1
endloop
endfacet
facet normal -0.49791997461850185 0.8672229808887904 0.000017154342754611652
outer loop
vertex 27.637020111083984 38.41862487792969 -13.463899612426758
vertex 27.599163055419922 38.396888732910156 -13.446394920349121
vertex 63.59463119506836 59.063602447509766 -1
endloop
endfacet
facet normal 0.10558430926019727 -0.9944103547520243 0
outer loop
vertex 29.40616226196289 -5.911139011383057 -17.183815002441406
vertex 30.606767654418945 -5.783661365509033 -17.235118865966797
vertex 29.40616226196289 -5.911139011383057 -1
endloop
endfacet
facet normal 0.9426414522808257 0.33380696883362926 0
outer loop
vertex 10.120183944702148 34.3570671081543 -1
vertex 9.386736869812012 36.42825698852539 -12.239336967468262
vertex 9.386736869812012 36.42825698852539 -1
endloop
endfacet
facet normal 0 1 0
outer loop
vertex -37.58413314819336 30.32651710510254 -1
vertex -51.9435920715332 30.32651710510254 -9.995711326599121
vertex -52.65380096435547 30.32651710510254 -1
endloop
endfacet
facet normal 0.44042917024304534 -0.8977873612381835 -4.5250442600518686e-8
outer loop
vertex 21.58884048461914 -5.555178165435791 -1
vertex 21.773527145385742 -5.464575290679932 -16.979761123657227
vertex 22.15056800842285 -5.279609680175781 -16.823280334472656
endloop
endfacet
facet normal 0.9832548913086312 0.18223561319798115 8.800536511521739e-8
outer loop
vertex 10.581608772277832 31.96893310546875 -1
vertex 10.181198120117188 34.12936019897461 -12.634353637695312
vertex 10.388812065124512 33.00917053222656 -1
endloop
endfacet
facet normal 0.4404323308353969 -0.8977858107337688 9.39534280103354e-8
outer loop
vertex 21.58884048461914 -5.555178165435791 -1
vertex 22.15056800842285 -5.279609680175781 -16.823280334472656
vertex 22.48609161376953 -5.115009784698486 -16.748193740844727
endloop
endfacet
facet normal 0.4305110489758792 0.902585307164751 0
outer loop
vertex 2.8267619609832764 43.71384811401367 -1
vertex 0.843585193157196 44.65977478027344 -11.364266395568848
vertex 0.843585193157196 44.65977478027344 -1
endloop
endfacet
facet normal -0.9238790342145315 -0.38268463535747793 3.7228953666102787e-7
outer loop
vertex -84.8111572265625 -60.46359634399414 -1
vertex -84.35443878173828 -61.56622314453125 -16.416460037231445
vertex -84.50049591064453 -61.21359634399414 -1
endloop
endfacet
facet normal 0.35836197358627847 0.9335827204310003 0
outer loop
vertex 0.843585193157196 44.65977478027344 -1
vertex 0.6235023140907288 44.74425506591797 -11.372452735900879
vertex 0.6235023140907288 44.74425506591797 -1
endloop
endfacet
facet normal 0 -1 0
outer loop
vertex 14.603954315185547 -64.448486328125 -5
vertex 17.603954315185547 -64.448486328125 -21.886369705200195
vertex 17.603954315185547 -64.448486328125 -1
endloop
endfacet
facet normal 0.7406005489424979 0.6719455535280151 0
outer loop
vertex -57.0882453918457 36.82792282104492 -8.977755546569824
vertex -57.0882453918457 36.82792282104492 -1
vertex -54.81376647949219 34.32105255126953 -1
endloop
endfacet
facet normal 0.4404293151014445 -0.8977872901746637 -3.2668110477491094e-7
outer loop
vertex 24.605600357055664 -4.075234413146973 -16.93766975402832
vertex 21.58884048461914 -5.555178165435791 -1
vertex 24.247562408447266 -4.250877857208252 -16.80544662475586
endloop
endfacet
facet normal 0.9328987343975153 0.3601387945771937 0
outer loop
vertex -54.41115951538086 33.27814483642578 -1
vertex -54.81376647949219 34.32105255126953 -9.247727394104004
vertex -54.81376647949219 34.32105255126953 -1
endloop
endfacet
facet normal -0.10527476059707737 0.9944431732287128 1.9002596286881546e-7
outer loop
vertex 64.71417999267578 59.18212127685547 -13.492205619812012
vertex 63.59463119506836 59.063602447509766 -13.44433307647705
vertex 64.85304260253906 59.19681930541992 -1
endloop
endfacet
facet normal 0.4404304114351378 -0.8977867523432642 -9.787769466079872e-8
outer loop
vertex 24.247562408447266 -4.250877857208252 -16.80544662475586
vertex 21.58884048461914 -5.555178165435791 -1
vertex 23.92032814025879 -4.411410331726074 -16.74854850769043
endloop
endfacet
facet normal 0.005028437528287293 0.9999873573280935 0
outer loop
vertex -58.240379333496094 37.341739654541016 -1
vertex -70.62628936767578 37.404022216796875 -2.5
vertex -70.62628936767578 37.404022216796875 -1.100000023841858
endloop
endfacet
facet normal -0.612042093478682 -0.7908251866311747 8.894178814838989e-10
outer loop
vertex 24.946256637573242 -3.9081170558929443 -1
vertex 25.015424728393555 -3.9616482257843018 -17.091794967651367
vertex 25.365942001342773 -4.23292350769043 -16.985612869262695
endloop
endfacet
facet normal 0.8386705438512152 0.5446390721168534 0
outer loop
vertex 8.11403751373291 38.77227783203125 -1
vertex 8.242430686950684 38.57456970214844 -1.100000023841858
vertex 8.11403751373291 38.77227783203125 -1.0976879596710205
endloop
endfacet
facet normal 0 -1 0
outer loop
vertex -80.8262710571289 -64.448486328125 -16.749897003173828
vertex -77.8262710571289 -64.448486328125 -5
vertex -80.8262710571289 -64.448486328125 -1
endloop
endfacet
facet normal 0.2840148744854228 0.9588198741531329 0
outer loop
vertex 0.6235023140907288 44.74425506591797 -1
vertex -1.4832336902618408 45.3682975769043 -11.223318099975586
vertex -1.4832336902618408 45.3682975769043 -1
endloop
endfacet
facet normal 0.005028413951373773 0.9999873574423856 0.000002920285785144338
outer loop
vertex -70.62628936767578 37.404022216796875 -1.100000023841858
vertex -80.66439056396484 37.454498291015625 -1
vertex -58.240379333496094 37.341739654541016 -1
endloop
endfacet
facet normal 0.002514299667393205 0.9999167564958177 0.012655369455933029
outer loop
vertex -70.82676696777344 37.405029296875 -3.5
vertex -72.8262710571289 37.410057067871094 -3.5
vertex -58.240379333496094 37.341739654541016 -1
endloop
endfacet
facet normal 0.2079190286746468 0.9781460409954086 0
outer loop
vertex -1.4832336902618408 45.3682975769043 -1
vertex -1.713822841644287 45.41731262207031 -11.210243225097656
vertex -1.713822841644287 45.41731262207031 -1
endloop
endfacet
facet normal -0.9499931935068422 0.3122706074366765 0.0000046690969345601336
outer loop
vertex 25.966333389282227 34.702171325683594 -13.648872375488281
vertex 25.910995483398438 34.53382110595703 -13.607870101928711
vertex 26.89781951904297 37.535945892333984 -13.439441680908203
endloop
endfacet
facet normal 0.8788172289063133 0.4771585461321463 0.000005521327012517687
outer loop
vertex 9.290852546691895 36.64361572265625 -1
vertex 9.176545143127441 36.85414505004883 -1.100000023841858
vertex 8.242430686950684 38.57456970214844 -1
endloop
endfacet
facet normal 0.13052569360976257 0.9914449270169707 -6.310682510563432e-8
outer loop
vertex -1.713822841644287 45.41731262207031 -1
vertex -3.8922433853149414 45.704105377197266 -10.987200736999512
vertex -3.0255489349365234 45.590003967285156 -1
endloop
endfacet
facet normal 0.0050290397053879285 0.9999873521391752 0.00006573676884170198
outer loop
vertex -73.02626037597656 37.41609191894531 -1.100000023841858
vertex -80.66439056396484 37.454498291015625 -1
vertex -70.62628936767578 37.404022216796875 -1.100000023841858
endloop
endfacet
facet normal 0.004000119046247581 0.9999782980420021 -0.005234739022765624
outer loop
vertex -72.8262710571289 37.410057067871094 -3.5
vertex -80.66439056396484 37.454498291015625 -1
vertex -73.02626037597656 37.41609191894531 -2.5
endloop
endfacet
facet normal -1 0 0
outer loop
vertex -84.8111572265625 -60.46359634399414 -1
vertex -84.8111572265625 -40.71359634399414 -1
vertex -84.8111572265625 -60.46359634399414 -16.37274169921875
endloop
endfacet
facet normal 0.9238798649052428 -0.38268262989410756 0
outer loop
vertex 21.58884048461914 -60.46359634399414 -21.767478942871094
vertex 21.58884048461914 -60.46359634399414 -1
vertex 21.278181076049805 -61.21359634399414 -1
endloop
endfacet
facet normal -0.3803771438454222 0.9248314594778484 2.675967149194068e-7
outer loop
vertex -81.76072692871094 37.00360870361328 -7.857244968414307
vertex -81.7754135131836 36.99756622314453 -1
vertex -81.65827178955078 37.045745849609375 -1
endloop
endfacet
facet normal 0.24615549112701107 0.9692303514583207 0
outer loop
vertex -5.89346170425415 45.670204162597656 -1
vertex -6.697826862335205 45.874488830566406 -10.965685844421387
vertex -6.697826862335205 45.874488830566406 -1
endloop
endfacet
facet normal 0.7778033133669512 -0.6285077610621562 -1.6695953002208027e-7
outer loop
vertex 83.20697784423828 24.445293426513672 -17.228008270263672
vertex 83.22856140136719 24.472003936767578 -17.232484817504883
vertex 83.1954574584961 24.431032180786133 -1
endloop
endfacet
facet normal 0.9945026032724037 0.10471185264502711 2.417341219685061e-7
outer loop
vertex 84.93414306640625 28.528226852416992 -1
vertex 84.9177017211914 28.684415817260742 -17.03105926513672
vertex 84.80180358886719 29.785160064697266 -16.928163528442383
endloop
endfacet
facet normal 0.7778152210534165 -0.6284930245417314 -1.054795716202585e-7
outer loop
vertex 83.1954574584961 24.431032180786133 -1
vertex 83.22856140136719 24.472003936767578 -17.232484817504883
vertex 83.89977264404297 25.30268669128418 -17.191959381103516
endloop
endfacet
facet normal -0.026177232918597238 0.9996573175227226 0
outer loop
vertex -5.89346170425415 45.670204162597656 -11.13601303100586
vertex -5.89346170425415 45.670204162597656 -1
vertex -4.939139366149902 45.695194244384766 -1
endloop
endfacet
facet normal 0.9522282152829706 -0.30538733768610715 0
outer loop
vertex 83.89977264404297 25.30268669128418 -17.191959381103516
vertex 83.92727661132812 25.388446807861328 -17.215497970581055
vertex 83.89977264404297 25.30268669128418 -1
endloop
endfacet
facet normal 0 -1 0
outer loop
vertex -4.511159420013428 -64.448486328125 -4.949999809265137
vertex 2.603954315185547 -64.448486328125 -5
vertex 2.603954315185547 -64.448486328125 -4
endloop
endfacet
facet normal -0.7071057352858647 0.7071078270856833 0
outer loop
vertex -84.35443878173828 34.418548583984375 -7.905143737792969
vertex -84.35443878173828 34.418548583984375 -1
vertex -81.7754135131836 36.99756622314453 -1
endloop
endfacet
facet normal -0.9238847886275593 0.3826707427273336 0.0000017666077106843899
outer loop
vertex -84.50049591064453 34.065921783447266 -1
vertex -84.35443878173828 34.418548583984375 -1
vertex -84.8111572265625 33.315921783447266 -7.90993595123291
endloop
endfacet
facet normal -0.9238790342145956 0.38268463535750447 0
outer loop
vertex -84.8111572265625 33.315921783447266 -7.90993595123291
vertex -84.8111572265625 33.315921783447266 -1
vertex -84.50049591064453 34.065921783447266 -1
endloop
endfacet
facet normal 0.49999987624921943 0.8660254752319735 0
outer loop
vertex -6.697826862335205 45.874488830566406 -1
vertex -20.001924514770508 53.55561065673828 -9.46265697479248
vertex -20.001924514770508 53.55561065673828 -1
endloop
endfacet
facet normal 0.8386705438512152 0.5446390721168534 0
outer loop
vertex 8.242430686950684 38.57456970214844 -2.5
vertex 8.11403751373291 38.77227783203125 -3.5
vertex 8.11403751373291 38.77227783203125 -2.502311944961548
endloop
endfacet
facet normal 0 -1 0
outer loop
vertex 14.603954315185547 -64.448486328125 -4
vertex 14.603954315185547 -64.448486328125 -5
vertex 17.603954315185547 -64.448486328125 -1
endloop
endfacet
facet normal -0.6120417277370144 -0.7908254696889132 1.6242936479830703e-8
outer loop
vertex 24.946256637573242 -3.9081170558929443 -1
vertex 25.365942001342773 -4.23292350769043 -16.985612869262695
vertex 25.781585693359375 -4.554601669311523 -16.977476119995117
endloop
endfacet
facet normal 0.8386705438512152 0.5446390721168534 0
outer loop
vertex 8.242430686950684 38.57456970214844 -2.5
vertex 8.242430686950684 38.57456970214844 -3.5
vertex 8.11403751373291 38.77227783203125 -3.5
endloop
endfacet
facet normal -0.4979502470789451 0.8672055992865922 0
outer loop
vertex 63.59463119506836 59.063602447509766 -13.44433307647705
vertex 63.55118942260742 59.038658142089844 -13.466936111450195
vertex 63.59463119506836 59.063602447509766 -1
endloop
endfacet
facet normal 0.8788170943430933 0.47715879399849914 5.104202626798791e-7
outer loop
vertex 9.176545143127441 36.85414505004883 -2.5
vertex 9.078825950622559 37.034122467041016 -3.5
vertex 8.242430686950684 38.57456970214844 -2.5
endloop
endfacet
facet normal 0.44043101588356126 -0.8977864558166213 6.516756438299246e-8
outer loop
vertex 22.58884048461914 -5.064603805541992 -1
vertex 21.58884048461914 -5.555178165435791 -1
vertex 24.946256637573242 -3.9081170558929443 -17.126728057861328
endloop
endfacet
facet normal 0.8677559769293436 0.496990507239728 -0.000014730870021437819
outer loop
vertex 84.80180358886719 29.785160064697266 -16.928163528442383
vertex 84.6982192993164 29.966018676757812 -16.987428665161133
vertex 68.9544906616211 57.45500183105469 -13.657221794128418
endloop
endfacet
facet normal 0 -1 0
outer loop
vertex 4.103954315185547 -64.448486328125 -1
vertex -6.011159420013428 -64.448486328125 -3.450000047683716
vertex 4.103954315185547 -64.448486328125 -1.5076520442962646
endloop
endfacet
facet normal 0.9914446973613615 -0.13052743801223668 0
outer loop
vertex 10.322620391845703 26.805049896240234 -1
vertex 10.322620391845703 26.805049896240234 -13.68325424194336
vertex 10.379404067993164 27.236360549926758 -13.392708778381348
endloop
endfacet
facet normal -0.6120417536164966 -0.7908254496600647 0
outer loop
vertex 26.21001434326172 -4.886174201965332 -16.966510772705078
vertex 26.21001434326172 -4.886174201965332 -1
vertex 24.946256637573242 -3.9081170558929443 -1
endloop
endfacet
facet normal 0.9914449898236605 -0.130525216542844 7.565732082348076e-8
outer loop
vertex 10.322620391845703 26.805049896240234 -1
vertex 10.43205451965332 27.63628387451172 -13.196029663085938
vertex 10.479433059692383 27.99616241455078 -13.087370872497559
endloop
endfacet
facet normal -1 0 0
outer loop
vertex -84.8111572265625 -36.28709030151367 -1
vertex -84.8111572265625 -15.787091255187988 -1
vertex -84.8111572265625 -60.46359634399414 -16.37274169921875
endloop
endfacet
facet normal 0.5555707985984447 0.8314692343945662 9.340346113598883e-9
outer loop
vertex 13.36487865447998 24.772281646728516 -14.2733793258667
vertex 12.936245918273926 25.058685302734375 -13.955142974853516
vertex 13.424872398376465 24.732194900512695 -1
endloop
endfacet
facet normal -0.5000042708771397 0.866022937978331 0
outer loop
vertex 13.83812141418457 24.970787048339844 -14.110159873962402
vertex 13.424872398376465 24.732194900512695 -14.331562042236328
vertex 13.424872398376465 24.732194900512695 -1
endloop
endfacet
facet normal 0 -1 0
outer loop
vertex 5.563041687011719 -64.448486328125 -1.5949000120162964
vertex -6.011159420013428 -64.448486328125 -3.450000047683716
vertex 6.238147735595703 -64.448486328125 -1.6254053115844727
endloop
endfacet
facet normal 0 -1 0
outer loop
vertex -70.68014526367188 -64.448486328125 -1.6591570377349854
vertex -71.42626953125 -64.448486328125 -1.6661099195480347
vertex -19.511159896850586 -64.448486328125 -9.949999809265137
endloop
endfacet
facet normal 0 -1 0
outer loop
vertex -80.8262710571289 -64.448486328125 -1
vertex -77.8262710571289 -64.448486328125 -4
vertex -72.22627258300781 -64.448486328125 -4
endloop
endfacet
facet normal 0 -1 0
outer loop
vertex -71.42626953125 -64.448486328125 -1.6661099195480347
vertex -65.8262710571289 -64.448486328125 -4
vertex -18.011159896850586 -64.448486328125 -11.449999809265137
endloop
endfacet
facet normal 0.5555688031509667 0.8314705677084349 1.240955355205318e-7
outer loop
vertex 13.424872398376465 24.732194900512695 -1
vertex 12.570693969726562 25.30293846130371 -13.774226188659668
vertex 12.228677749633789 25.531465530395508 -13.692187309265137
endloop
endfacet
facet normal 0 -1 0
outer loop
vertex 7.457828998565674 -64.448486328125 -1.6591570377349854
vertex -6.011159420013428 -64.448486328125 -3.450000047683716
vertex 8.203954696655273 -64.448486328125 -1.6661099195480347
endloop
endfacet
facet normal 0.5555671579056025 0.8314716670194231 7.956499229013067e-7
outer loop
vertex 10.75151538848877 26.51847267150879 -13.568290710449219
vertex 10.364187240600586 26.77727508544922 -13.664122581481934
vertex 13.424872398376465 24.732194900512695 -1
endloop
endfacet
facet normal -0.28375247007390064 0.9588974971611987 -0.00035449252391324924
outer loop
vertex -24.64012336730957 52.68778610229492 -9.419877052307129
vertex -22.15665054321289 53.42579650878906 -1
vertex -21.22727394104004 53.70081329345703 -1
endloop
endfacet
facet normal -0.49999883047467775 0.8660260790028386 -0.0000033050796200425813
outer loop
vertex 14.50491714477539 25.355762481689453 -13.976722717285156
vertex 14.2450532913208 25.205730438232422 -13.988677024841309
vertex 25.057573318481445 31.44837188720703 -1
endloop
endfacet
facet normal 0 -1 0
outer loop
vertex -68.78536224365234 -64.448486328125 -1.5949000120162964
vertex -69.46046447753906 -64.448486328125 -1.6254053115844727
vertex -19.511159896850586 -64.448486328125 -4.949999809265137
endloop
endfacet
facet normal 0 -1 0
outer loop
vertex -67.3262710571289 -64.448486328125 -1.5076520442962646
vertex -68.07349395751953 -64.448486328125 -1.5589157342910767
vertex -19.071819305419922 -64.448486328125 -3.8893399238586426
endloop
endfacet
facet normal 0 -1 0
outer loop
vertex 9.00395393371582 -64.448486328125 -1.6661099195480347
vertex 9.00395393371582 -64.448486328125 -4
vertex 9.750080108642578 -64.448486328125 -1.6591570377349854
endloop
endfacet
facet normal 0 -1 0
outer loop
vertex 17.524295806884766 -64.448486328125 -21.904232025146484
vertex 17.558650970458984 -64.448486328125 -21.89986801147461
vertex -65.8262710571289 -64.448486328125 -5
endloop
endfacet
facet normal -0.6391230605154816 0.7691044880361342 0
outer loop
vertex -25.58332061767578 51.90399169921875 -9.403375625610352
vertex -25.58332061767578 51.90399169921875 -1
vertex -24.95554542541504 52.4256706237793 -1
endloop
endfacet
facet normal -1 0 0
outer loop
vertex -84.8111572265625 -60.46359634399414 -16.37274169921875
vertex -84.8111572265625 -15.787091255187988 -1
vertex -84.8111572265625 -11.36058521270752 -1
endloop
endfacet
facet normal 0 -1 0
outer loop
vertex -75.57904815673828 -64.448486328125 -1.5589157342910767
vertex -72.22627258300781 -64.448486328125 -4
vertex -74.8671875 -64.448486328125 -1.5949000120162964
endloop
endfacet
facet normal -1 0 0
outer loop
vertex -84.8111572265625 9.13941478729248 -1
vertex -84.8111572265625 13.565919876098633 -1
vertex -84.8111572265625 -60.46359634399414 -16.37274169921875
endloop
endfacet
facet normal -0.8907573536997357 0.4544791929558972 -1.602290315132716e-8
outer loop
vertex -35.82715606689453 31.826566696166992 -10.707221984863281
vertex -34.55928421020508 34.3115348815918 -1
vertex -25.58332061767578 51.90399169921875 -1
endloop
endfacet
facet normal 0 -1 0
outer loop
vertex 10.96976089477539 -64.448486328125 -1.6254053115844727
vertex 9.00395393371582 -64.448486328125 -4
vertex 11.644866943359375 -64.448486328125 -1.5949000120162964
endloop
endfacet
facet normal 0 -1 0
outer loop
vertex -80.8262710571289 -64.448486328125 -16.749897003173828
vertex 17.524295806884766 -64.448486328125 -21.904232025146484
vertex -65.8262710571289 -64.448486328125 -5
endloop
endfacet
facet normal 0.8677567264397836 0.4969891987946122 0
outer loop
vertex 68.9544906616211 57.45500183105469 -13.657221794128418
vertex 68.9544906616211 57.45500183105469 -1
vertex 78.77002716064453 40.31680679321289 -1
endloop
endfacet
facet normal 0.8677567306011433 0.49698919152876414 -1.3065228814502754e-8
outer loop
vertex 78.77002716064453 40.31680679321289 -1
vertex 84.80180358886719 29.785160064697266 -1
vertex 68.9544906616211 57.45500183105469 -13.657221794128418
endloop
endfacet
facet normal 0 -1 0
outer loop
vertex 11.644866943359375 -64.448486328125 -1.5949000120162964
vertex 9.00395393371582 -64.448486328125 -4
vertex 12.356731414794922 -64.448486328125 -1.5589157342910767
endloop
endfacet
facet normal 0.407304486522072 0.9132924259288431 0
outer loop
vertex -57.0882453918457 36.82792282104492 -8.977755546569824
vertex -57.27892303466797 36.912960052490234 -9.046503067016602
vertex -57.0882453918457 36.82792282104492 -1
endloop
endfacet
facet normal 0.2079259489711993 0.978144569961121 0
outer loop
vertex -1.4832336902618408 45.3682975769043 -11.223318099975586
vertex -1.6304043531417847 45.39958190917969 -11.226812362670898
vertex -1.4832336902618408 45.3682975769043 -1
endloop
endfacet
facet normal 0.005016739557401157 0.9999874160829292 0
outer loop
vertex -58.240379333496094 37.341739654541016 -8.957039833068848
vertex -58.39929962158203 37.34253692626953 -9.017348289489746
vertex -58.240379333496094 37.341739654541016 -1
endloop
endfacet
facet normal 0.952235645737089 -0.3053641678188016 0
outer loop
vertex 83.89977264404297 25.30268669128418 -1
vertex 84.93414306640625 28.528226852416992 -16.986858367919922
vertex 84.93414306640625 28.528226852416992 -1
endloop
endfacet
facet normal 0.7406003210166233 0.6719458047417617 1.4392179119317427e-7
outer loop
vertex -54.81376647949219 34.32105255126953 -1
vertex -54.96025466918945 34.48250961303711 -9.303021430969238
vertex -57.0882453918457 36.82792282104492 -8.977755546569824
endloop
endfacet
facet normal 0.28401487448542284 0.958819874153133 0
outer loop
vertex 0.6235023140907288 44.74425506591797 -11.372452735900879
vertex -1.4832336902618408 45.3682975769043 -11.223318099975586
vertex 0.6235023140907288 44.74425506591797 -1
endloop
endfacet
facet normal 0.9328988532019704 0.36013848682756244 -4.471364633496606e-8
outer loop
vertex -54.41115951538086 33.27814483642578 -1
vertex -54.483211517333984 33.464786529541016 -9.34321403503418
vertex -54.81376647949219 34.32105255126953 -9.247727394104004
endloop
endfacet
facet normal 0 -1 0
outer loop
vertex 13.103954315185547 -64.448486328125 -1.5076520442962646
vertex 9.00395393371582 -64.448486328125 -4
vertex 17.603954315185547 -64.448486328125 -1
endloop
endfacet
facet normal -0.026178439011625993 0.9996572859389935 0
outer loop
vertex -4.127660751342773 45.71644592285156 -10.9852876663208
vertex -5.89346170425415 45.670204162597656 -11.13601303100586
vertex -4.127660751342773 45.71644592285156 -1
endloop
endfacet
facet normal 1 0 0
outer loop
vertex -54.41115951538086 32.08387756347656 -1
vertex -54.41115951538086 32.71336364746094 -9.381360054016113
vertex -54.41115951538086 33.07728576660156 -9.315192222595215
endloop
endfacet
facet normal -0.923880874526473 -0.3826801924377576 0
outer loop
vertex -84.35443878173828 -61.56622314453125 -16.416460037231445
vertex -84.8111572265625 -60.46359634399414 -1
vertex -84.8111572265625 -60.46359634399414 -16.37274169921875
endloop
endfacet
facet normal 1 0 0
outer loop
vertex -54.41115951538086 32.08387756347656 -9.6615629196167
vertex -54.41115951538086 32.319732666015625 -9.528664588928223
vertex -54.41115951538086 32.08387756347656 -1
endloop
endfacet
facet normal 0.2461518150383897 0.9692312850673307 1.9324999137287018e-7
outer loop
vertex -6.409047603607178 45.8011474609375 -11.020113945007324
vertex -6.621497631072998 45.8551025390625 -10.967546463012695
vertex -5.89346170425415 45.670204162597656 -1
endloop
endfacet
facet normal 0 -1 0
outer loop
vertex -71.42626953125 -64.448486328125 -1.6661099195480347
vertex -18.011159896850586 -64.448486328125 -11.449999809265137
vertex -18.58518409729004 -64.448486328125 -11.335819244384766
endloop
endfacet
facet normal 1 0 0
outer loop
vertex 21.58884048461914 -60.32143783569336 -21.80520248413086
vertex 21.58884048461914 -60.46359634399414 -1
vertex 21.58884048461914 -60.46359634399414 -21.767478942871094
endloop
endfacet
facet normal 0 -1 0
outer loop
vertex -19.071819305419922 -64.448486328125 -11.010660171508789
vertex -19.3969783782959 -64.448486328125 -10.524024963378906
vertex -71.42626953125 -64.448486328125 -1.6661099195480347
endloop
endfacet
facet normal 0.5000032348897633 0.8660235361118831 -2.0554307238598786e-7
outer loop
vertex -6.999356746673584 46.04857635498047 -10.847566604614258
vertex -7.238424777984619 46.18660354614258 -10.812753677368164
vertex -6.697826862335205 45.874488830566406 -1
endloop
endfacet
facet normal 0 -1 0
outer loop
vertex -19.511159896850586 -64.448486328125 -9.949999809265137
vertex -71.42626953125 -64.448486328125 -1.6661099195480347
vertex -19.3969783782959 -64.448486328125 -10.524024963378906
endloop
endfacet
facet normal 0.7778161789098225 -0.6284918391086103 0
outer loop
vertex 83.1954574584961 24.431032180786133 -1
vertex 83.89977264404297 25.30268669128418 -17.191959381103516
vertex 83.89977264404297 25.30268669128418 -1
endloop
endfacet
facet normal 0.7071067586616718 0.7071068037114032 1.6485104814792834e-7
outer loop
vertex -54.270538330078125 31.943256378173828 -9.62313461303711
vertex -54.41115951538086 32.08387756347656 -9.6615629196167
vertex -52.65380096435547 30.32651710510254 -1
endloop
endfacet
facet normal 0.11768653291237946 0.9930507942552906 0
outer loop
vertex -20.001924514770508 53.55561065673828 -9.46265697479248
vertex -20.176130294799805 53.576255798339844 -9.525211334228516
vertex -20.001924514770508 53.55561065673828 -1
endloop
endfacet
facet normal 0 -1 0
outer loop
vertex 13.103954315185547 -64.448486328125 -1
vertex 13.103954315185547 -64.448486328125 -1.5076520442962646
vertex 17.603954315185547 -64.448486328125 -1
endloop
endfacet
facet normal 0.49999985589658463 0.8660254869825671 4.26616821740421e-8
outer loop
vertex -7.238424777984619 46.18660354614258 -10.812753677368164
vertex -20.001924514770508 53.55561065673828 -9.46265697479248
vertex -6.697826862335205 45.874488830566406 -1
endloop
endfacet
facet normal -0.5000018972387557 0.8660243084103557 9.976064814478915e-8
outer loop
vertex 25.057573318481445 31.44837188720703 -1
vertex 13.83812141418457 24.970787048339844 -14.110159873962402
vertex 13.424872398376465 24.732194900512695 -1
endloop
endfacet
facet normal 0 -1 0
outer loop
vertex -80.8262710571289 -64.448486328125 -1
vertex -77.8262710571289 -64.448486328125 -5
vertex -77.8262710571289 -64.448486328125 -4
endloop
endfacet
facet normal 0.6883548653994033 0.7253740960917816 0
outer loop
vertex 5.024909019470215 42.203102111816406 -11.740659713745117
vertex 5.024909019470215 42.203102111816406 -1
vertex 6.618714809417725 40.690635681152344 -1
endloop
endfacet
facet normal -0.2837465557582474 0.9588993128036601 0
outer loop
vertex -21.324939727783203 53.671913146972656 -9.500571250915527
vertex -21.22727394104004 53.70081329345703 -1
vertex -21.22727394104004 53.70081329345703 -9.458772659301758
endloop
endfacet
facet normal 0.7431462797631211 0.6691289912074001 0
outer loop
vertex 6.776455879211426 40.515445709228516 -1
vertex 6.618714809417725 40.690635681152344 -11.76778793334961
vertex 6.618714809417725 40.690635681152344 -1
endloop
endfacet
facet normal 0 -1 0
outer loop
vertex -4.625339984893799 -64.448486328125 -10.524024963378906
vertex -4.950499057769775 -64.448486328125 -11.010660171508789
vertex 17.603954315185547 -64.448486328125 -21.886369705200195
endloop
endfacet
facet normal -0.9238809293460086 0.38268005839071906 0.00003606703924697609
outer loop
vertex -84.74361419677734 33.4789924621582 -7.970371246337891
vertex -84.8111572265625 33.315921783447266 -7.90993595123291
vertex -84.35443878173828 34.418548583984375 -7.905143737792969
endloop
endfacet
facet normal 0 -1 0
outer loop
vertex -6.011159420013428 -64.448486328125 -3.450000047683716
vertex -5.437134265899658 -64.448486328125 -3.564180612564087
vertex 8.203954696655273 -64.448486328125 -1.6661099195480347
endloop
endfacet
facet normal 0.498518730229467 -0.8668788319113319 -0.0004079147518103286
outer loop
vertex 83.20697784423828 24.445293426513672 -17.228008270263672
vertex 83.1954574584961 24.431032180786133 -1
vertex 30.665735244750977 -5.777400016784668 -1
endloop
endfacet
facet normal 0 -1 0
outer loop
vertex -4.950499057769775 -64.448486328125 -3.8893399238586426
vertex -4.625339984893799 -64.448486328125 -4.375974655151367
vertex 8.203954696655273 -64.448486328125 -1.6661099195480347
endloop
endfacet
facet normal -0.8907573568359202 0.45447918680912686 0
outer loop
vertex -35.82715606689453 31.826566696166992 -10.707221984863281
vertex -25.58332061767578 51.90399169921875 -1
vertex -25.58332061767578 51.90399169921875 -9.403375625610352
endloop
endfacet
facet normal 0 -1 0
outer loop
vertex -4.625339984893799 -64.448486328125 -4.375974655151367
vertex -4.511159420013428 -64.448486328125 -4.949999809265137
vertex 8.203954696655273 -64.448486328125 -1.6661099195480347
endloop
endfacet
facet normal 0.9238830346642 -0.38267497731060063 0
outer loop
vertex 21.171611785888672 -61.47087478637695 -21.8374080657959
vertex 21.132118225097656 -61.56622314453125 -1
vertex 21.132118225097656 -61.56622314453125 -21.813194274902344
endloop
endfacet
facet normal -0.8907606254404931 0.45447278044428324 -3.2264531462163143e-7
outer loop
vertex -35.82715606689453 31.826566696166992 -10.707221984863281
vertex -35.94923400878906 31.587295532226562 -10.729790687561035
vertex -36.14183044433594 31.209815979003906 -1
endloop
endfacet
facet normal 0.5664062961186584 0.8241261479392235 0
outer loop
vertex 3.030919313430786 43.595977783203125 -11.373201370239258
vertex 3.030919313430786 43.595977783203125 -1
vertex 4.841704368591309 42.35145950317383 -1
endloop
endfacet
facet normal 0.998629549543532 -0.05233567405204969 0
outer loop
vertex 10.663766860961914 29.53801918029785 -12.863197326660156
vertex 10.651429176330566 29.302600860595703 -1
vertex 10.651429176330566 29.302600860595703 -12.882858276367188
endloop
endfacet
facet normal -0.8907572587296148 0.4544793790927177 0
outer loop
vertex -35.94923400878906 31.587295532226562 -10.729790687561035
vertex -36.14183044433594 31.209815979003906 -10.858114242553711
vertex -36.14183044433594 31.209815979003906 -1
endloop
endfacet
facet normal 0.9945220285082329 0.10452719651779378 0
outer loop
vertex 10.606250762939453 31.73448371887207 -12.834879875183105
vertex 10.58797550201416 31.908363342285156 -12.844968795776367
vertex 10.606250762939453 31.73448371887207 -1
endloop
endfacet
facet normal 0.6624583895509826 -0.7490987074588913 -0.00009271966916762655
outer loop
vertex 18.701080322265625 -63.99403762817383 -21.902454376220703
vertex 18.728954315185547 -63.96938705444336 -21.9062557220459
vertex 18.706581115722656 -63.99176025390625 -1
endloop
endfacet
facet normal 0.9832549762287657 0.1822351550095904 0
outer loop
vertex 10.581608772277832 31.96893310546875 -12.835987091064453
vertex 10.181198120117188 34.12936019897461 -12.634353637695312
vertex 10.581608772277832 31.96893310546875 -1
endloop
endfacet
facet normal 0.9659275526271086 0.2588126022352444 -1.5965579534105197e-7
outer loop
vertex 10.120183944702148 34.3570671081543 -12.621391296386719
vertex 10.181198120117188 34.12936019897461 -1
vertex 10.130722999572754 34.31773376464844 -12.630844116210938
endloop
endfacet
facet normal 0 -1 0
outer loop
vertex -80.8262710571289 -64.448486328125 -1
vertex -76.3262710571289 -64.448486328125 -1.5076520442962646
vertex -76.3262710571289 -64.448486328125 -1
endloop
endfacet
facet normal 0.6293133390296417 0.7771516720173504 0
outer loop
vertex 4.86637020111084 42.33148193359375 -11.755014419555664
vertex 5.024909019470215 42.203102111816406 -1
vertex 5.024909019470215 42.203102111816406 -11.740659713745117
endloop
endfacet
facet normal -0.5222550753092761 0.852789327040083 -4.743724389552557e-7
outer loop
vertex -36.54859161376953 30.96070671081543 -10.781349182128906
vertex -36.619178771972656 30.917478561401367 -10.787303924560547
vertex -36.14183044433594 31.209815979003906 -1
endloop
endfacet
facet normal 0.9135447687586588 0.4067381903309409 0
outer loop
vertex 9.386736869812012 36.42825698852539 -12.239336967468262
vertex 9.290852546691895 36.64361572265625 -12.216462135314941
vertex 9.386736869812012 36.42825698852539 -1
endloop
endfacet
facet normal 0.38268647144949014 -0.9238782736754549 0
outer loop
vertex 17.603954315185547 -64.448486328125 -21.886369705200195
vertex 18.701080322265625 -63.99403762817383 -21.902454376220703
vertex 17.603954315185547 -64.448486328125 -1
endloop
endfacet
facet normal 0.6883548653994034 0.7253740960917817 0
outer loop
vertex 6.618714809417725 40.690635681152344 -11.76778793334961
vertex 5.024909019470215 42.203102111816406 -11.740659713745117
vertex 6.618714809417725 40.690635681152344 -1
endloop
endfacet
facet normal 0 -1 0
outer loop
vertex -74.8671875 -64.448486328125 -1.5949000120162964
vertex -72.22627258300781 -64.448486328125 -4
vertex -74.19207763671875 -64.448486328125 -1.6254053115844727
endloop
endfacet
facet normal 0.3583471115442223 0.9335884251894846 3.618064816841428e-7
outer loop
vertex 0.6741478443145752 44.724815368652344 -11.381053924560547
vertex 0.6235023140907288 44.74425506591797 -11.372452735900879
vertex 0.843585193157196 44.65977478027344 -1
endloop
endfacet
facet normal 0.6291522854374815 0.7772820605988436 -9.669960063649546e-8
outer loop
vertex 68.9544906616211 57.45500183105469 -1
vertex 68.78499603271484 57.592193603515625 -13.7151517868042
vertex 68.08122253417969 58.16184616088867 -13.626355171203613
endloop
endfacet
facet normal 0.9135447687586588 0.4067381903309409 0
outer loop
vertex 9.290852546691895 36.64361572265625 -12.216462135314941
vertex 9.290852546691895 36.64361572265625 -1
vertex 9.386736869812012 36.42825698852539 -1
endloop
endfacet
facet normal 0 -1 0
outer loop
vertex -72.97239685058594 -64.448486328125 -1.6591570377349854
vertex -72.22627258300781 -64.448486328125 -4
vertex -72.22627258300781 -64.448486328125 -1.6661099195480347
endloop
endfacet
facet normal 0.8788182884307327 0.47715659475656147 -2.0789005130175507e-9
outer loop
vertex 9.290852546691895 36.64361572265625 -12.216462135314941
vertex 9.078825950622559 37.034122467041016 -3.5
vertex 9.176545143127441 36.85414505004883 -2.5
endloop
endfacet
facet normal 0 -1 0
outer loop
vertex -5.437134265899658 -64.448486328125 -11.335819244384766
vertex -6.011159420013428 -64.448486328125 -11.449999809265137
vertex 17.603954315185547 -64.448486328125 -21.886369705200195
endloop
endfacet
facet normal 0.4305110489758793 0.9025853071647512 0
outer loop
vertex 2.8267619609832764 43.71384811401367 -11.35366439819336
vertex 0.843585193157196 44.65977478027344 -11.364266395568848
vertex 2.8267619609832764 43.71384811401367 -1
endloop
endfacet
facet normal -0.522267868761567 0.8527814920944643 6.24284536535649e-7
outer loop
vertex -37.09544372558594 30.625802993774414 -10.788925170898438
vertex -37.40218734741211 30.437944412231445 -10.814805030822754
vertex -36.14183044433594 31.209815979003906 -1
endloop
endfacet
facet normal 0.5000000904106017 0.8660253515858471 0
outer loop
vertex 3.030919313430786 43.595977783203125 -11.373201370239258
vertex 2.8267619609832764 43.71384811401367 -11.35366439819336
vertex 3.030919313430786 43.595977783203125 -1
endloop
endfacet
facet normal -0.5000023201437606 0.8660240642446699 1.691700023135723e-8
outer loop
vertex 24.728134155273438 31.258169174194336 -13.969001770019531
vertex 24.605857849121094 31.187572479248047 -13.974626541137695
vertex 25.057573318481445 31.44837188720703 -1
endloop
endfacet
facet normal 0 1 0
outer loop
vertex -37.58413314819336 30.32651710510254 -10.876618385314941
vertex -37.83024978637695 30.32651710510254 -10.783147811889648
vertex -37.58413314819336 30.32651710510254 -1
endloop
endfacet
facet normal -0.8582625362349182 0.5132108912477684 -5.263705459231649e-7
outer loop
vertex 25.094892501831055 31.51078224182129 -14.005970001220703
vertex 25.057573318481445 31.44837188720703 -14.037816047668457
vertex 25.857421875 32.78600311279297 -1
endloop
endfacet
facet normal 0 -1 0
outer loop
vertex 17.558650970458984 -64.448486328125 -21.89986801147461
vertex 17.603954315185547 -64.448486328125 -21.886369705200195
vertex -18.011159896850586 -64.448486328125 -11.449999809265137
endloop
endfacet
facet normal 0 -1 0
outer loop
vertex -18.011159896850586 -64.448486328125 -3.450000047683716
vertex -6.011159420013428 -64.448486328125 -3.450000047683716
vertex -67.3262710571289 -64.448486328125 -1
endloop
endfacet
facet normal -0.7753079393282394 0.6315834063800275 0
outer loop
vertex 27.599163055419922 38.396888732910156 -1
vertex 26.89781951904297 37.535945892333984 -13.439441680908203
vertex 26.89781951904297 37.535945892333984 -1
endloop
endfacet
facet normal 0 -1 0
outer loop
vertex -19.071819305419922 -64.448486328125 -3.8893399238586426
vertex -18.58518409729004 -64.448486328125 -3.564180612564087
vertex -67.3262710571289 -64.448486328125 -1.5076520442962646
endloop
endfacet
facet normal -0.3826820801793623 -0.9238800926037946 0
outer loop
vertex -81.92890167236328 -63.99176025390625 -16.697303771972656
vertex -80.95948791503906 -64.39330291748047 -16.78470230102539
vertex -81.92890167236328 -63.99176025390625 -1
endloop
endfacet
facet normal 0 -1 0
outer loop
vertex -19.3969783782959 -64.448486328125 -4.375974655151367
vertex -68.78536224365234 -64.448486328125 -1.5949000120162964
vertex -19.511159896850586 -64.448486328125 -4.949999809265137
endloop
endfacet
facet normal -0.9499931158082086 0.3122708438471509 0
outer loop
vertex 26.89781951904297 37.535945892333984 -1
vertex 25.910995483398438 34.53382110595703 -13.607870101928711
vertex 25.910995483398438 34.53382110595703 -1
endloop
endfacet
facet normal -0.8582652146747904 0.5132064119623126 6.98531403019876e-8
outer loop
vertex 25.3215274810791 31.88979721069336 -13.907731056213379
vertex 25.094892501831055 31.51078224182129 -14.005970001220703
vertex 25.857421875 32.78600311279297 -1
endloop
endfacet
facet normal -0.8582657767557945 0.5132054719600764 8.944846794027004e-8
outer loop
vertex 25.649646759033203 32.43852996826172 -13.88074779510498
vertex 25.3836669921875 31.993715286254883 -13.907344818115234
vertex 25.857421875 32.78600311279297 -1
endloop
endfacet
facet normal -0.8582649458759264 0.513206861490171 3.856162792437996e-8
outer loop
vertex 25.810993194580078 32.70835876464844 -13.879746437072754
vertex 25.649646759033203 32.43852996826172 -13.88074779510498
vertex 25.857421875 32.78600311279297 -1
endloop
endfacet
facet normal -0.3053695570661434 -0.9522339174894093 0
outer loop
vertex 26.21001434326172 -4.886174201965332 -16.966510772705078
vertex 29.281352996826172 -5.871114253997803 -17.21723175048828
vertex 26.21001434326172 -4.886174201965332 -1
endloop
endfacet
facet normal -0.9995305749173552 0.030637065874203746 3.446952156148173e-8
outer loop
vertex 25.868038177490234 33.13235855102539 -13.766514778137207
vertex 25.857421875 32.78600311279297 -13.89864730834961
vertex 25.910995483398438 34.53382110595703 -1
endloop
endfacet
facet normal -0.8582647960641269 0.51320711202886 0
outer loop
vertex 25.857421875 32.78600311279297 -1
vertex 25.057573318481445 31.44837188720703 -14.037816047668457
vertex 25.057573318481445 31.44837188720703 -1
endloop
endfacet
facet normal -0.9995305506766519 0.03063785671402426 0
outer loop
vertex 25.910995483398438 34.53382110595703 -13.607870101928711
vertex 25.879079818725586 33.49260330200195 -13.701085090637207
vertex 25.910995483398438 34.53382110595703 -1
endloop
endfacet
facet normal 1 0 0
outer loop
vertex 21.58884048461914 -5.82280969619751 -16.995336532592773
vertex 21.58884048461914 -25.305177688598633 -1
vertex 21.58884048461914 -6.239140033721924 -16.917665481567383
endloop
endfacet
facet normal -0.7753079393282394 0.6315834063800275 0
outer loop
vertex 27.599163055419922 38.396888732910156 -13.446394920349121
vertex 26.89781951904297 37.535945892333984 -13.439441680908203
vertex 27.599163055419922 38.396888732910156 -1
endloop
endfacet
facet normal 0.9914448633168955 -0.13052617746085435 0
outer loop
vertex 10.651429176330566 29.302600860595703 -1
vertex 10.322620391845703 26.805049896240234 -1
vertex 10.651429176330566 29.302600860595703 -12.882858276367188
endloop
endfacet
facet normal 0.3052983934686768 0.9522567358362025 1.60917795632465e-7
outer loop
vertex 67.89463806152344 58.2216682434082 -13.68525218963623
vertex 64.85304260253906 59.19681930541992 -13.436982154846191
vertex 68.08122253417969 58.16184616088867 -1
endloop
endfacet
facet normal 0 -1 0
outer loop
vertex -4.511159420013428 -64.448486328125 -9.949999809265137
vertex -4.625339984893799 -64.448486328125 -10.524024963378906
vertex 2.603954315185547 -64.448486328125 -5
endloop
endfacet
facet normal 0.9659255155754752 0.2588202046986521 0
outer loop
vertex 10.181198120117188 34.12936019897461 -1
vertex 10.120183944702148 34.3570671081543 -12.621391296386719
vertex 10.120183944702148 34.3570671081543 -1
endloop
endfacet
facet normal 0.4404323259991898 -0.8977858131063018 0
outer loop
vertex 21.58884048461914 -5.555178165435791 -1
vertex 21.58884048461914 -5.555178165435791 -17.089447021484375
vertex 21.773527145385742 -5.464575290679932 -16.979761123657227
endloop
endfacet
facet normal 0.998629549543532 -0.05233567405204968 0
outer loop
vertex 10.651429176330566 29.302600860595703 -1
vertex 10.663766860961914 29.53801918029785 -12.863197326660156
vertex 10.663766860961914 29.53801918029785 -1
endloop
endfacet
facet normal 0.9996573291452635 0.026176789072730872 0
outer loop
vertex 10.663766860961914 29.53801918029785 -1
vertex 10.606250762939453 31.73448371887207 -12.834879875183105
vertex 10.606250762939453 31.73448371887207 -1
endloop
endfacet
facet normal 0.10559321080745097 -0.9944094095647579 6.657010626701977e-7
outer loop
vertex 29.40616226196289 -5.911139011383057 -1
vertex 30.606767654418945 -5.783661365509033 -17.235118865966797
vertex 30.64496421813965 -5.779605388641357 -17.229475021362305
endloop
endfacet
facet normal 0.9832550550876424 0.18223472952375835 0
outer loop
vertex 10.388812065124512 33.00917053222656 -1
vertex 10.181198120117188 34.12936019897461 -12.634353637695312
vertex 10.181198120117188 34.12936019897461 -1
endloop
endfacet
facet normal 0.5000000904106018 0.8660253515858471 0
outer loop
vertex 3.030919313430786 43.595977783203125 -1
vertex 2.8267619609832764 43.71384811401367 -11.35366439819336
vertex 2.8267619609832764 43.71384811401367 -1
endloop
endfacet
facet normal 0.9945217334520959 0.10453000378569914 0
outer loop
vertex 10.606250762939453 31.73448371887207 -1
vertex 10.581608772277832 31.96893310546875 -12.835987091064453
vertex 10.581608772277832 31.96893310546875 -1
endloop
endfacet
facet normal -0.7071067811865476 -0.7071067811865476 0
outer loop
vertex -84.35443878173828 -61.56622314453125 -16.416460037231445
vertex -81.92890167236328 -63.99176025390625 -16.697303771972656
vertex -84.35443878173828 -61.56622314453125 -1
endloop
endfacet
facet normal -0.38270194552503806 -0.9238718638909336 -0.0000014293534487873463
outer loop
vertex -81.92890167236328 -63.99176025390625 -1
vertex -80.95948791503906 -64.39330291748047 -16.78470230102539
vertex -80.8262710571289 -64.448486328125 -16.749897003173828
endloop
endfacet
facet normal -0.7071067811865475 -0.7071067811865475 0
outer loop
vertex -84.35443878173828 -61.56622314453125 -1
vertex -81.92890167236328 -63.99176025390625 -16.697303771972656
vertex -81.92890167236328 -63.99176025390625 -1
endloop
endfacet
facet normal -1 0 0
outer loop
vertex -84.8111572265625 -60.46359634399414 -16.37274169921875
vertex -84.8111572265625 -40.71359634399414 -1
vertex -84.8111572265625 -36.28709030151367 -1
endloop
endfacet
facet normal 0.9945051867329874 0.10468731327713891 0
outer loop
vertex 84.93414306640625 28.528226852416992 -16.986858367919922
vertex 84.9177017211914 28.684415817260742 -17.03105926513672
vertex 84.93414306640625 28.528226852416992 -1
endloop
endfacet
facet normal 0 -1 0
outer loop
vertex 8.203954696655273 -64.448486328125 -1.6661099195480347
vertex -4.511159420013428 -64.448486328125 -4.949999809265137
vertex 2.603954315185547 -64.448486328125 -4
endloop
endfacet
facet normal 0.11767564257356854 0.9930520848097031 0
outer loop
vertex -21.22727394104004 53.70081329345703 -9.458772659301758
vertex -21.22727394104004 53.70081329345703 -1
vertex -20.001924514770508 53.55561065673828 -1
endloop
endfacet
facet normal 0.7933544368179566 0.608759999980711 0.0000021789859402219007
outer loop
vertex 8.11403751373291 38.77227783203125 -3.5
vertex 6.776455879211426 40.515445709228516 -1
vertex 7.978014945983887 38.94954299926758 -2.506681203842163
endloop
endfacet
facet normal -0.05212114096488756 0.09063346356463062 -0.9945194628295603
outer loop
vertex -74.8111572265625 -54.448482513427734 -17.31012535095215
vertex -83.67569732666016 -60.739803314208984 -17.418895721435547
vertex -83.98470306396484 -59.994041442871094 -17.33473777770996
endloop
endfacet
facet normal -0.052120551460380686 0.09063114012354623 -0.994519705463583
outer loop
vertex -58.61238098144531 36.63414001464844 -9.85852336883545
vertex -71.27070617675781 36.57858657836914 -9.200191497802734
vertex -71.12633514404297 36.69706726074219 -9.19696044921875
endloop
endfacet
facet normal -0.05212033842740406 0.09063384146611533 -0.9945194704495776
outer loop
vertex 35.095726013183594 28.75042152404785 -15.488017082214355
vertex 25.098722457885742 30.71023941040039 -14.785493850708008
vertex 25.55198097229004 31.079755783081055 -14.775572776794434
endloop
endfacet
facet normal -0.0521204001277103 0.09063272504795003 -0.9945195689582533
outer loop
vertex -10.566493034362793 35.052425384521484 -12.520647048950195
vertex -24.956247329711914 51.5533561706543 -10.262748718261719
vertex -9.642066955566406 35.97685241699219 -12.484848976135254
endloop
endfacet
facet normal -0.05212073619482949 0.09063211986482549 -0.9945196064971856
outer loop
vertex 83.78048706054688 28.89606285095215 -18.02620506286621
vertex 82.8652114868164 26.041893005371094 -18.23834228515625
vertex 73.07183074951172 30.14484405517578 -17.35118293762207
endloop
endfacet
facet normal -0.05212056727948429 0.09063265123984623 -0.994519566924503
outer loop
vertex -35.35038757324219 31.23006820678711 -11.570116996765137
vertex -35.177677154541016 31.549463272094727 -11.550061225891113
vertex -11.316349983215332 33.98151779174805 -12.57894229888916
endloop
endfacet
facet normal -0.052120580459677136 0.09063255487602503 -0.9945195750155904
outer loop
vertex 9.463830947875977 31.941755294799805 -13.853873252868652
vertex 0.2860437035560608 44.027462005615234 -12.271491050720215
vertex 4.234372138977051 41.70768356323242 -12.689820289611816
endloop
endfacet
facet normal -0.052120523819727156 0.0906325107592037 -0.9945195820044168
outer loop
vertex 2.564898729324341 31.533878326416016 -13.529486656188965
vertex 2.2265350818634033 32.796669006347656 -13.396673202514648
vertex 9.301565170288086 27.522790908813477 -14.248078346252441
endloop
endfacet
facet normal -0.0521215533519572 0.09063295171563682 -0.9945194878631037
outer loop
vertex -52.5691032409668 29.674959182739258 -10.809442520141602
vertex -51.98810958862305 29.61786651611328 -10.845094680786133
vertex -74.8111572265625 -28.001956939697266 -14.899999618530273
endloop
endfacet
facet normal -0.05211928052943181 0.09063403683415253 -0.9945195080863118
outer loop
vertex 83.6911849975586 29.744182586669922 -17.944232940673828
vertex 83.78048706054688 28.89606285095215 -18.02620506286621
vertex 63.23246765136719 47.324642181396484 -15.26989459991455
endloop
endfacet
facet normal -0.05212070110730836 0.09063239013481274 -0.9945195837058884
outer loop
vertex 35.095726013183594 28.75042152404785 -15.488017082214355
vertex 25.55198097229004 31.079755783081055 -14.775572776794434
vertex 25.924659729003906 31.530014038085938 -14.754071235656738
endloop
endfacet
facet normal -0.052120445033964805 0.09063370487609555 -0.994519477310472
outer loop
vertex 31.164003372192383 23.42691993713379 -15.767105102539062
vertex 14.481362342834473 24.603853225708008 -14.78554916381836
vertex 14.83166790008545 24.79010772705078 -14.786933898925781
endloop
endfacet
facet normal -0.05212057898590877 0.09063268230846054 -0.9945195634796468
outer loop
vertex -55.8210563659668 34.06705856323242 -10.238754272460938
vertex -83.98470306396484 33.39674377441406 -8.823846817016602
vertex -57.836036682128906 36.28791427612305 -9.93076229095459
endloop
endfacet
facet normal -0.05212057803615905 0.09063231215767566 -0.9945195972619796
outer loop
vertex 2.2265350818634033 27.666366577148438 -13.86420726776123
vertex 2.564898729324341 28.929155349731445 -13.766860008239746
vertex 9.468460083007812 26.96539878845215 -14.307621002197266
endloop
endfacet
facet normal -0.05212360003407816 0.09062046670246626 -0.9945205183072466
outer loop
vertex 26.523380279541016 -3.7361629009246826 -17.999326705932617
vertex 26.378402709960938 -3.623960256576538 -17.981504440307617
vertex 30.203760147094727 -4.555459499359131 -18.26687240600586
endloop
endfacet
facet normal -0.05212053610224586 0.09063250149473 -0.9945195822050072
outer loop
vertex 15.951825141906738 14.644119262695312 -15.770262718200684
vertex 14.481362342834473 24.603853225708008 -14.78554916381836
vertex 31.164003372192383 23.42691993713379 -15.767105102539062
endloop
endfacet
facet normal -0.052120573961888024 0.09063108218407882 -0.9945197095643837
outer loop
vertex -80.78133392333984 -63.19901657104492 -17.794694900512695
vertex 17.99652862548828 -62.89275360107422 -22.943513870239258
vertex 17.25714683532715 -63.19901657104492 -22.932674407958984
endloop
endfacet
facet normal -0.052121025839340265 0.0906318869836025 -0.9945196125402688
outer loop
vertex -4.821159362792969 37.73151779174805 -12.577595710754395
vertex -24.956247329711914 51.5533561706543 -10.262748718261719
vertex -3.5187981128692627 37.617576599121094 -12.656233787536621
endloop
endfacet
facet normal -0.05212056519973849 0.0906326788361358 -0.9945195645185898
outer loop
vertex 11.58884048461914 -54.448482513427734 -21.838157653808594
vertex -81.52418518066406 -62.891319274902344 -17.727724075317383
vertex -74.8111572265625 -54.448482513427734 -17.31012535095215
endloop
endfacet
facet normal -0.052120494961784725 0.09063267751625884 -0.994519568319886
outer loop
vertex 27.618423461914062 37.33275604248047 -14.314022064208984
vertex 28.089113235473633 37.91055679321289 -14.286033630371094
vertex 35.8254280090332 31.58895492553711 -15.267577171325684
endloop
endfacet
facet normal -0.0521204448064431 0.09063241959582662 -0.9945195944532137
outer loop
vertex -7.386310577392578 23.183822631835938 -13.768922805786133
vertex -74.8111572265625 -28.001956939697266 -14.899999618530273
vertex -8.571159362792969 23.736326217651367 -13.656476974487305
endloop
endfacet
facet normal -0.05212067280536931 0.09063248780789825 -0.9945195762880019
outer loop
vertex 31.164003372192383 23.42691993713379 -15.767105102539062
vertex 24.932607650756836 30.621917724609375 -14.784836769104004
vertex 32.984554290771484 25.21979522705078 -15.699128150939941
endloop
endfacet
facet normal -0.052121846913686765 0.09063340722992205 -0.9945194309656304
outer loop
vertex -36.26941680908203 30.35089874267578 -11.602073669433594
vertex -36.176326751708984 30.410293579101562 -11.601539611816406
vertex -74.8111572265625 -28.001956939697266 -14.899999618530273
endloop
endfacet
facet normal -0.052120519292848264 0.09063253183198162 -0.9945195803212569
outer loop
vertex 25.697973251342773 -3.229435443878174 -17.90989112854004
vertex 82.39250946044922 25.456890106201172 -18.266881942749023
vertex 30.203760147094727 -4.555459499359131 -18.26687240600586
endloop
endfacet
facet normal -0.05212036607769329 0.09063222857967344 -0.9945196159868387
outer loop
vertex 25.697973251342773 -3.229435443878174 -17.90989112854004
vertex 25.139850616455078 -3.0603525638580322 -17.865232467651367
vertex 82.39250946044922 25.456890106201172 -18.266881942749023
endloop
endfacet
facet normal -0.05212069700056178 0.09063306274633758 -0.9945195226245658
outer loop
vertex -72.38184356689453 36.57858657836914 -9.141959190368652
vertex -83.98470306396484 33.39674377441406 -8.823846817016602
vertex -72.53436279296875 36.70414733886719 -9.122523307800293
endloop
endfacet
facet normal -0.05211833702146983 0.09063526441289266 -0.9945194456575103
outer loop
vertex 9.463830947875977 31.941755294799805 -13.853873252868652
vertex -6.8155107498168945 45.171791076660156 -11.795029640197754
vertex -6.5215163230896 45.14290237426758 -11.813069343566895
endloop
endfacet
facet normal -0.052120829216480105 0.09063241890018373 -0.9945195743705039
outer loop
vertex 1.6740310192108154 26.481517791748047 -13.943229675292969
vertex 5.353219509124756 18.098600387573242 -14.899999618530273
vertex 0.9241738319396973 25.41061019897461 -14.001524925231934
endloop
endfacet
facet normal -0.05212059444824317 0.09063253996088914 -0.9945195756417263
outer loop
vertex -2.2560083866119385 37.279212951660156 -12.753249168395996
vertex -24.319801330566406 52.08224105834961 -10.247904777526855
vertex -21.302324295043945 52.97515869140625 -10.324670791625977
endloop
endfacet
facet normal -0.05212058486226397 0.09063524620701345 -0.9945193295148211
outer loop
vertex -58.61238098144531 36.63414001464844 -9.85852336883545
vertex -71.63117980957031 36.42927169799805 -9.194907188415527
vertex -71.44358825683594 36.486175537109375 -9.199552536010742
endloop
endfacet
facet normal -0.052120571507322765 0.09063257412026585 -0.9945195737309972
outer loop
vertex -80.78133392333984 -63.19901657104492 -17.794694900512695
vertex 11.58884048461914 -54.448482513427734 -21.838157653808594
vertex 17.99652862548828 -62.89275360107422 -22.943513870239258
endloop
endfacet
facet normal -0.052120463236794826 0.09063275071980885 -0.9945195633113223
outer loop
vertex 1.6740310192108154 33.98151779174805 -13.259739875793457
vertex 9.463830947875977 31.941755294799805 -13.853873252868652
vertex 2.2265350818634033 32.796669006347656 -13.396673202514648
endloop
endfacet
facet normal -0.05212050605959568 0.09063252175888195 -0.9945195819327629
outer loop
vertex 24.558856964111328 -3.003260374069214 -17.829580307006836
vertex 29.59249496459961 5.141044616699219 -17.35117530822754
vertex 73.07183074951172 30.14484405517578 -17.35118293762207
endloop
endfacet
facet normal -0.0521209922335002 0.09063144822144287 -0.9945196542863692
outer loop
vertex 35.095726013183594 28.75042152404785 -15.488017082214355
vertex 25.924659729003906 31.530014038085938 -14.754071235656738
vertex 26.00242042541504 31.67381477355957 -14.745041847229004
endloop
endfacet
facet normal -0.05212065165253855 0.09063250096746979 -0.9945195761973197
outer loop
vertex 0.2860437035560608 44.027462005615234 -12.271491050720215
vertex 9.463830947875977 31.941755294799805 -13.853873252868652
vertex -1.8362840414047241 44.6737174987793 -12.101369857788086
endloop
endfacet
facet normal -0.05212172613254298 0.09063326808126275 -0.9945194499766579
outer loop
vertex 24.558856964111328 -3.003260374069214 -17.829580307006836
vertex 28.803918838500977 5.751344203948975 -17.254228591918945
vertex 29.59249496459961 5.141044616699219 -17.35117530822754
endloop
endfacet
facet normal -0.052120568174289235 0.0906325885821697 -0.9945195725877315
outer loop
vertex 35.8254280090332 31.58895492553711 -15.267577171325684
vertex 28.089113235473633 37.91055679321289 -14.286033630371094
vertex 68.03580474853516 57.07890319824219 -14.63270092010498
endloop
endfacet
facet normal -0.0521205065694757 0.09063307890814272 -0.994519531131778
outer loop
vertex 10.559962272644043 25.63160514831543 -14.48637580871582
vertex 11.687658309936523 24.878103256225586 -14.614144325256348
vertex 1.6740310192108154 26.481517791748047 -13.943229675292969
endloop
endfacet
facet normal -0.052120712425392415 0.09063239784818686 -0.9945195824097972
outer loop
vertex -20.478496551513672 52.87753677368164 -10.376742362976074
vertex -2.2560083866119385 37.279212951660156 -12.753249168395996
vertex -21.302324295043945 52.97515869140625 -10.324670791625977
endloop
endfacet
facet normal -0.05212058809488167 0.09063238312744196 -0.9945195902672226
outer loop
vertex -83.98470306396484 33.39674377441406 -8.823846817016602
vertex -55.494102478027344 32.604644775390625 -10.389162063598633
vertex -55.32720947265625 32.0472526550293 -10.448704719543457
endloop
endfacet
facet normal -0.05211904605696439 0.09063105456182309 -0.9945197921545472
outer loop
vertex -83.67760467529297 34.13814926147461 -8.77237606048584
vertex -81.37728881835938 36.4384651184082 -8.683298110961914
vertex -83.98470306396484 33.39674377441406 -8.823846817016602
endloop
endfacet
facet normal -0.05212023118834582 0.09062881520342321 -0.9945199341168065
outer loop
vertex -80.78133392333984 -63.19901657104492 -17.794694900512695
vertex -81.52418518066406 -62.891319274902344 -17.727724075317383
vertex 11.58884048461914 -54.448482513427734 -21.838157653808594
endloop
endfacet
facet normal -0.052119467618612435 0.09062821962927693 -0.994520028406658
outer loop
vertex -83.98470306396484 33.39674377441406 -8.823846817016602
vertex -72.20895385742188 36.486175537109375 -9.159441947937012
vertex -72.0213623046875 36.42927169799805 -9.174458503723145
endloop
endfacet
facet normal -0.05212056894583199 0.09063240123883369 -0.9945195896202578
outer loop
vertex 9.741345405578613 26.451704025268555 -14.368736267089844
vertex 2.2265350818634033 27.666366577148438 -13.86420726776123
vertex 9.468460083007812 26.96539878845215 -14.307621002197266
endloop
endfacet
facet normal -0.05212027856250541 0.09063145783946573 -0.994519690811831
outer loop
vertex -83.98470306396484 33.39674377441406 -8.823846817016602
vertex -72.0213623046875 36.42927169799805 -9.174458503723145
vertex -71.8262710571289 36.410057067871094 -9.186433792114258
endloop
endfacet
facet normal -0.052120813048558534 0.09063199529768069 -0.9945196138214261
outer loop
vertex 35.095726013183594 28.75042152404785 -15.488017082214355
vertex 26.00242042541504 31.67381477355957 -14.745041847229004
vertex 26.268402099609375 32.118629455566406 -14.71844482421875
endloop
endfacet
facet normal -0.05212058112975679 0.09063259603158058 -0.9945195712298842
outer loop
vertex -55.494102478027344 32.604644775390625 -10.389162063598633
vertex -83.98470306396484 33.39674377441406 -8.823846817016602
vertex -55.547264099121094 33.17020797729492 -10.334835052490234
endloop
endfacet
facet normal -0.05212208105609726 0.0906312567775343 -0.9945196146689649
outer loop
vertex 20.961400985717773 -4.870199680328369 -17.81118392944336
vertex 20.683622360229492 -5.383894443511963 -17.84343910217285
vertex 14.615739822387695 2.1625046730041504 -16.837717056274414
endloop
endfacet
facet normal -0.052120366094533 0.09063269926619341 -0.9945195730913976
outer loop
vertex 5.353219509124756 18.098600387573242 -14.899999618530273
vertex -0.0002523903676774353 24.486183166503906 -14.037322998046875
vertex 0.9241738319396973 25.41061019897461 -14.001524925231934
endloop
endfacet
facet normal -0.0521204888503524 0.09063254327958117 -0.9945195808734362
outer loop
vertex 9.26318073272705 28.25800895690918 -14.179064750671387
vertex 2.2265350818634033 32.796669006347656 -13.396673202514648
vertex 9.463830947875977 31.941755294799805 -13.853873252868652
endloop
endfacet
facet normal -0.052117292532776735 0.0906457644967861 -0.9945185434157806
outer loop
vertex 26.378402709960938 -3.623960256576538 -17.981504440307617
vertex 26.211776733398438 -3.5040111541748047 -17.96183967590332
vertex 30.203760147094727 -4.555459499359131 -18.26687240600586
endloop
endfacet
facet normal -0.05212031955963565 0.09063259491775946 -0.9945195850396688
outer loop
vertex 24.558856964111328 -3.003260374069214 -17.829580307006836
vertex 23.110740661621094 6.329931735992432 -16.903135299682617
vertex 28.803918838500977 5.751344203948975 -17.254228591918945
endloop
endfacet
facet normal -0.05212063236488038 0.0906325161026285 -0.9945195758288481
outer loop
vertex 9.463830947875977 31.941755294799805 -13.853873252868652
vertex -1.0711594820022583 36.726707458496094 -12.865694999694824
vertex -7.722362995147705 45.512779235839844 -11.71642780303955
endloop
endfacet
facet normal -0.05212076291010288 0.09063165558015232 -0.9945196474079684
outer loop
vertex 26.468420028686523 32.488521575927734 -14.695218086242676
vertex 26.640623092651367 33.04591369628906 -14.653447151184082
vertex 35.8135871887207 31.202661514282227 -15.30216121673584
endloop
endfacet
facet normal -0.05212004885205596 0.09063318821558392 -0.994519545158132
outer loop
vertex 23.239755630493164 -3.3096094131469727 -17.788366317749023
vertex 22.131515502929688 -3.8674306869506836 -17.7811222076416
vertex 14.615739822387695 2.1625046730041504 -16.837717056274414
endloop
endfacet
facet normal -0.05212321577071629 0.09063072451103052 -0.9945196037043841
outer loop
vertex 20.451374053955078 -6.535067081451416 -17.936176300048828
vertex 14.615739822387695 2.1625046730041504 -16.837717056274414
vertex 20.51141929626465 -5.941286087036133 -17.885211944580078
endloop
endfacet
facet normal -0.05212055172072193 0.0906303959529827 -0.9945197732663403
outer loop
vertex -71.44358825683594 36.486175537109375 -9.199552536010742
vertex -71.27070617675781 36.57858657836914 -9.200191497802734
vertex -58.61238098144531 36.63414001464844 -9.85852336883545
endloop
endfacet
facet normal -0.0521206269885158 0.09063255546153674 -0.9945195725237566
outer loop
vertex 35.095726013183594 28.75042152404785 -15.488017082214355
vertex 32.984554290771484 25.21979522705078 -15.699128150939941
vertex 24.932607650756836 30.621917724609375 -14.784836769104004
endloop
endfacet
facet normal -0.05212060688531118 0.09063254925532789 -0.9945195741429061
outer loop
vertex 24.558856964111328 -3.003260374069214 -17.829580307006836
vertex 23.977317810058594 -3.0603525638580322 -17.804306030273438
vertex 23.110740661621094 6.329931735992432 -16.903135299682617
endloop
endfacet
facet normal -0.05212080453911958 0.09063165998571963 -0.9945196448247907
outer loop
vertex -9.642066955566406 24.486183166503906 -13.53201675415039
vertex -35.35038757324219 31.23006820678711 -11.570116996765137
vertex -10.566493034362793 25.41061019897461 -13.399325370788574
endloop
endfacet
facet normal -0.05212056529627142 0.09063254532901499 -0.9945195766803091
outer loop
vertex 23.110740661621094 6.329931735992432 -16.903135299682617
vertex 23.417585372924805 -3.229435443878174 -17.790380477905273
vertex 14.615739822387695 2.1625046730041504 -16.837717056274414
endloop
endfacet
facet normal -0.05212056446476289 0.09063258250368982 -0.994519573336084
outer loop
vertex 5.353219509124756 18.098600387573242 -14.899999618530273
vertex -74.8111572265625 -28.001956939697266 -14.899999618530273
vertex -1.0711594820022583 23.736326217651367 -14.049534797668457
endloop
endfacet
facet normal -0.05212029323459184 0.09063317323436734 -0.9945195337159595
outer loop
vertex 9.463830947875977 31.941755294799805 -13.853873252868652
vertex 0.9241738319396973 35.052425384521484 -13.122847557067871
vertex -0.0002523903676774353 35.97685241699219 -12.990155220031738
endloop
endfacet
facet normal -0.05211940391150863 0.09063293254910629 -0.9945196022570184
outer loop
vertex 9.078886985778809 34.11064529418945 -13.636043548583984
vertex 9.463830947875977 31.941755294799805 -13.853873252868652
vertex 7.247265815734863 38.30991744995117 -13.157364845275879
endloop
endfacet
facet normal -0.05212139957481435 0.09063403470696875 -0.994519397226167
outer loop
vertex 64.58992004394531 58.47179412841797 -14.325173377990723
vertex 28.089113235473633 37.91055679321289 -14.286033630371094
vertex 63.74510192871094 58.38235855102539 -14.289048194885254
endloop
endfacet
facet normal -0.05212026935241748 0.0906326664559209 -0.994519581151483
outer loop
vertex 12.7590970993042 24.434770584106445 -14.710697174072266
vertex 15.951825141906738 14.644119262695312 -15.770262718200684
vertex 12.200974464416504 24.603853225708008 -14.666038513183594
endloop
endfacet
facet normal -0.05212039951898377 0.09063225897580543 -0.9945196114642104
outer loop
vertex 28.089113235473633 37.91055679321289 -14.286033630371094
vertex 64.58992004394531 58.47179412841797 -14.325173377990723
vertex 67.44639587402344 57.55598831176758 -14.558333396911621
endloop
endfacet
facet normal -0.052120565468251334 0.09063257767056235 -0.994519573723946
outer loop
vertex 35.8254280090332 31.58895492553711 -15.267577171325684
vertex 26.732662200927734 34.638084411621094 -14.513172149658203
vertex 27.618423461914062 37.33275604248047 -14.314022064208984
endloop
endfacet
facet normal -0.052120318658328633 0.09063310186854623 -0.9945195388873161
outer loop
vertex 82.39250946044922 25.456890106201172 -18.266881942749023
vertex 73.07183074951172 30.14484405517578 -17.35118293762207
vertex 82.8652114868164 26.041893005371094 -18.23834228515625
endloop
endfacet
facet normal -0.05212052655172816 0.09063311362765518 -0.9945195269204757
outer loop
vertex -83.98470306396484 33.39674377441406 -8.823846817016602
vertex -54.088462829589844 30.486242294311523 -10.655882835388184
vertex -53.641029357910156 30.11861801147461 -10.712834358215332
endloop
endfacet
facet normal -0.05212055147574258 0.09063256107568325 -0.994519575969587
outer loop
vertex -74.8111572265625 -28.001956939697266 -14.899999618530273
vertex -51.98810958862305 29.61786651611328 -10.845094680786133
vertex -38.310279846191406 29.61786651611328 -11.561919212341309
endloop
endfacet
facet normal -0.052120498446404526 0.09063261920865548 -0.9945195734509589
outer loop
vertex 0.9241738319396973 35.052425384521484 -13.122847557067871
vertex 9.463830947875977 31.941755294799805 -13.853873252868652
vertex 1.6740310192108154 33.98151779174805 -13.259739875793457
endloop
endfacet
facet normal -0.052120522294582666 0.0906325287606771 -0.9945195804438367
outer loop
vertex 14.615739822387695 2.1625046730041504 -16.837717056274414
vertex 20.451374053955078 -6.535067081451416 -17.936176300048828
vertex 11.58884048461914 -2.6939263343811035 -17.121660232543945
endloop
endfacet
facet normal -0.052120500113396 0.09063257921016146 -0.9945195770087402
outer loop
vertex 20.451374053955078 -60.003604888916016 -22.80887222290039
vertex 11.58884048461914 -2.6939263343811035 -17.121660232543945
vertex 20.451374053955078 -6.535067081451416 -17.936176300048828
endloop
endfacet
facet normal -0.05212351448261595 0.09062778046430366 -0.9945198563357569
outer loop
vertex 23.239755630493164 -3.3096094131469727 -17.788366317749023
vertex 14.615739822387695 2.1625046730041504 -16.837717056274414
vertex 23.417585372924805 -3.229435443878174 -17.790380477905273
endloop
endfacet
facet normal -0.05211894752246029 0.090630970688188 -0.9945198049618055
outer loop
vertex -81.37728881835938 36.4384651184082 -8.683298110961914
vertex -80.63227081298828 36.744869232177734 -8.694418907165527
vertex -83.98470306396484 33.39674377441406 -8.823846817016602
endloop
endfacet
facet normal -0.052120558099248676 0.09063249816311587 -0.99451958135581
outer loop
vertex 13.921628952026367 24.434770584106445 -14.771623611450195
vertex 14.481362342834473 24.603853225708008 -14.78554916381836
vertex 15.951825141906738 14.644119262695312 -15.770262718200684
endloop
endfacet
facet normal -0.052120393511424876 0.09063259965635671 -0.9945195807321969
outer loop
vertex 20.144275665283203 -60.74501037597656 -22.86034393310547
vertex 17.99652862548828 -62.89275360107422 -22.943513870239258
vertex 11.58884048461914 -2.6939263343811035 -17.121660232543945
endloop
endfacet
facet normal -0.05212034580248655 0.09063290710802707 -0.9945195552137609
outer loop
vertex -2.2560083866119385 37.279212951660156 -12.753249168395996
vertex -24.956247329711914 51.5533561706543 -10.262748718261719
vertex -24.319801330566406 52.08224105834961 -10.247904777526855
endloop
endfacet
facet normal -0.05212088994146065 0.090633004260325 -0.9945195178428918
outer loop
vertex -7.386310577392578 23.183822631835938 -13.768922805786133
vertex -6.123520851135254 22.845458984375 -13.865939140319824
vertex -74.8111572265625 -28.001956939697266 -14.899999618530273
endloop
endfacet
facet normal -0.05212056659191692 0.0906325772773491 -0.9945195737008915
outer loop
vertex -83.98470306396484 33.39674377441406 -8.823846817016602
vertex -52.5691032409668 29.674959182739258 -10.809442520141602
vertex -74.8111572265625 -28.001956939697266 -14.899999618530273
endloop
endfacet
facet normal -0.05212003606855719 0.09063296623086653 -0.9945195660581078
outer loop
vertex -2.2560083866119385 37.279212951660156 -12.753249168395996
vertex -7.722362995147705 45.512779235839844 -11.71642780303955
vertex -1.0711594820022583 36.726707458496094 -12.865694999694824
endloop
endfacet
facet normal -0.0521205639449556 0.09063267447313057 -0.9945195649819603
outer loop
vertex -11.868854522705078 27.666366577148438 -13.125499725341797
vertex -35.35038757324219 31.23006820678711 -11.570116996765137
vertex -12.2072172164917 28.929155349731445 -12.99268627166748
endloop
endfacet
facet normal -0.05211929051054765 0.0906330370323923 -0.9945195986781568
outer loop
vertex 11.687658309936523 24.878103256225586 -14.614144325256348
vertex 12.200974464416504 24.603853225708008 -14.666038513183594
vertex 15.951825141906738 14.644119262695312 -15.770262718200684
endloop
endfacet
facet normal -0.052120585647784094 0.09063256974537834 -0.9945195733886192
outer loop
vertex -10.566493034362793 25.41061019897461 -13.399325370788574
vertex -35.35038757324219 31.23006820678711 -11.570116996765137
vertex -11.316349983215332 26.481517791748047 -13.262433052062988
endloop
endfacet
facet normal -0.05212073674262121 0.09063279217494269 -0.9945195451995804
outer loop
vertex -8.571159362792969 23.736326217651367 -13.656476974487305
vertex -74.8111572265625 -28.001956939697266 -14.899999618530273
vertex -9.642066955566406 24.486183166503906 -13.53201675415039
endloop
endfacet
facet normal -0.052120603058660786 0.09063209592920193 -0.9945196156558609
outer loop
vertex -55.0543212890625 31.533557891845703 -10.509819984436035
vertex -83.98470306396484 33.39674377441406 -8.823846817016602
vertex -55.32720947265625 32.0472526550293 -10.448704719543457
endloop
endfacet
facet normal -0.05212051397637689 0.09063272849079058 -0.9945195626779559
outer loop
vertex 35.8254280090332 31.58895492553711 -15.267577171325684
vertex 26.699275970458984 33.54889678955078 -14.610682487487793
vertex 26.732662200927734 34.638084411621094 -14.513172149658203
endloop
endfacet
facet normal -0.05212047765668015 0.09063252569880023 -0.994519583062242
outer loop
vertex -37.72874450683594 29.674959182739258 -11.58719253540039
vertex -37.169010162353516 29.84404182434082 -11.601118087768555
vertex -74.8111572265625 -28.001956939697266 -14.899999618530273
endloop
endfacet
facet normal -0.05212060537643194 0.09063257806899334 -0.994519571596136
outer loop
vertex -74.8111572265625 -54.448482513427734 -17.31012535095215
vertex -83.98470306396484 -59.994041442871094 -17.33473777770996
vertex -83.98470306396484 33.39674377441406 -8.823846817016602
endloop
endfacet
facet normal -0.0521205376719462 0.09063300525242164 -0.9945195362141972
outer loop
vertex -54.088462829589844 30.486242294311523 -10.655882835388184
vertex -83.98470306396484 33.39674377441406 -8.823846817016602
vertex -54.68362808227539 31.08140754699707 -10.570452690124512
endloop
endfacet
facet normal -0.0521208579484679 0.09063277075601282 -0.994519540799377
outer loop
vertex -37.169010162353516 29.84404182434082 -11.601118087768555
vertex -36.74568176269531 30.059223175048828 -11.603693962097168
vertex -74.8111572265625 -28.001956939697266 -14.899999618530273
endloop
endfacet
facet normal -0.05212063984200816 0.09063251602668054 -0.9945195754439091
outer loop
vertex 35.095726013183594 28.75042152404785 -15.488017082214355
vertex 26.468420028686523 32.488521575927734 -14.695218086242676
vertex 35.8135871887207 31.202661514282227 -15.30216121673584
endloop
endfacet
facet normal -0.05212080892174251 0.09063242783581688 -0.9945195746197902
outer loop
vertex 10.243571281433105 14.830979347229004 -15.45407772064209
vertex 5.353219509124756 18.098600387573242 -14.899999618530273
vertex 1.6740310192108154 26.481517791748047 -13.943229675292969
endloop
endfacet
facet normal -0.052120766259776484 0.09063245530473837 -0.9945195743523243
outer loop
vertex 7.247265815734863 38.30991744995117 -13.157364845275879
vertex 9.463830947875977 31.941755294799805 -13.853873252868652
vertex 4.234372138977051 41.70768356323242 -12.689820289611816
endloop
endfacet
facet normal -0.05212039632934232 0.09063307003777157 -0.9945195377175858
outer loop
vertex 35.095726013183594 28.75042152404785 -15.488017082214355
vertex 26.268402099609375 32.118629455566406 -14.71844482421875
vertex 26.468420028686523 32.488521575927734 -14.695218086242676
endloop
endfacet
facet normal -0.05212079405948998 0.09063238295783677 -0.9945195794885048
outer loop
vertex -11.316349983215332 33.98151779174805 -12.57894229888916
vertex -24.956247329711914 51.5533561706543 -10.262748718261719
vertex -10.566493034362793 35.052425384521484 -12.520647048950195
endloop
endfacet
facet normal -0.0521205875094328 0.0906325902803937 -0.9945195714196569
outer loop
vertex 10.243571281433105 14.830979347229004 -15.45407772064209
vertex 1.6740310192108154 26.481517791748047 -13.943229675292969
vertex 11.687658309936523 24.878103256225586 -14.614144325256348
endloop
endfacet
facet normal -0.052120110578326356 0.0906330605399168 -0.9945195535586371
outer loop
vertex 9.247076988220215 28.102458953857422 -14.19239616394043
vertex 9.301565170288086 27.522790908813477 -14.248078346252441
vertex 2.2265350818634033 32.796669006347656 -13.396673202514648
endloop
endfacet
facet normal -0.052121936436021164 0.09063823194110025 -0.9945189865722779
outer loop
vertex -83.98470306396484 33.39674377441406 -8.823846817016602
vertex -71.8262710571289 36.410057067871094 -9.186433792114258
vertex -71.63117980957031 36.42927169799805 -9.194907188415527
endloop
endfacet
facet normal -0.052120382811763705 0.09063282969272256 -0.9945195603292301
outer loop
vertex -7.37363338470459 45.34087371826172 -11.750370025634766
vertex 9.463830947875977 31.941755294799805 -13.853873252868652
vertex -7.722362995147705 45.512779235839844 -11.71642780303955
endloop
endfacet
facet normal -0.05212062170542006 0.09063250836228604 -0.9945195770928799
outer loop
vertex -9.642066955566406 35.97685241699219 -12.484848976135254
vertex -24.956247329711914 51.5533561706543 -10.262748718261719
vertex -8.571159362792969 36.726707458496094 -12.472637176513672
endloop
endfacet
facet normal -0.052120101199668374 0.09063485807945772 -0.9945193902342241
outer loop
vertex 35.8135871887207 31.202661514282227 -15.30216121673584
vertex 26.640623092651367 33.04591369628906 -14.653447151184082
vertex 35.8254280090332 31.58895492553711 -15.267577171325684
endloop
endfacet
facet normal -0.05212026486974686 0.09063216210420051 -0.9945196273489153
outer loop
vertex -6.123520851135254 22.845458984375 -13.865939140319824
vertex -4.821159362792969 22.731517791748047 -13.944576263427734
vertex -74.8111572265625 -28.001956939697266 -14.899999618530273
endloop
endfacet
facet normal -0.05212129253101027 0.0906313093926729 -0.9945196511998474
outer loop
vertex 9.247076988220215 28.102458953857422 -14.19239616394043
vertex 2.2265350818634033 32.796669006347656 -13.396673202514648
vertex 9.26318073272705 28.25800895690918 -14.179064750671387
endloop
endfacet
facet normal -0.05212054300942015 0.09063259975656714 -0.9945195728882209
outer loop
vertex 31.164003372192383 23.42691993713379 -15.767105102539062
vertex 14.83166790008545 24.79010772705078 -14.786933898925781
vertex 24.932607650756836 30.621917724609375 -14.784836769104004
endloop
endfacet
facet normal -0.052120549420621914 0.09063290219350109 -0.9945195449904822
outer loop
vertex -12.321159362792969 30.231517791748047 -12.868027687072754
vertex -35.35038757324219 31.23006820678711 -11.570116996765137
vertex -12.2072172164917 31.533878326416016 -12.755311965942383
endloop
endfacet
facet normal -0.05212147210151952 0.09063445276030914 -0.9945193553263857
outer loop
vertex 25.139850616455078 -3.0603525638580322 -17.865232467651367
vertex 24.558856964111328 -3.003260374069214 -17.829580307006836
vertex 82.39250946044922 25.456890106201172 -18.266881942749023
endloop
endfacet
facet normal -0.05212045465476241 0.09063259442769396 -0.9945195780043176
outer loop
vertex -74.8111572265625 -28.001956939697266 -14.899999618530273
vertex -74.8111572265625 -54.448482513427734 -17.31012535095215
vertex -83.98470306396484 33.39674377441406 -8.823846817016602
endloop
endfacet
facet normal -0.05212057010952274 0.09063244913897255 -0.9945195851940422
outer loop
vertex 1.6740310192108154 26.481517791748047 -13.943229675292969
vertex 10.109736442565918 26.001445770263672 -14.429076194763184
vertex 10.559962272644043 25.63160514831543 -14.48637580871582
endloop
endfacet
facet normal -0.05212064280684574 0.09063248519275863 -0.9945195780984836
outer loop
vertex -8.571159362792969 36.726707458496094 -12.472637176513672
vertex -24.956247329711914 51.5533561706543 -10.262748718261719
vertex -7.386310577392578 37.279212951660156 -12.484381675720215
endloop
endfacet
facet normal -0.05212056243608634 0.09063258098405914 -0.9945195735808894
outer loop
vertex 11.58884048461914 -54.448482513427734 -21.838157653808594
vertex 11.58884048461914 -2.6939263343811035 -17.121660232543945
vertex 17.99652862548828 -62.89275360107422 -22.943513870239258
endloop
endfacet
facet normal -0.052120557416015414 0.09063273684043067 -0.9945195596404612
outer loop
vertex -12.2072172164917 28.929155349731445 -12.99268627166748
vertex -35.35038757324219 31.23006820678711 -11.570116996765137
vertex -12.321159362792969 30.231517791748047 -12.868027687072754
endloop
endfacet
facet normal -0.052120698007525834 0.09063254046474652 -0.994519570168488
outer loop
vertex 23.977317810058594 -3.0603525638580322 -17.804306030273438
vertex 23.417585372924805 -3.229435443878174 -17.790380477905273
vertex 23.110740661621094 6.329931735992432 -16.903135299682617
endloop
endfacet
facet normal -0.05212056801200817 0.09063261226169896 -0.9945195704382724
outer loop
vertex 82.39250946044922 25.456890106201172 -18.266881942749023
vertex 24.558856964111328 -3.003260374069214 -17.829580307006836
vertex 73.07183074951172 30.14484405517578 -17.35118293762207
endloop
endfacet
facet normal -0.05212060529202147 0.09063271046761211 -0.9945195595347974
outer loop
vertex -83.67569732666016 -60.739803314208984 -17.418895721435547
vertex -74.8111572265625 -54.448482513427734 -17.31012535095215
vertex -81.52418518066406 -62.891319274902344 -17.727724075317383
endloop
endfacet
facet normal -0.052120554831716646 0.09063253130960858 -0.9945195785063493
outer loop
vertex -83.98470306396484 33.39674377441406 -8.823846817016602
vertex -71.63117980957031 36.42927169799805 -9.194907188415527
vertex -58.61238098144531 36.63414001464844 -9.85852336883545
endloop
endfacet
facet normal -0.05212026659946407 0.0906338504376751 -0.9945194733962941
outer loop
vertex 26.640623092651367 33.04591369628906 -14.653447151184082
vertex 26.699275970458984 33.54889678955078 -14.610682487487793
vertex 35.8254280090332 31.58895492553711 -15.267577171325684
endloop
endfacet
facet normal -0.052121050023939366 0.09063289664668402 -0.9945195192603479
outer loop
vertex -35.72306823730469 30.779809951782227 -11.591618537902832
vertex -35.35038757324219 31.23006820678711 -11.570116996765137
vertex -74.8111572265625 -28.001956939697266 -14.899999618530273
endloop
endfacet
facet normal -0.05212041546063253 0.09063256648664537 -0.9945195826047142
outer loop
vertex 15.951825141906738 14.644119262695312 -15.770262718200684
vertex 10.243571281433105 14.830979347229004 -15.45407772064209
vertex 11.687658309936523 24.878103256225586 -14.614144325256348
endloop
endfacet
facet normal -0.052120492956012725 0.09063266826861781 -0.994519569267761
outer loop
vertex -7.386310577392578 37.279212951660156 -12.484381675720215
vertex -24.956247329711914 51.5533561706543 -10.262748718261719
vertex -6.123520851135254 37.617576599121094 -12.519725799560547
endloop
endfacet
facet normal -0.052120508019183755 0.09063276570664877 -0.9945195595985964
outer loop
vertex 1.6740310192108154 26.481517791748047 -13.943229675292969
vertex 2.2265350818634033 27.666366577148438 -13.86420726776123
vertex 9.741345405578613 26.451704025268555 -14.368736267089844
endloop
endfacet
facet normal -0.05212084117957089 0.09063243850470837 -0.9945195719569445
outer loop
vertex 13.340091705322266 24.37767791748047 -14.746349334716797
vertex 13.921628952026367 24.434770584106445 -14.771623611450195
vertex 15.951825141906738 14.644119262695312 -15.770262718200684
endloop
endfacet
facet normal -0.05212045005746091 0.09063275285282413 -0.994519563807634
outer loop
vertex 9.468460083007812 26.96539878845215 -14.307621002197266
vertex 2.564898729324341 28.929155349731445 -13.766860008239746
vertex 2.6788406372070312 30.231517791748047 -13.654144287109375
endloop
endfacet
facet normal -0.052120542887481726 0.09063212792071908 -0.994519615893863
outer loop
vertex -12.2072172164917 31.533878326416016 -12.755311965942383
vertex -35.35038757324219 31.23006820678711 -11.570116996765137
vertex -11.868854522705078 32.796669006347656 -12.657964706420898
endloop
endfacet
facet normal -0.052121540848848444 0.09063224872961957 -0.9945195525829315
outer loop
vertex 12.7590970993042 24.434770584106445 -14.710697174072266
vertex 13.340091705322266 24.37767791748047 -14.746349334716797
vertex 15.951825141906738 14.644119262695312 -15.770262718200684
endloop
endfacet
facet normal -0.05212041345485561 0.09063236827546799 -0.9945196007731948
outer loop
vertex -3.5187981128692627 22.845458984375 -14.002446174621582
vertex -2.2560083866119385 23.183822631835938 -14.037790298461914
vertex -74.8111572265625 -28.001956939697266 -14.899999618530273
endloop
endfacet
facet normal -0.05212377925722467 0.09062167492787049 -0.9945203988200602
outer loop
vertex 25.697973251342773 -3.229435443878174 -17.90989112854004
vertex 30.203760147094727 -4.555459499359131 -18.26687240600586
vertex 26.211776733398438 -3.5040111541748047 -17.96183967590332
endloop
endfacet
facet normal -0.05212130410929271 0.09063530018682066 -0.9945192869009588
outer loop
vertex -83.98470306396484 33.39674377441406 -8.823846817016602
vertex -72.38184356689453 36.57858657836914 -9.141959190368652
vertex -72.20895385742188 36.486175537109375 -9.159441947937012
endloop
endfacet
facet normal -0.05212050128700012 0.09063355969616704 -0.9945194875930754
outer loop
vertex 1.6740310192108154 26.481517791748047 -13.943229675292969
vertex 9.741345405578613 26.451704025268555 -14.368736267089844
vertex 10.109736442565918 26.001445770263672 -14.429076194763184
endloop
endfacet
facet normal -0.052120749560208804 0.0906321383102286 -0.994519604115775
outer loop
vertex 9.468460083007812 26.96539878845215 -14.307621002197266
vertex 2.6788406372070312 30.231517791748047 -13.654144287109375
vertex 2.564898729324341 31.533878326416016 -13.529486656188965
endloop
endfacet
facet normal -0.052120733314648025 0.09063216262693273 -0.9945196027511516
outer loop
vertex 2.564898729324341 31.533878326416016 -13.529486656188965
vertex 9.301565170288086 27.522790908813477 -14.248078346252441
vertex 9.468460083007812 26.96539878845215 -14.307621002197266
endloop
endfacet
facet normal -0.05211972622275648 0.0906344839201616 -0.9945194439843753
outer loop
vertex 9.463830947875977 31.941755294799805 -13.853873252868652
vertex -0.0002523903676774353 35.97685241699219 -12.990155220031738
vertex -1.0711594820022583 36.726707458496094 -12.865694999694824
endloop
endfacet
facet normal -0.052120676131488804 0.0906328140380831 -0.9945195463836469
outer loop
vertex 68.03580474853516 57.07890319824219 -14.63270092010498
vertex 28.089113235473633 37.91055679321289 -14.286033630371094
vertex 67.44639587402344 57.55598831176758 -14.558333396911621
endloop
endfacet
facet normal -0.052120613075164156 0.0906330024775449 -0.9945195325153621
outer loop
vertex -58.61238098144531 36.63414001464844 -9.85852336883545
vertex -57.836036682128906 36.28791427612305 -9.93076229095459
vertex -83.98470306396484 33.39674377441406 -8.823846817016602
endloop
endfacet
facet normal -0.05211932364854786 0.09063179106751654 -0.9945197104885916
outer loop
vertex -38.310279846191406 29.61786651611328 -11.561919212341309
vertex -37.72874450683594 29.674959182739258 -11.58719253540039
vertex -74.8111572265625 -28.001956939697266 -14.899999618530273
endloop
endfacet
facet normal -0.05212062833420738 0.09063207862811473 -0.9945196159078987
outer loop
vertex -52.5691032409668 29.674959182739258 -10.809442520141602
vertex -83.98470306396484 33.39674377441406 -8.823846817016602
vertex -53.12722396850586 29.84404182434082 -10.76478385925293
endloop
endfacet
facet normal -0.05212052410136692 0.09063259967521763 -0.9945195738865629
outer loop
vertex 83.6911849975586 29.744182586669922 -17.944232940673828
vertex 63.23246765136719 47.324642181396484 -15.26989459991455
vertex 68.03580474853516 57.07890319824219 -14.63270092010498
endloop
endfacet
facet normal -0.052120483332960946 0.09063246711332254 -0.9945195881037693
outer loop
vertex -2.2560083866119385 23.183822631835938 -14.037790298461914
vertex -1.0711594820022583 23.736326217651367 -14.049534797668457
vertex -74.8111572265625 -28.001956939697266 -14.899999618530273
endloop
endfacet
facet normal -0.05212061022106003 0.09063264153948963 -0.9945195655580431
outer loop
vertex 63.23246765136719 47.324642181396484 -15.26989459991455
vertex 35.8254280090332 31.58895492553711 -15.267577171325684
vertex 68.03580474853516 57.07890319824219 -14.63270092010498
endloop
endfacet
facet normal -0.05212069326450671 0.0906324718802443 -0.9945195766672992
outer loop
vertex 83.78048706054688 28.89606285095215 -18.02620506286621
vertex 73.07183074951172 30.14484405517578 -17.35118293762207
vertex 63.23246765136719 47.324642181396484 -15.26989459991455
endloop
endfacet
facet normal -0.05212089053963898 0.0906299020641137 -0.9945198005174175
outer loop
vertex -53.12722396850586 29.84404182434082 -10.76478385925293
vertex -83.98470306396484 33.39674377441406 -8.823846817016602
vertex -53.641029357910156 30.11861801147461 -10.712834358215332
endloop
endfacet
facet normal -0.052121090664076594 0.09063011201662736 -0.9945197708964063
outer loop
vertex 35.095726013183594 28.75042152404785 -15.488017082214355
vertex 24.932607650756836 30.621917724609375 -14.784836769104004
vertex 25.098722457885742 30.71023941040039 -14.785493850708008
endloop
endfacet
facet normal -0.052120556983927945 0.09063257331356928 -0.9945195745656521
outer loop
vertex -83.98470306396484 33.39674377441406 -8.823846817016602
vertex -80.63227081298828 36.744869232177734 -8.694418907165527
vertex -72.53436279296875 36.70414733886719 -9.122523307800293
endloop
endfacet
facet normal -0.05212056535117401 0.0906319711245456 -0.9945196290056589
outer loop
vertex -55.54862594604492 33.361656188964844 -10.317316055297852
vertex -83.98470306396484 33.39674377441406 -8.823846817016602
vertex -55.8210563659668 34.06705856323242 -10.238754272460938
endloop
endfacet
facet normal -0.052120558845312755 0.09063256497797649 -0.9945195752277405
outer loop
vertex -11.316349983215332 33.98151779174805 -12.57894229888916
vertex -35.177677154541016 31.549463272094727 -11.550061225891113
vertex -24.956247329711914 51.5533561706543 -10.262748718261719
endloop
endfacet
facet normal -0.05212059226847348 0.09063255344327939 -0.9945195745272863
outer loop
vertex 9.463830947875977 31.941755294799805 -13.853873252868652
vertex -6.5215163230896 45.14290237426758 -11.813069343566895
vertex -1.8362840414047241 44.6737174987793 -12.101369857788086
endloop
endfacet
facet normal -0.052123000024160884 0.09063416155230497 -0.9945193017876487
outer loop
vertex -36.74568176269531 30.059223175048828 -11.603693962097168
vertex -36.26941680908203 30.35089874267578 -11.602073669433594
vertex -74.8111572265625 -28.001956939697266 -14.899999618530273
endloop
endfacet
facet normal -0.05212072898721008 0.09063239628416253 -0.9945195816843589
outer loop
vertex -1.0711594820022583 23.736326217651367 -14.049534797668457
vertex -0.0002523903676774353 24.486183166503906 -14.037322998046875
vertex 5.353219509124756 18.098600387573242 -14.899999618530273
endloop
endfacet
facet normal -0.05211822765544333 0.09063434461748798 -0.9945195352137703
outer loop
vertex 20.683622360229492 -5.383894443511963 -17.84343910217285
vertex 20.51141929626465 -5.941286087036133 -17.885211944580078
vertex 14.615739822387695 2.1625046730041504 -16.837717056274414
endloop
endfacet
facet normal -0.05212055021282463 0.09063285628985138 -0.994519549132271
outer loop
vertex -54.68362808227539 31.08140754699707 -10.570452690124512
vertex -83.98470306396484 33.39674377441406 -8.823846817016602
vertex -55.0543212890625 31.533557891845703 -10.509819984436035
endloop
endfacet
facet normal -0.05212056251674054 0.09063268355519248 -0.9945195642291422
outer loop
vertex -11.316349983215332 26.481517791748047 -13.262433052062988
vertex -35.35038757324219 31.23006820678711 -11.570116996765137
vertex -11.868854522705078 27.666366577148438 -13.125499725341797
endloop
endfacet
facet normal -0.05212033914757108 0.09063226432635624 -0.9945196141405255
outer loop
vertex -74.8111572265625 -28.001956939697266 -14.899999618530273
vertex -4.821159362792969 22.731517791748047 -13.944576263427734
vertex -3.5187981128692627 22.845458984375 -14.002446174621582
endloop
endfacet
facet normal -0.052120544277312365 0.0906354812577073 -0.9945193102204805
outer loop
vertex -55.547264099121094 33.17020797729492 -10.334835052490234
vertex -83.98470306396484 33.39674377441406 -8.823846817016602
vertex -55.54862594604492 33.361656188964844 -10.317316055297852
endloop
endfacet
facet normal -0.05212047102989905 0.09063267789370368 -0.9945195695397038
outer loop
vertex -7.722362995147705 45.512779235839844 -11.71642780303955
vertex -2.2560083866119385 37.279212951660156 -12.753249168395996
vertex -20.478496551513672 52.87753677368164 -10.376742362976074
endloop
endfacet
facet normal -0.05212003408998347 0.09063339787278339 -0.9945195268251361
outer loop
vertex -3.5187981128692627 37.617576599121094 -12.656233787536621
vertex -24.956247329711914 51.5533561706543 -10.262748718261719
vertex -2.2560083866119385 37.279212951660156 -12.753249168395996
endloop
endfacet
facet normal -0.05211880000574016 0.09063440495274536 -0.9945194997207564
outer loop
vertex 21.78734016418457 -4.0504255294799805 -17.779760360717773
vertex 21.334081649780273 -4.419942378997803 -17.789682388305664
vertex 14.615739822387695 2.1625046730041504 -16.837717056274414
endloop
endfacet
facet normal -0.05212058619061073 0.09063282251576701 -0.9945195503246643
outer loop
vertex -11.868854522705078 32.796669006347656 -12.657964706420898
vertex -35.35038757324219 31.23006820678711 -11.570116996765137
vertex -11.316349983215332 33.98151779174805 -12.57894229888916
endloop
endfacet
facet normal -0.052122868987404106 0.09062972943833213 -0.9945197125600159
outer loop
vertex -7.37363338470459 45.34087371826172 -11.750370025634766
vertex -6.8155107498168945 45.171791076660156 -11.795029640197754
vertex 9.463830947875977 31.941755294799805 -13.853873252868652
endloop
endfacet
facet normal -0.05212052387693165 0.09063265548433908 -0.9945195688123243
outer loop
vertex 21.334081649780273 -4.419942378997803 -17.789682388305664
vertex 20.961400985717773 -4.870199680328369 -17.81118392944336
vertex 14.615739822387695 2.1625046730041504 -16.837717056274414
endloop
endfacet
facet normal -0.05211990017169371 0.09063267424752368 -0.994519599789182
outer loop
vertex 20.451374053955078 -60.003604888916016 -22.80887222290039
vertex 20.144275665283203 -60.74501037597656 -22.86034393310547
vertex 11.58884048461914 -2.6939263343811035 -17.121660232543945
endloop
endfacet
facet normal -0.05212242226346529 0.0906302523682656 -0.9945196883184634
outer loop
vertex 22.131515502929688 -3.8674306869506836 -17.7811222076416
vertex 21.78734016418457 -4.0504255294799805 -17.779760360717773
vertex 14.615739822387695 2.1625046730041504 -16.837717056274414
endloop
endfacet
facet normal -0.05212055964860408 0.09063257305796016 -0.9945195744492964
outer loop
vertex -74.8111572265625 -28.001956939697266 -14.899999618530273
vertex -35.35038757324219 31.23006820678711 -11.570116996765137
vertex -9.642066955566406 24.486183166503906 -13.53201675415039
endloop
endfacet
facet normal -0.05211783037315533 0.09063077605006384 -0.9945198812440896
outer loop
vertex -36.176326751708984 30.410293579101562 -11.601539611816406
vertex -35.72306823730469 30.779809951782227 -11.591618537902832
vertex -74.8111572265625 -28.001956939697266 -14.899999618530273
endloop
endfacet
facet normal -0.0521203762713369 0.09063282463804069 -0.9945195611326428
outer loop
vertex -24.956247329711914 51.5533561706543 -10.262748718261719
vertex -4.821159362792969 37.73151779174805 -12.577595710754395
vertex -6.123520851135254 37.617576599121094 -12.519725799560547
endloop
endfacet
facet normal -0.0521215534494065 0.0906294285570994 -0.9945198089256113
outer loop
vertex 26.523380279541016 -3.7361629009246826 -17.999326705932617
vertex 30.203760147094727 -4.555459499359131 -18.26687240600586
vertex 29.358165740966797 -4.645242691040039 -18.230737686157227
endloop
endfacet
facet normal -0.923878746076783 -0.38268533098041696 0
outer loop
vertex 18.786754608154297 -25.681446075439453 -4.099999904632568
vertex 18.786754608154297 -25.681446075439453 -0.5
vertex 18.58884048461914 -25.203641891479492 -0.5
endloop
endfacet
facet normal 0 0 1
outer loop
vertex 29.763134002685547 30.70103645324707 -4.099999904632568
vertex 29.995304107666016 -2.8246703147888184 -4.099999904632568
vertex 81.21417236328125 26.752338409423828 -4.099999904632568
endloop
endfacet
facet normal 0.9659256114048219 -0.2588198470601144 0
outer loop
vertex 15.250591278076172 22.199119567871094 -4.099999904632568
vertex 15.250591278076172 22.199119567871094 -0.5
vertex 14.749691009521484 20.329740524291992 -0.5
endloop
endfacet
facet normal -1 0 0
outer loop
vertex 19.188840866088867 -26.083532333374023 -0.5
vertex 19.188840866088867 -26.083532333374023 -4.099999904632568
vertex 19.188840866088867 -58.66343307495117 -4.099999904632568
endloop
endfacet
facet normal 0.5002065884132371 -0.8659060970497844 0
outer loop
vertex 64.26353454589844 56.110477447509766 -4.099999904632568
vertex 64.26353454589844 56.110477447509766 -0.5
vertex 29.574417114257812 36.07167053222656 -0.5
endloop
endfacet
facet normal 0 0 1
outer loop
vertex 81.21417236328125 26.752338409423828 -4.099999904632568
vertex 81.38367462158203 26.9732666015625 -4.099999904632568
vertex 29.574417114257812 36.07167053222656 -4.099999904632568
endloop
endfacet
facet normal 0.9638835661271274 -0.2663239961964592 0
outer loop
vertex 29.763134002685547 30.70103645324707 -0.5
vertex 29.763134002685547 30.70103645324707 -4.099999904632568
vertex 30.046802520751953 31.727693557739258 -4.099999904632568
endloop
endfacet
facet normal -1 0 0
outer loop
vertex -57.41115951538086 32.71918487548828 -0.5
vertex -57.41115951538086 32.71918487548828 -4.099999904632568
vertex -57.41115951538086 28.08803939819336 -4.099999904632568
endloop
endfacet
facet normal -1 0 0
outer loop
vertex 19.188840866088867 -58.66343307495117 -4.099999904632568
vertex 19.188840866088867 -58.66343307495117 -0.5
vertex 19.188840866088867 -26.083532333374023 -0.5
endloop
endfacet
facet normal 0.8660269299418222 0.4999973566085545 0
outer loop
vertex 14.786039352416992 20.053646087646484 -4.099999904632568
vertex 14.786039352416992 20.053646087646484 -0.5
vertex 16.69251251220703 16.751514434814453 -0.5
endloop
endfacet
facet normal -0.13058920112999106 0.9914365640565366 0
outer loop
vertex 29.995304107666016 -2.8246703147888184 -4.099999904632568
vertex 29.719196319580078 -2.8610384464263916 -0.5
vertex 29.995304107666016 -2.8246703147888184 -0.5
endloop
endfacet
facet normal 0 0 1
outer loop
vertex 15.941956520080566 15.451517105102539 -4.099999904632568
vertex 19.327316284179688 5.387433052062988 -4.099999904632568
vertex 29.763134002685547 30.70103645324707 -4.099999904632568
endloop
endfacet
facet normal 0.48903554797969234 0.8722638550416966 0
outer loop
vertex 23.404888153076172 5.125306129455566 -0.5
vertex 23.404888153076172 5.125306129455566 -4.099999904632568
vertex 22.781848907470703 5.474613666534424 -0.5
endloop
endfacet
facet normal 0.48903554797969234 0.8722638550416966 0
outer loop
vertex 22.781848907470703 5.474613666534424 -0.5
vertex 23.404888153076172 5.125306129455566 -4.099999904632568
vertex 22.781848907470703 5.474613666534424 -4.099999904632568
endloop
endfacet
facet normal 0.991444944676065 0.130525559475049 0
outer loop
vertex 14.786039352416992 20.053646087646484 -0.5
vertex 14.786039352416992 20.053646087646484 -4.099999904632568
vertex 14.749691009521484 20.329740524291992 -4.099999904632568
endloop
endfacet
facet normal 0 0 1
outer loop
vertex 30.046802520751953 31.727693557739258 -4.099999904632568
vertex 29.763134002685547 30.70103645324707 -4.099999904632568
vertex 81.21417236328125 26.752338409423828 -4.099999904632568
endloop
endfacet
facet normal 0 0 1
outer loop
vertex -59.14349365234375 34.45151901245117 -4.099999904632568
vertex -57.41115951538086 28.08803939819336 -4.099999904632568
vertex -58.88621520996094 34.344947814941406 -4.099999904632568
endloop
endfacet
facet normal 0 0 1
outer loop
vertex -18.64963722229004 8.326517105102539 -4.099999904632568
vertex -14.011159896850586 -26.37348175048828 -4.099999904632568
vertex -6.572681903839111 8.326517105102539 -4.099999904632568
endloop
endfacet
facet normal 0 0 1
outer loop
vertex -81.8111572265625 -58.66343307495117 -4.099999904632568
vertex -80.51116180419922 -26.37348175048828 -4.099999904632568
vertex -81.8111572265625 32.71918487548828 -4.099999904632568
endloop
endfacet
facet normal 0.7071067811865475 0.7071067811865475 0
outer loop
vertex -81.8111572265625 -58.66343307495117 -4.099999904632568
vertex -81.8111572265625 -58.66343307495117 -0.5
vertex -81.40110778808594 -59.073482513427734 -0.5
endloop
endfacet
facet normal 0 0 1
outer loop
vertex 29.574417114257812 36.07167053222656 -4.099999904632568
vertex 81.84811401367188 29.118640899658203 -4.099999904632568
vertex 64.26353454589844 56.110477447509766 -4.099999904632568
endloop
endfacet
facet normal 0 0 1
outer loop
vertex 18.58884048461914 -25.203641891479492 -4.099999904632568
vertex 18.488840103149414 -26.37348175048828 -4.099999904632568
vertex 18.786754608154297 -25.681446075439453 -4.099999904632568
endloop
endfacet
facet normal -0.7071057956450851 -0.7071077667266362 0
outer loop
vertex -58.88621520996094 34.344947814941406 -0.5
vertex -58.88621520996094 34.344947814941406 -4.099999904632568
vertex -57.51772689819336 32.976463317871094 -4.099999904632568
endloop
endfacet
facet normal 0.7071067811865476 -0.7071067811865476 0
outer loop
vertex -81.70458984375 32.976463317871094 -0.5
vertex -81.70458984375 32.976463317871094 -4.099999904632568
vertex -80.33610534667969 34.344947814941406 -4.099999904632568
endloop
endfacet
facet normal 0 0 1
outer loop
vertex 29.574417114257812 36.07167053222656 -4.099999904632568
vertex 29.40583038330078 35.853641510009766 -4.099999904632568
vertex 81.21417236328125 26.752338409423828 -4.099999904632568
endloop
endfacet
facet normal -0.13058920112999106 0.9914365640565366 0
outer loop
vertex 29.719196319580078 -2.8610384464263916 -0.5
vertex 29.995304107666016 -2.8246703147888184 -4.099999904632568
vertex 29.719196319580078 -2.8610384464263916 -4.099999904632568
endloop
endfacet
facet normal 0 0 1
outer loop
vertex -81.8111572265625 32.71918487548828 -4.099999904632568
vertex -14.011159896850586 -26.37348175048828 -4.099999904632568
vertex -57.41115951538086 28.08803939819336 -4.099999904632568
endloop
endfacet
facet normal -0.5000733093352984 0.8659830744826615 0
outer loop
vertex 29.995304107666016 -2.8246703147888184 -4.099999904632568
vertex 29.995304107666016 -2.8246703147888184 -0.5
vertex 81.21417236328125 26.752338409423828 -0.5
endloop
endfacet
facet normal 0 1 0
outer loop
vertex -80.51116180419922 -59.073482513427734 -0.5
vertex -80.51116180419922 -59.073482513427734 -4.099999904632568
vertex -81.40110778808594 -59.073482513427734 -4.099999904632568
endloop
endfacet
facet normal -0.7071051366316995 0.7071084257375707 0
outer loop
vertex 18.778789520263672 -59.073482513427734 -4.099999904632568
vertex 18.778789520263672 -59.073482513427734 -0.5
vertex 19.188840866088867 -58.66343307495117 -0.5
endloop
endfacet
facet normal -0.923880595581545 -0.3826808658763721 0
outer loop
vertex -57.41115951538086 32.71918487548828 -4.099999904632568
vertex -57.41115951538086 32.71918487548828 -0.5
vertex -57.51772689819336 32.976463317871094 -0.5
endloop
endfacet
facet normal 0 0 1
outer loop
vertex 18.488840103149414 -26.37348175048828 -4.099999904632568
vertex 18.488840103149414 -59.073482513427734 -4.099999904632568
vertex 19.188840866088867 -26.083532333374023 -4.099999904632568
endloop
endfacet
facet normal 0 0 1
outer loop
vertex -57.51772689819336 32.976463317871094 -4.099999904632568
vertex -57.41115951538086 28.08803939819336 -4.099999904632568
vertex -57.41115951538086 32.71918487548828 -4.099999904632568
endloop
endfacet
facet normal 0 0 1
outer loop
vertex -57.41115951538086 28.08803939819336 -4.099999904632568
vertex -14.011159896850586 -26.37348175048828 -4.099999904632568
vertex -56.649635314941406 27.32651710510254 -4.099999904632568
endloop
endfacet
facet normal 0.8660270057201749 0.4999972253556496 0
outer loop
vertex 23.404888153076172 5.125306129455566 -4.099999904632568
vertex 23.404888153076172 5.125306129455566 -0.5
vertex 27.628726959228516 -2.1906514167785645 -0.5
endloop
endfacet
facet normal -0.7071067811865476 -0.7071067811865476 0
outer loop
vertex 18.786754608154297 -25.681446075439453 -0.5
vertex 18.786754608154297 -25.681446075439453 -4.099999904632568
vertex 19.188840866088867 -26.083532333374023 -4.099999904632568
endloop
endfacet
facet normal 0.923880595581545 -0.3826808658763721 0
outer loop
vertex -81.70458984375 32.976463317871094 -4.099999904632568
vertex -81.70458984375 32.976463317871094 -0.5
vertex -81.8111572265625 32.71918487548828 -0.5
endloop
endfacet
facet normal -0.923878746076783 -0.38268533098041696 0
outer loop
vertex 18.58884048461914 -25.203641891479492 -0.5
vertex 18.58884048461914 -25.203641891479492 -4.099999904632568
vertex 18.786754608154297 -25.681446075439453 -4.099999904632568
endloop
endfacet
facet normal -0.7071067811865476 -0.7071067811865476 0
outer loop
vertex 19.188840866088867 -26.083532333374023 -4.099999904632568
vertex 19.188840866088867 -26.083532333374023 -0.5
vertex 18.786754608154297 -25.681446075439453 -0.5
endloop
endfacet
facet normal -1 0 0
outer loop
vertex 18.58884048461914 -25.203641891479492 -4.099999904632568
vertex 18.58884048461914 -25.203641891479492 -0.5
vertex 18.58884048461914 4.630085468292236 -0.5
endloop
endfacet
facet normal -0.7933913324682973 0.6087119134403233 0
outer loop
vertex 81.21417236328125 26.752338409423828 -4.099999904632568
vertex 81.21417236328125 26.752338409423828 -0.5
vertex 81.38367462158203 26.9732666015625 -0.5
endloop
endfacet
facet normal -0.7071058956587566 -0.7071076667132294 0
outer loop
vertex -56.649635314941406 27.32651710510254 -4.099999904632568
vertex -56.649635314941406 27.32651710510254 -0.5
vertex -57.41115951538086 28.08803939819336 -0.5
endloop
endfacet
facet normal -1 0 0
outer loop
vertex 18.58884048461914 4.630085468292236 -4.099999904632568
vertex 18.58884048461914 -25.203641891479492 -4.099999904632568
vertex 18.58884048461914 4.630085468292236 -0.5
endloop
endfacet
facet normal 0 0 1
outer loop
vertex 18.58884048461914 4.630085468292236 -4.099999904632568
vertex -14.011159896850586 -26.37348175048828 -4.099999904632568
vertex 18.58884048461914 -25.203641891479492 -4.099999904632568
endloop
endfacet
facet normal 0 0 1
outer loop
vertex 66.409423828125 55.6461181640625 -4.099999904632568
vertex 81.84811401367188 29.118640899658203 -4.099999904632568
vertex 66.63040161132812 55.47657775878906 -4.099999904632568
endloop
endfacet
facet normal 0.9639150568441724 -0.2662099982891245 0
outer loop
vertex 28.89630889892578 34.008724212646484 -0.5
vertex 28.89630889892578 34.008724212646484 -4.099999904632568
vertex 29.40583038330078 35.853641510009766 -4.099999904632568
endloop
endfacet
facet normal 0 0 1
outer loop
vertex 64.26353454589844 56.110477447509766 -4.099999904632568
vertex 81.84811401367188 29.118640899658203 -4.099999904632568
vertex 64.53966522216797 56.146881103515625 -4.099999904632568
endloop
endfacet
facet normal 0.8660247738199839 -0.5000010911288553 0
outer loop
vertex 15.941956520080566 15.451517105102539 -0.5
vertex 15.941956520080566 15.451517105102539 -4.099999904632568
vertex 16.69251251220703 16.751514434814453 -4.099999904632568
endloop
endfacet
facet normal 0.25877964665587266 0.9659363822098542 0
outer loop
vertex 27.849674224853516 -2.3601832389831543 -4.099999904632568
vertex 27.849674224853516 -2.3601832389831543 -0.5
vertex 29.719196319580078 -2.8610384464263916 -0.5
endloop
endfacet
facet normal 0 0 1
outer loop
vertex 22.781848907470703 5.474613666534424 -4.099999904632568
vertex 23.404888153076172 5.125306129455566 -4.099999904632568
vertex 29.763134002685547 30.70103645324707 -4.099999904632568
endloop
endfacet
facet normal 0.38269255819931874 -0.9238757524141766 0
outer loop
vertex -80.07882690429688 34.45151901245117 -4.099999904632568
vertex -80.07882690429688 34.45151901245117 -0.5
vertex -80.33610534667969 34.344947814941406 -0.5
endloop
endfacet
facet normal 0 0 1
outer loop
vertex -56.649635314941406 27.32651710510254 -4.099999904632568
vertex -14.011159896850586 -26.37348175048828 -4.099999904632568
vertex -19.41115951538086 9.08803939819336 -4.099999904632568
endloop
endfacet
facet normal 0 0 1
outer loop
vertex -81.8111572265625 32.71918487548828 -4.099999904632568
vertex -57.41115951538086 28.08803939819336 -4.099999904632568
vertex -81.70458984375 32.976463317871094 -4.099999904632568
endloop
endfacet
facet normal 0 0 1
outer loop
vertex -80.33610534667969 34.344947814941406 -4.099999904632568
vertex -57.41115951538086 28.08803939819336 -4.099999904632568
vertex -80.07882690429688 34.45151901245117 -4.099999904632568
endloop
endfacet
facet normal 0.791092277925076 -0.6116968267101882 0
outer loop
vertex 29.40583038330078 35.853641510009766 -0.5
vertex 29.40583038330078 35.853641510009766 -4.099999904632568
vertex 29.574417114257812 36.07167053222656 -4.099999904632568
endloop
endfacet
facet normal 0.9639150568441724 -0.2662099982891245 0
outer loop
vertex 29.40583038330078 35.853641510009766 -4.099999904632568
vertex 29.40583038330078 35.853641510009766 -0.5
vertex 28.89630889892578 34.008724212646484 -0.5
endloop
endfacet
facet normal 0.9928927120226598 0.11901286658293497 0
outer loop
vertex 28.89630889892578 34.008724212646484 -4.099999904632568
vertex 28.89630889892578 34.008724212646484 -0.5
vertex 28.929109573364258 33.735076904296875 -0.5
endloop
endfacet
facet normal 0.9638835661271274 -0.2663239961964592 0
outer loop
vertex 30.046802520751953 31.727693557739258 -4.099999904632568
vertex 30.046802520751953 31.727693557739258 -0.5
vertex 29.763134002685547 30.70103645324707 -0.5
endloop
endfacet
facet normal -0.923880595581545 -0.3826808658763721 0
outer loop
vertex -57.51772689819336 32.976463317871094 -0.5
vertex -57.51772689819336 32.976463317871094 -4.099999904632568
vertex -57.41115951538086 32.71918487548828 -4.099999904632568
endloop
endfacet
facet normal 0 0 1
outer loop
vertex -80.51116180419922 -26.37348175048828 -4.099999904632568
vertex -81.40110778808594 -59.073482513427734 -4.099999904632568
vertex -80.51116180419922 -59.073482513427734 -4.099999904632568
endloop
endfacet
facet normal -0.7071057956450851 -0.7071077667266362 0
outer loop
vertex -57.51772689819336 32.976463317871094 -4.099999904632568
vertex -57.51772689819336 32.976463317871094 -0.5
vertex -58.88621520996094 34.344947814941406 -0.5
endloop
endfacet
facet normal -0.9659365039753491 0.25877919214627804 0
outer loop
vertex 81.88446807861328 28.842561721801758 -0.5
vertex 81.88446807861328 28.842561721801758 -4.099999904632568
vertex 81.38367462158203 26.9732666015625 -4.099999904632568
endloop
endfacet
facet normal 0 0 1
outer loop
vertex 27.628726959228516 -2.1906514167785645 -4.099999904632568
vertex 29.763134002685547 30.70103645324707 -4.099999904632568
vertex 23.404888153076172 5.125306129455566 -4.099999904632568
endloop
endfacet
facet normal 0.8660247738199839 -0.5000010911288553 0
outer loop
vertex 16.69251251220703 16.751514434814453 -4.099999904632568
vertex 16.69251251220703 16.751514434814453 -0.5
vertex 15.941956520080566 15.451517105102539 -0.5
endloop
endfacet
facet normal 0 0 1
outer loop
vertex 19.327316284179688 5.387433052062988 -4.099999904632568
vertex 22.781848907470703 5.474613666534424 -4.099999904632568
vertex 29.763134002685547 30.70103645324707 -4.099999904632568
endloop
endfacet
facet normal 0.8660270057201749 0.4999972253556496 0
outer loop
vertex 27.628726959228516 -2.1906514167785645 -0.5
vertex 27.628726959228516 -2.1906514167785645 -4.099999904632568
vertex 23.404888153076172 5.125306129455566 -4.099999904632568
endloop
endfacet
facet normal 1 0 0
outer loop
vertex -81.8111572265625 -58.66343307495117 -4.099999904632568
vertex -81.8111572265625 8.364285469055176 -0.5
vertex -81.8111572265625 -58.66343307495117 -0.5
endloop
endfacet
facet normal 1 0 0
outer loop
vertex -81.8111572265625 32.71918487548828 -4.099999904632568
vertex -81.8111572265625 32.71918487548828 -0.5
vertex -81.8111572265625 8.364285469055176 -0.5
endloop
endfacet
facet normal 0 -1 0
outer loop
vertex -35.13493347167969 27.32651710510254 -4.099999904632568
vertex -35.13493347167969 27.32651710510254 -0.5
vertex -56.649635314941406 27.32651710510254 -0.5
endloop
endfacet
facet normal 0 0 1
outer loop
vertex -81.8111572265625 -58.66343307495117 -4.099999904632568
vertex -81.40110778808594 -59.073482513427734 -4.099999904632568
vertex -80.51116180419922 -26.37348175048828 -4.099999904632568
endloop
endfacet
facet normal -0.9238791770633653 -0.38268429049115504 0
outer loop
vertex -19.517728805541992 25.851463317871094 -0.5
vertex -19.517728805541992 25.851463317871094 -4.099999904632568
vertex -19.41115951538086 25.59418296813965 -4.099999904632568
endloop
endfacet
facet normal -0.7071067811865476 -0.7071067811865476 0
outer loop
vertex -20.886213302612305 27.219947814941406 -0.5
vertex -20.886213302612305 27.219947814941406 -4.099999904632568
vertex -19.517728805541992 25.851463317871094 -4.099999904632568
endloop
endfacet
facet normal 0.1307039324148135 -0.991421445224635 0
outer loop
vertex 64.53966522216797 56.146881103515625 -4.099999904632568
vertex 64.53966522216797 56.146881103515625 -0.5
vertex 64.26353454589844 56.110477447509766 -0.5
endloop
endfacet
facet normal 0 0 1
outer loop
vertex 18.786754608154297 -25.681446075439453 -4.099999904632568
vertex 18.488840103149414 -26.37348175048828 -4.099999904632568
vertex 19.188840866088867 -26.083532333374023 -4.099999904632568
endloop
endfacet
facet normal -0.7071067811865476 -0.7071067811865476 0
outer loop
vertex -19.517728805541992 25.851463317871094 -4.099999904632568
vertex -19.517728805541992 25.851463317871094 -0.5
vertex -20.886213302612305 27.219947814941406 -0.5
endloop
endfacet
facet normal 0.7071069043791552 -0.7071066579939185 0
outer loop
vertex -5.704590797424316 13.976462364196777 -0.5
vertex -5.704590797424316 13.976462364196777 -4.099999904632568
vertex -4.336104869842529 15.344948768615723 -4.099999904632568
endloop
endfacet
facet normal -0.38269255819931874 -0.9238757524141766 0
outer loop
vertex -58.88621520996094 34.344947814941406 -4.099999904632568
vertex -58.88621520996094 34.344947814941406 -0.5
vertex -59.14349365234375 34.45151901245117 -0.5
endloop
endfacet
facet normal -1 0 0
outer loop
vertex -57.41115951538086 28.08803939819336 -4.099999904632568
vertex -57.41115951538086 28.08803939819336 -0.5
vertex -57.41115951538086 32.71918487548828 -0.5
endloop
endfacet
facet normal 0.9659256114048219 -0.2588198470601144 0
outer loop
vertex 14.749691009521484 20.329740524291992 -0.5
vertex 14.749691009521484 20.329740524291992 -4.099999904632568
vertex 15.250591278076172 22.199119567871094 -4.099999904632568
endloop
endfacet
facet normal -0.5000733093352984 0.8659830744826615 0
outer loop
vertex 81.21417236328125 26.752338409423828 -4.099999904632568
vertex 29.995304107666016 -2.8246703147888184 -4.099999904632568
vertex 81.21417236328125 26.752338409423828 -0.5
endloop
endfacet
facet normal 0 -1 0
outer loop
vertex -56.649635314941406 27.32651710510254 -0.5
vertex -56.649635314941406 27.32651710510254 -4.099999904632568
vertex -35.13493347167969 27.32651710510254 -4.099999904632568
endloop
endfacet
facet normal 0.25877964665587266 0.9659363822098542 0
outer loop
vertex 29.719196319580078 -2.8610384464263916 -0.5
vertex 29.719196319580078 -2.8610384464263916 -4.099999904632568
vertex 27.849674224853516 -2.3601832389831543 -4.099999904632568
endloop
endfacet
facet normal 0.791092277925076 -0.6116968267101882 0
outer loop
vertex 29.574417114257812 36.07167053222656 -4.099999904632568
vertex 29.574417114257812 36.07167053222656 -0.5
vertex 29.40583038330078 35.853641510009766 -0.5
endloop
endfacet
facet normal 0 0 1
outer loop
vertex 18.488840103149414 -59.073482513427734 -4.099999904632568
vertex 18.778789520263672 -59.073482513427734 -4.099999904632568
vertex 19.188840866088867 -58.66343307495117 -4.099999904632568
endloop
endfacet
facet normal 0 -1 0
outer loop
vertex -24.742630004882812 27.32651710510254 -4.099999904632568
vertex -21.14349365234375 27.32651710510254 -0.5
vertex -24.742630004882812 27.32651710510254 -0.5
endloop
endfacet
facet normal -1 0 0
outer loop
vertex -19.41115951538086 9.08803939819336 -0.5
vertex -19.41115951538086 25.59418296813965 -0.5
vertex -19.41115951538086 25.59418296813965 -4.099999904632568
endloop
endfacet
facet normal 0.9928927120226598 0.11901286658293497 0
outer loop
vertex 28.929109573364258 33.735076904296875 -0.5
vertex 28.929109573364258 33.735076904296875 -4.099999904632568
vertex 28.89630889892578 34.008724212646484 -4.099999904632568
endloop
endfacet
facet normal 0 0 1
outer loop
vertex 81.84811401367188 29.118640899658203 -4.099999904632568
vertex 29.574417114257812 36.07167053222656 -4.099999904632568
vertex 81.88446807861328 28.842561721801758 -4.099999904632568
endloop
endfacet
facet normal 0.5000018895528012 -0.8660243128478716 0
outer loop
vertex 29.763134002685547 30.70103645324707 -0.5
vertex 15.420116424560547 22.4200496673584 -4.099999904632568
vertex 29.763134002685547 30.70103645324707 -4.099999904632568
endloop
endfacet
facet normal -0.258704628100112 -0.9659564769696317 0
outer loop
vertex 66.409423828125 55.6461181640625 -4.099999904632568
vertex 66.409423828125 55.6461181640625 -0.5
vertex 64.53966522216797 56.146881103515625 -0.5
endloop
endfacet
facet normal 0.5000018895528012 -0.8660243128478716 0
outer loop
vertex 15.420116424560547 22.4200496673584 -0.5
vertex 15.420116424560547 22.4200496673584 -4.099999904632568
vertex 29.763134002685547 30.70103645324707 -0.5
endloop
endfacet
facet normal 0.1307039324148135 -0.991421445224635 0
outer loop
vertex 64.26353454589844 56.110477447509766 -0.5
vertex 64.26353454589844 56.110477447509766 -4.099999904632568
vertex 64.53966522216797 56.146881103515625 -4.099999904632568
endloop
endfacet
facet normal -0.38269255819931874 -0.9238757524141766 0
outer loop
vertex -59.14349365234375 34.45151901245117 -0.5
vertex -59.14349365234375 34.45151901245117 -4.099999904632568
vertex -58.88621520996094 34.344947814941406 -4.099999904632568
endloop
endfacet
facet normal 0.7071067811865475 0.7071067811865475 0
outer loop
vertex -81.40110778808594 -59.073482513427734 -0.5
vertex -81.40110778808594 -59.073482513427734 -4.099999904632568
vertex -81.8111572265625 -58.66343307495117 -4.099999904632568
endloop
endfacet
facet normal -0.8660261085798108 -0.4999987792566194 0
outer loop
vertex 81.84811401367188 29.118640899658203 -0.5
vertex 66.63040161132812 55.47657775878906 -0.5
vertex 66.63040161132812 55.47657775878906 -4.099999904632568
endloop
endfacet
facet normal 0 0 1
outer loop
vertex 64.53966522216797 56.146881103515625 -4.099999904632568
vertex 81.84811401367188 29.118640899658203 -4.099999904632568
vertex 66.409423828125 55.6461181640625 -4.099999904632568
endloop
endfacet
facet normal -0.6087121379235829 -0.7933911602384419 0
outer loop
vertex 66.63040161132812 55.47657775878906 -4.099999904632568
vertex 66.63040161132812 55.47657775878906 -0.5
vertex 66.409423828125 55.6461181640625 -0.5
endloop
endfacet
facet normal 0.6087456590999122 0.7933654407188491 0
outer loop
vertex 27.628726959228516 -2.1906514167785645 -0.5
vertex 27.849674224853516 -2.3601832389831543 -4.099999904632568
vertex 27.628726959228516 -2.1906514167785645 -4.099999904632568
endloop
endfacet
facet normal 0 0 1
outer loop
vertex -81.8111572265625 32.71918487548828 -4.099999904632568
vertex -80.51116180419922 -26.37348175048828 -4.099999904632568
vertex -14.011159896850586 -26.37348175048828 -4.099999904632568
endloop
endfacet
facet normal -0.6087121379235829 -0.7933911602384419 0
outer loop
vertex 66.409423828125 55.6461181640625 -0.5
vertex 66.409423828125 55.6461181640625 -4.099999904632568
vertex 66.63040161132812 55.47657775878906 -4.099999904632568
endloop
endfacet
facet normal 0.3826825781920825 -0.9238798863208685 0
outer loop
vertex -4.0788254737854 15.451517105102539 -4.099999904632568
vertex -4.0788254737854 15.451517105102539 -0.5
vertex -4.336104869842529 15.344948768615723 -0.5
endloop
endfacet
facet normal 0 0 1
outer loop
vertex -5.811159610748291 9.08803939819336 -4.099999904632568
vertex -6.572681903839111 8.326517105102539 -4.099999904632568
vertex 15.941956520080566 15.451517105102539 -4.099999904632568
endloop
endfacet
facet normal -0.7933913324682973 0.6087119134403233 0
outer loop
vertex 81.38367462158203 26.9732666015625 -0.5
vertex 81.38367462158203 26.9732666015625 -4.099999904632568
vertex 81.21417236328125 26.752338409423828 -4.099999904632568
endloop
endfacet
facet normal 0 0 1
outer loop
vertex 15.941956520080566 15.451517105102539 -4.099999904632568
vertex -6.572681903839111 8.326517105102539 -4.099999904632568
vertex 18.58884048461914 4.630085468292236 -4.099999904632568
endloop
endfacet
facet normal 0 0 1
outer loop
vertex 15.941956520080566 15.451517105102539 -4.099999904632568
vertex 18.58884048461914 4.630085468292236 -4.099999904632568
vertex 19.327316284179688 5.387433052062988 -4.099999904632568
endloop
endfacet
facet normal 0.3826825781920825 -0.9238798863208685 0
outer loop
vertex -4.336104869842529 15.344948768615723 -0.5
vertex -4.336104869842529 15.344948768615723 -4.099999904632568
vertex -4.0788254737854 15.451517105102539 -4.099999904632568
endloop
endfacet
facet normal 0 0 1
outer loop
vertex -5.811159610748291 13.719182968139648 -4.099999904632568
vertex -5.811159610748291 9.08803939819336 -4.099999904632568
vertex 15.941956520080566 15.451517105102539 -4.099999904632568
endloop
endfacet
facet normal 0.9238792809307276 -0.3826840397337231 0
outer loop
vertex -5.704590797424316 13.976462364196777 -0.5
vertex -5.811159610748291 13.719182968139648 -4.099999904632568
vertex -5.704590797424316 13.976462364196777 -4.099999904632568
endloop
endfacet
facet normal 0.923880595581545 -0.3826808658763721 0
outer loop
vertex -81.8111572265625 32.71918487548828 -0.5
vertex -81.8111572265625 32.71918487548828 -4.099999904632568
vertex -81.70458984375 32.976463317871094 -4.099999904632568
endloop
endfacet
facet normal 0 0 1
outer loop
vertex -5.704590797424316 13.976462364196777 -4.099999904632568
vertex -5.811159610748291 13.719182968139648 -4.099999904632568
vertex 15.941956520080566 15.451517105102539 -4.099999904632568
endloop
endfacet
facet normal 0 0 1
outer loop
vertex -4.336104869842529 15.344948768615723 -4.099999904632568
vertex -5.704590797424316 13.976462364196777 -4.099999904632568
vertex 15.941956520080566 15.451517105102539 -4.099999904632568
endloop
endfacet
facet normal -0.9914413515484628 -0.13055284922113855 0
outer loop
vertex 81.84811401367188 29.118640899658203 -0.5
vertex 81.84811401367188 29.118640899658203 -4.099999904632568
vertex 81.88446807861328 28.842561721801758 -4.099999904632568
endloop
endfacet
facet normal 0 0 1
outer loop
vertex -4.0788254737854 15.451517105102539 -4.099999904632568
vertex -4.336104869842529 15.344948768615723 -4.099999904632568
vertex 15.941956520080566 15.451517105102539 -4.099999904632568
endloop
endfacet
facet normal -0.38268429049115504 -0.9238791770633653 0
outer loop
vertex -20.886213302612305 27.219947814941406 -4.099999904632568
vertex -20.886213302612305 27.219947814941406 -0.5
vertex -21.14349365234375 27.32651710510254 -0.5
endloop
endfacet
facet normal -0.9238791770633653 -0.38268429049115504 0
outer loop
vertex -19.41115951538086 25.59418296813965 -4.099999904632568
vertex -19.41115951538086 25.59418296813965 -0.5
vertex -19.517728805541992 25.851463317871094 -0.5
endloop
endfacet
facet normal -0.7071058956587566 -0.7071076667132294 0
outer loop
vertex -57.41115951538086 28.08803939819336 -0.5
vertex -57.41115951538086 28.08803939819336 -4.099999904632568
vertex -56.649635314941406 27.32651710510254 -4.099999904632568
endloop
endfacet
facet normal -0.38268429049115504 -0.9238791770633653 0
outer loop
vertex -21.14349365234375 27.32651710510254 -0.5
vertex -21.14349365234375 27.32651710510254 -4.099999904632568
vertex -20.886213302612305 27.219947814941406 -4.099999904632568
endloop
endfacet
facet normal 0 0 1
outer loop
vertex -35.13493347167969 27.32651710510254 -4.099999904632568
vertex -19.41115951538086 9.08803939819336 -4.099999904632568
vertex -24.742630004882812 27.32651710510254 -4.099999904632568
endloop
endfacet
facet normal 0.7071067811865475 -0.7071067811865475 0
outer loop
vertex -6.572681903839111 8.326517105102539 -0.5
vertex -6.572681903839111 8.326517105102539 -4.099999904632568
vertex -5.811159610748291 9.08803939819336 -4.099999904632568
endloop
endfacet
facet normal 0 0 1
outer loop
vertex -58.88621520996094 34.344947814941406 -4.099999904632568
vertex -57.41115951538086 28.08803939819336 -4.099999904632568
vertex -57.51772689819336 32.976463317871094 -4.099999904632568
endloop
endfacet
facet normal 0.8660269299418222 0.4999973566085545 0
outer loop
vertex 16.69251251220703 16.751514434814453 -0.5
vertex 16.69251251220703 16.751514434814453 -4.099999904632568
vertex 14.786039352416992 20.053646087646484 -4.099999904632568
endloop
endfacet
facet normal 0 0 1
outer loop
vertex 29.719196319580078 -2.8610384464263916 -4.099999904632568
vertex 29.995304107666016 -2.8246703147888184 -4.099999904632568
vertex 29.763134002685547 30.70103645324707 -4.099999904632568
endloop
endfacet
facet normal 0 -1 0
outer loop
vertex -18.64963722229004 8.326517105102539 -0.5
vertex -18.64963722229004 8.326517105102539 -4.099999904632568
vertex -6.572681903839111 8.326517105102539 -4.099999904632568
endloop
endfacet
facet normal 0.991444944676065 0.130525559475049 0
outer loop
vertex 14.749691009521484 20.329740524291992 -4.099999904632568
vertex 14.749691009521484 20.329740524291992 -0.5
vertex 14.786039352416992 20.053646087646484 -0.5
endloop
endfacet
facet normal -0.258704628100112 -0.9659564769696317 0
outer loop
vertex 64.53966522216797 56.146881103515625 -0.5
vertex 64.53966522216797 56.146881103515625 -4.099999904632568
vertex 66.409423828125 55.6461181640625 -4.099999904632568
endloop
endfacet
facet normal 0.8736986547246814 0.48646753307110024 0
outer loop
vertex 30.046802520751953 31.727693557739258 -0.5
vertex 30.046802520751953 31.727693557739258 -4.099999904632568
vertex 28.929109573364258 33.735076904296875 -0.5
endloop
endfacet
facet normal 0 0 1
outer loop
vertex 29.763134002685547 30.70103645324707 -4.099999904632568
vertex 27.849674224853516 -2.3601832389831543 -4.099999904632568
vertex 29.719196319580078 -2.8610384464263916 -4.099999904632568
endloop
endfacet
facet normal 0 0 1
outer loop
vertex -14.011159896850586 -26.37348175048828 -4.099999904632568
vertex 18.488840103149414 -26.37348175048828 -4.099999904632568
vertex 18.58884048461914 -25.203641891479492 -4.099999904632568
endloop
endfacet
facet normal 0 -1 0
outer loop
vertex 15.941956520080566 15.451517105102539 -0.5
vertex -4.0788254737854 15.451517105102539 -4.099999904632568
vertex 15.941956520080566 15.451517105102539 -4.099999904632568
endloop
endfacet
facet normal 0 0 1
outer loop
vertex 27.628726959228516 -2.1906514167785645 -4.099999904632568
vertex 27.849674224853516 -2.3601832389831543 -4.099999904632568
vertex 29.763134002685547 30.70103645324707 -4.099999904632568
endloop
endfacet
facet normal 0 0 1
outer loop
vertex 15.941956520080566 15.451517105102539 -4.099999904632568
vertex 29.763134002685547 30.70103645324707 -4.099999904632568
vertex 16.69251251220703 16.751514434814453 -4.099999904632568
endloop
endfacet
facet normal 0 0 1
outer loop
vertex 14.786039352416992 20.053646087646484 -4.099999904632568
vertex 29.763134002685547 30.70103645324707 -4.099999904632568
vertex 14.749691009521484 20.329740524291992 -4.099999904632568
endloop
endfacet
facet normal 0 0 1
outer loop
vertex 15.250591278076172 22.199119567871094 -4.099999904632568
vertex 29.763134002685547 30.70103645324707 -4.099999904632568
vertex 15.420116424560547 22.4200496673584 -4.099999904632568
endloop
endfacet
facet normal 0 0 1
outer loop
vertex 29.763134002685547 30.70103645324707 -4.099999904632568
vertex 14.786039352416992 20.053646087646484 -4.099999904632568
vertex 16.69251251220703 16.751514434814453 -4.099999904632568
endloop
endfacet
facet normal 0 0 1
outer loop
vertex -56.649635314941406 27.32651710510254 -4.099999904632568
vertex -19.41115951538086 9.08803939819336 -4.099999904632568
vertex -35.13493347167969 27.32651710510254 -4.099999904632568
endloop
endfacet
facet normal 0 0 1
outer loop
vertex 14.749691009521484 20.329740524291992 -4.099999904632568
vertex 29.763134002685547 30.70103645324707 -4.099999904632568
vertex 15.250591278076172 22.199119567871094 -4.099999904632568
endloop
endfacet
facet normal 0 0 1
outer loop
vertex -80.07882690429688 34.45151901245117 -4.099999904632568
vertex -57.41115951538086 28.08803939819336 -4.099999904632568
vertex -59.14349365234375 34.45151901245117 -4.099999904632568
endloop
endfacet
facet normal -0.02522855482965318 0.9996817093561365 0
outer loop
vertex 19.327316284179688 5.387433052062988 -4.099999904632568
vertex 19.327316284179688 5.387433052062988 -0.5
vertex 22.781848907470703 5.474613666534424 -0.5
endloop
endfacet
facet normal -0.7159708867350851 0.6981301378308888 0
outer loop
vertex 18.58884048461914 4.630085468292236 -4.099999904632568
vertex 18.58884048461914 4.630085468292236 -0.5
vertex 19.327316284179688 5.387433052062988 -0.5
endloop
endfacet
facet normal -0.7159708867350851 0.6981301378308888 0
outer loop
vertex 19.327316284179688 5.387433052062988 -0.5
vertex 19.327316284179688 5.387433052062988 -4.099999904632568
vertex 18.58884048461914 4.630085468292236 -4.099999904632568
endloop
endfacet
facet normal -0.7071067811865475 -0.7071067811865475 0
outer loop
vertex -19.41115951538086 9.08803939819336 -0.5
vertex -19.41115951538086 9.08803939819336 -4.099999904632568
vertex -18.64963722229004 8.326517105102539 -4.099999904632568
endloop
endfacet
facet normal 0 0 1
outer loop
vertex -19.517728805541992 25.851463317871094 -4.099999904632568
vertex -19.41115951538086 9.08803939819336 -4.099999904632568
vertex -19.41115951538086 25.59418296813965 -4.099999904632568
endloop
endfacet
facet normal 0 0 1
outer loop
vertex -21.14349365234375 27.32651710510254 -4.099999904632568
vertex -19.41115951538086 9.08803939819336 -4.099999904632568
vertex -20.886213302612305 27.219947814941406 -4.099999904632568
endloop
endfacet
facet normal 0 0 1
outer loop
vertex -19.41115951538086 9.08803939819336 -4.099999904632568
vertex -19.517728805541992 25.851463317871094 -4.099999904632568
vertex -20.886213302612305 27.219947814941406 -4.099999904632568
endloop
endfacet
facet normal 0.7071069043791552 -0.7071066579939185 0
outer loop
vertex -4.336104869842529 15.344948768615723 -4.099999904632568
vertex -4.336104869842529 15.344948768615723 -0.5
vertex -5.704590797424316 13.976462364196777 -0.5
endloop
endfacet
facet normal 0.9238792809307276 -0.3826840397337231 0
outer loop
vertex -5.811159610748291 13.719182968139648 -0.5
vertex -5.811159610748291 13.719182968139648 -4.099999904632568
vertex -5.704590797424316 13.976462364196777 -0.5
endloop
endfacet
facet normal 1 0 0
outer loop
vertex -5.811159610748291 13.719182968139648 -4.099999904632568
vertex -5.811159610748291 13.719182968139648 -0.5
vertex -5.811159610748291 9.08803939819336 -0.5
endloop
endfacet
facet normal 0.7071067811865475 -0.7071067811865475 0
outer loop
vertex -5.811159610748291 9.08803939819336 -4.099999904632568
vertex -5.811159610748291 9.08803939819336 -0.5
vertex -6.572681903839111 8.326517105102539 -0.5
endloop
endfacet
facet normal 1 0 0
outer loop
vertex -5.811159610748291 9.08803939819336 -0.5
vertex -5.811159610748291 9.08803939819336 -4.099999904632568
vertex -5.811159610748291 13.719182968139648 -4.099999904632568
endloop
endfacet
facet normal 0 -1 0
outer loop
vertex -6.572681903839111 8.326517105102539 -4.099999904632568
vertex -6.572681903839111 8.326517105102539 -0.5
vertex -18.64963722229004 8.326517105102539 -0.5
endloop
endfacet
facet normal 0 -1 0
outer loop
vertex -4.0788254737854 15.451517105102539 -0.5
vertex -4.0788254737854 15.451517105102539 -4.099999904632568
vertex 15.941956520080566 15.451517105102539 -0.5
endloop
endfacet
facet normal -0.7071067811865475 -0.7071067811865475 0
outer loop
vertex -18.64963722229004 8.326517105102539 -4.099999904632568
vertex -18.64963722229004 8.326517105102539 -0.5
vertex -19.41115951538086 9.08803939819336 -0.5
endloop
endfacet
facet normal 1 0 0
outer loop
vertex -81.8111572265625 8.364285469055176 -0.5
vertex -81.8111572265625 -58.66343307495117 -4.099999904632568
vertex -81.8111572265625 32.71918487548828 -4.099999904632568
endloop
endfacet
facet normal 0 0 1
outer loop
vertex -19.41115951538086 9.08803939819336 -4.099999904632568
vertex -14.011159896850586 -26.37348175048828 -4.099999904632568
vertex -18.64963722229004 8.326517105102539 -4.099999904632568
endloop
endfacet
facet normal 0 -1 0
outer loop
vertex -21.14349365234375 27.32651710510254 -0.5
vertex -24.742630004882812 27.32651710510254 -4.099999904632568
vertex -21.14349365234375 27.32651710510254 -4.099999904632568
endloop
endfacet
facet normal 0 0 1
outer loop
vertex -24.742630004882812 27.32651710510254 -4.099999904632568
vertex -19.41115951538086 9.08803939819336 -4.099999904632568
vertex -21.14349365234375 27.32651710510254 -4.099999904632568
endloop
endfacet
facet normal 0 1 0
outer loop
vertex 18.778789520263672 -59.073482513427734 -0.5
vertex 18.778789520263672 -59.073482513427734 -4.099999904632568
vertex 18.488840103149414 -59.073482513427734 -4.099999904632568
endloop
endfacet
facet normal 0 1 0
outer loop
vertex -81.40110778808594 -59.073482513427734 -4.099999904632568
vertex -81.40110778808594 -59.073482513427734 -0.5
vertex -80.51116180419922 -59.073482513427734 -0.5
endloop
endfacet
facet normal -0.9914413515484628 -0.13055284922113855 0
outer loop
vertex 81.88446807861328 28.842561721801758 -4.099999904632568
vertex 81.88446807861328 28.842561721801758 -0.5
vertex 81.84811401367188 29.118640899658203 -0.5
endloop
endfacet
facet normal 0 -1 0
outer loop
vertex -59.14349365234375 34.45151901245117 -4.099999904632568
vertex -59.14349365234375 34.45151901245117 -0.5
vertex -80.07882690429688 34.45151901245117 -0.5
endloop
endfacet
facet normal 0 0 1
outer loop
vertex -14.011159896850586 -26.37348175048828 -4.099999904632568
vertex 18.58884048461914 4.630085468292236 -4.099999904632568
vertex -6.572681903839111 8.326517105102539 -4.099999904632568
endloop
endfacet
facet normal 0 -1 0
outer loop
vertex -80.07882690429688 34.45151901245117 -0.5
vertex -80.07882690429688 34.45151901245117 -4.099999904632568
vertex -59.14349365234375 34.45151901245117 -4.099999904632568
endloop
endfacet
facet normal 0.38269255819931874 -0.9238757524141766 0
outer loop
vertex -80.33610534667969 34.344947814941406 -0.5
vertex -80.33610534667969 34.344947814941406 -4.099999904632568
vertex -80.07882690429688 34.45151901245117 -4.099999904632568
endloop
endfacet
facet normal 0 1 0
outer loop
vertex 18.488840103149414 -59.073482513427734 -4.099999904632568
vertex 18.488840103149414 -59.073482513427734 -0.5
vertex 18.778789520263672 -59.073482513427734 -0.5
endloop
endfacet
facet normal 0.8736986547246814 0.48646753307110024 0
outer loop
vertex 28.929109573364258 33.735076904296875 -0.5
vertex 30.046802520751953 31.727693557739258 -4.099999904632568
vertex 28.929109573364258 33.735076904296875 -4.099999904632568
endloop
endfacet
facet normal -0.8660261085798108 -0.4999987792566194 0
outer loop
vertex 66.63040161132812 55.47657775878906 -4.099999904632568
vertex 81.84811401367188 29.118640899658203 -4.099999904632568
vertex 81.84811401367188 29.118640899658203 -0.5
endloop
endfacet
facet normal 0.7933541750283044 -0.608760341156648 0
outer loop
vertex 15.420116424560547 22.4200496673584 -4.099999904632568
vertex 15.420116424560547 22.4200496673584 -0.5
vertex 15.250591278076172 22.199119567871094 -0.5
endloop
endfacet
facet normal 0 0 1
outer loop
vertex 29.574417114257812 36.07167053222656 -4.099999904632568
vertex 81.38367462158203 26.9732666015625 -4.099999904632568
vertex 81.88446807861328 28.842561721801758 -4.099999904632568
endloop
endfacet
facet normal 0 0 1
outer loop
vertex 29.40583038330078 35.853641510009766 -4.099999904632568
vertex 28.89630889892578 34.008724212646484 -4.099999904632568
vertex 81.21417236328125 26.752338409423828 -4.099999904632568
endloop
endfacet
facet normal 0 0 1
outer loop
vertex 28.929109573364258 33.735076904296875 -4.099999904632568
vertex 30.046802520751953 31.727693557739258 -4.099999904632568
vertex 81.21417236328125 26.752338409423828 -4.099999904632568
endloop
endfacet
facet normal 0 0 1
outer loop
vertex 28.89630889892578 34.008724212646484 -4.099999904632568
vertex 28.929109573364258 33.735076904296875 -4.099999904632568
vertex 81.21417236328125 26.752338409423828 -4.099999904632568
endloop
endfacet
facet normal -0.9659365039753491 0.25877919214627804 0
outer loop
vertex 81.38367462158203 26.9732666015625 -4.099999904632568
vertex 81.38367462158203 26.9732666015625 -0.5
vertex 81.88446807861328 28.842561721801758 -0.5
endloop
endfacet
facet normal 0 0 1
outer loop
vertex -81.70458984375 32.976463317871094 -4.099999904632568
vertex -57.41115951538086 28.08803939819336 -4.099999904632568
vertex -80.33610534667969 34.344947814941406 -4.099999904632568
endloop
endfacet
facet normal 0.7071067811865476 -0.7071067811865476 0
outer loop
vertex -80.33610534667969 34.344947814941406 -4.099999904632568
vertex -80.33610534667969 34.344947814941406 -0.5
vertex -81.70458984375 32.976463317871094 -0.5
endloop
endfacet
facet normal -0.7071051366316995 0.7071084257375707 0
outer loop
vertex 19.188840866088867 -58.66343307495117 -0.5
vertex 19.188840866088867 -58.66343307495117 -4.099999904632568
vertex 18.778789520263672 -59.073482513427734 -4.099999904632568
endloop
endfacet
facet normal 0.6087456590999122 0.7933654407188491 0
outer loop
vertex 27.849674224853516 -2.3601832389831543 -0.5
vertex 27.849674224853516 -2.3601832389831543 -4.099999904632568
vertex 27.628726959228516 -2.1906514167785645 -0.5
endloop
endfacet
facet normal 0.5002065884132371 -0.8659060970497844 0
outer loop
vertex 29.574417114257812 36.07167053222656 -0.5
vertex 29.574417114257812 36.07167053222656 -4.099999904632568
vertex 64.26353454589844 56.110477447509766 -4.099999904632568
endloop
endfacet
facet normal -1 0 0
outer loop
vertex -19.41115951538086 25.59418296813965 -4.099999904632568
vertex -19.41115951538086 9.08803939819336 -4.099999904632568
vertex -19.41115951538086 9.08803939819336 -0.5
endloop
endfacet
facet normal 0 0 1
outer loop
vertex 19.188840866088867 -58.66343307495117 -4.099999904632568
vertex 19.188840866088867 -26.083532333374023 -4.099999904632568
vertex 18.488840103149414 -59.073482513427734 -4.099999904632568
endloop
endfacet
facet normal 0.7933541750283044 -0.608760341156648 0
outer loop
vertex 15.250591278076172 22.199119567871094 -0.5
vertex 15.250591278076172 22.199119567871094 -4.099999904632568
vertex 15.420116424560547 22.4200496673584 -4.099999904632568
endloop
endfacet
facet normal -0.02522855482965318 0.9996817093561365 0
outer loop
vertex 22.781848907470703 5.474613666534424 -0.5
vertex 22.781848907470703 5.474613666534424 -4.099999904632568
vertex 19.327316284179688 5.387433052062988 -4.099999904632568
endloop
endfacet
facet normal 0 -1 0
outer loop
vertex -14.011159896850586 -26.37348175048828 -4.099999904632568
vertex -80.51116180419922 -26.37348175048828 -11.899999618530273
vertex -14.011159896850586 -26.37348175048828 -8.199999809265137
endloop
endfacet
facet normal 0 0 1
outer loop
vertex -80.51116180419922 -26.37348175048828 -11.899999618530273
vertex -19.511159896850586 -41.37348175048828 -11.899999618530273
vertex -14.011159896850586 -26.37348175048828 -11.899999618530273
endloop
endfacet
facet normal 0 0 1
outer loop
vertex -19.511159896850586 -41.37348175048828 -11.899999618530273
vertex -80.51116180419922 -59.37348175048828 -11.899999618530273
vertex -19.511159896850586 -59.37348175048828 -11.899999618530273
endloop
endfacet
facet normal 0 0 1
outer loop
vertex -19.511159896850586 -41.37348175048828 -11.899999618530273
vertex -14.011159896850586 -41.37348175048828 -11.899999618530273
vertex -14.011159896850586 -26.37348175048828 -11.899999618530273
endloop
endfacet
facet normal 1 0 0
outer loop
vertex -80.51116180419922 -59.37348175048828 -11.899999618530273
vertex -80.51116180419922 -26.37348175048828 -11.899999618530273
vertex -80.51116180419922 -26.37348175048828 -4.099999904632568
endloop
endfacet
facet normal 0 0 1
outer loop
vertex -80.51116180419922 -59.37348175048828 -11.899999618530273
vertex -19.511159896850586 -41.37348175048828 -11.899999618530273
vertex -80.51116180419922 -26.37348175048828 -11.899999618530273
endloop
endfacet
facet normal 0 1 0
outer loop
vertex -14.011159896850586 -41.37348175048828 -8.199999809265137
vertex -19.511159896850586 -41.37348175048828 -11.899999618530273
vertex -19.511159896850586 -41.37348175048828 -8.199999809265137
endloop
endfacet
facet normal 0 1 0
outer loop
vertex -14.011159896850586 -41.37348175048828 -11.899999618530273
vertex -19.511159896850586 -41.37348175048828 -11.899999618530273
vertex -14.011159896850586 -41.37348175048828 -8.199999809265137
endloop
endfacet
facet normal -1 0 0
outer loop
vertex -19.511159896850586 -41.37348175048828 -11.899999618530273
vertex -19.511159896850586 -59.37348175048828 -11.899999618530273
vertex -19.511159896850586 -41.37348175048828 -8.199999809265137
endloop
endfacet
facet normal 0 -1 0
outer loop
vertex -80.51116180419922 -26.37348175048828 -11.899999618530273
vertex -14.011159896850586 -26.37348175048828 -11.899999618530273
vertex -14.011159896850586 -26.37348175048828 -8.199999809265137
endloop
endfacet
facet normal -1 0 0
outer loop
vertex -19.511159896850586 -59.37348175048828 -11.899999618530273
vertex -19.511159896850586 -59.37348175048828 -8.199999809265137
vertex -19.511159896850586 -41.37348175048828 -8.199999809265137
endloop
endfacet
facet normal 0 -1 0
outer loop
vertex -80.51116180419922 -26.37348175048828 -4.099999904632568
vertex -80.51116180419922 -26.37348175048828 -11.899999618530273
vertex -14.011159896850586 -26.37348175048828 -4.099999904632568
endloop
endfacet
facet normal 0 1 0
outer loop
vertex -80.51116180419922 -59.37348175048828 -0.5
vertex -19.511159896850586 -59.37348175048828 -8.199999809265137
vertex -19.511159896850586 -59.37348175048828 -11.899999618530273
endloop
endfacet
facet normal 0 1 0
outer loop
vertex -19.511159896850586 -59.37348175048828 -8.199999809265137
vertex -80.51116180419922 -59.37348175048828 -0.5
vertex -19.511159896850586 -59.37348175048828 -0.5
endloop
endfacet
facet normal 0 1 0
outer loop
vertex -80.51116180419922 -59.37348175048828 -0.5
vertex -19.511159896850586 -59.37348175048828 -11.899999618530273
vertex -80.51116180419922 -59.37348175048828 -11.899999618530273
endloop
endfacet
facet normal -1 0 0
outer loop
vertex -14.011159896850586 -26.37348175048828 -11.899999618530273
vertex -14.011159896850586 -41.37348175048828 -11.899999618530273
vertex -14.011159896850586 -26.37348175048828 -8.199999809265137
endloop
endfacet
facet normal -1 0 0
outer loop
vertex -14.011159896850586 -41.37348175048828 -11.899999618530273
vertex -14.011159896850586 -41.37348175048828 -8.199999809265137
vertex -14.011159896850586 -26.37348175048828 -8.199999809265137
endloop
endfacet
facet normal 1 0 0
outer loop
vertex -80.51116180419922 -59.37348175048828 -11.899999618530273
vertex -80.51116180419922 -26.37348175048828 -4.099999904632568
vertex -80.51116180419922 -59.073482513427734 -4.099999904632568
endloop
endfacet
facet normal 1 0 0
outer loop
vertex -80.51116180419922 -59.37348175048828 -0.5
vertex -80.51116180419922 -59.37348175048828 -11.899999618530273
vertex -80.51116180419922 -59.073482513427734 -4.099999904632568
endloop
endfacet
facet normal 1 0 0
outer loop
vertex -80.51116180419922 -59.37348175048828 -0.5
vertex -80.51116180419922 -59.073482513427734 -4.099999904632568
vertex -80.51116180419922 -59.073482513427734 -0.5
endloop
endfacet
facet normal -1 0 0
outer loop
vertex 18.488840103149414 -59.073482513427734 -0.5
vertex 18.488840103149414 -59.073482513427734 -4.099999904632568
vertex 18.488840103149414 -59.37348175048828 -0.5
endloop
endfacet
facet normal -1 0 0
outer loop
vertex 18.488840103149414 -26.37348175048828 -8.199999809265137
vertex 18.488840103149414 -59.073482513427734 -4.099999904632568
vertex 18.488840103149414 -26.37348175048828 -4.099999904632568
endloop
endfacet
facet normal 0 0 1
outer loop
vertex 18.488840103149414 -26.37348175048828 -8.199999809265137
vertex -9.561159133911133 -28.473482131958008 -8.199999809265137
vertex -5.4611592292785645 -28.473482131958008 -8.199999809265137
endloop
endfacet
facet normal -1 0 0
outer loop
vertex 18.488840103149414 -26.37348175048828 -8.199999809265137
vertex 18.488840103149414 -59.37348175048828 -8.199999809265137
vertex 18.488840103149414 -59.073482513427734 -4.099999904632568
endloop
endfacet
facet normal 0 1 0
outer loop
vertex -7.011159420013428 -59.37348175048828 -8.199999809265137
vertex -7.261159420013428 -59.37348175048828 -8.199999809265137
vertex -7.261159420013428 -59.37348175048828 -6.699999809265137
endloop
endfacet
facet normal 0 1 0
outer loop
vertex -7.878476142883301 -59.37348175048828 -5.776120662689209
vertex 18.488840103149414 -59.37348175048828 -0.5
vertex -7.554052829742432 -59.37348175048828 -5.992893218994141
endloop
endfacet
facet normal 0 1 0
outer loop
vertex -19.511159896850586 -59.37348175048828 -8.199999809265137
vertex -16.761159896850586 -59.37348175048828 -6.699999809265137
vertex -17.011159896850586 -59.37348175048828 -8.199999809265137
endloop
endfacet
facet normal 0 0 1
outer loop
vertex -5.4611592292785645 -38.27348327636719 -8.199999809265137
vertex -9.561159133911133 -38.27348327636719 -8.199999809265137
vertex 18.488840103149414 -59.37348175048828 -8.199999809265137
endloop
endfacet
facet normal 0 0 1
outer loop
vertex -7.011159420013428 -50.37348175048828 -8.199999809265137
vertex 18.488840103149414 -59.37348175048828 -8.199999809265137
vertex -19.511159896850586 -41.37348175048828 -8.199999809265137
endloop
endfacet
facet normal 0 1 0
outer loop
vertex -15.761159896850586 -59.37348175048828 -5.699999809265137
vertex 18.488840103149414 -59.37348175048828 -0.5
vertex -8.261159896850586 -59.37348175048828 -5.699999809265137
endloop
endfacet
facet normal 0 0 1
outer loop
vertex -7.011159420013428 -50.37348175048828 -8.199999809265137
vertex -7.011159420013428 -59.37348175048828 -8.199999809265137
vertex 18.488840103149414 -59.37348175048828 -8.199999809265137
endloop
endfacet
facet normal 0 0 1
outer loop
vertex -9.561159133911133 -38.27348327636719 -8.199999809265137
vertex -14.011159896850586 -41.37348175048828 -8.199999809265137
vertex 18.488840103149414 -59.37348175048828 -8.199999809265137
endloop
endfacet
facet normal 0 0 1
outer loop
vertex -14.011159896850586 -41.37348175048828 -8.199999809265137
vertex -19.511159896850586 -41.37348175048828 -8.199999809265137
vertex 18.488840103149414 -59.37348175048828 -8.199999809265137
endloop
endfacet
facet normal 0 1 0
outer loop
vertex -15.761159896850586 -59.37348175048828 -5.699999809265137
vertex -19.511159896850586 -59.37348175048828 -0.5
vertex 18.488840103149414 -59.37348175048828 -0.5
endloop
endfacet
facet normal 0 -1 0
outer loop
vertex 18.488840103149414 -26.37348175048828 -4.099999904632568
vertex -14.011159896850586 -26.37348175048828 -8.199999809265137
vertex 18.488840103149414 -26.37348175048828 -8.199999809265137
endloop
endfacet
facet normal 0 0 1
outer loop
vertex -19.511159896850586 -59.37348175048828 -8.199999809265137
vertex -17.011159896850586 -59.37348175048828 -8.199999809265137
vertex -17.011159896850586 -50.37348175048828 -8.199999809265137
endloop
endfacet
facet normal 0 0 1
outer loop
vertex -19.511159896850586 -41.37348175048828 -8.199999809265137
vertex -19.511159896850586 -59.37348175048828 -8.199999809265137
vertex -17.011159896850586 -50.37348175048828 -8.199999809265137
endloop
endfacet
facet normal 0 0 1
outer loop
vertex -9.561159133911133 -38.27348327636719 -8.199999809265137
vertex -9.561159133911133 -28.473482131958008 -8.199999809265137
vertex -14.011159896850586 -41.37348175048828 -8.199999809265137
endloop
endfacet
facet normal 0 0 1
outer loop
vertex -19.511159896850586 -41.37348175048828 -8.199999809265137
vertex -17.011159896850586 -50.37348175048828 -8.199999809265137
vertex -7.011159420013428 -50.37348175048828 -8.199999809265137
endloop
endfacet
facet normal 0 1 0
outer loop
vertex -8.261159896850586 -59.37348175048828 -5.699999809265137
vertex 18.488840103149414 -59.37348175048828 -0.5
vertex -7.878476142883301 -59.37348175048828 -5.776120662689209
endloop
endfacet
facet normal 0 1 0
outer loop
vertex -19.511159896850586 -59.37348175048828 -0.5
vertex -15.761159896850586 -59.37348175048828 -5.699999809265137
vertex -16.143842697143555 -59.37348175048828 -5.776120662689209
endloop
endfacet
facet normal 0 1 0
outer loop
vertex -7.337279796600342 -59.37348175048828 -6.31731653213501
vertex 18.488840103149414 -59.37348175048828 -0.5
vertex -7.261159420013428 -59.37348175048828 -6.699999809265137
endloop
endfacet
facet normal 0 1 0
outer loop
vertex -16.468265533447266 -59.37348175048828 -5.992893218994141
vertex -19.511159896850586 -59.37348175048828 -0.5
vertex -16.143842697143555 -59.37348175048828 -5.776120662689209
endloop
endfacet
facet normal 0 1 0
outer loop
vertex -16.685039520263672 -59.37348175048828 -6.31731653213501
vertex -19.511159896850586 -59.37348175048828 -0.5
vertex -16.468265533447266 -59.37348175048828 -5.992893218994141
endloop
endfacet
facet normal 0 1 0
outer loop
vertex -16.761159896850586 -59.37348175048828 -6.699999809265137
vertex -19.511159896850586 -59.37348175048828 -0.5
vertex -16.685039520263672 -59.37348175048828 -6.31731653213501
endloop
endfacet
facet normal 0 -1 0
outer loop
vertex -14.011159896850586 -26.37348175048828 -4.099999904632568
vertex -14.011159896850586 -26.37348175048828 -8.199999809265137
vertex 18.488840103149414 -26.37348175048828 -4.099999904632568
endloop
endfacet
facet normal 0 0 1
outer loop
vertex -14.011159896850586 -26.37348175048828 -8.199999809265137
vertex -9.561159133911133 -28.473482131958008 -8.199999809265137
vertex 18.488840103149414 -26.37348175048828 -8.199999809265137
endloop
endfacet
facet normal 0 0 1
outer loop
vertex -14.011159896850586 -26.37348175048828 -8.199999809265137
vertex -14.011159896850586 -41.37348175048828 -8.199999809265137
vertex -9.561159133911133 -28.473482131958008 -8.199999809265137
endloop
endfacet
facet normal 0 1 0
outer loop
vertex -16.761159896850586 -59.37348175048828 -8.199999809265137
vertex -17.011159896850586 -59.37348175048828 -8.199999809265137
vertex -16.761159896850586 -59.37348175048828 -6.699999809265137
endloop
endfacet
facet normal 0 0 1
outer loop
vertex -5.4611592292785645 -28.473482131958008 -8.199999809265137
vertex -5.4611592292785645 -38.27348327636719 -8.199999809265137
vertex 18.488840103149414 -26.37348175048828 -8.199999809265137
endloop
endfacet
facet normal 0 1 0
outer loop
vertex 18.488840103149414 -59.37348175048828 -8.199999809265137
vertex -7.011159420013428 -59.37348175048828 -8.199999809265137
vertex 18.488840103149414 -59.37348175048828 -0.5
endloop
endfacet
facet normal 0 1 0
outer loop
vertex -19.511159896850586 -59.37348175048828 -8.199999809265137
vertex -19.511159896850586 -59.37348175048828 -0.5
vertex -16.761159896850586 -59.37348175048828 -6.699999809265137
endloop
endfacet
facet normal -1 0 0
outer loop
vertex 18.488840103149414 -59.37348175048828 -8.199999809265137
vertex 18.488840103149414 -59.37348175048828 -0.5
vertex 18.488840103149414 -59.073482513427734 -4.099999904632568
endloop
endfacet
facet normal 0 1 0
outer loop
vertex -7.554052829742432 -59.37348175048828 -5.992893218994141
vertex 18.488840103149414 -59.37348175048828 -0.5
vertex -7.337279796600342 -59.37348175048828 -6.31731653213501
endloop
endfacet
facet normal 0 0 1
outer loop
vertex -5.4611592292785645 -38.27348327636719 -8.199999809265137
vertex 18.488840103149414 -59.37348175048828 -8.199999809265137
vertex 18.488840103149414 -26.37348175048828 -8.199999809265137
endloop
endfacet
facet normal 0 1 0
outer loop
vertex -7.261159420013428 -59.37348175048828 -6.699999809265137
vertex 18.488840103149414 -59.37348175048828 -0.5
vertex -7.011159420013428 -59.37348175048828 -8.199999809265137
endloop
endfacet
facet normal 0 1 0
outer loop
vertex -7.878476142883301 -59.37348175048828 -9.123879432678223
vertex -7.554052829742432 -59.37348175048828 -8.907106399536133
vertex -7.011159420013428 -59.37348175048828 -9.5
endloop
endfacet
facet normal 0 1 0
outer loop
vertex -7.554052829742432 -59.37348175048828 -8.907106399536133
vertex -7.337279796600342 -59.37348175048828 -8.582683563232422
vertex -7.011159420013428 -59.37348175048828 -9.5
endloop
endfacet
facet normal -1 0 0
outer loop
vertex -7.011159420013428 -59.37348175048828 -9.5
vertex -7.011159420013428 -59.37348175048828 -8.199999809265137
vertex -7.011159420013428 -50.37348175048828 -9.5
endloop
endfacet
facet normal 0 0 1
outer loop
vertex -17.011159896850586 -50.37348175048828 -9.5
vertex -7.011159420013428 -59.37348175048828 -9.5
vertex -7.011159420013428 -50.37348175048828 -9.5
endloop
endfacet
facet normal 0 -1 0
outer loop
vertex -7.011159420013428 -50.37348175048828 -8.199999809265137
vertex -17.011159896850586 -50.37348175048828 -9.5
vertex -7.011159420013428 -50.37348175048828 -9.5
endloop
endfacet
facet normal 0 1 0
outer loop
vertex -17.011159896850586 -59.37348175048828 -9.5
vertex -16.143842697143555 -59.37348175048828 -9.123879432678223
vertex -15.761159896850586 -59.37348175048828 -9.199999809265137
endloop
endfacet
facet normal 0 1 0
outer loop
vertex -17.011159896850586 -59.37348175048828 -9.5
vertex -16.468265533447266 -59.37348175048828 -8.907106399536133
vertex -16.143842697143555 -59.37348175048828 -9.123879432678223
endloop
endfacet
facet normal 0 1 0
outer loop
vertex -16.468265533447266 -59.37348175048828 -8.907106399536133
vertex -17.011159896850586 -59.37348175048828 -9.5
vertex -16.685039520263672 -59.37348175048828 -8.582683563232422
endloop
endfacet
facet normal 0 1 0
outer loop
vertex -7.337279796600342 -59.37348175048828 -8.582683563232422
vertex -7.261159420013428 -59.37348175048828 -8.199999809265137
vertex -7.011159420013428 -59.37348175048828 -9.5
endloop
endfacet
facet normal 0 1 0
outer loop
vertex -17.011159896850586 -59.37348175048828 -9.5
vertex -8.261159896850586 -59.37348175048828 -9.199999809265137
vertex -7.011159420013428 -59.37348175048828 -9.5
endloop
endfacet
facet normal -1 0 0
outer loop
vertex -7.011159420013428 -50.37348175048828 -8.199999809265137
vertex -7.011159420013428 -50.37348175048828 -9.5
vertex -7.011159420013428 -59.37348175048828 -8.199999809265137
endloop
endfacet
facet normal 0 1 0
outer loop
vertex -7.011159420013428 -59.37348175048828 -9.5
vertex -8.261159896850586 -59.37348175048828 -9.199999809265137
vertex -7.878476142883301 -59.37348175048828 -9.123879432678223
endloop
endfacet
facet normal 1 0 0
outer loop
vertex -17.011159896850586 -50.37348175048828 -8.199999809265137
vertex -17.011159896850586 -59.37348175048828 -9.5
vertex -17.011159896850586 -50.37348175048828 -9.5
endloop
endfacet
facet normal 0 0 1
outer loop
vertex -17.011159896850586 -50.37348175048828 -9.5
vertex -17.011159896850586 -59.37348175048828 -9.5
vertex -7.011159420013428 -59.37348175048828 -9.5
endloop
endfacet
facet normal 0 1 0
outer loop
vertex -16.685039520263672 -59.37348175048828 -8.582683563232422
vertex -17.011159896850586 -59.37348175048828 -9.5
vertex -17.011159896850586 -59.37348175048828 -8.199999809265137
endloop
endfacet
facet normal 0 1 0
outer loop
vertex -8.261159896850586 -59.37348175048828 -9.199999809265137
vertex -17.011159896850586 -59.37348175048828 -9.5
vertex -15.761159896850586 -59.37348175048828 -9.199999809265137
endloop
endfacet
facet normal 0 1 0
outer loop
vertex -16.761159896850586 -59.37348175048828 -8.199999809265137
vertex -16.685039520263672 -59.37348175048828 -8.582683563232422
vertex -17.011159896850586 -59.37348175048828 -8.199999809265137
endloop
endfacet
facet normal 1 0 0
outer loop
vertex -17.011159896850586 -59.37348175048828 -8.199999809265137
vertex -17.011159896850586 -59.37348175048828 -9.5
vertex -17.011159896850586 -50.37348175048828 -8.199999809265137
endloop
endfacet
facet normal 0 -1 0
outer loop
vertex -17.011159896850586 -50.37348175048828 -8.199999809265137
vertex -17.011159896850586 -50.37348175048828 -9.5
vertex -7.011159420013428 -50.37348175048828 -8.199999809265137
endloop
endfacet
facet normal 0 1 0
outer loop
vertex -7.261159420013428 -59.37348175048828 -8.199999809265137
vertex -7.011159420013428 -59.37348175048828 -8.199999809265137
vertex -7.011159420013428 -59.37348175048828 -9.5
endloop
endfacet
facet normal 0 1 0
outer loop
vertex -5.4611592292785645 -38.27348327636719 -8.199999809265137
vertex -5.4611592292785645 -38.27348327636719 -10
vertex -9.561159133911133 -38.27348327636719 -8.199999809265137
endloop
endfacet
facet normal 0 0 1
outer loop
vertex -6.261159420013428 -30.12348175048828 -10
vertex -6.261159420013428 -36.62348175048828 -10
vertex -5.4611592292785645 -28.473482131958008 -10
endloop
endfacet
facet normal 1 0 0
outer loop
vertex -9.561159133911133 -38.27348327636719 -8.199999809265137
vertex -9.561159133911133 -38.27348327636719 -10
vertex -9.561159133911133 -28.473482131958008 -8.199999809265137
endloop
endfacet
facet normal -1 0 0
outer loop
vertex -5.4611592292785645 -38.27348327636719 -10
vertex -5.4611592292785645 -38.27348327636719 -8.199999809265137
vertex -5.4611592292785645 -28.473482131958008 -10
endloop
endfacet
facet normal 0 1 0
outer loop
vertex -9.561159133911133 -38.27348327636719 -10
vertex -9.561159133911133 -38.27348327636719 -8.199999809265137
vertex -5.4611592292785645 -38.27348327636719 -10
endloop
endfacet
facet normal 0 0 1
outer loop
vertex -6.261159420013428 -36.62348175048828 -10
vertex -9.561159133911133 -38.27348327636719 -10
vertex -5.4611592292785645 -38.27348327636719 -10
endloop
endfacet
facet normal 0 0 1
outer loop
vertex -9.561159133911133 -38.27348327636719 -10
vertex -8.761159896850586 -36.62348175048828 -10
vertex -8.761159896850586 -30.12348175048828 -10
endloop
endfacet
facet normal 0 0 1
outer loop
vertex -6.261159420013428 -36.62348175048828 -10
vertex -8.761159896850586 -36.62348175048828 -10
vertex -9.561159133911133 -38.27348327636719 -10
endloop
endfacet
facet normal 0 -1 0
outer loop
vertex -9.561159133911133 -28.473482131958008 -8.199999809265137
vertex -9.561159133911133 -28.473482131958008 -10
vertex -5.4611592292785645 -28.473482131958008 -8.199999809265137
endloop
endfacet
facet normal -1 0 0
outer loop
vertex -5.4611592292785645 -28.473482131958008 -10
vertex -5.4611592292785645 -38.27348327636719 -8.199999809265137
vertex -5.4611592292785645 -28.473482131958008 -8.199999809265137
endloop
endfacet
facet normal 0 -1 0
outer loop
vertex -9.561159133911133 -28.473482131958008 -10
vertex -5.4611592292785645 -28.473482131958008 -10
vertex -5.4611592292785645 -28.473482131958008 -8.199999809265137
endloop
endfacet
facet normal 0 0 1
outer loop
vertex -5.4611592292785645 -28.473482131958008 -10
vertex -8.761159896850586 -30.12348175048828 -10
vertex -6.261159420013428 -30.12348175048828 -10
endloop
endfacet
facet normal 0 0 1
outer loop
vertex -6.261159420013428 -36.62348175048828 -10
vertex -5.4611592292785645 -38.27348327636719 -10
vertex -5.4611592292785645 -28.473482131958008 -10
endloop
endfacet
facet normal 0 0 1
outer loop
vertex -9.561159133911133 -28.473482131958008 -10
vertex -8.761159896850586 -30.12348175048828 -10
vertex -5.4611592292785645 -28.473482131958008 -10
endloop
endfacet
facet normal 1 0 0
outer loop
vertex -9.561159133911133 -28.473482131958008 -8.199999809265137
vertex -9.561159133911133 -38.27348327636719 -10
vertex -9.561159133911133 -28.473482131958008 -10
endloop
endfacet
facet normal 0 0 1
outer loop
vertex -9.561159133911133 -38.27348327636719 -10
vertex -8.761159896850586 -30.12348175048828 -10
vertex -9.561159133911133 -28.473482131958008 -10
endloop
endfacet
facet normal 1 0 0
outer loop
vertex -8.761159896850586 -36.62348175048828 -10
vertex -8.761159896850586 -36.62348175048828 -11.699999809265137
vertex -8.761159896850586 -30.12348175048828 -11.699999809265137
endloop
endfacet
facet normal 0 -1 0
outer loop
vertex -8.761159896850586 -30.12348175048828 -10
vertex -8.761159896850586 -30.12348175048828 -11.699999809265137
vertex -6.261159420013428 -30.12348175048828 -11.699999809265137
endloop
endfacet
facet normal 0 1 0
outer loop
vertex -6.261159420013428 -36.62348175048828 -10
vertex -8.761159896850586 -36.62348175048828 -11.699999809265137
vertex -8.761159896850586 -36.62348175048828 -10
endloop
endfacet
facet normal 0 1 0
outer loop
vertex -6.261159420013428 -36.62348175048828 -11.699999809265137
vertex -8.761159896850586 -36.62348175048828 -11.699999809265137
vertex -6.261159420013428 -36.62348175048828 -10
endloop
endfacet
facet normal 0 -1 0
outer loop
vertex -8.761159896850586 -30.12348175048828 -10
vertex -6.261159420013428 -30.12348175048828 -11.699999809265137
vertex -6.261159420013428 -30.12348175048828 -10
endloop
endfacet
facet normal -1 0 0
outer loop
vertex -6.261159420013428 -30.12348175048828 -10
vertex -6.261159420013428 -36.62348175048828 -11.699999809265137
vertex -6.261159420013428 -36.62348175048828 -10
endloop
endfacet
facet normal 1 0 0
outer loop
vertex -8.761159896850586 -30.12348175048828 -10
vertex -8.761159896850586 -36.62348175048828 -10
vertex -8.761159896850586 -30.12348175048828 -11.699999809265137
endloop
endfacet
facet normal -1 0 0
outer loop
vertex -6.261159420013428 -30.12348175048828 -11.699999809265137
vertex -6.261159420013428 -36.62348175048828 -11.699999809265137
vertex -6.261159420013428 -30.12348175048828 -10
endloop
endfacet
facet normal 0 0 -1
outer loop
vertex 7.988840579986572 -26.37348175048828 -11.699999809265137
vertex 7.950780391693115 -40.564823150634766 -11.699999809265137
vertex 7.950780391693115 -26.182140350341797 -11.699999809265137
endloop
endfacet
facet normal 0 0 -1
outer loop
vertex 7.950780391693115 -26.182140350341797 -11.699999809265137
vertex 7.84239387512207 -40.72703552246094 -11.699999809265137
vertex 7.84239387512207 -26.019929885864258 -11.699999809265137
endloop
endfacet
facet normal 0 0 -1
outer loop
vertex 7.84239387512207 -26.019929885864258 -11.699999809265137
vertex 7.680182456970215 -40.83542251586914 -11.699999809265137
vertex 7.680182456970215 -25.911542892456055 -11.699999809265137
endloop
endfacet
facet normal 0 0 -1
outer loop
vertex 7.680182456970215 -25.911542892456055 -11.699999809265137
vertex 7.680182456970215 -40.83542251586914 -11.699999809265137
vertex 7.488840579986572 -25.87348175048828 -11.699999809265137
endloop
endfacet
facet normal 0.8314715111157752 0.5555673912342671 0
outer loop
vertex -11.864712715148926 -40.72703552246094 -14.899999618530273
vertex -11.973098754882812 -40.564823150634766 -14.899999618530273
vertex -11.864712715148926 -40.72703552246094 -11.699999809265137
endloop
endfacet
facet normal 0.980784327963159 0.19509511019462944 0
outer loop
vertex -11.973098754882812 -40.564823150634766 -14.899999618530273
vertex -12.011159896850586 -40.37348175048828 -14.899999618530273
vertex -11.973098754882812 -40.564823150634766 -11.699999809265137
endloop
endfacet
facet normal 0 0 -1
outer loop
vertex -8.761159896850586 -30.12348175048828 -11.699999809265137
vertex -11.511159896850586 -40.87348175048828 -11.699999809265137
vertex -11.70250129699707 -25.911542892456055 -11.699999809265137
endloop
endfacet
facet normal 0.5555730288971555 0.8314677441500905 0
outer loop
vertex -11.70250129699707 -40.83542251586914 -14.899999618530273
vertex -11.864712715148926 -40.72703552246094 -14.899999618530273
vertex -11.70250129699707 -40.83542251586914 -11.699999809265137
endloop
endfacet
facet normal 1 0 0
outer loop
vertex -12.011159896850586 -40.37348175048828 -14.899999618530273
vertex -12.011159896850586 -26.37348175048828 -14.899999618530273
vertex -12.011159896850586 -40.37348175048828 -11.699999809265137
endloop
endfacet
facet normal 0 0 -1
outer loop
vertex -11.864712715148926 -26.019929885864258 -11.699999809265137
vertex -11.973098754882812 -40.564823150634766 -11.699999809265137
vertex -11.973098754882812 -26.182140350341797 -11.699999809265137
endloop
endfacet
facet normal 0 0 -1
outer loop
vertex -11.973098754882812 -26.182140350341797 -11.699999809265137
vertex -12.011159896850586 -40.37348175048828 -11.699999809265137
vertex -12.011159896850586 -26.37348175048828 -11.699999809265137
endloop
endfacet
facet normal 0.8314715111157752 0.5555673912342671 0
outer loop
vertex -11.864712715148926 -40.72703552246094 -11.699999809265137
vertex -11.973098754882812 -40.564823150634766 -14.899999618530273
vertex -11.973098754882812 -40.564823150634766 -11.699999809265137
endloop
endfacet
facet normal 0.5555730288971555 0.8314677441500905 0
outer loop
vertex -11.70250129699707 -40.83542251586914 -11.699999809265137
vertex -11.864712715148926 -40.72703552246094 -14.899999618530273
vertex -11.864712715148926 -40.72703552246094 -11.699999809265137
endloop
endfacet
facet normal 0.980784327963159 0.19509511019462944 0
outer loop
vertex -11.973098754882812 -40.564823150634766 -11.699999809265137
vertex -12.011159896850586 -40.37348175048828 -14.899999618530273
vertex -12.011159896850586 -40.37348175048828 -11.699999809265137
endloop
endfacet
facet normal -0.001982999083637513 0.999925896624869 0.012011202004221191
outer loop
vertex -11.70250129699707 -40.83542251586914 -14.899999618530273
vertex -11.511159896850586 -40.87348175048828 -11.699999809265137
vertex 7.680182456970215 -40.83542251586914 -11.699999809265137
endloop
endfacet
facet normal 1 0 0
outer loop
vertex -12.011159896850586 -26.37348175048828 -14.899999618530273
vertex -12.011159896850586 -26.37348175048828 -11.699999809265137
vertex -12.011159896850586 -40.37348175048828 -11.699999809265137
endloop
endfacet
facet normal 0.980784327963159 -0.19509511019462944 0
outer loop
vertex -12.011159896850586 -26.37348175048828 -11.699999809265137
vertex -12.011159896850586 -26.37348175048828 -14.899999618530273
vertex -11.973098754882812 -26.182140350341797 -14.899999618530273
endloop
endfacet
facet normal 0.8314684934421214 -0.5555719075089102 0
outer loop
vertex -11.973098754882812 -26.182140350341797 -14.899999618530273
vertex -11.864712715148926 -26.019929885864258 -14.899999618530273
vertex -11.973098754882812 -26.182140350341797 -11.699999809265137
endloop
endfacet
facet normal 0.5555730288971555 -0.8314677441500905 0
outer loop
vertex -11.864712715148926 -26.019929885864258 -14.899999618530273
vertex -11.70250129699707 -25.911542892456055 -14.899999618530273
vertex -11.864712715148926 -26.019929885864258 -11.699999809265137
endloop
endfacet
facet normal 0.19508570553829574 0.9807861986664705 0
outer loop
vertex -11.511159896850586 -40.87348175048828 -11.699999809265137
vertex -11.70250129699707 -40.83542251586914 -14.899999618530273
vertex -11.70250129699707 -40.83542251586914 -11.699999809265137
endloop
endfacet
facet normal 0 0 -1
outer loop
vertex -11.511159896850586 -40.87348175048828 -11.699999809265137
vertex -11.70250129699707 -40.83542251586914 -11.699999809265137
vertex -11.70250129699707 -25.911542892456055 -11.699999809265137
endloop
endfacet
facet normal 0.980784327963159 -0.19509511019462944 0
outer loop
vertex -11.973098754882812 -26.182140350341797 -11.699999809265137
vertex -12.011159896850586 -26.37348175048828 -11.699999809265137
vertex -11.973098754882812 -26.182140350341797 -14.899999618530273
endloop
endfacet
facet normal 0.8314684934421214 -0.5555719075089102 0
outer loop
vertex -11.864712715148926 -26.019929885864258 -11.699999809265137
vertex -11.973098754882812 -26.182140350341797 -11.699999809265137
vertex -11.864712715148926 -26.019929885864258 -14.899999618530273
endloop
endfacet
facet normal 0 -1 0
outer loop
vertex -11.70250129699707 -25.911542892456055 -14.899999618530273
vertex 7.680182456970215 -25.911542892456055 -14.899999618530273
vertex -11.70250129699707 -25.911542892456055 -11.699999809265137
endloop
endfacet
facet normal 0 0 -1
outer loop
vertex -11.70250129699707 -40.83542251586914 -11.699999809265137
vertex -11.864712715148926 -40.72703552246094 -11.699999809265137
vertex -11.70250129699707 -25.911542892456055 -11.699999809265137
endloop
endfacet
facet normal 0 0 -1
outer loop
vertex -11.973098754882812 -40.564823150634766 -11.699999809265137
vertex -12.011159896850586 -40.37348175048828 -11.699999809265137
vertex -11.973098754882812 -26.182140350341797 -11.699999809265137
endloop
endfacet
facet normal 0.0019830984966988717 -0.9999258891944056 0.012011804157984998
outer loop
vertex 7.488840579986572 -25.87348175048828 -11.699999809265137
vertex -11.70250129699707 -25.911542892456055 -11.699999809265137
vertex 7.680182456970215 -25.911542892456055 -14.899999618530273
endloop
endfacet
facet normal 0 0 -1
outer loop
vertex -11.864712715148926 -40.72703552246094 -11.699999809265137
vertex -11.973098754882812 -40.564823150634766 -11.699999809265137
vertex -11.864712715148926 -26.019929885864258 -11.699999809265137
endloop
endfacet
facet normal -0.8314673643661473 -0.5555735972794356 0
outer loop
vertex 7.950780391693115 -26.182140350341797 -14.899999618530273
vertex 7.84239387512207 -26.019929885864258 -11.699999809265137
vertex 7.84239387512207 -26.019929885864258 -14.899999618530273
endloop
endfacet
facet normal -0.9807852633251953 -0.19509040787318935 0
outer loop
vertex 7.950780391693115 -26.182140350341797 -11.699999809265137
vertex 7.988840579986572 -26.37348175048828 -14.899999618530273
vertex 7.988840579986572 -26.37348175048828 -11.699999809265137
endloop
endfacet
facet normal -0.8314673643661473 -0.5555735972794356 0
outer loop
vertex 7.84239387512207 -26.019929885864258 -11.699999809265137
vertex 7.950780391693115 -26.182140350341797 -14.899999618530273
vertex 7.950780391693115 -26.182140350341797 -11.699999809265137
endloop
endfacet
facet normal -0.9807852633251953 -0.19509040787318935 0
outer loop
vertex 7.988840579986572 -26.37348175048828 -14.899999618530273
vertex 7.950780391693115 -26.182140350341797 -11.699999809265137
vertex 7.950780391693115 -26.182140350341797 -14.899999618530273
endloop
endfacet
facet normal -0.5555730288971555 -0.8314677441500905 0
outer loop
vertex 7.680182456970215 -25.911542892456055 -14.899999618530273
vertex 7.84239387512207 -26.019929885864258 -14.899999618530273
vertex 7.680182456970215 -25.911542892456055 -11.699999809265137
endloop
endfacet
facet normal 0 0 -1
outer loop
vertex -11.70250129699707 -25.911542892456055 -11.699999809265137
vertex -11.864712715148926 -40.72703552246094 -11.699999809265137
vertex -11.864712715148926 -26.019929885864258 -11.699999809265137
endloop
endfacet
facet normal 0 0 -1
outer loop
vertex 7.680182456970215 -40.83542251586914 -11.699999809265137
vertex -11.511159896850586 -40.87348175048828 -11.699999809265137
vertex 7.488840579986572 -25.87348175048828 -11.699999809265137
endloop
endfacet
facet normal -0.5555730288971555 0.8314677441500905 0
outer loop
vertex 7.84239387512207 -40.72703552246094 -11.699999809265137
vertex 7.680182456970215 -40.83542251586914 -14.899999618530273
vertex 7.680182456970215 -40.83542251586914 -11.699999809265137
endloop
endfacet
facet normal 0 0 -1
outer loop
vertex -8.761159896850586 -36.62348175048828 -11.699999809265137
vertex -6.261159420013428 -36.62348175048828 -11.699999809265137
vertex -11.511159896850586 -40.87348175048828 -11.699999809265137
endloop
endfacet
facet normal 0 1 0
outer loop
vertex 7.680182456970215 -40.83542251586914 -14.899999618530273
vertex -11.70250129699707 -40.83542251586914 -14.899999618530273
vertex 7.680182456970215 -40.83542251586914 -11.699999809265137
endloop
endfacet
facet normal 0 0 -1
outer loop
vertex 7.84239387512207 -40.72703552246094 -11.699999809265137
vertex 7.680182456970215 -40.83542251586914 -11.699999809265137
vertex 7.84239387512207 -26.019929885864258 -11.699999809265137
endloop
endfacet
facet normal 0 0 -1
outer loop
vertex 7.988840579986572 -40.37348175048828 -11.699999809265137
vertex 7.950780391693115 -40.564823150634766 -11.699999809265137
vertex 7.988840579986572 -26.37348175048828 -11.699999809265137
endloop
endfacet
facet normal 0 0 -1
outer loop
vertex 7.950780391693115 -40.564823150634766 -11.699999809265137
vertex 7.84239387512207 -40.72703552246094 -11.699999809265137
vertex 7.950780391693115 -26.182140350341797 -11.699999809265137
endloop
endfacet
facet normal -0.19509464250952002 -0.9807844209937688 0
outer loop
vertex 7.680182456970215 -25.911542892456055 -11.699999809265137
vertex 7.488840579986572 -25.87348175048828 -11.699999809265137
vertex 7.680182456970215 -25.911542892456055 -14.899999618530273
endloop
endfacet
facet normal 0.5555730288971555 -0.8314677441500905 0
outer loop
vertex -11.70250129699707 -25.911542892456055 -11.699999809265137
vertex -11.864712715148926 -26.019929885864258 -11.699999809265137
vertex -11.70250129699707 -25.911542892456055 -14.899999618530273
endloop
endfacet
facet normal -0.5555730288971555 -0.8314677441500905 0
outer loop
vertex 7.84239387512207 -26.019929885864258 -11.699999809265137
vertex 7.680182456970215 -25.911542892456055 -11.699999809265137
vertex 7.84239387512207 -26.019929885864258 -14.899999618530273
endloop
endfacet
facet normal -1 0 0
outer loop
vertex 7.988840579986572 -26.37348175048828 -14.899999618530273
vertex 7.988840579986572 -40.37348175048828 -14.899999618530273
vertex 7.988840579986572 -26.37348175048828 -11.699999809265137
endloop
endfacet
facet normal 0 0 -1
outer loop
vertex -8.761159896850586 -36.62348175048828 -11.699999809265137
vertex -11.511159896850586 -40.87348175048828 -11.699999809265137
vertex -8.761159896850586 -30.12348175048828 -11.699999809265137
endloop
endfacet
facet normal 0 0 -1
outer loop
vertex 7.488840579986572 -25.87348175048828 -11.699999809265137
vertex -6.261159420013428 -30.12348175048828 -11.699999809265137
vertex -8.761159896850586 -30.12348175048828 -11.699999809265137
endloop
endfacet
facet normal 0 0 -1
outer loop
vertex -8.761159896850586 -30.12348175048828 -11.699999809265137
vertex -11.70250129699707 -25.911542892456055 -11.699999809265137
vertex 7.488840579986572 -25.87348175048828 -11.699999809265137
endloop
endfacet
facet normal 0 0 -1
outer loop
vertex 7.488840579986572 -25.87348175048828 -11.699999809265137
vertex -6.261159420013428 -36.62348175048828 -11.699999809265137
vertex -6.261159420013428 -30.12348175048828 -11.699999809265137
endloop
endfacet
facet normal 0 0 -1
outer loop
vertex -11.511159896850586 -40.87348175048828 -11.699999809265137
vertex -6.261159420013428 -36.62348175048828 -11.699999809265137
vertex 7.488840579986572 -25.87348175048828 -11.699999809265137
endloop
endfacet
facet normal -1 0 0
outer loop
vertex 7.988840579986572 -40.37348175048828 -14.899999618530273
vertex 7.988840579986572 -40.37348175048828 -11.699999809265137
vertex 7.988840579986572 -26.37348175048828 -11.699999809265137
endloop
endfacet
facet normal -0.9807852633251953 0.19509040787318935 0
outer loop
vertex 7.988840579986572 -40.37348175048828 -11.699999809265137
vertex 7.950780391693115 -40.564823150634766 -14.899999618530273
vertex 7.950780391693115 -40.564823150634766 -11.699999809265137
endloop
endfacet
facet normal -0.83147038205406 0.5555690810033217 0
outer loop
vertex 7.950780391693115 -40.564823150634766 -11.699999809265137
vertex 7.84239387512207 -40.72703552246094 -14.899999618530273
vertex 7.84239387512207 -40.72703552246094 -11.699999809265137
endloop
endfacet
facet normal -0.9807852633251953 0.19509040787318935 0
outer loop
vertex 7.988840579986572 -40.37348175048828 -14.899999618530273
vertex 7.950780391693115 -40.564823150634766 -14.899999618530273
vertex 7.988840579986572 -40.37348175048828 -11.699999809265137
endloop
endfacet
facet normal -0.83147038205406 0.5555690810033217 0
outer loop
vertex 7.950780391693115 -40.564823150634766 -14.899999618530273
vertex 7.84239387512207 -40.72703552246094 -14.899999618530273
vertex 7.950780391693115 -40.564823150634766 -11.699999809265137
endloop
endfacet
facet normal -0.5555730288971555 0.8314677441500905 0
outer loop
vertex 7.84239387512207 -40.72703552246094 -14.899999618530273
vertex 7.680182456970215 -40.83542251586914 -14.899999618530273
vertex 7.84239387512207 -40.72703552246094 -11.699999809265137
endloop
endfacet
facet normal -0.5000001160270908 -0.8660253367960769 -3.705330744270001e-7
outer loop
vertex -9.745603561401367 42.774131774902344 -4.099999904632568
vertex -10.588162422180176 43.260581970214844 -0.5
vertex -20.799551010131836 49.156131744384766 -0.5
endloop
endfacet
facet normal -0.5000000255219718 -0.8660253890493209 0
outer loop
vertex -20.799551010131836 49.156131744384766 -0.5
vertex -20.799551010131836 49.156131744384766 -4.099999904632568
vertex -9.745603561401367 42.774131774902344 -4.099999904632568
endloop
endfacet
facet normal 0 0 1
outer loop
vertex -20.799551010131836 49.156131744384766 -4.099999904632568
vertex -11.090259552001953 42.97311782836914 -4.099999904632568
vertex -9.745603561401367 42.774131774902344 -4.099999904632568
endloop
endfacet
facet normal 0 0 1
outer loop
vertex -19.750513076782227 47.97311782836914 -4.099999904632568
vertex -11.090259552001953 42.97311782836914 -4.099999904632568
vertex -20.799551010131836 49.156131744384766 -4.099999904632568
endloop
endfacet
facet normal 0 0 1
outer loop
vertex -2.2222633361816406 42.4583625793457 -4.099999904632568
vertex -4.821159362792969 37.73151779174805 -4.099999904632568
vertex -0.34156009554862976 41.90127182006836 -4.099999904632568
endloop
endfacet
facet normal 0 0 1
outer loop
vertex -4.1669602394104 42.714385986328125 -4.099999904632568
vertex -6.123520851135254 37.617576599121094 -4.099999904632568
vertex -2.2222633361816406 42.4583625793457 -4.099999904632568
endloop
endfacet
facet normal 0 0 1
outer loop
vertex -0.34156009554862976 41.90127182006836 -4.099999904632568
vertex -3.5187981128692627 37.617576599121094 -4.099999904632568
vertex -2.2560083866119385 37.279212951660156 -4.099999904632568
endloop
endfacet
facet normal 0 0 1
outer loop
vertex -6.123520851135254 37.617576599121094 -4.099999904632568
vertex -4.821159362792969 37.73151779174805 -4.099999904632568
vertex -2.2222633361816406 42.4583625793457 -4.099999904632568
endloop
endfacet
facet normal 0 0 1
outer loop
vertex 6.598158836364746 35.31572723388672 -4.099999904632568
vertex 2.2265350818634033 32.796669006347656 -4.099999904632568
vertex 7.252913475036621 33.46675491333008 -4.099999904632568
endloop
endfacet
facet normal 0 0 1
outer loop
vertex -16.895233154296875 26.996278762817383 -4.099999904632568
vertex -16.240478515625 25.147310256958008 -4.099999904632568
vertex -11.868854522705078 27.666366577148438 -4.099999904632568
endloop
endfacet
facet normal 0 0 1
outer loop
vertex -11.090259552001953 42.97311782836914 -4.099999904632568
vertex -8.600401878356934 42.11294937133789 -4.099999904632568
vertex -9.745603561401367 42.774131774902344 -4.099999904632568
endloop
endfacet
facet normal 0 0 1
outer loop
vertex -4.1669602394104 42.714385986328125 -4.099999904632568
vertex -8.571159362792969 36.726707458496094 -4.099999904632568
vertex -7.386310577392578 37.279212951660156 -4.099999904632568
endloop
endfacet
facet normal 0 0 1
outer loop
vertex -4.1669602394104 42.714385986328125 -4.099999904632568
vertex -9.642066955566406 35.97685241699219 -4.099999904632568
vertex -8.571159362792969 36.726707458496094 -4.099999904632568
endloop
endfacet
facet normal 0 0 1
outer loop
vertex -4.1669602394104 42.714385986328125 -4.099999904632568
vertex -10.566493034362793 35.052425384521484 -4.099999904632568
vertex -9.642066955566406 35.97685241699219 -4.099999904632568
endloop
endfacet
facet normal 0 0 1
outer loop
vertex -8.056397438049316 42.30559158325195 -4.099999904632568
vertex -17.00040054321289 27.563720703125 -4.099999904632568
vertex -6.12776517868042 42.66304016113281 -4.099999904632568
endloop
endfacet
facet normal 0 0 1
outer loop
vertex -11.090259552001953 42.97311782836914 -4.099999904632568
vertex -18.990259170532227 29.2899169921875 -4.099999904632568
vertex -8.600401878356934 42.11294937133789 -4.099999904632568
endloop
endfacet
facet normal 0 0 1
outer loop
vertex -8.600401878356934 42.11294937133789 -4.099999904632568
vertex -17.00040054321289 27.563720703125 -4.099999904632568
vertex -8.056397438049316 42.30559158325195 -4.099999904632568
endloop
endfacet
facet normal 0 0 1
outer loop
vertex -17.00040054321289 27.563720703125 -4.099999904632568
vertex -11.316349983215332 33.98151779174805 -4.099999904632568
vertex -10.566493034362793 35.052425384521484 -4.099999904632568
endloop
endfacet
facet normal 0 0 1
outer loop
vertex -17.00040054321289 27.563720703125 -4.099999904632568
vertex -11.868854522705078 32.796669006347656 -4.099999904632568
vertex -11.316349983215332 33.98151779174805 -4.099999904632568
endloop
endfacet
facet normal 0 0 1
outer loop
vertex -12.2072172164917 31.533878326416016 -4.099999904632568
vertex -11.868854522705078 32.796669006347656 -4.099999904632568
vertex -17.00040054321289 27.563720703125 -4.099999904632568
endloop
endfacet
facet normal 0 0 1
outer loop
vertex -12.321159362792969 30.231517791748047 -4.099999904632568
vertex -12.2072172164917 31.533878326416016 -4.099999904632568
vertex -17.00040054321289 27.563720703125 -4.099999904632568
endloop
endfacet
facet normal 0 0 1
outer loop
vertex -9.642066955566406 24.486183166503906 -4.099999904632568
vertex -10.566493034362793 25.41061019897461 -4.099999904632568
vertex -15.30454158782959 23.42352867126465 -4.099999904632568
endloop
endfacet
facet normal 0 0 1
outer loop
vertex -17.00040054321289 27.563720703125 -4.099999904632568
vertex -12.2072172164917 28.929155349731445 -4.099999904632568
vertex -12.321159362792969 30.231517791748047 -4.099999904632568
endloop
endfacet
facet normal 0 0 1
outer loop
vertex -18.14560317993164 28.224905014038086 -4.099999904632568
vertex -17.00040054321289 27.563720703125 -4.099999904632568
vertex -18.990259170532227 29.2899169921875 -4.099999904632568
endloop
endfacet
facet normal 0 0 1
outer loop
vertex -18.990259170532227 29.2899169921875 -4.099999904632568
vertex -22.704360961914062 30.856903076171875 -4.099999904632568
vertex -18.14560317993164 28.224905014038086 -4.099999904632568
endloop
endfacet
facet normal 0.8660254492670357 -0.4999999212218229 0
outer loop
vertex -20.799551010131836 49.156131744384766 -4.099999904632568
vertex -20.799551010131836 49.156131744384766 -0.5
vertex -24.99955177307129 41.88151550292969 -0.5
endloop
endfacet
facet normal 0 0 1
outer loop
vertex -17.00040054321289 27.563720703125 -4.099999904632568
vertex -10.566493034362793 35.052425384521484 -4.099999904632568
vertex -4.1669602394104 42.714385986328125 -4.099999904632568
endloop
endfacet
facet normal 0.8660254492670357 -0.4999999212218229 0
outer loop
vertex -24.99955177307129 41.88151550292969 -0.5
vertex -24.99955177307129 41.88151550292969 -4.099999904632568
vertex -20.799551010131836 49.156131744384766 -4.099999904632568
endloop
endfacet
facet normal 0 0 1
outer loop
vertex -26.2985897064209 42.63151550292969 -4.099999904632568
vertex -27.6505126953125 34.2899169921875 -4.099999904632568
vertex -24.99955177307129 41.88151550292969 -4.099999904632568
endloop
endfacet
facet normal 0 0 1
outer loop
vertex 0.9241738319396973 35.052425384521484 -4.099999904632568
vertex 1.6740310192108154 33.98151779174805 -4.099999904632568
vertex 5.662222862243652 37.03950500488281 -4.099999904632568
endloop
endfacet
facet normal 0 0 1
outer loop
vertex -24.99955177307129 41.88151550292969 -4.099999904632568
vertex -19.750513076782227 47.97311782836914 -4.099999904632568
vertex -20.799551010131836 49.156131744384766 -4.099999904632568
endloop
endfacet
facet normal 0 0 1
outer loop
vertex -18.990259170532227 29.2899169921875 -4.099999904632568
vertex -17.00040054321289 27.563720703125 -4.099999904632568
vertex -8.600401878356934 42.11294937133789 -4.099999904632568
endloop
endfacet
facet normal -0.5000000497465381 -0.8660253750632596 0
outer loop
vertex -24.99955177307129 41.88151550292969 -4.099999904632568
vertex -24.99955177307129 41.88151550292969 -0.5
vertex -26.2985897064209 42.63151550292969 -0.5
endloop
endfacet
facet normal 0.8660254326885618 -0.499999949936587 0
outer loop
vertex -26.2985897064209 42.63151550292969 -4.099999904632568
vertex -26.2985897064209 42.63151550292969 -0.5
vertex -35.13493347167969 27.32651710510254 -0.5
endloop
endfacet
facet normal -0.5000000497465381 -0.8660253750632596 0
outer loop
vertex -26.2985897064209 42.63151550292969 -0.5
vertex -26.2985897064209 42.63151550292969 -4.099999904632568
vertex -24.99955177307129 41.88151550292969 -4.099999904632568
endloop
endfacet
facet normal 0.4999999947402088 0.8660254068211806 0
outer loop
vertex -22.704360961914062 30.856903076171875 -4.099999904632568
vertex -22.704360961914062 30.856903076171875 -0.5
vertex -18.988162994384766 28.711355209350586 -0.5
endloop
endfacet
facet normal -0.8660254301028859 0.4999999544151093 0
outer loop
vertex -24.742630004882812 27.32651710510254 -4.099999904632568
vertex -24.742630004882812 27.32651710510254 -0.5
vertex -22.704360961914062 30.856903076171875 -0.5
endloop
endfacet
facet normal -0.8660254301028859 0.4999999544151093 0
outer loop
vertex -22.704360961914062 30.856903076171875 -0.5
vertex -22.704360961914062 30.856903076171875 -4.099999904632568
vertex -24.742630004882812 27.32651710510254 -4.099999904632568
endloop
endfacet
facet normal 0 0 1
outer loop
vertex 7.252913475036621 33.46675491333008 -4.099999904632568
vertex 2.564898729324341 31.533878326416016 -4.099999904632568
vertex 7.6103644371032715 31.538124084472656 -4.099999904632568
endloop
endfacet
facet normal 0.8660254326885618 -0.499999949936587 0
outer loop
vertex -35.13493347167969 27.32651710510254 -0.5
vertex -35.13493347167969 27.32651710510254 -4.099999904632568
vertex -26.2985897064209 42.63151550292969 -4.099999904632568
endloop
endfacet
facet normal 0.49999971925367903 0.8660255658732589 3.7917121262221466e-7
outer loop
vertex -18.988162994384766 28.711355209350586 -0.5
vertex -18.14560317993164 28.224905014038086 -4.099999904632568
vertex -22.704360961914062 30.856903076171875 -4.099999904632568
endloop
endfacet
facet normal 0 0 1
outer loop
vertex -24.99955177307129 41.88151550292969 -4.099999904632568
vertex -27.6505126953125 34.2899169921875 -4.099999904632568
vertex -19.750513076782227 47.97311782836914 -4.099999904632568
endloop
endfacet
facet normal 0 0 1
outer loop
vertex -18.990259170532227 29.2899169921875 -4.099999904632568
vertex -27.6505126953125 34.2899169921875 -4.099999904632568
vertex -22.704360961914062 30.856903076171875 -4.099999904632568
endloop
endfacet
facet normal 0 0 1
outer loop
vertex -35.13493347167969 27.32651710510254 -4.099999904632568
vertex -22.704360961914062 30.856903076171875 -4.099999904632568
vertex -27.6505126953125 34.2899169921875 -4.099999904632568
endloop
endfacet
facet normal 0 0 1
outer loop
vertex 2.2265350818634033 27.666366577148438 -4.099999904632568
vertex 1.6740310192108154 26.481517791748047 -4.099999904632568
vertex 7.4056854248046875 27.63262176513672 -4.099999904632568
endloop
endfacet
facet normal 0 0 1
outer loop
vertex -35.13493347167969 27.32651710510254 -4.099999904632568
vertex -24.742630004882812 27.32651710510254 -4.099999904632568
vertex -22.704360961914062 30.856903076171875 -4.099999904632568
endloop
endfacet
facet normal 0 0 1
outer loop
vertex 1.6740310192108154 33.98151779174805 -4.099999904632568
vertex 2.2265350818634033 32.796669006347656 -4.099999904632568
vertex 6.598158836364746 35.31572723388672 -4.099999904632568
endloop
endfacet
facet normal 0 0 1
outer loop
vertex -6.12776517868042 42.66304016113281 -4.099999904632568
vertex -17.00040054321289 27.563720703125 -4.099999904632568
vertex -4.1669602394104 42.714385986328125 -4.099999904632568
endloop
endfacet
facet normal 0 0 1
outer loop
vertex -0.34156009554862976 41.90127182006836 -4.099999904632568
vertex -2.2560083866119385 37.279212951660156 -4.099999904632568
vertex 1.4288405179977417 41.05683517456055 -4.099999904632568
endloop
endfacet
facet normal 0 0 1
outer loop
vertex -2.2560083866119385 37.279212951660156 -4.099999904632568
vertex -1.0711594820022583 36.726707458496094 -4.099999904632568
vertex 1.4288405179977417 41.05683517456055 -4.099999904632568
endloop
endfacet
facet normal 0 0 1
outer loop
vertex 2.2265350818634033 32.796669006347656 -4.099999904632568
vertex 2.564898729324341 31.533878326416016 -4.099999904632568
vertex 7.252913475036621 33.46675491333008 -4.099999904632568
endloop
endfacet
facet normal 0 0 1
outer loop
vertex -4.821159362792969 37.73151779174805 -4.099999904632568
vertex -3.5187981128692627 37.617576599121094 -4.099999904632568
vertex -0.34156009554862976 41.90127182006836 -4.099999904632568
endloop
endfacet
facet normal 0 0 1
outer loop
vertex -4.1669602394104 42.714385986328125 -4.099999904632568
vertex -7.386310577392578 37.279212951660156 -4.099999904632568
vertex -6.123520851135254 37.617576599121094 -4.099999904632568
endloop
endfacet
facet normal 0 0 1
outer loop
vertex 2.564898729324341 31.533878326416016 -4.099999904632568
vertex 2.6788406372070312 30.231517791748047 -4.099999904632568
vertex 7.6103644371032715 31.538124084472656 -4.099999904632568
endloop
endfacet
facet normal 0 0 1
outer loop
vertex 7.6103644371032715 31.538124084472656 -4.099999904632568
vertex 2.564898729324341 28.929155349731445 -4.099999904632568
vertex 7.661709785461426 29.57731819152832 -4.099999904632568
endloop
endfacet
facet normal 0 0 1
outer loop
vertex -2.2560083866119385 23.183822631835938 -4.099999904632568
vertex -3.5187981128692627 22.845458984375 -4.099999904632568
vertex 6.004158020019531 23.981517791748047 -4.099999904632568
endloop
endfacet
facet normal 0 0 1
outer loop
vertex -1.0711594820022583 23.736326217651367 -4.099999904632568
vertex -2.2560083866119385 23.183822631835938 -4.099999904632568
vertex 6.848596096038818 25.75191879272461 -4.099999904632568
endloop
endfacet
facet normal 0 0 1
outer loop
vertex -0.0002523903676774353 24.486183166503906 -4.099999904632568
vertex -1.0711594820022583 23.736326217651367 -4.099999904632568
vertex 6.848596096038818 25.75191879272461 -4.099999904632568
endloop
endfacet
facet normal 0 0 1
outer loop
vertex 0.9241738319396973 25.41061019897461 -4.099999904632568
vertex -0.0002523903676774353 24.486183166503906 -4.099999904632568
vertex 6.848596096038818 25.75191879272461 -4.099999904632568
endloop
endfacet
facet normal 0 0 1
outer loop
vertex 6.848596096038818 25.75191879272461 -4.099999904632568
vertex -2.2560083866119385 23.183822631835938 -4.099999904632568
vertex 6.004158020019531 23.981517791748047 -4.099999904632568
endloop
endfacet
facet normal 0 0 1
outer loop
vertex 1.6740310192108154 26.481517791748047 -4.099999904632568
vertex 0.9241738319396973 25.41061019897461 -4.099999904632568
vertex 6.848596096038818 25.75191879272461 -4.099999904632568
endloop
endfacet
facet normal 0 0 1
outer loop
vertex -3.5187981128692627 22.845458984375 -4.099999904632568
vertex -12.687664031982422 20.517192840576172 -4.099999904632568
vertex 6.004158020019531 23.981517791748047 -4.099999904632568
endloop
endfacet
facet normal 0 0 1
outer loop
vertex 7.4056854248046875 27.63262176513672 -4.099999904632568
vertex 1.6740310192108154 26.481517791748047 -4.099999904632568
vertex 6.848596096038818 25.75191879272461 -4.099999904632568
endloop
endfacet
facet normal 0 0 1
outer loop
vertex -3.5187981128692627 22.845458984375 -4.099999904632568
vertex -4.821159362792969 22.731517791748047 -4.099999904632568
vertex -12.687664031982422 20.517192840576172 -4.099999904632568
endloop
endfacet
facet normal 0 0 1
outer loop
vertex -4.821159362792969 22.731517791748047 -4.099999904632568
vertex -6.123520851135254 22.845458984375 -4.099999904632568
vertex -12.687664031982422 20.517192840576172 -4.099999904632568
endloop
endfacet
facet normal 0 0 1
outer loop
vertex -6.123520851135254 22.845458984375 -4.099999904632568
vertex -7.386310577392578 23.183822631835938 -4.099999904632568
vertex -12.687664031982422 20.517192840576172 -4.099999904632568
endloop
endfacet
facet normal 0 0 1
outer loop
vertex -7.386310577392578 23.183822631835938 -4.099999904632568
vertex -8.571159362792969 23.736326217651367 -4.099999904632568
vertex -14.110469818115234 21.86738395690918 -4.099999904632568
endloop
endfacet
facet normal 0 0 1
outer loop
vertex -11.868854522705078 27.666366577148438 -4.099999904632568
vertex -16.240478515625 25.147310256958008 -4.099999904632568
vertex -11.316349983215332 26.481517791748047 -4.099999904632568
endloop
endfacet
facet normal 0 0 1
outer loop
vertex -11.316349983215332 26.481517791748047 -4.099999904632568
vertex -15.30454158782959 23.42352867126465 -4.099999904632568
vertex -10.566493034362793 25.41061019897461 -4.099999904632568
endloop
endfacet
facet normal 0 0 1
outer loop
vertex -12.2072172164917 28.929155349731445 -4.099999904632568
vertex -16.895233154296875 26.996278762817383 -4.099999904632568
vertex -11.868854522705078 27.666366577148438 -4.099999904632568
endloop
endfacet
facet normal 0 0 1
outer loop
vertex -17.00040054321289 27.563720703125 -4.099999904632568
vertex -16.895233154296875 26.996278762817383 -4.099999904632568
vertex -12.2072172164917 28.929155349731445 -4.099999904632568
endloop
endfacet
facet normal 0 0 1
outer loop
vertex -16.240478515625 25.147310256958008 -4.099999904632568
vertex -15.30454158782959 23.42352867126465 -4.099999904632568
vertex -11.316349983215332 26.481517791748047 -4.099999904632568
endloop
endfacet
facet normal 0 0 1
outer loop
vertex -9.642066955566406 24.486183166503906 -4.099999904632568
vertex -14.110469818115234 21.86738395690918 -4.099999904632568
vertex -8.571159362792969 23.736326217651367 -4.099999904632568
endloop
endfacet
facet normal 0 0 1
outer loop
vertex -15.30454158782959 23.42352867126465 -4.099999904632568
vertex -14.110469818115234 21.86738395690918 -4.099999904632568
vertex -9.642066955566406 24.486183166503906 -4.099999904632568
endloop
endfacet
facet normal 0 0 1
outer loop
vertex -14.110469818115234 21.86738395690918 -4.099999904632568
vertex -12.687664031982422 20.517192840576172 -4.099999904632568
vertex -7.386310577392578 23.183822631835938 -4.099999904632568
endloop
endfacet
facet normal 0 0 1
outer loop
vertex 2.6788406372070312 30.231517791748047 -4.099999904632568
vertex 2.564898729324341 28.929155349731445 -4.099999904632568
vertex 7.6103644371032715 31.538124084472656 -4.099999904632568
endloop
endfacet
facet normal 0 0 1
outer loop
vertex 7.661709785461426 29.57731819152832 -4.099999904632568
vertex 2.2265350818634033 27.666366577148438 -4.099999904632568
vertex 7.4056854248046875 27.63262176513672 -4.099999904632568
endloop
endfacet
facet normal 0 0 1
outer loop
vertex 4.468151092529297 38.59564971923828 -4.099999904632568
vertex 0.9241738319396973 35.052425384521484 -4.099999904632568
vertex 5.662222862243652 37.03950500488281 -4.099999904632568
endloop
endfacet
facet normal 0 0 1
outer loop
vertex -27.6505126953125 34.2899169921875 -4.099999904632568
vertex -26.2985897064209 42.63151550292969 -4.099999904632568
vertex -35.13493347167969 27.32651710510254 -4.099999904632568
endloop
endfacet
facet normal 0 0 1
outer loop
vertex 3.0453455448150635 39.94584274291992 -4.099999904632568
vertex -0.0002523903676774353 35.97685241699219 -4.099999904632568
vertex 4.468151092529297 38.59564971923828 -4.099999904632568
endloop
endfacet
facet normal 0 0 1
outer loop
vertex 5.662222862243652 37.03950500488281 -4.099999904632568
vertex 1.6740310192108154 33.98151779174805 -4.099999904632568
vertex 6.598158836364746 35.31572723388672 -4.099999904632568
endloop
endfacet
facet normal 0 0 1
outer loop
vertex 1.4288405179977417 41.05683517456055 -4.099999904632568
vertex -1.0711594820022583 36.726707458496094 -4.099999904632568
vertex 3.0453455448150635 39.94584274291992 -4.099999904632568
endloop
endfacet
facet normal 0 0 1
outer loop
vertex 0.9241738319396973 35.052425384521484 -4.099999904632568
vertex 4.468151092529297 38.59564971923828 -4.099999904632568
vertex -0.0002523903676774353 35.97685241699219 -4.099999904632568
endloop
endfacet
facet normal 0 0 1
outer loop
vertex 2.564898729324341 28.929155349731445 -4.099999904632568
vertex 2.2265350818634033 27.666366577148438 -4.099999904632568
vertex 7.661709785461426 29.57731819152832 -4.099999904632568
endloop
endfacet
facet normal 0 0 1
outer loop
vertex -1.0711594820022583 36.726707458496094 -4.099999904632568
vertex -0.0002523903676774353 35.97685241699219 -4.099999904632568
vertex 3.0453455448150635 39.94584274291992 -4.099999904632568
endloop
endfacet
facet normal -0.5000000222163286 -0.8660253909578349 0
outer loop
vertex -19.750513076782227 47.97311782836914 -4.900000095367432
vertex -11.090259552001953 42.97311782836914 -4.900000095367432
vertex -11.090259552001953 42.97311782836914 -4.099999904632568
endloop
endfacet
facet normal -0.8660254056374839 0.4999999967904314 0
outer loop
vertex -11.090259552001953 42.97311782836914 -4.900000095367432
vertex -18.990259170532227 29.2899169921875 -4.099999904632568
vertex -11.090259552001953 42.97311782836914 -4.099999904632568
endloop
endfacet
facet normal 0 0 1
outer loop
vertex -19.750513076782227 47.97311782836914 -4.900000095367432
vertex -18.990259170532227 29.2899169921875 -4.900000095367432
vertex -11.090259552001953 42.97311782836914 -4.900000095367432
endloop
endfacet
facet normal -0.8660254056374839 0.4999999967904314 0
outer loop
vertex -18.990259170532227 29.2899169921875 -4.900000095367432
vertex -18.990259170532227 29.2899169921875 -4.099999904632568
vertex -11.090259552001953 42.97311782836914 -4.900000095367432
endloop
endfacet
facet normal -0.5000000222163286 -0.8660253909578349 0
outer loop
vertex -19.750513076782227 47.97311782836914 -4.099999904632568
vertex -19.750513076782227 47.97311782836914 -4.900000095367432
vertex -11.090259552001953 42.97311782836914 -4.099999904632568
endloop
endfacet
facet normal 0.8660254056374839 -0.4999999967904314 0
outer loop
vertex -27.6505126953125 34.2899169921875 -4.099999904632568
vertex -19.750513076782227 47.97311782836914 -4.900000095367432
vertex -19.750513076782227 47.97311782836914 -4.099999904632568
endloop
endfacet
facet normal 0.8660254056374839 -0.4999999967904314 0
outer loop
vertex -27.6505126953125 34.2899169921875 -4.099999904632568
vertex -27.6505126953125 34.2899169921875 -4.900000095367432
vertex -19.750513076782227 47.97311782836914 -4.900000095367432
endloop
endfacet
facet normal 0 0 1
outer loop
vertex -19.750513076782227 47.97311782836914 -4.900000095367432
vertex -27.6505126953125 34.2899169921875 -4.900000095367432
vertex -18.990259170532227 29.2899169921875 -4.900000095367432
endloop
endfacet
facet normal 0.5000000222163286 0.8660253909578349 0
outer loop
vertex -27.6505126953125 34.2899169921875 -4.099999904632568
vertex -18.990259170532227 29.2899169921875 -4.900000095367432
vertex -27.6505126953125 34.2899169921875 -4.900000095367432
endloop
endfacet
facet normal 0.5000000222163286 0.8660253909578349 0
outer loop
vertex -27.6505126953125 34.2899169921875 -4.099999904632568
vertex -18.990259170532227 29.2899169921875 -4.099999904632568
vertex -18.990259170532227 29.2899169921875 -4.900000095367432
endloop
endfacet
facet normal -0.9659257468074526 0.25881934173176663 0
outer loop
vertex 2.564898729324341 28.929155349731445 -13.766860008239746
vertex 2.2265350818634033 27.666366577148438 -13.86420726776123
vertex 2.2265350818634033 27.666366577148438 -4.099999904632568
endloop
endfacet
facet normal -0.9961947008542371 0.08715571117222906 0
outer loop
vertex 2.6788406372070312 30.231517791748047 -13.654144287109375
vertex 2.564898729324341 28.929155349731445 -13.766860008239746
vertex 2.564898729324341 28.929155349731445 -4.099999904632568
endloop
endfacet
facet normal -0.9961946897718046 -0.08715583784496571 0
outer loop
vertex 2.564898729324341 31.533878326416016 -13.529486656188965
vertex 2.6788406372070312 30.231517791748047 -13.654144287109375
vertex 2.6788406372070312 30.231517791748047 -4.099999904632568
endloop
endfacet
facet normal -0.9659258445391973 -0.2588189769921029 0
outer loop
vertex 2.2265350818634033 32.796669006347656 -13.396673202514648
vertex 2.564898729324341 31.533878326416016 -13.529486656188965
vertex 2.564898729324341 31.533878326416016 -4.099999904632568
endloop
endfacet
facet normal -0.9063077869590874 -0.4226182619070328 0
outer loop
vertex 1.6740310192108154 33.98151779174805 -13.259739875793457
vertex 2.2265350818634033 32.796669006347656 -13.396673202514648
vertex 2.2265350818634033 32.796669006347656 -4.099999904632568
endloop
endfacet
facet normal -0.7071070910390771 0.7071064713338822 0
outer loop
vertex 0.9241738319396973 25.41061019897461 -14.001524925231934
vertex -0.0002523903676774353 24.486183166503906 -14.037322998046875
vertex -0.0002523903676774353 24.486183166503906 -4.099999904632568
endloop
endfacet
facet normal -0.8191521815461156 0.5735762403275083 0
outer loop
vertex 1.6740310192108154 26.481517791748047 -13.943229675292969
vertex 0.9241738319396973 25.41061019897461 -14.001524925231934
vertex 0.9241738319396973 25.41061019897461 -4.099999904632568
endloop
endfacet
facet normal -0.9063077869590874 0.4226182619070327 0
outer loop
vertex 2.2265350818634033 27.666366577148438 -13.86420726776123
vertex 1.6740310192108154 26.481517791748047 -13.943229675292969
vertex 1.6740310192108154 26.481517791748047 -4.099999904632568
endloop
endfacet
facet normal -0.7071070910390771 -0.707106471333882 0
outer loop
vertex -0.0002523903676774353 35.97685241699219 -12.990155220031738
vertex 0.9241738319396973 35.052425384521484 -13.122847557067871
vertex 0.9241738319396973 35.052425384521484 -4.099999904632568
endloop
endfacet
facet normal 0.2588191593618109 -0.9659257956733764 0
outer loop
vertex -7.386310577392578 37.279212951660156 -12.484381675720215
vertex -6.123520851135254 37.617576599121094 -12.519725799560547
vertex -6.123520851135254 37.617576599121094 -4.099999904632568
endloop
endfacet
facet normal -0.08715524738920788 -0.9961947414298702 0
outer loop
vertex -4.821159362792969 37.73151779174805 -12.577595710754395
vertex -3.5187981128692627 37.617576599121094 -12.656233787536621
vertex -3.5187981128692627 37.617576599121094 -4.099999904632568
endloop
endfacet
facet normal -0.8191521815461157 -0.5735762403275083 0
outer loop
vertex 0.9241738319396973 35.052425384521484 -13.122847557067871
vertex 1.6740310192108154 33.98151779174805 -13.259739875793457
vertex 1.6740310192108154 33.98151779174805 -4.099999904632568
endloop
endfacet
facet normal -0.42261912576498534 -0.9063073841350071 0
outer loop
vertex -2.2560083866119385 37.279212951660156 -4.099999904632568
vertex -2.2560083866119385 37.279212951660156 -12.753249168395996
vertex -1.0711594820022583 36.726707458496094 -4.099999904632568
endloop
endfacet
facet normal -0.08715524738920788 -0.9961947414298702 0
outer loop
vertex -4.821159362792969 37.73151779174805 -4.099999904632568
vertex -4.821159362792969 37.73151779174805 -12.577595710754395
vertex -3.5187981128692627 37.617576599121094 -4.099999904632568
endloop
endfacet
facet normal -0.2588191593618109 -0.9659257956733766 0
outer loop
vertex -3.5187981128692627 37.617576599121094 -4.099999904632568
vertex -3.5187981128692627 37.617576599121094 -12.656233787536621
vertex -2.2560083866119385 37.279212951660156 -4.099999904632568
endloop
endfacet
facet normal 0.2588191593618109 -0.9659257956733766 0
outer loop
vertex -7.386310577392578 37.279212951660156 -4.099999904632568
vertex -7.386310577392578 37.279212951660156 -12.484381675720215
vertex -6.123520851135254 37.617576599121094 -4.099999904632568
endloop
endfacet
facet normal 0.42261916069086436 -0.9063073678487611 0
outer loop
vertex -8.571159362792969 36.726707458496094 -4.099999904632568
vertex -8.571159362792969 36.726707458496094 -12.472637176513672
vertex -7.386310577392578 37.279212951660156 -4.099999904632568
endloop
endfacet
facet normal 0.5735751389784192 -0.8191529527175538 0
outer loop
vertex -9.642066955566406 35.97685241699219 -4.099999904632568
vertex -9.642066955566406 35.97685241699219 -12.484848976135254
vertex -8.571159362792969 36.726707458496094 -4.099999904632568
endloop
endfacet
facet normal 0.8191522672318324 -0.573576117955541 0
outer loop
vertex -11.316349983215332 33.98151779174805 -4.099999904632568
vertex -11.316349983215332 33.98151779174805 -12.57894229888916
vertex -10.566493034362793 35.052425384521484 -4.099999904632568
endloop
endfacet
facet normal 0.9063076472557012 -0.4226185615017818 0
outer loop
vertex -11.868854522705078 32.796669006347656 -4.099999904632568
vertex -11.868854522705078 32.796669006347656 -12.657964706420898
vertex -11.316349983215332 33.98151779174805 -4.099999904632568
endloop
endfacet
facet normal 0.965926026908576 -0.2588182963791645 0
outer loop
vertex -12.2072172164917 31.533878326416016 -4.099999904632568
vertex -12.2072172164917 31.533878326416016 -12.755311965942383
vertex -11.868854522705078 32.796669006347656 -4.099999904632568
endloop
endfacet
facet normal -0.8191521815461157 0.5735762403275083 0
outer loop
vertex 1.6740310192108154 26.481517791748047 -4.099999904632568
vertex 1.6740310192108154 26.481517791748047 -13.943229675292969
vertex 0.9241738319396973 25.41061019897461 -4.099999904632568
endloop
endfacet
facet normal 0.9961946739376735 -0.08715601882952512 0
outer loop
vertex -12.321159362792969 30.231517791748047 -4.099999904632568
vertex -12.321159362792969 30.231517791748047 -12.868027687072754
vertex -12.2072172164917 31.533878326416016 -4.099999904632568
endloop
endfacet
facet normal 0.9961946850201516 0.08715589215652943 0
outer loop
vertex -12.2072172164917 28.929155349731445 -4.099999904632568
vertex -12.2072172164917 28.929155349731445 -12.99268627166748
vertex -12.321159362792969 30.231517791748047 -4.099999904632568
endloop
endfacet
facet normal 0.9659259291773269 0.25881866111800683 0
outer loop
vertex -11.868854522705078 27.666366577148438 -4.099999904632568
vertex -11.868854522705078 27.666366577148438 -13.125499725341797
vertex -12.2072172164917 28.929155349731445 -4.099999904632568
endloop
endfacet
facet normal -0.42261912576498534 -0.9063073841350071 0
outer loop
vertex -1.0711594820022583 36.726707458496094 -12.865694999694824
vertex -1.0711594820022583 36.726707458496094 -4.099999904632568
vertex -2.2560083866119385 37.279212951660156 -12.753249168395996
endloop
endfacet
facet normal -0.2588191593618109 -0.9659257956733764 0
outer loop
vertex -2.2560083866119385 37.279212951660156 -12.753249168395996
vertex -2.2560083866119385 37.279212951660156 -4.099999904632568
vertex -3.5187981128692627 37.617576599121094 -12.656233787536621
endloop
endfacet
facet normal -0.7071070910390772 0.7071064713338822 0
outer loop
vertex 0.9241738319396973 25.41061019897461 -14.001524925231934
vertex -0.0002523903676774353 24.486183166503906 -4.099999904632568
vertex 0.9241738319396973 25.41061019897461 -4.099999904632568
endloop
endfacet
facet normal 0.08715523155521007 -0.9961947428151575 0
outer loop
vertex -6.123520851135254 37.617576599121094 -12.519725799560547
vertex -4.821159362792969 37.73151779174805 -12.577595710754395
vertex -4.821159362792969 37.73151779174805 -4.099999904632568
endloop
endfacet
facet normal 0.42261916069086436 -0.9063073678487611 0
outer loop
vertex -8.571159362792969 36.726707458496094 -12.472637176513672
vertex -7.386310577392578 37.279212951660156 -12.484381675720215
vertex -7.386310577392578 37.279212951660156 -4.099999904632568
endloop
endfacet
facet normal 0.5735751389784192 -0.8191529527175538 0
outer loop
vertex -9.642066955566406 35.97685241699219 -12.484848976135254
vertex -8.571159362792969 36.726707458496094 -12.472637176513672
vertex -8.571159362792969 36.726707458496094 -4.099999904632568
endloop
endfacet
facet normal 0.7071071459258543 -0.7071064164470525 0
outer loop
vertex -9.642066955566406 35.97685241699219 -12.484848976135254
vertex -9.642066955566406 35.97685241699219 -4.099999904632568
vertex -10.566493034362793 35.052425384521484 -12.520647048950195
endloop
endfacet
facet normal 0.8191522672318324 -0.5735761179555409 0
outer loop
vertex -11.316349983215332 33.98151779174805 -12.57894229888916
vertex -10.566493034362793 35.052425384521484 -12.520647048950195
vertex -10.566493034362793 35.052425384521484 -4.099999904632568
endloop
endfacet
facet normal 0.9063076472557012 -0.42261856150178184 0
outer loop
vertex -11.868854522705078 32.796669006347656 -12.657964706420898
vertex -11.316349983215332 33.98151779174805 -12.57894229888916
vertex -11.316349983215332 33.98151779174805 -4.099999904632568
endloop
endfacet
facet normal 0.9659260269085759 -0.2588182963791645 0
outer loop
vertex -12.2072172164917 31.533878326416016 -12.755311965942383
vertex -11.868854522705078 32.796669006347656 -12.657964706420898
vertex -11.868854522705078 32.796669006347656 -4.099999904632568
endloop
endfacet
facet normal 0.9961946739376734 -0.0871560188295251 0
outer loop
vertex -12.321159362792969 30.231517791748047 -12.868027687072754
vertex -12.2072172164917 31.533878326416016 -12.755311965942383
vertex -12.2072172164917 31.533878326416016 -4.099999904632568
endloop
endfacet
facet normal 0.9961946850201518 0.08715589215652945 0
outer loop
vertex -12.2072172164917 28.929155349731445 -12.99268627166748
vertex -12.321159362792969 30.231517791748047 -12.868027687072754
vertex -12.321159362792969 30.231517791748047 -4.099999904632568
endloop
endfacet
facet normal 0.965925929177327 0.2588186611180069 0
outer loop
vertex -11.868854522705078 27.666366577148438 -13.125499725341797
vertex -12.2072172164917 28.929155349731445 -12.99268627166748
vertex -12.2072172164917 28.929155349731445 -4.099999904632568
endloop
endfacet
facet normal 0.7071071459258543 -0.7071064164470525 0
outer loop
vertex -10.566493034362793 35.052425384521484 -4.099999904632568
vertex -10.566493034362793 35.052425384521484 -12.520647048950195
vertex -9.642066955566406 35.97685241699219 -4.099999904632568
endloop
endfacet
facet normal -0.9659257468074525 0.25881934173176663 0
outer loop
vertex 2.564898729324341 28.929155349731445 -4.099999904632568
vertex 2.564898729324341 28.929155349731445 -13.766860008239746
vertex 2.2265350818634033 27.666366577148438 -4.099999904632568
endloop
endfacet
facet normal -0.9063077869590874 0.4226182619070327 0
outer loop
vertex 2.2265350818634033 27.666366577148438 -13.86420726776123
vertex 1.6740310192108154 26.481517791748047 -4.099999904632568
vertex 2.2265350818634033 27.666366577148438 -4.099999904632568
endloop
endfacet
facet normal -0.5735753190837237 -0.8191528266068575 0
outer loop
vertex -0.0002523903676774353 35.97685241699219 -12.990155220031738
vertex -0.0002523903676774353 35.97685241699219 -4.099999904632568
vertex -1.0711594820022583 36.726707458496094 -12.865694999694824
endloop
endfacet
facet normal -0.5735753190837237 -0.8191528266068575 0
outer loop
vertex -1.0711594820022583 36.726707458496094 -4.099999904632568
vertex -1.0711594820022583 36.726707458496094 -12.865694999694824
vertex -0.0002523903676774353 35.97685241699219 -4.099999904632568
endloop
endfacet
facet normal -0.9961947008542371 0.08715571117222905 0
outer loop
vertex 2.6788406372070312 30.231517791748047 -4.099999904632568
vertex 2.6788406372070312 30.231517791748047 -13.654144287109375
vertex 2.564898729324341 28.929155349731445 -4.099999904632568
endloop
endfacet
facet normal 0.08715523155521007 -0.9961947428151575 0
outer loop
vertex -6.123520851135254 37.617576599121094 -4.099999904632568
vertex -6.123520851135254 37.617576599121094 -12.519725799560547
vertex -4.821159362792969 37.73151779174805 -4.099999904632568
endloop
endfacet
facet normal -0.9961946897718046 -0.08715583784496571 0
outer loop
vertex 2.564898729324341 31.533878326416016 -4.099999904632568
vertex 2.564898729324341 31.533878326416016 -13.529486656188965
vertex 2.6788406372070312 30.231517791748047 -4.099999904632568
endloop
endfacet
facet normal -0.9659258445391972 -0.2588189769921029 0
outer loop
vertex 2.2265350818634033 32.796669006347656 -4.099999904632568
vertex 2.2265350818634033 32.796669006347656 -13.396673202514648
vertex 2.564898729324341 31.533878326416016 -4.099999904632568
endloop
endfacet
facet normal -0.9063077869590875 -0.4226182619070328 0
outer loop
vertex 1.6740310192108154 33.98151779174805 -4.099999904632568
vertex 1.6740310192108154 33.98151779174805 -13.259739875793457
vertex 2.2265350818634033 32.796669006347656 -4.099999904632568
endloop
endfacet
facet normal -0.8191521815461157 -0.5735762403275084 0
outer loop
vertex 0.9241738319396973 35.052425384521484 -4.099999904632568
vertex 0.9241738319396973 35.052425384521484 -13.122847557067871
vertex 1.6740310192108154 33.98151779174805 -4.099999904632568
endloop
endfacet
facet normal -0.7071070910390772 -0.7071064713338822 0
outer loop
vertex -0.0002523903676774353 35.97685241699219 -4.099999904632568
vertex -0.0002523903676774353 35.97685241699219 -12.990155220031738
vertex 0.9241738319396973 35.052425384521484 -4.099999904632568
endloop
endfacet
facet normal -0.5735762980608515 0.8191521411208111 0
outer loop
vertex -1.0711594820022583 23.736326217651367 -4.099999904632568
vertex -0.0002523903676774353 24.486183166503906 -4.099999904632568
vertex -0.0002523903676774353 24.486183166503906 -14.037322998046875
endloop
endfacet
facet normal -0.4226179273863222 0.9063079429485816 0
outer loop
vertex -1.0711594820022583 23.736326217651367 -4.099999904632568
vertex -1.0711594820022583 23.736326217651367 -14.049534797668457
vertex -2.2560083866119385 23.183822631835938 -4.099999904632568
endloop
endfacet
facet normal -0.2588191593618109 0.9659257956733766 0
outer loop
vertex -2.2560083866119385 23.183822631835938 -4.099999904632568
vertex -2.2560083866119385 23.183822631835938 -14.037790298461914
vertex -3.5187981128692627 22.845458984375 -4.099999904632568
endloop
endfacet
facet normal -0.08715524738920788 0.9961947414298702 0
outer loop
vertex -3.5187981128692627 22.845458984375 -4.099999904632568
vertex -3.5187981128692627 22.845458984375 -14.002446174621582
vertex -4.821159362792969 22.731517791748047 -4.099999904632568
endloop
endfacet
facet normal 0.7071071459258543 0.7071064164470525 0
outer loop
vertex -9.642066955566406 24.486183166503906 -4.099999904632568
vertex -9.642066955566406 24.486183166503906 -13.53201675415039
vertex -10.566493034362793 25.41061019897461 -4.099999904632568
endloop
endfacet
facet normal 0.08715523155521007 0.9961947428151574 0
outer loop
vertex -4.821159362792969 22.731517791748047 -4.099999904632568
vertex -4.821159362792969 22.731517791748047 -13.944576263427734
vertex -6.123520851135254 22.845458984375 -4.099999904632568
endloop
endfacet
facet normal 0.2588191593618109 0.9659257956733766 0
outer loop
vertex -6.123520851135254 22.845458984375 -4.099999904632568
vertex -6.123520851135254 22.845458984375 -13.865939140319824
vertex -7.386310577392578 23.183822631835938 -4.099999904632568
endloop
endfacet
facet normal 0.42261796231214516 0.9063079266624178 0
outer loop
vertex -7.386310577392578 23.183822631835938 -4.099999904632568
vertex -7.386310577392578 23.183822631835938 -13.768922805786133
vertex -8.571159362792969 23.736326217651367 -4.099999904632568
endloop
endfacet
facet normal 0.5735761179555409 0.8191522672318324 0
outer loop
vertex -8.571159362792969 23.736326217651367 -4.099999904632568
vertex -8.571159362792969 23.736326217651367 -13.656476974487305
vertex -9.642066955566406 24.486183166503906 -4.099999904632568
endloop
endfacet
facet normal 0.9063076472557013 0.42261856150178184 0
outer loop
vertex -11.316349983215332 26.481517791748047 -4.099999904632568
vertex -11.316349983215332 26.481517791748047 -13.262433052062988
vertex -11.868854522705078 27.666366577148438 -4.099999904632568
endloop
endfacet
facet normal 0.8191522672318324 0.5735761179555409 0
outer loop
vertex -10.566493034362793 25.41061019897461 -4.099999904632568
vertex -10.566493034362793 25.41061019897461 -13.399325370788574
vertex -11.316349983215332 26.481517791748047 -4.099999904632568
endloop
endfacet
facet normal -0.5735762980608515 0.8191521411208113 0
outer loop
vertex -0.0002523903676774353 24.486183166503906 -14.037322998046875
vertex -1.0711594820022583 23.736326217651367 -14.049534797668457
vertex -1.0711594820022583 23.736326217651367 -4.099999904632568
endloop
endfacet
facet normal -0.42261792738632215 0.9063079429485814 0
outer loop
vertex -1.0711594820022583 23.736326217651367 -14.049534797668457
vertex -2.2560083866119385 23.183822631835938 -14.037790298461914
vertex -2.2560083866119385 23.183822631835938 -4.099999904632568
endloop
endfacet
facet normal -0.2588191593618109 0.9659257956733766 0
outer loop
vertex -2.2560083866119385 23.183822631835938 -14.037790298461914
vertex -3.5187981128692627 22.845458984375 -14.002446174621582
vertex -3.5187981128692627 22.845458984375 -4.099999904632568
endloop
endfacet
facet normal -0.0871552473892079 0.9961947414298703 0
outer loop
vertex -4.821159362792969 22.731517791748047 -13.944576263427734
vertex -4.821159362792969 22.731517791748047 -4.099999904632568
vertex -3.5187981128692627 22.845458984375 -14.002446174621582
endloop
endfacet
facet normal 0.7071071459258543 0.7071064164470525 0
outer loop
vertex -9.642066955566406 24.486183166503906 -13.53201675415039
vertex -10.566493034362793 25.41061019897461 -13.399325370788574
vertex -10.566493034362793 25.41061019897461 -4.099999904632568
endloop
endfacet
facet normal 0.573576117955541 0.8191522672318325 0
outer loop
vertex -8.571159362792969 23.736326217651367 -13.656476974487305
vertex -9.642066955566406 24.486183166503906 -13.53201675415039
vertex -9.642066955566406 24.486183166503906 -4.099999904632568
endloop
endfacet
facet normal 0.08715523155521007 0.9961947428151575 0
outer loop
vertex -4.821159362792969 22.731517791748047 -13.944576263427734
vertex -6.123520851135254 22.845458984375 -13.865939140319824
vertex -6.123520851135254 22.845458984375 -4.099999904632568
endloop
endfacet
facet normal 0.2588191593618109 0.9659257956733766 0
outer loop
vertex -6.123520851135254 22.845458984375 -13.865939140319824
vertex -7.386310577392578 23.183822631835938 -13.768922805786133
vertex -7.386310577392578 23.183822631835938 -4.099999904632568
endloop
endfacet
facet normal 0.42261796231214516 0.9063079266624177 0
outer loop
vertex -7.386310577392578 23.183822631835938 -13.768922805786133
vertex -8.571159362792969 23.736326217651367 -13.656476974487305
vertex -8.571159362792969 23.736326217651367 -4.099999904632568
endloop
endfacet
facet normal 0.9063076472557013 0.42261856150178184 0
outer loop
vertex -11.316349983215332 26.481517791748047 -13.262433052062988
vertex -11.868854522705078 27.666366577148438 -13.125499725341797
vertex -11.868854522705078 27.666366577148438 -4.099999904632568
endloop
endfacet
facet normal 0.8191522672318324 0.573576117955541 0
outer loop
vertex -10.566493034362793 25.41061019897461 -13.399325370788574
vertex -11.316349983215332 26.481517791748047 -13.262433052062988
vertex -11.316349983215332 26.481517791748047 -4.099999904632568
endloop
endfacet
facet normal 0 0 1
outer loop
vertex -0.20388752222061157 42.91736602783203 -4.099999904632568
vertex -2.2222633361816406 42.4583625793457 -4.099999904632568
vertex -0.34156009554862976 41.90127182006836 -4.099999904632568
endloop
endfacet
facet normal -0.25270196523013155 -0.9430924202992422 0.21614440437574828
outer loop
vertex -2.3379905223846436 44.31427001953125 -0.5
vertex -2.4769091606140137 43.52642059326172 -4.099999904632568
vertex 0.06972858309745789 43.66912078857422 -0.5
endloop
endfacet
facet normal -0.08509470065424878 -0.9726463432173058 0.21614343142128314
outer loop
vertex -4.821159362792969 44.531517028808594 -0.5
vertex -4.821159362792969 43.73151779174805 -4.099999904632568
vertex -2.3379905223846436 44.31427001953125 -0.5
endloop
endfacet
facet normal 0 0 1
outer loop
vertex 6.598158836364746 35.31572723388672 -4.099999904632568
vertex 7.252913475036621 33.46675491333008 -4.099999904632568
vertex 6.87018346786499 36.98151779174805 -4.099999904632568
endloop
endfacet
facet normal 0.08509469254314225 -0.9726463438935345 0.21614343157155608
outer loop
vertex -7.304328441619873 44.31427001953125 -0.5
vertex -4.821159362792969 43.73151779174805 -4.099999904632568
vertex -4.821159362792969 44.531517028808594 -0.5
endloop
endfacet
facet normal 0.25270196322267696 -0.9430924244807843 0.21614438847761167
outer loop
vertex -7.165410041809082 43.52642059326172 -4.099999904632568
vertex -7.304328441619873 44.31427001953125 -0.5
vertex -9.712047576904297 43.66912078857422 -0.5
endloop
endfacet
facet normal -0.08509627717167441 -0.972645976818021 0.21614445954324044
outer loop
vertex -2.3379905223846436 44.31427001953125 -0.5
vertex -4.821159362792969 43.73151779174805 -4.099999904632568
vertex -2.4769091606140137 43.52642059326172 -4.099999904632568
endloop
endfacet
facet normal 0.08509626010377579 -0.9726459795759037 0.21614445385246742
outer loop
vertex -4.821159362792969 43.73151779174805 -4.099999904632568
vertex -7.304328441619873 44.31427001953125 -0.5
vertex -7.165410041809082 43.52642059326172 -4.099999904632568
endloop
endfacet
facet normal -0.8848841872905395 -0.41262812570234103 0.21614348235034622
outer loop
vertex 6.87018346786499 36.98151779174805 -4.099999904632568
vertex 7.864690780639648 34.84878921508789 -4.099999904632568
vertex 7.760590553283691 35.857765197753906 -2.5999999046325684
endloop
endfacet
facet normal 0.4126280205426137 -0.8848841728821444 0.21614374209254256
outer loop
vertex -10.588162422180176 43.260581970214844 -0.5
vertex -9.438431739807129 42.91736602783203 -4.099999904632568
vertex -9.712047576904297 43.66912078857422 -0.5
endloop
endfacet
facet normal -0.2527010606955619 -0.9430928058157506 0.21614377979001104
outer loop
vertex 0.06972858309745789 43.66912078857422 -0.5
vertex -2.4769091606140137 43.52642059326172 -4.099999904632568
vertex -0.20388752222061157 42.91736602783203 -4.099999904632568
endloop
endfacet
facet normal 0.25270105554809763 -0.9430928113355499 0.21614376172373317
outer loop
vertex -9.712047576904297 43.66912078857422 -0.5
vertex -9.438431739807129 42.91736602783203 -4.099999904632568
vertex -7.165410041809082 43.52642059326172 -4.099999904632568
endloop
endfacet
facet normal 0.41262286280790755 -0.8848869164162364 0.2161423564310602
outer loop
vertex -9.438431739807129 42.91736602783203 -4.099999904632568
vertex -10.588162422180176 43.260581970214844 -0.5
vertex -9.745603561401367 42.774131774902344 -4.099999904632568
endloop
endfacet
facet normal 0.9726461167403553 0.08509663812881485 0.21614368778449322
outer loop
vertex -18.90390968322754 27.748348236083984 -0.5
vertex -18.14560317993164 28.224905014038086 -4.099999904632568
vertex -18.988162994384766 28.711355209350586 -0.5
endloop
endfacet
facet normal 0.9726463894365025 0.08509419632359685 0.21614342198682918
outer loop
vertex -18.14560317993164 28.224905014038086 -4.099999904632568
vertex -18.90390968322754 27.748348236083984 -0.5
vertex -18.116064071655273 27.887266159057617 -4.099999904632568
endloop
endfacet
facet normal 0 0 1
outer loop
vertex 7.252913475036621 33.46675491333008 -4.099999904632568
vertex 7.864690780639648 34.84878921508789 -4.099999904632568
vertex 6.87018346786499 36.98151779174805 -4.099999904632568
endloop
endfacet
facet normal 0 0 1
outer loop
vertex -2.4769091606140137 43.52642059326172 -4.099999904632568
vertex -2.2222633361816406 42.4583625793457 -4.099999904632568
vertex -0.20388752222061157 42.91736602783203 -4.099999904632568
endloop
endfacet
facet normal 0 0 1
outer loop
vertex -2.4769091606140137 43.52642059326172 -4.099999904632568
vertex -4.1669602394104 42.714385986328125 -4.099999904632568
vertex -2.2222633361816406 42.4583625793457 -4.099999904632568
endloop
endfacet
facet normal 0 0 1
outer loop
vertex -4.821159362792969 43.73151779174805 -4.099999904632568
vertex -4.1669602394104 42.714385986328125 -4.099999904632568
vertex -2.4769091606140137 43.52642059326172 -4.099999904632568
endloop
endfacet
facet normal 0 0 1
outer loop
vertex -4.821159362792969 43.73151779174805 -4.099999904632568
vertex -6.12776517868042 42.66304016113281 -4.099999904632568
vertex -4.1669602394104 42.714385986328125 -4.099999904632568
endloop
endfacet
facet normal 0 0 1
outer loop
vertex -6.12776517868042 42.66304016113281 -4.099999904632568
vertex -4.821159362792969 43.73151779174805 -4.099999904632568
vertex -7.165410041809082 43.52642059326172 -4.099999904632568
endloop
endfacet
facet normal 0 0 1
outer loop
vertex -7.165410041809082 43.52642059326172 -4.099999904632568
vertex -8.056397438049316 42.30559158325195 -4.099999904632568
vertex -6.12776517868042 42.66304016113281 -4.099999904632568
endloop
endfacet
facet normal 0 0 1
outer loop
vertex 7.252913475036621 33.46675491333008 -4.099999904632568
vertex 7.6103644371032715 31.538124084472656 -4.099999904632568
vertex 7.864690780639648 34.84878921508789 -4.099999904632568
endloop
endfacet
facet normal 0 0 1
outer loop
vertex -9.438431739807129 42.91736602783203 -4.099999904632568
vertex -8.056397438049316 42.30559158325195 -4.099999904632568
vertex -7.165410041809082 43.52642059326172 -4.099999904632568
endloop
endfacet
facet normal 0 0 1
outer loop
vertex -9.438431739807129 42.91736602783203 -4.099999904632568
vertex -8.600401878356934 42.11294937133789 -4.099999904632568
vertex -8.056397438049316 42.30559158325195 -4.099999904632568
endloop
endfacet
facet normal 0 0 1
outer loop
vertex -9.745603561401367 42.774131774902344 -4.099999904632568
vertex -8.600401878356934 42.11294937133789 -4.099999904632568
vertex -9.438431739807129 42.91736602783203 -4.099999904632568
endloop
endfacet
facet normal -0.8848841112988051 -0.4126284381235315 0.2161431970307157
outer loop
vertex 8.0724515914917 36.02709197998047 -1
vertex 8.61644458770752 35.122406005859375 -0.5
vertex 7.563004016876221 37.38151550292969 -0.5
endloop
endfacet
facet normal -0.7997893297907293 -0.5600176771753655 0.21614168779762094
outer loop
vertex 7.466778755187988 37.32596206665039 -1
vertex 7.563004016876221 37.38151550292969 -0.5
vertex 6.133275985717773 39.42338180541992 -0.5
endloop
endfacet
facet normal 0 0 1
outer loop
vertex 5.662222862243652 37.03950500488281 -4.099999904632568
vertex 6.598158836364746 35.31572723388672 -4.099999904632568
vertex 6.87018346786499 36.98151779174805 -4.099999904632568
endloop
endfacet
facet normal 0 0 1
outer loop
vertex 7.6103644371032715 31.538124084472656 -4.099999904632568
vertex 7.661709785461426 29.57731819152832 -4.099999904632568
vertex 7.864690780639648 34.84878921508789 -4.099999904632568
endloop
endfacet
facet normal -0.7997893081401994 -0.5600176804721525 0.21614175936919575
outer loop
vertex 6.133275985717773 39.42338180541992 -0.5
vertex 6.676167011260986 38.455074310302734 -1
vertex 7.466778755187988 37.32596206665039 -1
endloop
endfacet
facet normal -0.8848844279711601 -0.41262822724970405 0.21614230314984478
outer loop
vertex 8.0724515914917 36.02709197998047 -1
vertex 7.563004016876221 37.38151550292969 -0.5
vertex 7.466778755187988 37.32596206665039 -1
endloop
endfacet
facet normal -0.7971756186501421 -0.5615056551553381 0.2218612905811598
outer loop
vertex 6.133275985717773 39.42338180541992 -0.5
vertex 6.354061126708984 38.280181884765625 -2.5999999046325684
vertex 6.676167011260986 38.455074310302734 -1
endloop
endfacet
facet normal -0.5600184369814886 -0.7997882138682155 0.21614384839337936
outer loop
vertex 2.328840494155884 42.61568069458008 -0.5
vertex 1.9288405179977417 41.92285919189453 -4.099999904632568
vertex 4.370703220367432 41.185951232910156 -0.5
endloop
endfacet
facet normal 0 0 1
outer loop
vertex 7.864690780639648 34.84878921508789 -4.099999904632568
vertex 7.864690780639648 25.614246368408203 -4.099999904632568
vertex 8.473745346069336 32.575767517089844 -4.099999904632568
endloop
endfacet
facet normal -0.6903911757430826 -0.690392483169121 0.21614403447622385
outer loop
vertex 5.520440578460693 38.909149169921875 -4.099999904632568
vertex 6.133275985717773 39.42338180541992 -0.5
vertex 4.370703220367432 41.185951232910156 -0.5
endloop
endfacet
facet normal -0.4126278685207742 -0.8848842358710489 0.21614377443477809
outer loop
vertex 0.06972858309745789 43.66912078857422 -0.5
vertex -0.20388752222061157 42.91736602783203 -4.099999904632568
vertex 2.328840494155884 42.61568069458008 -0.5
endloop
endfacet
facet normal -0.8052419685703163 -0.5522203422985527 0.2159584812056963
outer loop
vertex 6.133275985717773 39.42338180541992 -0.5
vertex 5.520440578460693 38.909149169921875 -4.099999904632568
vertex 6.354061126708984 38.280181884765625 -2.5999999046325684
endloop
endfacet
facet normal 0 0 1
outer loop
vertex 8.473745346069336 32.575767517089844 -4.099999904632568
vertex 8.473745346069336 27.887266159057617 -4.099999904632568
vertex 8.678840637207031 30.231517791748047 -4.099999904632568
endloop
endfacet
facet normal -0.7976215814526134 -0.5670725745287368 0.20549576155819446
outer loop
vertex 5.520440578460693 38.909149169921875 -4.099999904632568
vertex 7.158858776092529 37.14818572998047 -2.5999999046325684
vertex 6.354061126708984 38.280181884765625 -2.5999999046325684
endloop
endfacet
facet normal 0 0 1
outer loop
vertex 5.520440578460693 38.909149169921875 -4.099999904632568
vertex 5.662222862243652 37.03950500488281 -4.099999904632568
vertex 6.87018346786499 36.98151779174805 -4.099999904632568
endloop
endfacet
facet normal -0.884884337018964 -0.412627520583777 0.2161440245655502
outer loop
vertex 7.158858776092529 37.14818572998047 -2.5999999046325684
vertex 6.87018346786499 36.98151779174805 -4.099999904632568
vertex 7.760590553283691 35.857765197753906 -2.5999999046325684
endloop
endfacet
facet normal 0 0 1
outer loop
vertex 7.864690780639648 25.614246368408203 -4.099999904632568
vertex 8.473745346069336 27.887266159057617 -4.099999904632568
vertex 8.473745346069336 32.575767517089844 -4.099999904632568
endloop
endfacet
facet normal -0.6903918658198374 -0.6903919647414113 0.2161434862083471
outer loop
vertex 4.370703220367432 41.185951232910156 -0.5
vertex 3.856473207473755 40.573116302490234 -4.099999904632568
vertex 5.520440578460693 38.909149169921875 -4.099999904632568
endloop
endfacet
facet normal -0.560018000886754 -0.7997886217283579 0.2161434691047993
outer loop
vertex 4.370703220367432 41.185951232910156 -0.5
vertex 1.9288405179977417 41.92285919189453 -4.099999904632568
vertex 3.856473207473755 40.573116302490234 -4.099999904632568
endloop
endfacet
facet normal -0.4126280110122062 -0.8848841430392791 0.2161438824620102
outer loop
vertex 2.328840494155884 42.61568069458008 -0.5
vertex -0.20388752222061157 42.91736602783203 -4.099999904632568
vertex 1.9288405179977417 41.92285919189453 -4.099999904632568
endloop
endfacet
facet normal 0 0 1
outer loop
vertex 3.0453455448150635 39.94584274291992 -4.099999904632568
vertex 3.856473207473755 40.573116302490234 -4.099999904632568
vertex 1.9288405179977417 41.92285919189453 -4.099999904632568
endloop
endfacet
facet normal -0.8848841164544022 -0.41262817009586417 0.2161436876016758
outer loop
vertex 8.0724515914917 36.02709197998047 -1
vertex 7.760590553283691 35.857765197753906 -2.5999999046325684
vertex 8.61644458770752 35.122406005859375 -0.5
endloop
endfacet
facet normal -0.9430928712891623 -0.25270101234140496 0.21614355064445614
outer loop
vertex 8.473745346069336 32.575767517089844 -4.099999904632568
vertex 9.261590957641602 32.71468734741211 -0.5
vertex 8.61644458770752 35.122406005859375 -0.5
endloop
endfacet
facet normal 0 0 1
outer loop
vertex 3.0453455448150635 39.94584274291992 -4.099999904632568
vertex 4.468151092529297 38.59564971923828 -4.099999904632568
vertex 3.856473207473755 40.573116302490234 -4.099999904632568
endloop
endfacet
facet normal 0 0 1
outer loop
vertex 1.4288405179977417 41.05683517456055 -4.099999904632568
vertex 1.9288405179977417 41.92285919189453 -4.099999904632568
vertex -0.20388752222061157 42.91736602783203 -4.099999904632568
endloop
endfacet
facet normal 0 0 1
outer loop
vertex -0.20388752222061157 42.91736602783203 -4.099999904632568
vertex -0.34156009554862976 41.90127182006836 -4.099999904632568
vertex 1.4288405179977417 41.05683517456055 -4.099999904632568
endloop
endfacet
facet normal 0 0 1
outer loop
vertex 1.4288405179977417 41.05683517456055 -4.099999904632568
vertex 3.0453455448150635 39.94584274291992 -4.099999904632568
vertex 1.9288405179977417 41.92285919189453 -4.099999904632568
endloop
endfacet
facet normal 0 0 1
outer loop
vertex 7.661709785461426 29.57731819152832 -4.099999904632568
vertex 7.864690780639648 25.614246368408203 -4.099999904632568
vertex 7.864690780639648 34.84878921508789 -4.099999904632568
endloop
endfacet
facet normal -0.25270062417991684 0.9430929918600784 0.21614347837370987
outer loop
vertex -2.4769091606140137 16.936613082885742 -4.099999904632568
vertex -2.3379905223846436 16.148767471313477 -0.5
vertex 0.06972858309745789 16.793912887573242 -0.5
endloop
endfacet
facet normal -0.0850958120847494 0.9726462378367042 0.21614346806633464
outer loop
vertex -2.3379905223846436 16.148767471313477 -0.5
vertex -2.4769091606140137 16.936613082885742 -4.099999904632568
vertex -4.821159362792969 15.931517601013184 -0.5
endloop
endfacet
facet normal 0.08509580033909359 0.9726461969711944 0.2161436565854334
outer loop
vertex -4.821159362792969 15.931517601013184 -0.5
vertex -4.821159362792969 16.731517791748047 -4.099999904632568
vertex -7.304328441619873 16.148767471313477 -0.5
endloop
endfacet
facet normal 0.2527006055200275 0.9430929338937561 0.21614375311231845
outer loop
vertex -9.438431739807129 17.54566764831543 -4.099999904632568
vertex -9.712047576904297 16.793912887573242 -0.5
vertex -7.304328441619873 16.148767471313477 -0.5
endloop
endfacet
facet normal 0.4126284188999769 0.8848839891035504 0.21614373399266745
outer loop
vertex -9.712047576904297 16.793912887573242 -0.5
vertex -9.438431739807129 17.54566764831543 -4.099999904632568
vertex -11.971159934997559 17.847354888916016 -0.5
endloop
endfacet
facet normal -0.2527010606955619 0.9430928058157506 0.21614377979001104
outer loop
vertex 0.06972858309745789 16.793912887573242 -0.5
vertex -0.20388752222061157 17.54566764831543 -4.099999904632568
vertex -2.4769091606140137 16.936613082885742 -4.099999904632568
endloop
endfacet
facet normal -0.08509550719834193 0.9726462214108318 0.2161436620164654
outer loop
vertex -4.821159362792969 15.931517601013184 -0.5
vertex -2.4769091606140137 16.936613082885742 -4.099999904632568
vertex -4.821159362792969 16.731517791748047 -4.099999904632568
endloop
endfacet
facet normal 0.08509549398039955 0.9726462681721658 0.21614345679430394
outer loop
vertex -7.304328441619873 16.148767471313477 -0.5
vertex -4.821159362792969 16.731517791748047 -4.099999904632568
vertex -7.165410041809082 16.936613082885742 -4.099999904632568
endloop
endfacet
facet normal 0.25270107318737123 0.9430928771661897 0.21614345386420822
outer loop
vertex -7.304328441619873 16.148767471313477 -0.5
vertex -7.165410041809082 16.936613082885742 -4.099999904632568
vertex -9.438431739807129 17.54566764831543 -4.099999904632568
endloop
endfacet
facet normal 0.6903917090022608 0.6903920825524417 0.21614361080041247
outer loop
vertex -14.013022422790527 19.277082443237305 -0.5
vertex -15.162759780883789 21.553884506225586 -4.099999904632568
vertex -15.775594711303711 21.039653778076172 -0.5
endloop
endfacet
facet normal 0.9430929905438358 0.2527006707454961 0.2161434296754381
outer loop
vertex -18.258764266967773 25.34062957763672 -0.5
vertex -18.116064071655273 27.887266159057617 -4.099999904632568
vertex -18.90390968322754 27.748348236083984 -0.5
endloop
endfacet
facet normal 0 0 1
outer loop
vertex 6.004158020019531 23.981517791748047 -4.099999904632568
vertex -2.4769091606140137 16.936613082885742 -4.099999904632568
vertex -0.20388752222061157 17.54566764831543 -4.099999904632568
endloop
endfacet
facet normal 0.8848839020632193 0.41262855250170377 0.21614383528039732
outer loop
vertex -17.507009506225586 25.614246368408203 -4.099999904632568
vertex -18.258764266967773 25.34062957763672 -0.5
vertex -17.205322265625 23.081518173217773 -0.5
endloop
endfacet
facet normal 0 0 1
outer loop
vertex 6.004158020019531 23.981517791748047 -4.099999904632568
vertex -0.20388752222061157 17.54566764831543 -4.099999904632568
vertex 1.9288405179977417 18.54017448425293 -4.099999904632568
endloop
endfacet
facet normal 0.799788859519966 0.5600176842378383 0.2161434096349942
outer loop
vertex -16.512502670288086 23.481517791748047 -4.099999904632568
vertex -17.205322265625 23.081518173217773 -0.5
vertex -15.775594711303711 21.039653778076172 -0.5
endloop
endfacet
facet normal -0.9726461983236868 -0.08509578411667706 0.21614365688598736
outer loop
vertex 9.261590957641602 32.71468734741211 -0.5
vertex 8.678840637207031 30.231517791748047 -4.099999904632568
vertex 9.478840827941895 30.231517791748047 -0.5
endloop
endfacet
facet normal 0.6903919223057188 0.6903919223057188 0.21614344133012361
outer loop
vertex -14.013022422790527 19.277082443237305 -0.5
vertex -13.49879264831543 19.889917373657227 -4.099999904632568
vertex -15.162759780883789 21.553884506225586 -4.099999904632568
endloop
endfacet
facet normal 0.7997886843293789 0.5600178715564198 0.21614357255328778
outer loop
vertex -15.775594711303711 21.039653778076172 -0.5
vertex -15.162759780883789 21.553884506225586 -4.099999904632568
vertex -16.512502670288086 23.481517791748047 -4.099999904632568
endloop
endfacet
facet normal 0.9430927438690077 0.25270124951834333 0.2161438293208817
outer loop
vertex -18.116064071655273 27.887266159057617 -4.099999904632568
vertex -18.258764266967773 25.34062957763672 -0.5
vertex -17.507009506225586 25.614246368408203 -4.099999904632568
endloop
endfacet
facet normal 0 0 1
outer loop
vertex 6.004158020019531 23.981517791748047 -4.099999904632568
vertex 1.9288405179977417 18.54017448425293 -4.099999904632568
vertex 3.856473207473755 19.889917373657227 -4.099999904632568
endloop
endfacet
facet normal 0.8848842806498243 0.41262797139334084 0.21614339472364025
outer loop
vertex -17.205322265625 23.081518173217773 -0.5
vertex -16.512502670288086 23.481517791748047 -4.099999904632568
vertex -17.507009506225586 25.614246368408203 -4.099999904632568
endloop
endfacet
facet normal 0 0 1
outer loop
vertex 6.004158020019531 23.981517791748047 -4.099999904632568
vertex 3.856473207473755 19.889917373657227 -4.099999904632568
vertex 5.520440578460693 21.553884506225586 -4.099999904632568
endloop
endfacet
facet normal 0.5600180321212465 0.7997886092492889 0.2161434343535208
outer loop
vertex -13.49879264831543 19.889917373657227 -4.099999904632568
vertex -14.013022422790527 19.277082443237305 -0.5
vertex -11.971159934997559 17.847354888916016 -0.5
endloop
endfacet
facet normal 0.5600178748810783 0.799788689077485 0.2161435463699969
outer loop
vertex -11.971159934997559 17.847354888916016 -0.5
vertex -11.571159362792969 18.54017448425293 -4.099999904632568
vertex -13.49879264831543 19.889917373657227 -4.099999904632568
endloop
endfacet
facet normal 0.41262811291214635 0.8848841884517321 0.21614350201354776
outer loop
vertex -11.971159934997559 17.847354888916016 -0.5
vertex -9.438431739807129 17.54566764831543 -4.099999904632568
vertex -11.571159362792969 18.54017448425293 -4.099999904632568
endloop
endfacet
facet normal 0 0 1
outer loop
vertex -12.687664031982422 20.517192840576172 -4.099999904632568
vertex -11.571159362792969 18.54017448425293 -4.099999904632568
vertex 6.004158020019531 23.981517791748047 -4.099999904632568
endloop
endfacet
facet normal 0 0 1
outer loop
vertex 6.004158020019531 23.981517791748047 -4.099999904632568
vertex 5.520440578460693 21.553884506225586 -4.099999904632568
vertex 6.87018346786499 23.481517791748047 -4.099999904632568
endloop
endfacet
facet normal 0 0 1
outer loop
vertex 6.848596096038818 25.75191879272461 -4.099999904632568
vertex 6.004158020019531 23.981517791748047 -4.099999904632568
vertex 6.87018346786499 23.481517791748047 -4.099999904632568
endloop
endfacet
facet normal 0 0 1
outer loop
vertex 6.004158020019531 23.981517791748047 -4.099999904632568
vertex -4.821159362792969 16.731517791748047 -4.099999904632568
vertex -2.4769091606140137 16.936613082885742 -4.099999904632568
endloop
endfacet
facet normal 0 0 1
outer loop
vertex 6.004158020019531 23.981517791748047 -4.099999904632568
vertex -7.165410041809082 16.936613082885742 -4.099999904632568
vertex -4.821159362792969 16.731517791748047 -4.099999904632568
endloop
endfacet
facet normal 0 0 1
outer loop
vertex 6.848596096038818 25.75191879272461 -4.099999904632568
vertex 6.87018346786499 23.481517791748047 -4.099999904632568
vertex 7.864690780639648 25.614246368408203 -4.099999904632568
endloop
endfacet
facet normal 0 0 1
outer loop
vertex 6.004158020019531 23.981517791748047 -4.099999904632568
vertex -9.438431739807129 17.54566764831543 -4.099999904632568
vertex -7.165410041809082 16.936613082885742 -4.099999904632568
endloop
endfacet
facet normal 0 0 1
outer loop
vertex 7.4056854248046875 27.63262176513672 -4.099999904632568
vertex 6.848596096038818 25.75191879272461 -4.099999904632568
vertex 7.864690780639648 25.614246368408203 -4.099999904632568
endloop
endfacet
facet normal 0 0 1
outer loop
vertex -11.571159362792969 18.54017448425293 -4.099999904632568
vertex -9.438431739807129 17.54566764831543 -4.099999904632568
vertex 6.004158020019531 23.981517791748047 -4.099999904632568
endloop
endfacet
facet normal 0 0 1
outer loop
vertex 7.4056854248046875 27.63262176513672 -4.099999904632568
vertex 7.864690780639648 25.614246368408203 -4.099999904632568
vertex 7.661709785461426 29.57731819152832 -4.099999904632568
endloop
endfacet
facet normal -0.9726462436186706 0.08509578807948716 0.21614345149835304
outer loop
vertex 9.478840827941895 30.231517791748047 -0.5
vertex 8.473745346069336 27.887266159057617 -4.099999904632568
vertex 9.261590957641602 27.748348236083984 -0.5
endloop
endfacet
facet normal -0.8848840667610458 -0.41262831359372354 0.21614361710037286
outer loop
vertex 7.864690780639648 34.84878921508789 -4.099999904632568
vertex 8.61644458770752 35.122406005859375 -0.5
vertex 7.760590553283691 35.857765197753906 -2.5999999046325684
endloop
endfacet
facet normal -0.9430928486167751 -0.2527010655375757 0.2161435873767025
outer loop
vertex 8.61644458770752 35.122406005859375 -0.5
vertex 7.864690780639648 34.84878921508789 -4.099999904632568
vertex 8.473745346069336 32.575767517089844 -4.099999904632568
endloop
endfacet
facet normal -0.9726462579173247 -0.08509552770128115 0.21614348966523483
outer loop
vertex 8.678840637207031 30.231517791748047 -4.099999904632568
vertex 9.261590957641602 32.71468734741211 -0.5
vertex 8.473745346069336 32.575767517089844 -4.099999904632568
endloop
endfacet
facet normal 0 0 1
outer loop
vertex -15.30454158782959 23.42352867126465 -4.099999904632568
vertex -15.162759780883789 21.553884506225586 -4.099999904632568
vertex -14.110469818115234 21.86738395690918 -4.099999904632568
endloop
endfacet
facet normal 0 0 1
outer loop
vertex -15.30454158782959 23.42352867126465 -4.099999904632568
vertex -16.512502670288086 23.481517791748047 -4.099999904632568
vertex -15.162759780883789 21.553884506225586 -4.099999904632568
endloop
endfacet
facet normal 0 0 1
outer loop
vertex -13.49879264831543 19.889917373657227 -4.099999904632568
vertex -14.110469818115234 21.86738395690918 -4.099999904632568
vertex -15.162759780883789 21.553884506225586 -4.099999904632568
endloop
endfacet
facet normal 0 0 1
outer loop
vertex -13.49879264831543 19.889917373657227 -4.099999904632568
vertex -12.687664031982422 20.517192840576172 -4.099999904632568
vertex -14.110469818115234 21.86738395690918 -4.099999904632568
endloop
endfacet
facet normal 0 0 1
outer loop
vertex -17.00040054321289 27.563720703125 -4.099999904632568
vertex -17.507009506225586 25.614246368408203 -4.099999904632568
vertex -16.895233154296875 26.996278762817383 -4.099999904632568
endloop
endfacet
facet normal 0 0 1
outer loop
vertex -18.116064071655273 27.887266159057617 -4.099999904632568
vertex -17.00040054321289 27.563720703125 -4.099999904632568
vertex -18.14560317993164 28.224905014038086 -4.099999904632568
endloop
endfacet
facet normal 0 0 1
outer loop
vertex -17.507009506225586 25.614246368408203 -4.099999904632568
vertex -17.00040054321289 27.563720703125 -4.099999904632568
vertex -18.116064071655273 27.887266159057617 -4.099999904632568
endloop
endfacet
facet normal 0 0 1
outer loop
vertex -16.895233154296875 26.996278762817383 -4.099999904632568
vertex -16.512502670288086 23.481517791748047 -4.099999904632568
vertex -16.240478515625 25.147310256958008 -4.099999904632568
endloop
endfacet
facet normal 0 0 1
outer loop
vertex -16.512502670288086 23.481517791748047 -4.099999904632568
vertex -16.895233154296875 26.996278762817383 -4.099999904632568
vertex -17.507009506225586 25.614246368408203 -4.099999904632568
endloop
endfacet
facet normal 0 0 1
outer loop
vertex -16.512502670288086 23.481517791748047 -4.099999904632568
vertex -15.30454158782959 23.42352867126465 -4.099999904632568
vertex -16.240478515625 25.147310256958008 -4.099999904632568
endloop
endfacet
facet normal 0 0 1
outer loop
vertex -13.49879264831543 19.889917373657227 -4.099999904632568
vertex -11.571159362792969 18.54017448425293 -4.099999904632568
vertex -12.687664031982422 20.517192840576172 -4.099999904632568
endloop
endfacet
facet normal 0 0 1
outer loop
vertex 4.468151092529297 38.59564971923828 -4.099999904632568
vertex 5.520440578460693 38.909149169921875 -4.099999904632568
vertex 3.856473207473755 40.573116302490234 -4.099999904632568
endloop
endfacet
facet normal -0.4126280214098449 0.8848841653371003 0.21614377132607812
outer loop
vertex 0.06972858309745789 16.793912887573242 -0.5
vertex 1.9288405179977417 18.54017448425293 -4.099999904632568
vertex -0.20388752222061157 17.54566764831543 -4.099999904632568
endloop
endfacet
facet normal -0.560018000886754 0.7997886217283579 0.2161434691047993
outer loop
vertex 1.9288405179977417 18.54017448425293 -4.099999904632568
vertex 4.370703220367432 19.277082443237305 -0.5
vertex 3.856473207473755 19.889917373657227 -4.099999904632568
endloop
endfacet
facet normal -0.41262851301195086 0.8848840158256707 0.21614344492901105
outer loop
vertex 1.9288405179977417 18.54017448425293 -4.099999904632568
vertex 0.06972858309745789 16.793912887573242 -0.5
vertex 2.328840494155884 17.847354888916016 -0.5
endloop
endfacet
facet normal -0.5600179855271383 0.7997886360935158 0.21614345574594568
outer loop
vertex 4.370703220367432 19.277082443237305 -0.5
vertex 1.9288405179977417 18.54017448425293 -4.099999904632568
vertex 2.328840494155884 17.847354888916016 -0.5
endloop
endfacet
facet normal 0 0 1
outer loop
vertex 4.468151092529297 38.59564971923828 -4.099999904632568
vertex 5.662222862243652 37.03950500488281 -4.099999904632568
vertex 5.520440578460693 38.909149169921875 -4.099999904632568
endloop
endfacet
facet normal -0.6903916341750245 0.6903921945002353 0.21614349223210222
outer loop
vertex 3.856473207473755 19.889917373657227 -4.099999904632568
vertex 4.370703220367432 19.277082443237305 -0.5
vertex 6.133275985717773 21.039653778076172 -0.5
endloop
endfacet
facet normal -0.6903918321094752 0.6903919310310442 0.2161437015592821
outer loop
vertex 6.133275985717773 21.039653778076172 -0.5
vertex 5.520440578460693 21.553884506225586 -4.099999904632568
vertex 3.856473207473755 19.889917373657227 -4.099999904632568
endloop
endfacet
facet normal -0.7997886780972533 0.56001786719264 0.21614360692015536
outer loop
vertex 7.563004016876221 23.081518173217773 -0.5
vertex 6.87018346786499 23.481517791748047 -4.099999904632568
vertex 5.520440578460693 21.553884506225586 -4.099999904632568
endloop
endfacet
facet normal -0.8848841594354404 0.41262811271329963 0.21614362118483743
outer loop
vertex 8.61644458770752 25.34062957763672 -0.5
vertex 7.864690780639648 25.614246368408203 -4.099999904632568
vertex 6.87018346786499 23.481517791748047 -4.099999904632568
endloop
endfacet
facet normal -0.9430928317857679 0.25270127307559714 0.21614341817477098
outer loop
vertex 7.864690780639648 25.614246368408203 -4.099999904632568
vertex 9.261590957641602 27.748348236083984 -0.5
vertex 8.473745346069336 27.887266159057617 -4.099999904632568
endloop
endfacet
facet normal -0.7997887242456045 0.5600177762926783 0.2161436716764839
outer loop
vertex 5.520440578460693 21.553884506225586 -4.099999904632568
vertex 6.133275985717773 21.039653778076172 -0.5
vertex 7.563004016876221 23.081518173217773 -0.5
endloop
endfacet
facet normal -0.8848841595744763 0.41262811225614165 0.2161436214883654
outer loop
vertex 6.87018346786499 23.481517791748047 -4.099999904632568
vertex 7.563004016876221 23.081518173217773 -0.5
vertex 8.61644458770752 25.34062957763672 -0.5
endloop
endfacet
facet normal -0.9430928636606168 0.2527010102973421 0.21614358631964964
outer loop
vertex 9.261590957641602 27.748348236083984 -0.5
vertex 7.864690780639648 25.614246368408203 -4.099999904632568
vertex 8.61644458770752 25.34062957763672 -0.5
endloop
endfacet
facet normal -0.9726462257087204 0.08509545564729636 0.21614366297155202
outer loop
vertex 8.473745346069336 27.887266159057617 -4.099999904632568
vertex 9.478840827941895 30.231517791748047 -0.5
vertex 8.678840637207031 30.231517791748047 -4.099999904632568
endloop
endfacet
facet normal -0.799788320602728 -0.5600181709974164 0.2161441425997397
outer loop
vertex 5.520440578460693 38.909149169921875 -4.099999904632568
vertex 6.87018346786499 36.98151779174805 -4.099999904632568
vertex 7.158858776092529 37.14818572998047 -2.5999999046325684
endloop
endfacet
facet normal 0 -0.7071040837933877 0.7071094785694176
outer loop
vertex -49.15620422363281 -63.948482513427734 -0.5
vertex -59.356414794921875 -63.948482513427734 -0.5
vertex 4.103954315185547 -64.448486328125 -1
endloop
endfacet
facet normal 0 -0.7071040837933877 0.7071094785694176
outer loop
vertex 4.103954315185547 -64.448486328125 -1
vertex -59.356414794921875 -63.948482513427734 -0.5
vertex -67.3262710571289 -64.448486328125 -1
endloop
endfacet
facet normal 0 -0.7071040837933877 0.7071094785694176
outer loop
vertex 4.103954315185547 -64.448486328125 -1
vertex 4.103954315185547 -63.948482513427734 -0.5
vertex -49.15620422363281 -63.948482513427734 -0.5
endloop
endfacet
facet normal 0 -0.7071040837933877 0.7071094785694176
outer loop
vertex -67.3262710571289 -63.948482513427734 -0.5
vertex -67.3262710571289 -64.448486328125 -1
vertex -59.356414794921875 -63.948482513427734 -0.5
endloop
endfacet
facet normal 0 -0.7071040837933877 0.7071094785694176
outer loop
vertex -76.3262710571289 -64.448486328125 -1
vertex -80.72681427001953 -63.948482513427734 -0.5
vertex -80.8262710571289 -64.448486328125 -1
endloop
endfacet
facet normal 0 -0.7071040837933877 0.7071094785694177
outer loop
vertex -80.72681427001953 -63.948482513427734 -0.5
vertex -76.3262710571289 -64.448486328125 -1
vertex -76.3262710571289 -63.948482513427734 -0.5
endloop
endfacet
facet normal 0 -0.7071040837933877 0.7071094785694177
outer loop
vertex 17.504497528076172 -63.948482513427734 -0.5
vertex 13.103954315185547 -63.948482513427734 -0.5
vertex 13.103954315185547 -64.448486328125 -1
endloop
endfacet
facet normal 0 -0.7071040837933877 0.7071094785694176
outer loop
vertex 13.103954315185547 -64.448486328125 -1
vertex 17.603954315185547 -64.448486328125 -1
vertex 17.504497528076172 -63.948482513427734 -0.5
endloop
endfacet
facet normal 0.2705986657740153 -0.6532785358978835 0.7071092678055071
outer loop
vertex 17.504497528076172 -63.948482513427734 -0.5
vertex 17.603954315185547 -64.448486328125 -1
vertex 18.706581115722656 -63.99176025390625 -1
endloop
endfacet
facet normal 0.2705982438044428 -0.653279699726235 0.7071083540558345
outer loop
vertex 18.706581115722656 -63.99176025390625 -1
vertex 18.42335319519043 -63.56787872314453 -0.5
vertex 17.504497528076172 -63.948482513427734 -0.5
endloop
endfacet
facet normal 0.5000000288009815 -0.5000008635701658 0.7071061501840484
outer loop
vertex 21.132118225097656 -61.56622314453125 -1
vertex 20.70823860168457 -61.282997131347656 -0.5
vertex 18.42335319519043 -63.56787872314453 -0.5
endloop
endfacet
facet normal 0.4999990559753674 -0.4999990559753674 0.7071081162364654
outer loop
vertex 18.706581115722656 -63.99176025390625 -1
vertex 21.132118225097656 -61.56622314453125 -1
vertex 18.42335319519043 -63.56787872314453 -0.5
endloop
endfacet
facet normal 0.6532810304588945 -0.2705979512516994 0.7071072365779805
outer loop
vertex 20.736984252929688 -61.21359634399414 -0.5
vertex 21.132118225097656 -61.56622314453125 -1
vertex 21.278181076049805 -61.21359634399414 -1
endloop
endfacet
facet normal 0.6532862602789243 -0.2705897111159146 0.7071055581516691
outer loop
vertex 20.70823860168457 -61.282997131347656 -0.5
vertex 21.132118225097656 -61.56622314453125 -1
vertex 20.736984252929688 -61.21359634399414 -0.5
endloop
endfacet
facet normal 0.31143168525196063 -0.634831385294717 0.7071063694140467
outer loop
vertex 22.58884048461914 -5.064603805541992 -1
vertex 24.946256637573242 -3.9081170558929443 -1
vertex 22.58884048461914 -4.805178165435791 -0.7670908570289612
endloop
endfacet
facet normal 0.31124417887272315 -0.6353976201446598 0.7066802144056016
outer loop
vertex 22.58884048461914 -4.805178165435791 -0.7670908570289612
vertex 24.726835250854492 -3.4608447551727295 -0.5
vertex 21.982410430908203 -4.805178165435791 -0.5
endloop
endfacet
facet normal 0.3117812956013674 -0.6360823155889859 0.705826969949496
outer loop
vertex 24.946256637573242 -3.9081170558929443 -1
vertex 24.726835250854492 -3.4608447551727295 -0.5
vertex 22.58884048461914 -4.805178165435791 -0.7670908570289612
endloop
endfacet
facet normal 0.299403043413666 -0.6420775771430479 0.705757892286546
outer loop
vertex 24.726835250854492 -3.4608447551727295 -0.5
vertex 24.946256637573242 -3.9081170558929443 -1
vertex 24.775245666503906 -3.4382708072662354 -0.5
endloop
endfacet
facet normal 0.18335954516184885 -0.6843138768967212 0.705757603632167
outer loop
vertex 24.775245666503906 -3.4382708072662354 -0.5
vertex 24.946256637573242 -3.9081170558929443 -1
vertex 24.859432220458984 -3.415713310241699 -0.5
endloop
endfacet
facet normal 0.06174661245572647 -0.7057575206295157 0.7057575206295157
outer loop
vertex 24.859432220458984 -3.415713310241699 -0.5
vertex 24.946256637573242 -3.9081170558929443 -1
vertex 24.946256637573242 -3.4081170558929443 -0.5
endloop
endfacet
facet normal -0.2994033554012236 -0.6420780654318036 0.7057573157012553
outer loop
vertex 25.117265701293945 -3.4382708072662354 -0.5
vertex 24.946256637573242 -3.9081170558929443 -1
vertex 25.196256637573242 -3.475104570388794 -0.5
endloop
endfacet
facet normal -0.394512757502476 -0.5877928639221444 0.7062996766882992
outer loop
vertex 25.196256637573242 -3.475104570388794 -0.5
vertex 24.946256637573242 -3.9081170558929443 -1
vertex 25.252277374267578 -3.512704372406006 -0.5
endloop
endfacet
facet normal -0.061747963755965196 -0.7057574615163456 0.7057574615163456
outer loop
vertex 24.946256637573242 -3.4081170558929443 -0.5
vertex 24.946256637573242 -3.9081170558929443 -1
vertex 25.033079147338867 -3.415713310241699 -0.5
endloop
endfacet
facet normal -0.1833596356773158 -0.6843142147083691 0.705757252568013
outer loop
vertex 25.033079147338867 -3.415713310241699 -0.5
vertex 24.946256637573242 -3.9081170558929443 -1
vertex 25.117265701293945 -3.4382708072662354 -0.5
endloop
endfacet
facet normal -0.43277863511633546 -0.5591984367358966 0.7071066124276955
outer loop
vertex 26.21001434326172 -4.886174201965332 -1
vertex 26.44646644592285 -4.436920642852783 -0.5
vertex 25.814586639404297 -3.9478919506073 -0.5
endloop
endfacet
facet normal -0.43277921276707143 -0.5591984754597358 0.707106228257269
outer loop
vertex 24.946256637573242 -3.9081170558929443 -1
vertex 26.21001434326172 -4.886174201965332 -1
vertex 25.814586639404297 -3.9478919506073 -0.5
endloop
endfacet
facet normal -0.43277944743024527 -0.5591977005791587 0.707106697429004
outer loop
vertex 25.252277374267578 -3.512704372406006 -0.5
vertex 24.946256637573242 -3.9081170558929443 -1
vertex 25.814586639404297 -3.9478919506073 -0.5
endloop
endfacet
facet normal -0.2159289348611723 -0.6733312299140893 0.707106604347675
outer loop
vertex 26.21001434326172 -4.886174201965332 -1
vertex 29.40616226196289 -5.911139011383057 -1
vertex 26.44646644592285 -4.436920642852783 -0.5
endloop
endfacet
facet normal -0.21592852033861895 -0.6733306333143404 0.7071072990323914
outer loop
vertex 29.40616226196289 -5.911139011383057 -1
vertex 29.458335876464844 -5.4027886390686035 -0.5
vertex 26.44646644592285 -4.436920642852783 -0.5
endloop
endfacet
facet normal 0.07465953631283978 -0.7031541932069528 0.7071068760894854
outer loop
vertex 29.458335876464844 -5.4027886390686035 -0.5
vertex 29.40616226196289 -5.911139011383057 -1
vertex 30.665735244750977 -5.777400016784668 -1
endloop
endfacet
facet normal 0.07465940355078582 -0.7031543851115746 0.7071066992751548
outer loop
vertex 30.665735244750977 -5.777400016784668 -1
vertex 30.507978439331055 -5.291339874267578 -0.5
vertex 29.458335876464844 -5.4027886390686035 -0.5
endloop
endfacet
facet normal 0.35250573710595223 -0.6129754693893372 0.7071073321881983
outer loop
vertex 83.1954574584961 24.431032180786133 -1
vertex 82.86524200439453 24.817916870117188 -0.5
vertex 30.507978439331055 -5.291339874267578 -0.5
endloop
endfacet
facet normal 0.35250599961302787 -0.6129759438439157 0.7071067900292577
outer loop
vertex 30.507978439331055 -5.291339874267578 -0.5
vertex 30.665735244750977 -5.777400016784668 -1
vertex 83.1954574584961 24.431032180786133 -1
endloop
endfacet
facet normal 0.5499986586688469 -0.44441048909337255 0.7071073416718701
outer loop
vertex 82.86524200439453 24.817916870117188 -0.5
vertex 83.1954574584961 24.431032180786133 -1
vertex 83.89977264404297 25.30268669128418 -1
endloop
endfacet
facet normal 0.5499986070754962 -0.44441005842279985 0.7071076524742591
outer loop
vertex 83.89977264404297 25.30268669128418 -1
vertex 83.4521713256836 25.544296264648438 -0.5
vertex 82.86524200439453 24.817916870117188 -0.5
endloop
endfacet
facet normal 0.6733317189924112 -0.21592489312555085 0.7071073728419496
outer loop
vertex 84.93414306640625 28.528226852416992 -1
vertex 83.4521713256836 25.544296264648438 -0.5
vertex 83.89977264404297 25.30268669128418 -1
endloop
endfacet
facet normal 0.673333440181464 -0.21592608349919948 0.7071053703643408
outer loop
vertex 84.93414306640625 28.528226852416992 -1
vertex 84.42586517333984 28.580615997314453 -0.5
vertex 83.4521713256836 25.544296264648438 -0.5
endloop
endfacet
facet normal 0.7032209949022258 0.07404044872919527 0.707105539704437
outer loop
vertex 84.42586517333984 28.580615997314453 -0.5
vertex 84.93414306640625 28.528226852416992 -1
vertex 84.80180358886719 29.785160064697266 -1
endloop
endfacet
facet normal 0.703220910637682 0.0740405072693864 0.7071056173763587
outer loop
vertex 84.80180358886719 29.785160064697266 -1
vertex 84.31558227539062 29.62805938720703 -0.5
vertex 84.42586517333984 28.580615997314453 -0.5
endloop
endfacet
facet normal 0.6135942730257524 0.3514230554760351 0.7071095418603018
outer loop
vertex 84.80180358886719 29.785160064697266 -1
vertex 78.77002716064453 40.31680679321289 -1
vertex 78.33614349365234 40.06831359863281 -0.5
endloop
endfacet
facet normal 0.6135970733024756 0.3514249808640315 0.7071061550144726
outer loop
vertex 84.31558227539062 29.62805938720703 -0.5
vertex 84.80180358886719 29.785160064697266 -1
vertex 78.33614349365234 40.06831359863281 -0.5
endloop
endfacet
facet normal 0.4448750097891429 0.5496226146905497 0.7071076347246107
outer loop
vertex 68.08122253417969 58.16184616088867 -1
vertex 67.83941650390625 57.71430206298828 -0.5
vertex 68.32916259765625 57.961158752441406 -1
endloop
endfacet
facet normal 0.21587959029638815 0.6733468533548773 0.7071067936108018
outer loop
vertex 64.80081176757812 58.688499450683594 -0.5
vertex 67.83941650390625 57.71430206298828 -0.5
vertex 68.08122253417969 58.16184616088867 -1
endloop
endfacet
facet normal 0.21587962384245654 0.6733491327970424 0.7071046127491395
outer loop
vertex 64.85304260253906 59.19681930541992 -1
vertex 64.80081176757812 58.688499450683594 -0.5
vertex 68.08122253417969 58.16184616088867 -1
endloop
endfacet
facet normal -0.0744424176672947 0.703175562189808 0.7071085172665477
outer loop
vertex 63.59463119506836 59.063602447509766 -1
vertex 63.75213623046875 58.57748031616211 -0.5
vertex 64.80081176757812 58.688499450683594 -0.5
endloop
endfacet
facet normal -0.07443941995342941 0.7031798880744821 0.7071045310027053
outer loop
vertex 64.80081176757812 58.688499450683594 -0.5
vertex 64.85304260253906 59.19681930541992 -1
vertex 63.59463119506836 59.063602447509766 -1
endloop
endfacet
facet normal -0.35207882722688294 0.613220001162414 0.7071080041923664
outer loop
vertex 63.75213623046875 58.57748031616211 -0.5
vertex 63.59463119506836 59.063602447509766 -1
vertex 27.599163055419922 38.396888732910156 -1
endloop
endfacet
facet normal -0.35207966894672277 0.6132215528036506 0.7071062394657861
outer loop
vertex 27.599163055419922 38.396888732910156 -1
vertex 27.928373336791992 38.00935363769531 -0.5
vertex 63.75213623046875 58.57748031616211 -0.5
endloop
endfacet
facet normal -0.5482254573382922 0.4465968736370393 0.7071068380265054
outer loop
vertex 27.928373336791992 38.00935363769531 -0.5
vertex 27.599163055419922 38.396888732910156 -1
vertex 26.89781951904297 37.535945892333984 -1
endloop
endfacet
facet normal -0.5482254683436935 0.4465969726621452 0.7071067669513177
outer loop
vertex 26.89781951904297 37.535945892333984 -1
vertex 27.34391975402832 37.291900634765625 -0.5
vertex 27.928373336791992 38.00935363769531 -0.5
endloop
endfacet
facet normal -0.6717463252425233 0.2208087493941953 0.7071070433209795
outer loop
vertex 27.34391975402832 37.291900634765625 -0.5
vertex 26.89781951904297 37.535945892333984 -1
vertex 25.910995483398438 34.53382110595703 -1
endloop
endfacet
facet normal -0.6717472094947944 0.22080939778773456 0.7071060008121661
outer loop
vertex 25.910995483398438 34.53382110595703 -1
vertex 26.408546447753906 34.44630432128906 -0.5
vertex 27.34391975402832 37.291900634765625 -0.5
endloop
endfacet
facet normal -0.7067279229724573 0.02212723140998468 0.707139327516979
outer loop
vertex 26.408546447753906 34.44630432128906 -0.5
vertex 25.910995483398438 34.53382110595703 -1
vertex 26.3560848236084 32.77071762084961 -0.5
endloop
endfacet
facet normal -0.7075547264364924 0.021687761530564627 0.70632566858155
outer loop
vertex 26.3560848236084 32.77071762084961 -0.5
vertex 25.910995483398438 34.53382110595703 -1
vertex 25.857421875 32.78600311279297 -1
endloop
endfacet
facet normal -0.7057579575524315 0.06173594589766258 0.7057580168411416
outer loop
vertex 25.857421875 32.78600311279297 -1
vertex 26.34982681274414 32.69917678833008 -0.5
vertex 26.3560848236084 32.77071762084961 -0.5
endloop
endfacet
facet normal -0.6843097945151814 0.18337257430965764 0.7057581768011189
outer loop
vertex 25.857421875 32.78600311279297 -1
vertex 26.327268600463867 32.614994049072266 -0.5
vertex 26.34982681274414 32.69917678833008 -0.5
endloop
endfacet
facet normal -0.6382212250696621 0.30861918740452593 0.7052856620096214
outer loop
vertex 26.327268600463867 32.614994049072266 -0.5
vertex 25.857421875 32.78600311279297 -1
vertex 26.286029815673828 32.52971267700195 -0.5
endloop
endfacet
facet normal -0.6072556671839059 0.36311395812548924 0.7066744710879754
outer loop
vertex 26.286029815673828 32.52971267700195 -0.5
vertex 25.857421875 32.78600311279297 -1
vertex 25.057573318481445 31.44837188720703 -1
endloop
endfacet
facet normal -0.6072556671839059 0.36311395812548924 0.7066744710879754
outer loop
vertex 25.057573318481445 31.44837188720703 -1
vertex 25.486181259155273 31.192081451416016 -0.5
vertex 26.286029815673828 32.52971267700195 -0.5
endloop
endfacet
facet normal -0.5803325457755996 0.4063500965059276 0.7057575613362105
outer loop
vertex 25.057573318481445 31.44837188720703 -1
vertex 25.440595626831055 31.126977920532227 -0.5
vertex 25.486181259155273 31.192081451416016 -0.5
endloop
endfacet
facet normal -0.5009521406968298 0.5009521406968298 0.7057576818303342
outer loop
vertex 25.057573318481445 31.44837188720703 -1
vertex 25.37896728515625 31.065349578857422 -0.5
vertex 25.440595626831055 31.126977920532227 -0.5
endloop
endfacet
facet normal -0.4063474066433408 0.5803346094115338 0.7057574131621956
outer loop
vertex 25.057573318481445 31.44837188720703 -1
vertex 25.307573318481445 31.01535987854004 -0.5
vertex 25.37896728515625 31.065349578857422 -0.5
endloop
endfacet
facet normal -0.35355494440070045 0.6123720287874649 0.7071063566738329
outer loop
vertex 25.307573318481445 31.01535987854004 -0.5
vertex 25.057573318481445 31.44837188720703 -1
vertex 13.424872398376465 24.732194900512695 -1
endloop
endfacet
facet normal -0.35355479755080776 0.6123717242336965 0.7071066938502683
outer loop
vertex 13.424872398376465 24.732194900512695 -1
vertex 13.674873352050781 24.299182891845703 -0.5
vertex 25.307573318481445 31.01535987854004 -0.5
endloop
endfacet
facet normal 0.3304483825884684 0.6287781846069594 0.7038763108721884
outer loop
vertex 13.253862380981445 24.26235008239746 -0.5
vertex 13.424872398376465 24.732194900512695 -1
vertex 13.148078918457031 24.317943572998047 -0.5
endloop
endfacet
facet normal 0.1833652049592552 0.6843133014705002 0.7057566911059325
outer loop
vertex 13.424872398376465 24.732194900512695 -1
vertex 13.253862380981445 24.26235008239746 -0.5
vertex 13.338048934936523 24.239791870117188 -0.5
endloop
endfacet
facet normal 0.061753079991004885 0.7057572376928289 0.7057572376928289
outer loop
vertex 13.424872398376465 24.732194900512695 -1
vertex 13.338048934936523 24.239791870117188 -0.5
vertex 13.424872398376465 24.232194900512695 -0.5
endloop
endfacet
facet normal -0.06175240428537438 0.7057572672544633 0.7057572672544633
outer loop
vertex 13.424872398376465 24.732194900512695 -1
vertex 13.424872398376465 24.232194900512695 -0.5
vertex 13.511696815490723 24.239791870117188 -0.5
endloop
endfacet
facet normal -0.2993971260598909 0.642081330777501 0.7057569876197267
outer loop
vertex 13.674873352050781 24.299182891845703 -0.5
vertex 13.424872398376465 24.732194900512695 -1
vertex 13.595882415771484 24.26235008239746 -0.5
endloop
endfacet
facet normal -0.18336712038040762 0.6843126977078077 0.7057567788687968
outer loop
vertex 13.424872398376465 24.732194900512695 -1
vertex 13.511696815490723 24.239791870117188 -0.5
vertex 13.595882415771484 24.26235008239746 -0.5
endloop
endfacet
facet normal 0.3935486344583688 0.58898815567531 0.7058416428563492
outer loop
vertex 10.322620391845703 26.805049896240234 -1
vertex 10.04582691192627 26.390798568725586 -0.5
vertex 13.148078918457031 24.317943572998047 -0.5
endloop
endfacet
facet normal 0.3935486344583688 0.58898815567531 0.7058416428563492
outer loop
vertex 13.148078918457031 24.317943572998047 -0.5
vertex 13.424872398376465 24.732194900512695 -1
vertex 10.322620391845703 26.805049896240234 -1
endloop
endfacet
facet normal 0.7057576050826256 0.061744681844457645 0.7057576050826256
outer loop
vertex 10.322620391845703 26.805049896240234 -1
vertex 9.822620391845703 26.805049896240234 -0.5
vertex 9.830216407775879 26.718225479125977 -0.5
endloop
endfacet
facet normal 0.6843125021910333 0.18336499078828564 0.7057575217440186
outer loop
vertex 9.852774620056152 26.6340389251709 -0.5
vertex 10.322620391845703 26.805049896240234 -1
vertex 9.830216407775879 26.718225479125977 -0.5
endloop
endfacet
facet normal 0.7057575799838478 -0.0617452556127608 0.7057575799838478
outer loop
vertex 9.822620391845703 26.805049896240234 -0.5
vertex 10.322620391845703 26.805049896240234 -1
vertex 9.828313827514648 26.870126724243164 -0.5
endloop
endfacet
facet normal 0.40634723907052733 0.5803347379713966 0.705757403931004
outer loop
vertex 10.04582691192627 26.390798568725586 -0.5
vertex 10.322620391845703 26.805049896240234 -1
vertex 10.001226425170898 26.422027587890625 -0.5
endloop
endfacet
facet normal 0.5009521406968298 0.5009521406968298 0.7057576818303342
outer loop
vertex 10.001226425170898 26.422027587890625 -0.5
vertex 10.322620391845703 26.805049896240234 -1
vertex 9.939598083496094 26.48365592956543 -0.5
endloop
endfacet
facet normal 0.580330740469097 0.40635244963599154 0.7057576909544935
outer loop
vertex 10.322620391845703 26.805049896240234 -1
vertex 9.889607429504395 26.555049896240234 -0.5
vertex 9.939598083496094 26.48365592956543 -0.5
endloop
endfacet
facet normal 0.6420780067569294 0.2994028056041113 0.7057576023220972
outer loop
vertex 9.889607429504395 26.555049896240234 -0.5
vertex 10.322620391845703 26.805049896240234 -1
vertex 9.852774620056152 26.6340389251709 -0.5
endloop
endfacet
facet normal 0.7011024610913753 -0.09189450616067886 0.707114374616371
outer loop
vertex 10.651429176330566 29.302600860595703 -1
vertex 10.153142929077148 29.348386764526367 -0.5
vertex 9.828313827514648 26.870126724243164 -0.5
endloop
endfacet
facet normal 0.7020592562772942 -0.09242784391086764 0.7060948196562278
outer loop
vertex 9.828313827514648 26.870126724243164 -0.5
vertex 10.322620391845703 26.805049896240234 -1
vertex 10.651429176330566 29.302600860595703 -1
endloop
endfacet
facet normal 0.7061380876435749 -0.03700744109670501 0.7071063926189247
outer loop
vertex 10.663766860961914 29.53801918029785 -1
vertex 10.163424491882324 29.54456901550293 -0.5
vertex 10.153142929077148 29.348386764526367 -0.5
endloop
endfacet
facet normal 0.7061380040411154 -0.037006924571932845 0.7071065031397723
outer loop
vertex 10.153142929077148 29.348386764526367 -0.5
vertex 10.651429176330566 29.302600860595703 -1
vertex 10.663766860961914 29.53801918029785 -1
endloop
endfacet
facet normal 0.706864557141476 0.018509922938441392 0.7071066967650623
outer loop
vertex 10.606250762939453 31.73448371887207 -1
vertex 10.10693645477295 31.701757431030273 -0.5
vertex 10.163424491882324 29.54456901550293 -0.5
endloop
endfacet
facet normal 0.7068648561156022 0.01850979500874102 0.7071064012419936
outer loop
vertex 10.163424491882324 29.54456901550293 -0.5
vertex 10.663766860961914 29.53801918029785 -1
vertex 10.606250762939453 31.73448371887207 -1
endloop
endfacet
facet normal 0.7032336258178663 0.07391257825245186 0.7071063557168273
outer loop
vertex 10.10693645477295 31.701757431030273 -0.5
vertex 10.581608772277832 31.96893310546875 -1
vertex 10.08640193939209 31.897130966186523 -0.5
endloop
endfacet
facet normal 0.7032331951737167 0.07391388853673422 0.7071066470392882
outer loop
vertex 10.581608772277832 31.96893310546875 -1
vertex 10.10693645477295 31.701757431030273 -0.5
vertex 10.606250762939453 31.73448371887207 -1
endloop
endfacet
facet normal 0.6952658759918646 0.1288599764968566 0.7071071122103743
outer loop
vertex 10.181198120117188 34.12936019897461 -1
vertex 9.693150520324707 34.018924713134766 -0.5
vertex 10.08640193939209 31.897130966186523 -0.5
endloop
endfacet
facet normal 0.6952673499955228 0.12885960445109612 0.7071057306873636
outer loop
vertex 10.08640193939209 31.897130966186523 -0.5
vertex 10.388812065124512 33.00917053222656 -1
vertex 10.181198120117188 34.12936019897461 -1
endloop
endfacet
facet normal 0.6952665853962089 0.12886010905790082 0.7071063905276787
outer loop
vertex 10.08640193939209 31.897130966186523 -0.5
vertex 10.581608772277832 31.96893310546875 -1
vertex 10.388812065124512 33.00917053222656 -1
endloop
endfacet
facet normal 0.6830132043265843 0.18301126260791173 0.7071066683847561
outer loop
vertex 10.120183944702148 34.3570671081543 -1
vertex 9.642305374145508 34.208683013916016 -0.5
vertex 9.693150520324707 34.018924713134766 -0.5
endloop
endfacet
facet normal 0.6830120966200032 0.18301341853830733 0.707107180352222
outer loop
vertex 9.693150520324707 34.018924713134766 -0.5
vertex 10.181198120117188 34.12936019897461 -1
vertex 10.120183944702148 34.3570671081543 -1
endloop
endfacet
facet normal 0.6665482099911954 0.23603749112358866 0.70710663024866
outer loop
vertex 10.120183944702148 34.3570671081543 -1
vertex 8.921974182128906 36.24283218383789 -0.5
vertex 9.642305374145508 34.208683013916016 -0.5
endloop
endfacet
facet normal 0.6665477186259204 0.23603701386049808 0.7071072527434574
outer loop
vertex 10.120183944702148 34.3570671081543 -1
vertex 9.386736869812012 36.42825698852539 -1
vertex 8.921974182128906 36.24283218383789 -0.5
endloop
endfacet
facet normal 0.6459737002537238 0.2876063133728598 0.7071071963207448
outer loop
vertex 9.290852546691895 36.64361572265625 -1
vertex 8.842070579528809 36.422298431396484 -0.5
vertex 8.921974182128906 36.24283218383789 -0.5
endloop
endfacet
facet normal 0.6459731379097878 0.2876070818870157 0.7071073974633681
outer loop
vertex 9.386736869812012 36.42825698852539 -1
vertex 9.290852546691895 36.64361572265625 -1
vertex 8.921974182128906 36.24283218383789 -0.5
endloop
endfacet
facet normal 0.62141803064363 0.3374018457853 0.7071065164822519
outer loop
vertex 8.242430686950684 38.57456970214844 -1
vertex 7.81239652633667 38.3187255859375 -0.5
vertex 8.842070579528809 36.422298431396484 -0.5
endloop
endfacet
facet normal 0.6214171486563255 0.3374017866757664 0.7071073197922949
outer loop
vertex 8.842070579528809 36.422298431396484 -0.5
vertex 9.290852546691895 36.64361572265625 -1
vertex 8.242430686950684 38.57456970214844 -1
endloop
endfacet
facet normal 0.5930298152960068 0.38511810234478183 0.7071065587422719
outer loop
vertex 7.81239652633667 38.3187255859375 -0.5
vertex 8.242430686950684 38.57456970214844 -1
vertex 8.11403751373291 38.77227783203125 -1
endloop
endfacet
facet normal 0.5930291187285822 0.38511879421392164 0.7071067661133051
outer loop
vertex 8.11403751373291 38.77227783203125 -1
vertex 7.70540189743042 38.483482360839844 -0.5
vertex 7.81239652633667 38.3187255859375 -0.5
endloop
endfacet
facet normal 0.5609856327201552 0.4304598171844451 0.7071064033588588
outer loop
vertex 6.776455879211426 40.515445709228516 -1
vertex 6.391738414764404 40.19548034667969 -0.5
vertex 7.70540189743042 38.483482360839844 -0.5
endloop
endfacet
facet normal 0.5609852564997176 0.430459731473374 0.7071067540123038
outer loop
vertex 7.70540189743042 38.483482360839844 -0.5
vertex 8.11403751373291 38.77227783203125 -1
vertex 6.776455879211426 40.515445709228516 -1
endloop
endfacet
facet normal 0.5254848027871999 0.4731453712953534 0.7071062011193789
outer loop
vertex 6.618714809417725 40.690635681152344 -1
vertex 6.260287284851074 40.34147262573242 -0.5
vertex 6.391738414764404 40.19548034667969 -0.5
endloop
endfacet
facet normal 0.5254840614170541 0.47314590611102725 0.7071063942060012
outer loop
vertex 6.391738414764404 40.19548034667969 -0.5
vertex 6.776455879211426 40.515445709228516 -1
vertex 6.618714809417725 40.690635681152344 -1
endloop
endfacet
facet normal 0.4867407990590222 0.5129173699434358 0.7071061915594383
outer loop
vertex 6.260287284851074 40.34147262573242 -0.5
vertex 6.618714809417725 40.690635681152344 -1
vertex 5.024909019470215 42.203102111816406 -1
endloop
endfacet
facet normal 0.4867404734827593 0.512917239497231 0.7071065102941135
outer loop
vertex 5.024909019470215 42.203102111816406 -1
vertex 4.694981575012207 41.8268928527832 -0.5
vertex 6.260287284851074 40.34147262573242 -0.5
endloop
endfacet
facet normal 0.4449977320597417 0.5495242790072343 0.707106841462636
outer loop
vertex 4.841704368591309 42.35145950317383 -1
vertex 4.542311191558838 41.950523376464844 -0.5
vertex 4.694981575012207 41.8268928527832 -0.5
endloop
endfacet
facet normal 0.44499902726392077 0.5495236245757903 0.7071065349487657
outer loop
vertex 4.694981575012207 41.8268928527832 -0.5
vertex 5.024909019470215 42.203102111816406 -1
vertex 4.841704368591309 42.35145950317383 -1
endloop
endfacet
facet normal 0.4005096823637512 0.5827451142415488 0.7071068703954808
outer loop
vertex 4.542311191558838 41.950523376464844 -0.5
vertex 4.841704368591309 42.35145950317383 -1
vertex 3.030919313430786 43.595977783203125 -1
endloop
endfacet
facet normal 0.4005091960090345 0.5827448239229199 0.7071073851284836
outer loop
vertex 3.030919313430786 43.595977783203125 -1
vertex 2.7639060020446777 43.172786712646484 -0.5
vertex 4.542311191558838 41.950523376464844 -0.5
endloop
endfacet
facet normal 0.35355149315495155 0.6123723931924625 0.70710776671144
outer loop
vertex 2.8267619609832764 43.71384811401367 -1
vertex 2.5937750339508057 43.27101135253906 -0.5
vertex 2.7639060020446777 43.172786712646484 -0.5
endloop
endfacet
facet normal 0.353553144987064 0.612371862653591 0.7071074002582123
outer loop
vertex 2.7639060020446777 43.172786712646484 -0.5
vertex 3.030919313430786 43.595977783203125 -1
vertex 2.8267619609832764 43.71384811401367 -1
endloop
endfacet
facet normal 0.30441685569929444 0.6382232973139554 0.7071077716528489
outer loop
vertex 2.5937750339508057 43.27101135253906 -0.5
vertex 2.8267619609832764 43.71384811401367 -1
vertex 0.843585193157196 44.65977478027344 -1
endloop
endfacet
facet normal 0.30441710576308717 0.63822350591186 0.7071074757209116
outer loop
vertex 0.843585193157196 44.65977478027344 -1
vertex 0.6460609436035156 44.20002365112305 -0.5
vertex 2.5937750339508057 43.27101135253906 -0.5
endloop
endfacet
facet normal 0.2534000079940614 0.6601420770095969 0.7071073992754319
outer loop
vertex 0.6235023140907288 44.74425506591797 -1
vertex 0.4626585841178894 44.270423889160156 -0.5
vertex 0.6460609436035156 44.20002365112305 -0.5
endloop
endfacet
facet normal 0.25339995617329397 0.6601420850373904 0.7071074103513976
outer loop
vertex 0.6235023140907288 44.74425506591797 -1
vertex 0.6460609436035156 44.20002365112305 -0.5
vertex 0.843585193157196 44.65977478027344 -1
endloop
endfacet
facet normal 0.20082918304822056 0.6779880818602662 0.7071066398299632
outer loop
vertex -1.4832336902618408 45.3682975769043 -1
vertex -1.606405258178711 44.88330841064453 -0.5
vertex 0.4626585841178894 44.270423889160156 -0.5
endloop
endfacet
facet normal 0.2008286908660043 0.6779875189683555 0.707107319328672
outer loop
vertex 0.4626585841178894 44.270423889160156 -0.5
vertex 0.6235023140907288 44.74425506591797 -1
vertex -1.4832336902618408 45.3682975769043 -1
endloop
endfacet
facet normal 0.147014092836201 0.6916537129212247 0.7071081939207273
outer loop
vertex -1.713822841644287 45.41731262207031 -1
vertex -1.7985628843307495 44.92415237426758 -0.5
vertex -1.606405258178711 44.88330841064453 -0.5
endloop
endfacet
facet normal 0.14702096310205517 0.6916537361601428 0.707106742765376
outer loop
vertex -1.606405258178711 44.88330841064453 -0.5
vertex -1.4832336902618408 45.3682975769043 -1
vertex -1.713822841644287 45.41731262207031 -1
endloop
endfacet
facet normal 0.09229542044184683 0.7010560438586579 0.7071081803618949
outer loop
vertex -1.7985628843307495 44.92415237426758 -0.5
vertex -1.713822841644287 45.41731262207031 -1
vertex -3.0255489349365234 45.590003967285156 -1
endloop
endfacet
facet normal 0.09229579752624852 0.7010569928041743 0.7071071903179612
outer loop
vertex -3.8922433853149414 45.704105377197266 -1
vertex -3.9380295276641846 45.20581817626953 -0.5
vertex -1.7985628843307495 44.92415237426758 -0.5
endloop
endfacet
facet normal 0.09229482826329385 0.7010554516025889 0.7071088448422487
outer loop
vertex -1.7985628843307495 44.92415237426758 -0.5
vertex -3.0255489349365234 45.590003967285156 -1
vertex -3.8922433853149414 45.704105377197266 -1
endloop
endfacet
facet normal 0.037015587564473776 0.7061366952900344 0.7071073566595992
outer loop
vertex -3.9380295276641846 45.20581817626953 -0.5
vertex -3.8922433853149414 45.704105377197266 -1
vertex -4.127660751342773 45.71644592285156 -1
endloop
endfacet
facet normal 0.037017910715645384 0.7061370712860208 0.7071068595635668
outer loop
vertex -3.9380295276641846 45.20581817626953 -0.5
vertex -4.127660751342773 45.71644592285156 -1
vertex -4.134210586547852 45.216102600097656 -0.5
endloop
endfacet
facet normal -0.018511948121214334 0.7068641680352231 0.7071070327218003
outer loop
vertex -4.939139366149902 45.695194244384766 -1
vertex -4.134210586547852 45.216102600097656 -0.5
vertex -4.127660751342773 45.71644592285156 -1
endloop
endfacet
facet normal -0.01851068308607748 0.7068652251401525 0.7071060090957001
outer loop
vertex -5.880373477935791 45.17037582397461 -0.5
vertex -4.134210586547852 45.216102600097656 -0.5
vertex -4.939139366149902 45.695194244384766 -1
endloop
endfacet
facet normal -0.018510105022242162 0.7068647015190344 0.7071065476704851
outer loop
vertex -5.89346170425415 45.670204162597656 -1
vertex -5.880373477935791 45.17037582397461 -0.5
vertex -4.939139366149902 45.695194244384766 -1
endloop
endfacet
facet normal 0.0525250539246544 0.7069390463699101 0.7053214185233667
outer loop
vertex -5.89346170425415 45.670204162597656 -1
vertex -5.98028564453125 45.177799224853516 -0.5
vertex -5.880373477935791 45.17037582397461 -0.5
endloop
endfacet
facet normal 0.18341146582666593 0.6843016155671139 0.7057560011332186
outer loop
vertex -5.89346170425415 45.670204162597656 -1
vertex -6.016080379486084 45.18739318847656 -0.5
vertex -5.98028564453125 45.177799224853516 -0.5
endloop
endfacet
facet normal 0.17438256045006362 0.6866264472889937 0.7057866848376885
outer loop
vertex -6.016080379486084 45.18739318847656 -0.5
vertex -5.89346170425415 45.670204162597656 -1
vertex -6.697826862335205 45.874488830566406 -1
endloop
endfacet
facet normal 0.17437873912213722 0.6866246295917291 0.7057893973276975
outer loop
vertex -6.016080379486084 45.18739318847656 -0.5
vertex -6.697826862335205 45.874488830566406 -1
vertex -6.820446014404297 45.39167404174805 -0.5
endloop
endfacet
facet normal 0.18335904293471164 0.6843125093462541 0.7057590601092555
outer loop
vertex -6.820446014404297 45.39167404174805 -0.5
vertex -6.697826862335205 45.874488830566406 -1
vertex -6.868836879730225 45.404640197753906 -0.5
endloop
endfacet
facet normal 0.2994121140889036 0.6420724723913013 0.7057586883164351
outer loop
vertex -6.697826862335205 45.874488830566406 -1
vertex -6.947826862335205 45.44147491455078 -0.5
vertex -6.868836879730225 45.404640197753906 -0.5
endloop
endfacet
facet normal 0.3535529313406626 0.6123718423308963 0.7071075246811399
outer loop
vertex -6.697826862335205 45.874488830566406 -1
vertex -20.001924514770508 53.55561065673828 -1
vertex -6.947826862335205 45.44147491455078 -0.5
endloop
endfacet
facet normal 0.3535537952304252 0.6123731364851847 0.7071059719656312
outer loop
vertex -20.001924514770508 53.55561065673828 -1
vertex -20.162874221801758 53.07118606567383 -0.5
vertex -6.947826862335205 45.44147491455078 -0.5
endloop
endfacet
facet normal 0.08320935216040423 0.7021947688698174 0.7071058692196732
outer loop
vertex -20.162874221801758 53.07118606567383 -0.5
vertex -20.001924514770508 53.55561065673828 -1
vertex -21.22727394104004 53.70081329345703 -1
endloop
endfacet
facet normal 0.08320630264195723 0.7021920458969197 0.7071089321170771
outer loop
vertex -21.22727394104004 53.70081329345703 -1
vertex -21.18400001525879 53.19218444824219 -0.5
vertex -20.162874221801758 53.07118606567383 -0.5
endloop
endfacet
facet normal -0.20064281617134638 0.6780415966279074 0.7071082332720426
outer loop
vertex -21.22727394104004 53.70081329345703 -1
vertex -24.393827438354492 52.242347717285156 -0.5
vertex -21.18400001525879 53.19218444824219 -0.5
endloop
endfacet
facet normal -0.20064297819239643 0.678041849509011 0.707107944812166
outer loop
vertex -24.393827438354492 52.242347717285156 -0.5
vertex -21.22727394104004 53.70081329345703 -1
vertex -22.15665054321289 53.42579650878906 -1
endloop
endfacet
facet normal -0.20064364539655294 0.6780426902067239 0.7071069493501043
outer loop
vertex -24.393827438354492 52.242347717285156 -0.5
vertex -22.15665054321289 53.42579650878906 -1
vertex -24.63430404663086 52.69261932373047 -1
endloop
endfacet
facet normal -0.4519268770716147 0.5438398698658089 0.7071069888812003
outer loop
vertex -24.393827438354492 52.242347717285156 -0.5
vertex -24.63430404663086 52.69261932373047 -1
vertex -24.470829010009766 52.17835998535156 -0.5
endloop
endfacet
facet normal -0.451926302817852 0.5438401784784799 0.7071071185427864
outer loop
vertex -24.63430404663086 52.69261932373047 -1
vertex -24.95554542541504 52.4256706237793 -1
vertex -24.470829010009766 52.17835998535156 -0.5
endloop
endfacet
facet normal -0.6298588052707577 0.3213639635376839 0.7071089649850607
outer loop
vertex -36.14183044433594 31.209815979003906 -1
vertex -34.1139030456543 34.084293365478516 -0.5
vertex -34.55928421020508 34.3115348815918 -1
endloop
endfacet
facet normal -0.6307159238619415 0.32216511964766253 0.705979503292684
outer loop
vertex -36.14183044433594 31.209815979003906 -1
vertex -35.69786834716797 30.983299255371094 -0.5
vertex -34.1139030456543 34.084293365478516 -0.5
endloop
endfacet
facet normal -0.5973576975813378 0.38369141646342614 0.7042333974419365
outer loop
vertex -36.14183044433594 31.209815979003906 -1
vertex -35.75880813598633 30.888423919677734 -0.5
vertex -35.69786834716797 30.983299255371094 -0.5
endloop
endfacet
facet normal -0.5009602306278402 0.5009447263032873 0.7057572022432542
outer loop
vertex -36.14183044433594 31.209815979003906 -1
vertex -35.8204345703125 30.82679557800293 -0.5
vertex -35.75880813598633 30.888423919677734 -0.5
endloop
endfacet
facet normal -0.40634506691187144 0.5803368222974818 0.7057569406545342
outer loop
vertex -36.14183044433594 31.209815979003906 -1
vertex -35.881202697753906 30.78424644470215 -0.5
vertex -35.8204345703125 30.82679557800293 -0.5
endloop
endfacet
facet normal -0.3696529024766445 0.6035895509093853 0.7064250743876516
outer loop
vertex -37.58413314819336 30.32651710510254 -1
vertex -37.32350158691406 29.90094757080078 -0.5
vertex -35.881202697753906 30.78424644470215 -0.5
endloop
endfacet
facet normal -0.3696529279178877 0.6035911888690079 0.7064236615526343
outer loop
vertex -37.58413314819336 30.32651710510254 -1
vertex -35.881202697753906 30.78424644470215 -0.5
vertex -36.14183044433594 31.209815979003906 -1
endloop
endfacet
facet normal -0.19793830490017703 0.6931163060602616 0.6931163060602616
outer loop
vertex -37.58413314819336 30.32651710510254 -1
vertex -37.58413314819336 29.82651710510254 -0.5
vertex -37.32350158691406 29.90094757080078 -0.5
endloop
endfacet
facet normal 0 0.7071067811865476 0.7071067811865476
outer loop
vertex -37.58413314819336 30.32651710510254 -1
vertex -52.65380096435547 30.32651710510254 -1
vertex -37.58413314819336 29.82651710510254 -0.5
endloop
endfacet
facet normal 0 0.7071067811865476 0.7071067811865476
outer loop
vertex -52.65380096435547 30.32651710510254 -1
vertex -52.65380096435547 29.82651710510254 -0.5
vertex -37.58413314819336 29.82651710510254 -0.5
endloop
endfacet
facet normal 0.1833506158622112 0.6843167159585894 0.7057571706490832
outer loop
vertex -52.65380096435547 30.32651710510254 -1
vertex -52.82481002807617 29.856670379638672 -0.5
vertex -52.740623474121094 29.83411407470703 -0.5
endloop
endfacet
facet normal 0.2994097227794474 0.6420750962711286 0.7057573156925512
outer loop
vertex -52.65380096435547 30.32651710510254 -1
vertex -52.90380096435547 29.893505096435547 -0.5
vertex -52.82481002807617 29.856670379638672 -0.5
endloop
endfacet
facet normal 0.061753755711394624 0.7057572081302242 0.7057572081302242
outer loop
vertex -52.65380096435547 30.32651710510254 -1
vertex -52.740623474121094 29.83411407470703 -0.5
vertex -52.65380096435547 29.82651710510254 -0.5
endloop
endfacet
facet normal 0.44085836061864625 0.5576262507284498 0.7033469061360629
outer loop
vertex -52.90380096435547 29.893505096435547 -0.5
vertex -52.65380096435547 30.32651710510254 -1
vertex -53.00600814819336 29.97430992126465 -0.5
endloop
endfacet
facet normal 0.5009521406968298 0.5009521406968298 0.7057576818303342
outer loop
vertex -54.41115951538086 32.08387756347656 -1
vertex -54.76336669921875 31.73166847229004 -0.5
vertex -53.00600814819336 29.97430992126465 -0.5
endloop
endfacet
facet normal 0.5009530881804181 0.500952544471708 0.705756722695451
outer loop
vertex -53.00600814819336 29.97430992126465 -0.5
vertex -52.65380096435547 30.32651710510254 -1
vertex -54.41115951538086 32.08387756347656 -1
endloop
endfacet
facet normal 0.7057579428688616 0.061736959392451995 0.7057579428688616
outer loop
vertex -54.903564453125 31.997053146362305 -0.5
vertex -54.41115951538086 32.08387756347656 -1
vertex -54.91115951538086 32.08387756347656 -0.5
endloop
endfacet
facet normal 0.6843086261101413 0.18337945601592168 0.7057575216337092
outer loop
vertex -54.881004333496094 31.912866592407227 -0.5
vertex -54.41115951538086 32.08387756347656 -1
vertex -54.903564453125 31.997053146362305 -0.5
endloop
endfacet
facet normal 0.5803268715547568 0.40635749254495407 0.7057579687145208
outer loop
vertex -54.41115951538086 32.08387756347656 -1
vertex -54.844173431396484 31.833877563476562 -0.5
vertex -54.79418182373047 31.762483596801758 -0.5
endloop
endfacet
facet normal 0.5009521406968298 0.5009521406968298 0.7057576818303342
outer loop
vertex -54.76336669921875 31.73166847229004 -0.5
vertex -54.41115951538086 32.08387756347656 -1
vertex -54.79418182373047 31.762483596801758 -0.5
endloop
endfacet
facet normal 0.6420839452170167 0.29939007031947923 0.7057576022181045
outer loop
vertex -54.844173431396484 31.833877563476562 -0.5
vertex -54.41115951538086 32.08387756347656 -1
vertex -54.881004333496094 31.912866592407227 -0.5
endloop
endfacet
facet normal 0.7071067811865476 0 0.7071067811865476
outer loop
vertex -54.41115951538086 33.27814483642578 -1
vertex -54.91115951538086 33.18498611450195 -0.5
vertex -54.91115951538086 32.08387756347656 -0.5
endloop
endfacet
facet normal 0.7071067811865476 0 0.7071067811865476
outer loop
vertex -54.91115951538086 32.08387756347656 -0.5
vertex -54.41115951538086 32.08387756347656 -1
vertex -54.41115951538086 33.27814483642578 -1
endloop
endfacet
facet normal 0.6596578851685374 0.25465737298841234 0.707107556824005
outer loop
vertex -54.81376647949219 34.32105255126953 -1
vertex -55.246665954589844 34.054073333740234 -0.5
vertex -54.91115951538086 33.18498611450195 -0.5
endloop
endfacet
facet normal 0.6596593926299105 0.2546567271813125 0.7071063830969426
outer loop
vertex -54.91115951538086 33.18498611450195 -0.5
vertex -54.41115951538086 33.27814483642578 -1
vertex -54.81376647949219 34.32105255126953 -1
endloop
endfacet
facet normal 0.5236831010652186 0.4751367410151044 0.7071075498085575
outer loop
vertex -55.246665954589844 34.054073333740234 -0.5
vertex -54.81376647949219 34.32105255126953 -1
vertex -57.0882453918457 36.82792282104492 -1
endloop
endfacet
facet normal 0.5236841837359143 0.4751372532344448 0.707106403799086
outer loop
vertex -57.0882453918457 36.82792282104492 -1
vertex -57.387908935546875 36.41409683227539 -0.5
vertex -55.246665954589844 34.054073333740234 -0.5
endloop
endfacet
facet normal 0.28800359248816787 0.6457963025424033 0.7071075351998946
outer loop
vertex -58.240379333496094 37.341739654541016 -1
vertex -58.348018646240234 36.8422737121582 -0.5
vertex -57.387908935546875 36.41409683227539 -0.5
endloop
endfacet
facet normal 0.2880061130805445 0.6457974839499269 0.7071054295875407
outer loop
vertex -57.387908935546875 36.41409683227539 -0.5
vertex -57.0882453918457 36.82792282104492 -1
vertex -58.240379333496094 37.341739654541016 -1
endloop
endfacet
facet normal 0.0035556224644555695 0.7070972172691384 0.7071074054760924
outer loop
vertex -58.348018646240234 36.8422737121582 -0.5
vertex -58.240379333496094 37.341739654541016 -1
vertex -80.66439056396484 37.454498291015625 -1
endloop
endfacet
facet normal 0.003555694987301087 0.7070986722571594 0.7071059501413629
outer loop
vertex -80.66439056396484 37.454498291015625 -1
vertex -80.5667953491211 36.954002380371094 -0.5
vertex -58.348018646240234 36.8422737121582 -0.5
endloop
endfacet
facet normal -0.2689533111116186 0.6539614121028143 0.7071057826963305
outer loop
vertex -80.5667953491211 36.954002380371094 -0.5
vertex -81.65827178955078 37.045745849609375 -1
vertex -81.4926528930664 36.57322692871094 -0.5
endloop
endfacet
facet normal -0.268953660378406 0.6539606043283364 0.7071063969132044
outer loop
vertex -80.5667953491211 36.954002380371094 -0.5
vertex -80.66439056396484 37.454498291015625 -1
vertex -81.65827178955078 37.045745849609375 -1
endloop
endfacet
facet normal -0.2689677941274009 0.6539559004009681 0.7071053712516964
outer loop
vertex -81.7754135131836 36.99756622314453 -1
vertex -81.4926528930664 36.57322692871094 -0.5
vertex -81.65827178955078 37.045745849609375 -1
endloop
endfacet
facet normal -0.5000016141226624 0.5000030932554619 0.7071034525511115
outer loop
vertex -81.7754135131836 36.99756622314453 -1
vertex -84.35443878173828 34.418548583984375 -1
vertex -81.4926528930664 36.57322692871094 -0.5
endloop
endfacet
facet normal -0.4999987339063889 0.499997951537379 0.707109124923751
outer loop
vertex -84.35443878173828 34.418548583984375 -1
vertex -83.93055725097656 34.135318756103516 -0.5
vertex -81.4926528930664 36.57322692871094 -0.5
endloop
endfacet
facet normal -0.6532697616539953 0.2706157060149796 0.7071108528134372
outer loop
vertex -83.93055725097656 34.135318756103516 -0.5
vertex -84.35443878173828 34.418548583984375 -1
vertex -83.95930480957031 34.065921783447266 -0.5
endloop
endfacet
facet normal -0.6532863579880563 0.2705895571636074 0.7071055267926449
outer loop
vertex -83.95930480957031 34.065921783447266 -0.5
vertex -84.35443878173828 34.418548583984375 -1
vertex -84.50049591064453 34.065921783447266 -1
endloop
endfacet
facet normal -0.7071067811865476 0 0.7071067811865476
outer loop
vertex -84.3111572265625 13.565919876098633 -0.5
vertex -84.8111572265625 13.565919876098633 -1
vertex -84.3111572265625 9.13941478729248 -0.5
endloop
endfacet
facet normal -0.7071067811865476 0 0.7071067811865476
outer loop
vertex -84.8111572265625 13.565919876098633 -1
vertex -84.8111572265625 9.13941478729248 -1
vertex -84.3111572265625 9.13941478729248 -0.5
endloop
endfacet
facet normal -0.7071067811865476 0 0.7071067811865476
outer loop
vertex -84.8111572265625 -40.71359634399414 -1
vertex -84.3111572265625 -40.71359634399414 -0.5
vertex -84.3111572265625 -36.28709030151367 -0.5
endloop
endfacet
facet normal -0.7071067811865476 0 0.7071067811865476
outer loop
vertex -84.8111572265625 -36.28709030151367 -1
vertex -84.8111572265625 -40.71359634399414 -1
vertex -84.3111572265625 -36.28709030151367 -0.5
endloop
endfacet
facet normal -0.7071067811865476 0 0.7071067811865476
outer loop
vertex -84.8111572265625 -15.787091255187988 -1
vertex -84.3111572265625 -15.787091255187988 -0.5
vertex -84.3111572265625 -11.36058521270752 -0.5
endloop
endfacet
facet normal -0.7071067811865476 0 0.7071067811865476
outer loop
vertex -84.3111572265625 -11.36058521270752 -0.5
vertex -84.8111572265625 -11.36058521270752 -1
vertex -84.8111572265625 -15.787091255187988 -1
endloop
endfacet
facet normal -0.6532851943211255 -0.27058907517570785 0.7071067863317141
outer loop
vertex -84.50049591064453 -61.21359634399414 -1
vertex -84.35443878173828 -61.56622314453125 -1
vertex -83.93055725097656 -61.282997131347656 -0.5
endloop
endfacet
facet normal -0.6532831497037178 -0.27060637696736206 0.7071020542027775
outer loop
vertex -83.95930480957031 -61.21359634399414 -0.5
vertex -84.50049591064453 -61.21359634399414 -1
vertex -83.93055725097656 -61.282997131347656 -0.5
endloop
endfacet
facet normal -0.49999973032412515 -0.49999973032412515 0.7071071625656214
outer loop
vertex -83.93055725097656 -61.282997131347656 -0.5
vertex -84.35443878173828 -61.56622314453125 -1
vertex -81.92890167236328 -63.99176025390625 -1
endloop
endfacet
facet normal -0.49999973032412515 -0.49999973032412515 0.7071071625656214
outer loop
vertex -83.93055725097656 -61.282997131347656 -0.5
vertex -81.92890167236328 -63.99176025390625 -1
vertex -81.64567565917969 -63.56787872314453 -0.5
endloop
endfacet
facet normal -0.2705984150248748 -0.6532801906497228 0.7071078349804134
outer loop
vertex -81.64567565917969 -63.56787872314453 -0.5
vertex -81.92890167236328 -63.99176025390625 -1
vertex -80.8262710571289 -64.448486328125 -1
endloop
endfacet
facet normal -0.27059636475777 -0.6532792315021407 0.7071095057117055
outer loop
vertex -80.8262710571289 -64.448486328125 -1
vertex -80.72681427001953 -63.948482513427734 -0.5
vertex -81.64567565917969 -63.56787872314453 -0.5
endloop
endfacet
facet normal 0.23137417150610523 -0.5860426367014512 -0.776543637362302
outer loop
vertex 17.603954315185547 -64.448486328125 -21.886369705200195
vertex 17.558650970458984 -64.448486328125 -21.89986801147461
vertex 17.49997329711914 -64.26766967773438 -22.053810119628906
endloop
endfacet
facet normal 0.23136854061997453 -0.5860525055766185 -0.7765378671505665
outer loop
vertex 17.603954315185547 -64.448486328125 -21.886369705200195
vertex 17.25714683532715 -63.19901657104492 -22.932674407958984
vertex 18.701080322265625 -63.99403762817383 -21.902454376220703
endloop
endfacet
facet normal 0.23136687142558224 -0.5860543640912398 -0.7765369618610248
outer loop
vertex 17.25714683532715 -63.19901657104492 -22.932674407958984
vertex 18.60260009765625 -63.81094741821289 -22.069974899291992
vertex 18.701080322265625 -63.99403762817383 -21.902454376220703
endloop
endfacet
facet normal 0.2313678012219396 -0.5860531843777124 -0.7765375751619932
outer loop
vertex 17.25714683532715 -63.19901657104492 -22.932674407958984
vertex 17.99652862548828 -62.89275360107422 -22.943513870239258
vertex 18.60260009765625 -63.81094741821289 -22.069974899291992
endloop
endfacet
facet normal 0.23132893092054263 -0.5860652973536429 -0.7765400137513487
outer loop
vertex 17.49997329711914 -64.26766967773438 -22.053810119628906
vertex 17.25714683532715 -63.19901657104492 -22.932674407958984
vertex 17.603954315185547 -64.448486328125 -21.886369705200195
endloop
endfacet
facet normal 0.3542395667301777 -0.5203809863315366 -0.7769928947084607
outer loop
vertex 18.701080322265625 -63.99403762817383 -21.902454376220703
vertex 18.60260009765625 -63.81094741821289 -22.069974899291992
vertex 18.728954315185547 -63.96938705444336 -21.9062557220459
endloop
endfacet
facet normal 0.46197256397292824 -0.43197737766061434 -0.7745817550947981
outer loop
vertex 18.60260009765625 -63.81094741821289 -22.069974899291992
vertex 17.99652862548828 -62.89275360107422 -22.943513870239258
vertex 21.02813720703125 -61.38541030883789 -21.97604751586914
endloop
endfacet
facet normal 0.46197125971179637 -0.4319760138229022 -0.7745832935727259
outer loop
vertex 18.60260009765625 -63.81094741821289 -22.069974899291992
vertex 21.02813720703125 -61.38541030883789 -21.97604751586914
vertex 18.728954315185547 -63.96938705444336 -21.9062557220459
endloop
endfacet
facet normal 0.47331594270330685 -0.4417339991231848 -0.7621306268622974
outer loop
vertex 18.728954315185547 -63.96938705444336 -21.9062557220459
vertex 21.02813720703125 -61.38541030883789 -21.97604751586914
vertex 21.171611785888672 -61.47087478637695 -21.8374080657959
endloop
endfacet
facet normal 0.41319860725543056 -0.38117233558742625 -0.8270275458199678
outer loop
vertex 18.728954315185547 -63.96938705444336 -21.9062557220459
vertex 21.171611785888672 -61.47087478637695 -21.8374080657959
vertex 21.132118225097656 -61.56622314453125 -21.813194274902344
endloop
endfacet
facet normal 0.46197288405046977 -0.431978571135202 -0.7745808986039355
outer loop
vertex 21.02813720703125 -61.38541030883789 -21.97604751586914
vertex 17.99652862548828 -62.89275360107422 -22.943513870239258
vertex 20.144275665283203 -60.74501037597656 -22.86034393310547
endloop
endfacet
facet normal 0.6156179152283391 -0.2021184510145438 -0.7616841302071319
outer loop
vertex 21.171611785888672 -61.47087478637695 -21.8374080657959
vertex 21.02813720703125 -61.38541030883789 -21.97604751586914
vertex 21.58884048461914 -60.46359634399414 -21.767478942871094
endloop
endfacet
facet normal 0.6156165710937634 -0.20212243473652083 -0.7616841594591147
outer loop
vertex 21.58884048461914 -60.46359634399414 -21.767478942871094
vertex 20.144275665283203 -60.74501037597656 -22.86034393310547
vertex 21.58884048461914 -60.32143783569336 -21.80520248413086
endloop
endfacet
facet normal 0.6156149407697064 -0.2020963517884348 -0.761692398081349
outer loop
vertex 20.144275665283203 -60.74501037597656 -22.86034393310547
vertex 21.484859466552734 -60.28278350830078 -21.899497985839844
vertex 21.58884048461914 -60.32143783569336 -21.80520248413086
endloop
endfacet
facet normal 0.6156165899047691 -0.2021173355387589 -0.7616854973732505
outer loop
vertex 21.02813720703125 -61.38541030883789 -21.97604751586914
vertex 20.144275665283203 -60.74501037597656 -22.86034393310547
vertex 21.58884048461914 -60.46359634399414 -21.767478942871094
endloop
endfacet
facet normal 0.6156168324414375 -0.20211567367759192 -0.7616857423298825
outer loop
vertex 20.144275665283203 -60.74501037597656 -22.86034393310547
vertex 20.451374053955078 -60.003604888916016 -22.80887222290039
vertex 21.484859466552734 -60.28278350830078 -21.899497985839844
endloop
endfacet
facet normal 0.6836785745216512 0.06617046907802156 -0.7267771843983808
outer loop
vertex 21.484859466552734 -60.28278350830078 -21.899497985839844
vertex 21.58884048461914 -6.6279826164245605 -16.91660499572754
vertex 21.58884048461914 -60.32143783569336 -21.80520248413086
endloop
endfacet
facet normal 0.6689923671609972 0.0674560974132916 -0.7402019235330952
outer loop
vertex 21.58884048461914 -6.6279826164245605 -16.91660499572754
vertex 20.451374053955078 -60.003604888916016 -22.80887222290039
vertex 20.451374053955078 -6.535067081451416 -17.936176300048828
endloop
endfacet
facet normal 0.6692898305162417 0.06742042655877227 -0.7399362194474425
outer loop
vertex 21.484859466552734 -60.28278350830078 -21.899497985839844
vertex 20.451374053955078 -60.003604888916016 -22.80887222290039
vertex 21.58884048461914 -6.6279826164245605 -16.91660499572754
endloop
endfacet
facet normal 0.27777319902451086 -0.561978228431505 -0.779116500064449
outer loop
vertex 22.131515502929688 -3.8674306869506836 -17.7811222076416
vertex 23.239755630493164 -3.3096094131469727 -17.788366317749023
vertex 23.813875198364258 -4.463633060455322 -16.751279830932617
endloop
endfacet
facet normal 0.2731618246368728 -0.5689956646120455 -0.7756458929265024
outer loop
vertex 22.700050354003906 -5.010047435760498 -16.74270248413086
vertex 22.131515502929688 -3.8674306869506836 -17.7811222076416
vertex 23.813875198364258 -4.463633060455322 -16.751279830932617
endloop
endfacet
facet normal 0.6673695442793703 -0.002031076949455357 -0.7447239529481854
outer loop
vertex 21.58884048461914 -6.6279826164245605 -16.91660499572754
vertex 20.451374053955078 -6.535067081451416 -17.936176300048828
vertex 21.58884048461914 -6.239140033721924 -16.917665481567383
endloop
endfacet
facet normal 0.6396197624717899 -0.140975586357005 -0.7556536531419867
outer loop
vertex 21.58884048461914 -6.239140033721924 -16.917665481567383
vertex 20.51141929626465 -5.941286087036133 -17.885211944580078
vertex 21.58884048461914 -5.82280969619751 -16.995336532592773
endloop
endfacet
facet normal 0.5859099953547978 -0.2688219300343578 -0.764489533790976
outer loop
vertex 21.58884048461914 -5.555178165435791 -17.089447021484375
vertex 20.961400985717773 -4.870199680328369 -17.81118392944336
vertex 21.773527145385742 -5.464575290679932 -16.979761123657227
endloop
endfacet
facet normal 0.5082671783517351 -0.38388424995888687 -0.7709068413523572
outer loop
vertex 21.773527145385742 -5.464575290679932 -16.979761123657227
vertex 21.334081649780273 -4.419942378997803 -17.789682388305664
vertex 22.15056800842285 -5.279609680175781 -16.823280334472656
endloop
endfacet
facet normal 0.4096853759712857 -0.48173017605347146 -0.7746572985486923
outer loop
vertex 22.15056800842285 -5.279609680175781 -16.823280334472656
vertex 21.78734016418457 -4.0504255294799805 -17.779760360717773
vertex 22.48609161376953 -5.115009784698486 -16.748193740844727
endloop
endfacet
facet normal 0.2939447876009959 -0.5586103393138989 -0.7755971574559928
outer loop
vertex 22.48609161376953 -5.115009784698486 -16.748193740844727
vertex 22.131515502929688 -3.8674306869506836 -17.7811222076416
vertex 22.700050354003906 -5.010047435760498 -16.74270248413086
endloop
endfacet
facet normal 0.6396197592840362 -0.14097570911024931 -0.7556536329392546
outer loop
vertex 20.683622360229492 -5.383894443511963 -17.84343910217285
vertex 21.58884048461914 -5.82280969619751 -16.995336532592773
vertex 20.51141929626465 -5.941286087036133 -17.885211944580078
endloop
endfacet
facet normal 0.667594084630239 -0.0036074488314202058 -0.7445167053059603
outer loop
vertex 20.451374053955078 -6.535067081451416 -17.936176300048828
vertex 20.51141929626465 -5.941286087036133 -17.885211944580078
vertex 21.58884048461914 -6.239140033721924 -16.917665481567383
endloop
endfacet
facet normal 0.5859077330937907 -0.2688247750231176 -0.764490267194204
outer loop
vertex 20.961400985717773 -4.870199680328369 -17.81118392944336
vertex 21.58884048461914 -5.555178165435791 -17.089447021484375
vertex 20.683622360229492 -5.383894443511963 -17.84343910217285
endloop
endfacet
facet normal 0.5082686761256576 -0.3838832430229273 -0.7709063552699974
outer loop
vertex 20.961400985717773 -4.870199680328369 -17.81118392944336
vertex 21.334081649780273 -4.419942378997803 -17.789682388305664
vertex 21.773527145385742 -5.464575290679932 -16.979761123657227
endloop
endfacet
facet normal 0.409685697638327 -0.48173002278893906 -0.7746572237411624
outer loop
vertex 21.334081649780273 -4.419942378997803 -17.789682388305664
vertex 21.78734016418457 -4.0504255294799805 -17.779760360717773
vertex 22.15056800842285 -5.279609680175781 -16.823280334472656
endloop
endfacet
facet normal 0.2939399876129792 -0.5586121374310794 -0.7755976815313222
outer loop
vertex 22.131515502929688 -3.8674306869506836 -17.7811222076416
vertex 22.48609161376953 -5.115009784698486 -16.748193740844727
vertex 21.78734016418457 -4.0504255294799805 -17.779760360717773
endloop
endfacet
facet normal 0.5859071364032146 -0.26882680275757753 -0.7644900114657637
outer loop
vertex 21.58884048461914 -5.82280969619751 -16.995336532592773
vertex 20.683622360229492 -5.383894443511963 -17.84343910217285
vertex 21.58884048461914 -5.555178165435791 -17.089447021484375
endloop
endfacet
facet normal -0.4574485700248443 -0.4999871295917253 -0.7353595556085829
outer loop
vertex 26.106033325195312 -4.705362319946289 -17.076801300048828
vertex 25.781585693359375 -4.554601669311523 -16.977476119995117
vertex 26.378402709960938 -3.623960256576538 -17.981504440307617
endloop
endfacet
facet normal -0.4579609006337933 -0.5023726251801852 -0.7334122708001647
outer loop
vertex 25.781585693359375 -4.554601669311523 -16.977476119995117
vertex 26.106033325195312 -4.705362319946289 -17.076801300048828
vertex 26.06831169128418 -4.776506423950195 -17.004514694213867
endloop
endfacet
facet normal -0.4714414089564004 -0.49300390382693804 -0.7312251012736113
outer loop
vertex 26.378402709960938 -3.623960256576538 -17.981504440307617
vertex 26.523380279541016 -3.7361629009246826 -17.999326705932617
vertex 26.106033325195312 -4.705362319946289 -17.076801300048828
endloop
endfacet
facet normal -0.10949287410306771 -0.6385633597779802 -0.7617402090409219
outer loop
vertex 25.139850616455078 -3.0603525638580322 -17.865232467651367
vertex 24.946256637573242 -3.9081170558929443 -17.126728057861328
vertex 24.558856964111328 -3.003260374069214 -17.829580307006836
endloop
endfacet
facet normal -0.10948906503871798 -0.6385641381455611 -0.7617401040455754
outer loop
vertex 25.139850616455078 -3.0603525638580322 -17.865232467651367
vertex 25.015424728393555 -3.9616482257843018 -17.091794967651367
vertex 24.946256637573242 -3.9081170558929443 -17.126728057861328
endloop
endfacet
facet normal 0.1654922292042677 -0.6115667037244411 -0.7736914688482897
outer loop
vertex 23.417585372924805 -3.229435443878174 -17.790380477905273
vertex 24.247562408447266 -4.250877857208252 -16.80544662475586
vertex 23.92032814025879 -4.411410331726074 -16.74854850769043
endloop
endfacet
facet normal 0.2939392301454294 -0.5586128718981619 -0.7755974396110394
outer loop
vertex 23.813875198364258 -4.463633060455322 -16.751279830932617
vertex 23.417585372924805 -3.229435443878174 -17.790380477905273
vertex 23.92032814025879 -4.411410331726074 -16.74854850769043
endloop
endfacet
facet normal 0.02926592332005162 -0.6385636840864195 -0.7690123062072571
outer loop
vertex 23.977317810058594 -3.0603525638580322 -17.804306030273438
vertex 24.605600357055664 -4.075234413146973 -16.93766975402832
vertex 24.247562408447266 -4.250877857208252 -16.80544662475586
endloop
endfacet
facet normal -0.44232802540234506 -0.49146445883705375 -0.7502057075520449
outer loop
vertex 26.211776733398438 -3.5040111541748047 -17.96183967590332
vertex 26.378402709960938 -3.623960256576538 -17.981504440307617
vertex 25.365942001342773 -4.23292350769043 -16.985612869262695
endloop
endfacet
facet normal -0.3734027467738219 -0.5586121486632497 -0.7406232889044151
outer loop
vertex 26.211776733398438 -3.5040111541748047 -17.96183967590332
vertex 25.365942001342773 -4.23292350769043 -16.985612869262695
vertex 25.697973251342773 -3.229435443878174 -17.90989112854004
endloop
endfacet
facet normal -0.4029341270447754 -0.5393390340258659 -0.7394305211706578
outer loop
vertex 25.365942001342773 -4.23292350769043 -16.985612869262695
vertex 26.378402709960938 -3.623960256576538 -17.981504440307617
vertex 25.781585693359375 -4.554601669311523 -16.977476119995117
endloop
endfacet
facet normal -0.24545813618644513 -0.6115672087562447 -0.7521541414856215
outer loop
vertex 25.139850616455078 -3.0603525638580322 -17.865232467651367
vertex 25.697973251342773 -3.229435443878174 -17.90989112854004
vertex 25.015424728393555 -3.9616482257843018 -17.091794967651367
endloop
endfacet
facet normal -0.10949021401991477 -0.6385628499067835 -0.7617410188199136
outer loop
vertex 24.946256637573242 -3.9081170558929443 -17.126728057861328
vertex 24.605600357055664 -4.075234413146973 -16.93766975402832
vertex 24.558856964111328 -3.003260374069214 -17.829580307006836
endloop
endfacet
facet normal -0.24545893313936176 -0.6115666672291118 -0.7521543217162041
outer loop
vertex 25.697973251342773 -3.229435443878174 -17.90989112854004
vertex 25.365942001342773 -4.23292350769043 -16.985612869262695
vertex 25.015424728393555 -3.9616482257843018 -17.091794967651367
endloop
endfacet
facet normal 0.2505022834916402 -0.5751894889201715 -0.7787205261203956
outer loop
vertex 23.813875198364258 -4.463633060455322 -16.751279830932617
vertex 23.239755630493164 -3.3096094131469727 -17.788366317749023
vertex 23.417585372924805 -3.229435443878174 -17.790380477905273
endloop
endfacet
facet normal 0.16549224394947276 -0.6115666951995675 -0.7736914724328086
outer loop
vertex 23.417585372924805 -3.229435443878174 -17.790380477905273
vertex 23.977317810058594 -3.0603525638580322 -17.804306030273438
vertex 24.247562408447266 -4.250877857208252 -16.80544662475586
endloop
endfacet
facet normal 0.029268362788682008 -0.6385627540619788 -0.7690129856279742
outer loop
vertex 24.605600357055664 -4.075234413146973 -16.93766975402832
vertex 23.977317810058594 -3.0603525638580322 -17.804306030273438
vertex 24.558856964111328 -3.003260374069214 -17.829580307006836
endloop
endfacet
facet normal -0.2731282561842408 -0.6105293876651753 -0.7434075749351372
outer loop
vertex 26.106033325195312 -4.705362319946289 -17.076801300048828
vertex 26.21001434326172 -4.886174201965332 -16.966510772705078
vertex 26.06831169128418 -4.776506423950195 -17.004514694213867
endloop
endfacet
facet normal -0.2559205097469292 -0.6063942739497122 -0.7528550173917109
outer loop
vertex 26.21001434326172 -4.886174201965332 -16.966510772705078
vertex 29.302183151245117 -5.7303266525268555 -17.337711334228516
vertex 29.281352996826172 -5.871114253997803 -17.21723175048828
endloop
endfacet
facet normal -0.25592096394671693 -0.6063961651812123 -0.7528533396791854
outer loop
vertex 26.523380279541016 -3.7361629009246826 -17.999326705932617
vertex 29.358165740966797 -4.645242691040039 -18.230737686157227
vertex 29.302183151245117 -5.7303266525268555 -17.337711334228516
endloop
endfacet
facet normal -0.25592080246277077 -0.606396001983037 -0.7528535260233559
outer loop
vertex 26.21001434326172 -4.886174201965332 -16.966510772705078
vertex 26.523380279541016 -3.7361629009246826 -17.999326705932617
vertex 29.302183151245117 -5.7303266525268555 -17.337711334228516
endloop
endfacet
facet normal -0.25592134031986385 -0.6063958216605443 -0.7528534884301976
outer loop
vertex 26.106033325195312 -4.705362319946289 -17.076801300048828
vertex 26.523380279541016 -3.7361629009246826 -17.999326705932617
vertex 26.21001434326172 -4.886174201965332 -16.966510772705078
endloop
endfacet
facet normal 0.034607613932259335 -0.6361478256873649 -0.7707906699819048
outer loop
vertex 29.40616226196289 -5.911139011383057 -17.183815002441406
vertex 29.358165740966797 -4.645242691040039 -18.230737686157227
vertex 30.606767654418945 -5.783661365509033 -17.235118865966797
endloop
endfacet
facet normal -0.004852740586486766 -0.6497607373803416 -0.7601233025422619
outer loop
vertex 29.281352996826172 -5.871114253997803 -17.21723175048828
vertex 29.302183151245117 -5.7303266525268555 -17.337711334228516
vertex 29.40616226196289 -5.911139011383057 -17.183815002441406
endloop
endfacet
facet normal 0.03460760180189209 -0.6361478262284178 -0.7707906700800032
outer loop
vertex 29.302183151245117 -5.7303266525268555 -17.337711334228516
vertex 29.358165740966797 -4.645242691040039 -18.230737686157227
vertex 29.40616226196289 -5.911139011383057 -17.183815002441406
endloop
endfacet
facet normal 0.034608186431068805 -0.6361474479477974 -0.770790956032475
outer loop
vertex 30.606767654418945 -5.783661365509033 -17.235118865966797
vertex 29.358165740966797 -4.645242691040039 -18.230737686157227
vertex 30.56175422668457 -5.596588134765625 -17.39153480529785
endloop
endfacet
facet normal 0.03460662816855763 -0.6361486245128666 -0.7707900549547789
outer loop
vertex 29.358165740966797 -4.645242691040039 -18.230737686157227
vertex 30.203760147094727 -4.555459499359131 -18.26687240600586
vertex 30.56175422668457 -5.596588134765625 -17.39153480529785
endloop
endfacet
facet normal 0.17888053363616463 -0.6054120112189388 -0.7755501604395942
outer loop
vertex 30.56175422668457 -5.596588134765625 -17.39153480529785
vertex 30.64496421813965 -5.779605388641357 -17.229475021362305
vertex 30.606767654418945 -5.783661365509033 -17.235118865966797
endloop
endfacet
facet normal 0.3137199901315598 -0.5455308419169715 -0.7771588436794722
outer loop
vertex 30.64496421813965 -5.779605388641357 -17.229475021362305
vertex 30.56175422668457 -5.596588134765625 -17.39153480529785
vertex 83.20697784423828 24.445293426513672 -17.228008270263672
endloop
endfacet
facet normal 0.3136508722629479 -0.5455784831588523 -0.7771532982898405
outer loop
vertex 83.20697784423828 24.445293426513672 -17.228008270263672
vertex 82.39250946044922 25.456890106201172 -18.266881942749023
vertex 83.09147644042969 24.611845016479492 -17.39154624938965
endloop
endfacet
facet normal 0.31371945489472064 -0.5455298772996531 -0.7771597368585076
outer loop
vertex 83.20697784423828 24.445293426513672 -17.228008270263672
vertex 30.203760147094727 -4.555459499359131 -18.26687240600586
vertex 82.39250946044922 25.456890106201172 -18.266881942749023
endloop
endfacet
facet normal 0.31371962552967136 -0.5455301997357986 -0.7771594416422811
outer loop
vertex 30.56175422668457 -5.596588134765625 -17.39153480529785
vertex 30.203760147094727 -4.555459499359131 -18.26687240600586
vertex 83.20697784423828 24.445293426513672 -17.228008270263672
endloop
endfacet
facet normal 0.42077715387327497 -0.47004606312860747 -0.7758887067844226
outer loop
vertex 83.20697784423828 24.445293426513672 -17.228008270263672
vertex 83.09147644042969 24.611845016479492 -17.39154624938965
vertex 83.22856140136719 24.472003936767578 -17.232484817504883
endloop
endfacet
facet normal 0.5121639742895526 -0.3761802950527246 -0.7721246331091733
outer loop
vertex 83.89977264404297 25.30268669128418 -17.191959381103516
vertex 82.39250946044922 25.456890106201172 -18.266881942749023
vertex 83.92727661132812 25.388446807861328 -17.215497970581055
endloop
endfacet
facet normal 0.5121678756120588 -0.37617507852949267 -0.7721245867632768
outer loop
vertex 83.09147644042969 24.611845016479492 -17.39154624938965
vertex 83.89977264404297 25.30268669128418 -17.191959381103516
vertex 83.22856140136719 24.472003936767578 -17.232484817504883
endloop
endfacet
facet normal 0.5121682953462848 -0.37616368424984775 -0.7721298594755039
outer loop
vertex 82.39250946044922 25.456890106201172 -18.266881942749023
vertex 83.79579162597656 25.48349952697754 -17.349021911621094
vertex 83.92727661132812 25.388446807861328 -17.215497970581055
endloop
endfacet
facet normal 0.5121663197892737 -0.37617261301354415 -0.7721268199538686
outer loop
vertex 83.09147644042969 24.611845016479492 -17.39154624938965
vertex 82.39250946044922 25.456890106201172 -18.266881942749023
vertex 83.89977264404297 25.30268669128418 -17.191959381103516
endloop
endfacet
facet normal 0.5121652483662807 -0.37617826211517214 -0.7721247784379898
outer loop
vertex 82.39250946044922 25.456890106201172 -18.266881942749023
vertex 82.8652114868164 26.041893005371094 -18.23834228515625
vertex 83.79579162597656 25.48349952697754 -17.349021911621094
endloop
endfacet
facet normal 0.6356420430289339 -0.147516048932691 -0.757758674276508
outer loop
vertex 84.93414306640625 28.528226852416992 -16.986858367919922
vertex 83.78048706054688 28.89606285095215 -18.02620506286621
vertex 84.83016204833984 28.70903778076172 -17.109281539916992
endloop
endfacet
facet normal 0.6356205740658363 -0.14753773057805483 -0.7577724618116537
outer loop
vertex 84.93414306640625 28.528226852416992 -16.986858367919922
vertex 84.83016204833984 28.70903778076172 -17.109281539916992
vertex 84.9177017211914 28.684415817260742 -17.03105926513672
endloop
endfacet
facet normal 0.6473918803269579 -0.1532388761264279 -0.7465933298190087
outer loop
vertex 83.79579162597656 25.48349952697754 -17.349021911621094
vertex 84.93414306640625 28.528226852416992 -16.986858367919922
vertex 83.92727661132812 25.388446807861328 -17.215497970581055
endloop
endfacet
facet normal 0.6356417763200222 -0.14751699640461366 -0.7577587135549732
outer loop
vertex 82.8652114868164 26.041893005371094 -18.23834228515625
vertex 83.78048706054688 28.89606285095215 -18.02620506286621
vertex 84.93414306640625 28.528226852416992 -16.986858367919922
endloop
endfacet
facet normal 0.6356425635872371 -0.147518091190755 -0.757757840030495
outer loop
vertex 83.79579162597656 25.48349952697754 -17.349021911621094
vertex 82.8652114868164 26.041893005371094 -18.23834228515625
vertex 84.93414306640625 28.528226852416992 -16.986858367919922
endloop
endfacet
facet normal 0.6654352485952412 0.14091046798295842 -0.7330349036299794
outer loop
vertex 84.83016204833984 28.70903778076172 -17.109281539916992
vertex 83.78048706054688 28.89606285095215 -18.02620506286621
vertex 84.6982192993164 29.966018676757812 -16.987428665161133
endloop
endfacet
facet normal 0.6814176093688309 0.14114572199912004 -0.7181559209554808
outer loop
vertex 84.6982192993164 29.966018676757812 -16.987428665161133
vertex 84.9177017211914 28.684415817260742 -17.03105926513672
vertex 84.83016204833984 28.70903778076172 -17.109281539916992
endloop
endfacet
facet normal 0.6629146519941895 0.13857623936096838 -0.7357586493246233
outer loop
vertex 84.9177017211914 28.684415817260742 -17.03105926513672
vertex 84.6982192993164 29.966018676757812 -16.987428665161133
vertex 84.80180358886719 29.785160064697266 -16.928163528442383
endloop
endfacet
facet normal 0.6654319554482385 0.14091529422001076 -0.7330369653184085
outer loop
vertex 83.78048706054688 28.89606285095215 -18.02620506286621
vertex 83.6911849975586 29.744182586669922 -17.944232940673828
vertex 84.6982192993164 29.966018676757812 -16.987428665161133
endloop
endfacet
facet normal 0.5767394470439027 0.415524755234527 -0.7033567999321396
outer loop
vertex 84.6982192993164 29.966018676757812 -16.987428665161133
vertex 83.6911849975586 29.744182586669922 -17.944232940673828
vertex 68.9544906616211 57.45500183105469 -13.657221794128418
endloop
endfacet
facet normal 0.5767342241597503 0.4155228173490123 -0.7033622274086023
outer loop
vertex 68.9544906616211 57.45500183105469 -13.657221794128418
vertex 83.6911849975586 29.744182586669922 -17.944232940673828
vertex 68.03580474853516 57.07890319824219 -14.63270092010498
endloop
endfacet
facet normal 0.5767310642442368 0.41552851931645013 -0.70336144987509
outer loop
vertex 68.9544906616211 57.45500183105469 -13.657221794128418
vertex 68.03580474853516 57.07890319824219 -14.63270092010498
vertex 68.78499603271484 57.592193603515625 -13.7151517868042
endloop
endfacet
facet normal 0.40973170648672097 0.6116874428643481 -0.6767262378107963
outer loop
vertex 68.78499603271484 57.592193603515625 -13.7151517868042
vertex 67.89463806152344 58.2216682434082 -13.68525218963623
vertex 68.08122253417969 58.16184616088867 -13.626355171203613
endloop
endfacet
facet normal 0.40972865620167415 0.6116825274469917 -0.6767325275936059
outer loop
vertex 68.03580474853516 57.07890319824219 -14.63270092010498
vertex 67.44639587402344 57.55598831176758 -14.558333396911621
vertex 67.89463806152344 58.2216682434082 -13.68525218963623
endloop
endfacet
facet normal 0.4097280978247429 0.6116826482386365 -0.6767327564827098
outer loop
vertex 68.03580474853516 57.07890319824219 -14.63270092010498
vertex 67.89463806152344 58.2216682434082 -13.68525218963623
vertex 68.78499603271484 57.592193603515625 -13.7151517868042
endloop
endfacet
facet normal 0.18217086003101166 0.73459314093819 -0.6535952073279959
outer loop
vertex 67.44639587402344 57.55598831176758 -14.558333396911621
vertex 64.71417999267578 59.18212127685547 -13.492205619812012
vertex 64.85304260253906 59.19681930541992 -13.436982154846191
endloop
endfacet
facet normal 0.18216283169615513 0.7345862191851518 -0.6536052243760774
outer loop
vertex 67.44639587402344 57.55598831176758 -14.558333396911621
vertex 64.58992004394531 58.47179412841797 -14.325173377990723
vertex 64.71417999267578 59.18212127685547 -13.492205619812012
endloop
endfacet
facet normal 0.18216135331567299 0.7345856669198157 -0.6536062570953339
outer loop
vertex 67.89463806152344 58.2216682434082 -13.68525218963623
vertex 67.44639587402344 57.55598831176758 -14.558333396911621
vertex 64.85304260253906 59.19681930541992 -13.436982154846191
endloop
endfacet
facet normal -0.10812096086784713 0.7643289638901232 -0.635697327963288
outer loop
vertex 64.58992004394531 58.47179412841797 -14.325173377990723
vertex 63.55118942260742 59.038658142089844 -13.466936111450195
vertex 63.59463119506836 59.063602447509766 -13.44433307647705
endloop
endfacet
facet normal -0.10809874532511005 0.764345425428227 -0.6356813131484044
outer loop
vertex 64.58992004394531 58.47179412841797 -14.325173377990723
vertex 63.74510192871094 58.38235855102539 -14.289048194885254
vertex 63.55118942260742 59.038658142089844 -13.466936111450195
endloop
endfacet
facet normal -0.10809799465282156 0.7643448935408742 -0.6356820803436479
outer loop
vertex 64.71417999267578 59.18212127685547 -13.492205619812012
vertex 64.58992004394531 58.47179412841797 -14.325173377990723
vertex 63.59463119506836 59.063602447509766 -13.44433307647705
endloop
endfacet
facet normal -0.38699969842950166 0.6739494626613225 -0.6293038655482655
outer loop
vertex 27.637020111083984 38.41862487792969 -13.463899612426758
vertex 63.74510192871094 58.38235855102539 -14.289048194885254
vertex 28.089113235473633 37.91055679321289 -14.286033630371094
endloop
endfacet
facet normal -0.3870001023957005 0.673950237891833 -0.6293027868929701
outer loop
vertex 63.74510192871094 58.38235855102539 -14.289048194885254
vertex 27.637020111083984 38.41862487792969 -13.463899612426758
vertex 63.55118942260742 59.038658142089844 -13.466936111450195
endloop
endfacet
facet normal -0.5840969994082004 0.5065393094252787 -0.6342307334789907
outer loop
vertex 28.089113235473633 37.91055679321289 -14.286033630371094
vertex 26.97631072998047 37.63229751586914 -13.483430862426758
vertex 27.599163055419922 38.396888732910156 -13.446394920349121
endloop
endfacet
facet normal -0.5840975272799294 0.5065387330540183 -0.634230707662048
outer loop
vertex 28.089113235473633 37.91055679321289 -14.286033630371094
vertex 27.599163055419922 38.396888732910156 -13.446394920349121
vertex 27.637020111083984 38.41862487792969 -13.463899612426758
endloop
endfacet
facet normal -0.5840967668407258 0.5065404967472932 -0.6342299993860399
outer loop
vertex 28.089113235473633 37.91055679321289 -14.286033630371094
vertex 27.618423461914062 37.33275604248047 -14.314022064208984
vertex 26.97631072998047 37.63229751586914 -13.483430862426758
endloop
endfacet
facet normal -0.707765856745528 0.28056960222756966 -0.648342648860255
outer loop
vertex 26.97631072998047 37.63229751586914 -13.483430862426758
vertex 27.618423461914062 37.33275604248047 -14.314022064208984
vertex 26.89781951904297 37.535945892333984 -13.439441680908203
endloop
endfacet
facet normal -0.7077673988316799 0.2805651605908331 -0.648342887532267
outer loop
vertex 27.618423461914062 37.33275604248047 -14.314022064208984
vertex 25.966333389282227 34.702171325683594 -13.648872375488281
vertex 26.89781951904297 37.535945892333984 -13.439441680908203
endloop
endfacet
facet normal -0.7077671696805612 0.28056492797149407 -0.6483432383504266
outer loop
vertex 27.618423461914062 37.33275604248047 -14.314022064208984
vertex 26.732662200927734 34.638084411621094 -14.513172149658203
vertex 25.966333389282227 34.702171325683594 -13.648872375488281
endloop
endfacet
facet normal -0.7426706592445171 0.08226211978549418 -0.6645850100218267
outer loop
vertex 26.732662200927734 34.638084411621094 -14.513172149658203
vertex 26.699275970458984 33.54889678955078 -14.610682487487793
vertex 25.879079818725586 33.49260330200195 -13.701085090637207
endloop
endfacet
facet normal -0.7426702954243914 0.08226150663543802 -0.6645854924840858
outer loop
vertex 26.732662200927734 34.638084411621094 -14.513172149658203
vertex 25.879079818725586 33.49260330200195 -13.701085090637207
vertex 25.910995483398438 34.53382110595703 -13.607870101928711
endloop
endfacet
facet normal -0.7426703068470206 0.08225881904064479 -0.6645858123807572
outer loop
vertex 26.732662200927734 34.638084411621094 -14.513172149658203
vertex 25.910995483398438 34.53382110595703 -13.607870101928711
vertex 25.966333389282227 34.702171325683594 -13.648872375488281
endloop
endfacet
facet normal -0.6440104289851364 0.4231993579904623 -0.6373012401955933
outer loop
vertex 26.00242042541504 31.67381477355957 -14.745041847229004
vertex 25.3836669921875 31.993715286254883 -13.907344818115234
vertex 26.268402099609375 32.118629455566406 -14.71844482421875
endloop
endfacet
facet normal -0.6440110017895524 0.4231969981004948 -0.637302228438554
outer loop
vertex 25.649646759033203 32.43852996826172 -13.88074779510498
vertex 26.268402099609375 32.118629455566406 -14.71844482421875
vertex 25.3836669921875 31.993715286254883 -13.907344818115234
endloop
endfacet
facet normal -0.7131504134665299 0.2688423254882145 -0.6474104507950165
outer loop
vertex 25.868038177490234 33.13235855102539 -13.766514778137207
vertex 26.640623092651367 33.04591369628906 -14.653447151184082
vertex 25.857421875 32.78600311279297 -13.89864730834961
endloop
endfacet
facet normal -0.6594397153376973 0.396687423347539 -0.6385752500631598
outer loop
vertex 25.810993194580078 32.70835876464844 -13.879746437072754
vertex 26.468420028686523 32.488521575927734 -14.695218086242676
vertex 25.649646759033203 32.43852996826172 -13.88074779510498
endloop
endfacet
facet normal -0.6594395667224475 0.39668796435533077 -0.6385750674560778
outer loop
vertex 26.468420028686523 32.488521575927734 -14.695218086242676
vertex 26.268402099609375 32.118629455566406 -14.71844482421875
vertex 25.649646759033203 32.43852996826172 -13.88074779510498
endloop
endfacet
facet normal -0.7131504424697973 0.2688406481603751 -0.6474111153678486
outer loop
vertex 26.468420028686523 32.488521575927734 -14.695218086242676
vertex 25.810993194580078 32.70835876464844 -13.879746437072754
vertex 26.640623092651367 33.04591369628906 -14.653447151184082
endloop
endfacet
facet normal -0.7394769082845085 0.142174710593981 -0.6579971533232516
outer loop
vertex 26.640623092651367 33.04591369628906 -14.653447151184082
vertex 25.868038177490234 33.13235855102539 -13.766514778137207
vertex 26.699275970458984 33.54889678955078 -14.610682487487793
endloop
endfacet
facet normal -0.7131504484790196 0.26884126930116903 -0.6474108508163186
outer loop
vertex 26.640623092651367 33.04591369628906 -14.653447151184082
vertex 25.810993194580078 32.70835876464844 -13.879746437072754
vertex 25.857421875 32.78600311279297 -13.89864730834961
endloop
endfacet
facet normal -0.739476871712716 0.1421744325712397 -0.6579972544965681
outer loop
vertex 25.868038177490234 33.13235855102539 -13.766514778137207
vertex 25.879079818725586 33.49260330200195 -13.701085090637207
vertex 26.699275970458984 33.54889678955078 -14.610682487487793
endloop
endfacet
facet normal -0.38914528085208594 0.6742416345309366 -0.6276656503709617
outer loop
vertex 24.932607650756836 30.621917724609375 -14.784836769104004
vertex 14.50491714477539 25.355762481689453 -13.976722717285156
vertex 24.605857849121094 31.187572479248047 -13.974626541137695
endloop
endfacet
facet normal -0.38914533258128453 0.6742417630720654 -0.6276654802198973
outer loop
vertex 14.83166790008545 24.79010772705078 -14.786933898925781
vertex 14.50491714477539 25.355762481689453 -13.976722717285156
vertex 24.932607650756836 30.621917724609375 -14.784836769104004
endloop
endfacet
facet normal -0.6594363875480439 0.3966941872344125 -0.6385744847643183
outer loop
vertex 25.3836669921875 31.993715286254883 -13.907344818115234
vertex 25.924659729003906 31.530014038085938 -14.754071235656738
vertex 25.3215274810791 31.88979721069336 -13.907731056213379
endloop
endfacet
facet normal -0.5818016100034528 0.5117452866926067 -0.6321579297495937
outer loop
vertex 25.094892501831055 31.51078224182129 -14.005970001220703
vertex 25.3215274810791 31.88979721069336 -13.907731056213379
vertex 25.924659729003906 31.530014038085938 -14.754071235656738
endloop
endfacet
facet normal -0.4832147907511137 0.6095959849176312 -0.6284076711591455
outer loop
vertex 25.098722457885742 30.71023941040039 -14.785493850708008
vertex 25.057573318481445 31.44837188720703 -14.037816047668457
vertex 25.55198097229004 31.079755783081055 -14.775572776794434
endloop
endfacet
facet normal -0.3674743156991461 0.6864749871164147 -0.6274669069879003
outer loop
vertex 25.098722457885742 30.71023941040039 -14.785493850708008
vertex 24.932607650756836 30.621917724609375 -14.784836769104004
vertex 24.728134155273438 31.258169174194336 -13.969001770019531
endloop
endfacet
facet normal -0.367475004764765 0.6864746796052832 -0.62746683986802
outer loop
vertex 24.728134155273438 31.258169174194336 -13.969001770019531
vertex 24.932607650756836 30.621917724609375 -14.784836769104004
vertex 24.605857849121094 31.187572479248047 -13.974626541137695
endloop
endfacet
facet normal -0.483215605392595 0.609595641967929 -0.6284073774223028
outer loop
vertex 25.057573318481445 31.44837188720703 -14.037816047668457
vertex 25.098722457885742 30.71023941040039 -14.785493850708008
vertex 24.728134155273438 31.258169174194336 -13.969001770019531
endloop
endfacet
facet normal -0.4832111467958154 0.60959955297018 -0.6284070119204824
outer loop
vertex 25.094892501831055 31.51078224182129 -14.005970001220703
vertex 25.55198097229004 31.079755783081055 -14.775572776794434
vertex 25.057573318481445 31.44837188720703 -14.037816047668457
endloop
endfacet
facet normal -0.5818016543767461 0.5117451717980929 -0.6321579819205175
outer loop
vertex 25.55198097229004 31.079755783081055 -14.775572776794434
vertex 25.094892501831055 31.51078224182129 -14.005970001220703
vertex 25.924659729003906 31.530014038085938 -14.754071235656738
endloop
endfacet
facet normal -0.6594390322143562 0.39669040506491027 -0.6385741032344097
outer loop
vertex 26.00242042541504 31.67381477355957 -14.745041847229004
vertex 25.924659729003906 31.530014038085938 -14.754071235656738
vertex 25.3836669921875 31.993715286254883 -13.907344818115234
endloop
endfacet
facet normal 0.3581278794235069 0.6496818840103277 -0.6705653372851994
outer loop
vertex 11.687658309936523 24.878103256225586 -14.614144325256348
vertex 10.559962272644043 25.63160514831543 -14.48637580871582
vertex 11.100981712341309 26.28496742248535 -13.564419746398926
endloop
endfacet
facet normal 0.358128488454295 0.6496818905559432 -0.6705650056788659
outer loop
vertex 12.228677749633789 25.531465530395508 -13.692187309265137
vertex 11.687658309936523 24.878103256225586 -14.614144325256348
vertex 11.100981712341309 26.28496742248535 -13.564419746398926
endloop
endfacet
facet normal -0.10280095434276629 0.7664278829222892 -0.634050679414094
outer loop
vertex 13.921628952026367 24.434770584106445 -14.771623611450195
vertex 13.340091705322266 24.37767791748047 -14.746349334716797
vertex 13.424872398376465 24.732194900512695 -14.331562042236328
endloop
endfacet
facet normal 0.035962199782737556 0.7664264993631041 -0.6413245210194323
outer loop
vertex 13.36487865447998 24.772281646728516 -14.2733793258667
vertex 12.7590970993042 24.434770584106445 -14.710697174072266
vertex 12.936245918273926 25.058685302734375 -13.955142974853516
endloop
endfacet
facet normal -0.2390231961041019 0.7394307247494394 -0.6293727949480331
outer loop
vertex 14.481362342834473 24.603853225708008 -14.78554916381836
vertex 13.921628952026367 24.434770584106445 -14.771623611450195
vertex 13.83812141418457 24.970787048339844 -14.110159873962402
endloop
endfacet
facet normal 0.1719264455893097 0.7394302621848982 -0.6509102739027853
outer loop
vertex 12.7590970993042 24.434770584106445 -14.710697174072266
vertex 12.200974464416504 24.603853225708008 -14.666038513183594
vertex 12.936245918273926 25.058685302734375 -13.955142974853516
endloop
endfacet
facet normal 0.17192572652807184 0.7394307879456725 -0.6509098665682036
outer loop
vertex 12.936245918273926 25.058685302734375 -13.955142974853516
vertex 12.200974464416504 24.603853225708008 -14.666038513183594
vertex 12.570693969726562 25.30293846130371 -13.774226188659668
endloop
endfacet
facet normal 0.2998085225690673 0.6865055557459584 -0.6624386550654225
outer loop
vertex 12.570693969726562 25.30293846130371 -13.774226188659668
vertex 12.200974464416504 24.603853225708008 -14.666038513183594
vertex 12.228677749633789 25.531465530395508 -13.692187309265137
endloop
endfacet
facet normal -0.10279783922510681 0.7664278191179039 -0.6340512615970593
outer loop
vertex 13.424872398376465 24.732194900512695 -14.331562042236328
vertex 13.340091705322266 24.37767791748047 -14.746349334716797
vertex 13.36487865447998 24.772281646728516 -14.2733793258667
endloop
endfacet
facet normal -0.1028024545576973 0.7664268552870681 -0.634051678360438
outer loop
vertex 13.83812141418457 24.970787048339844 -14.110159873962402
vertex 13.921628952026367 24.434770584106445 -14.771623611450195
vertex 13.424872398376465 24.732194900512695 -14.331562042236328
endloop
endfacet
facet normal -0.3674736135940079 0.6864756180110679 -0.6274666279480401
outer loop
vertex 14.83166790008545 24.79010772705078 -14.786933898925781
vertex 14.481362342834473 24.603853225708008 -14.78554916381836
vertex 14.50491714477539 25.355762481689453 -13.976722717285156
endloop
endfacet
facet normal -0.23902350653418383 0.7394304840567257 -0.629372959835215
outer loop
vertex 13.83812141418457 24.970787048339844 -14.110159873962402
vertex 14.2450532913208 25.205730438232422 -13.988677024841309
vertex 14.481362342834473 24.603853225708008 -14.78554916381836
endloop
endfacet
facet normal -0.36747126719050033 0.6864762632859398 -0.6274672961472824
outer loop
vertex 14.50491714477539 25.355762481689453 -13.976722717285156
vertex 14.481362342834473 24.603853225708008 -14.78554916381836
vertex 14.2450532913208 25.205730438232422 -13.988677024841309
endloop
endfacet
facet normal 0.035960487776857515 0.7664277539118223 -0.6413231177437233
outer loop
vertex 13.340091705322266 24.37767791748047 -14.746349334716797
vertex 12.7590970993042 24.434770584106445 -14.710697174072266
vertex 13.36487865447998 24.772281646728516 -14.2733793258667
endloop
endfacet
facet normal 0.2998100962199487 0.6865051751362775 -0.6624383372931357
outer loop
vertex 12.200974464416504 24.603853225708008 -14.666038513183594
vertex 11.687658309936523 24.878103256225586 -14.614144325256348
vertex 12.228677749633789 25.531465530395508 -13.692187309265137
endloop
endfacet
facet normal 0.6681349761831763 0.027082015402956426 -0.7435470516668198
outer loop
vertex 10.651429176330566 29.302600860595703 -12.882858276367188
vertex 10.502269744873047 31.91529655456543 -12.921728134155273
vertex 10.663766860961914 29.53801918029785 -12.863197326660156
endloop
endfacet
facet normal 0.6704602637039365 0.028927859156455685 -0.7413812877046952
outer loop
vertex 9.26318073272705 28.25800895690918 -14.179064750671387
vertex 9.463830947875977 31.941755294799805 -13.853873252868652
vertex 10.651429176330566 29.302600860595703 -12.882858276367188
endloop
endfacet
facet normal 0.668127996722268 0.02707943574233333 -0.7435534171502179
outer loop
vertex 10.502269744873047 31.91529655456543 -12.921728134155273
vertex 10.58797550201416 31.908363342285156 -12.844968795776367
vertex 10.606250762939453 31.73448371887207 -12.834879875183105
endloop
endfacet
facet normal 0.6697434965662565 0.030600718579903693 -0.7419617542903394
outer loop
vertex 10.491814613342285 28.090208053588867 -13.076939582824707
vertex 9.26318073272705 28.25800895690918 -14.179064750671387
vertex 10.651429176330566 29.302600860595703 -12.882858276367188
endloop
endfacet
facet normal 0.6681312618789093 0.02708175355643192 -0.7435503987789966
outer loop
vertex 10.651429176330566 29.302600860595703 -12.882858276367188
vertex 9.463830947875977 31.941755294799805 -13.853873252868652
vertex 10.502269744873047 31.91529655456543 -12.921728134155273
endloop
endfacet
facet normal 0.6681300840714203 0.027081574436982517 -0.7435514636423837
outer loop
vertex 10.502269744873047 31.91529655456543 -12.921728134155273
vertex 10.606250762939453 31.73448371887207 -12.834879875183105
vertex 10.663766860961914 29.53801918029785 -12.863197326660156
endloop
endfacet
facet normal 0.6679951396494199 0.13312139450780153 -0.7321619955508825
outer loop
vertex 9.301565170288086 27.522790908813477 -14.248078346252441
vertex 9.247076988220215 28.102458953857422 -14.19239616394043
vertex 10.479433059692383 27.99616241455078 -13.087370872497559
endloop
endfacet
facet normal 0.6415706980374756 0.268842747921584 -0.7184083910351254
outer loop
vertex 9.301565170288086 27.522790908813477 -14.248078346252441
vertex 10.43205451965332 27.63628387451172 -13.196029663085938
vertex 9.468460083007812 26.96539878845215 -14.307621002197266
endloop
endfacet
facet normal 0.5890772515167693 0.39668878288839204 -0.7040071031431254
outer loop
vertex 10.322620391845703 26.805049896240234 -13.68325424194336
vertex 9.741345405578613 26.451704025268555 -14.368736267089844
vertex 10.379404067993164 27.236360549926758 -13.392708778381348
endloop
endfacet
facet normal 0.6673362644949137 -0.005253638689557237 -0.7447380139152923
outer loop
vertex 10.479433059692383 27.99616241455078 -13.087370872497559
vertex 9.247076988220215 28.102458953857422 -14.19239616394043
vertex 10.491814613342285 28.090208053588867 -13.076939582824707
endloop
endfacet
facet normal 0.6673362069660711 -0.005260054239167673 -0.744738020179941
outer loop
vertex 9.247076988220215 28.102458953857422 -14.19239616394043
vertex 9.26318073272705 28.25800895690918 -14.179064750671387
vertex 10.491814613342285 28.090208053588867 -13.076939582824707
endloop
endfacet
facet normal 0.5890855229292428 0.39667586723817283 -0.7040074594960086
outer loop
vertex 10.364187240600586 26.77727508544922 -13.664122581481934
vertex 9.741345405578613 26.451704025268555 -14.368736267089844
vertex 10.322620391845703 26.805049896240234 -13.68325424194336
endloop
endfacet
facet normal 0.5125332146551012 0.5117475421981957 -0.6895100847191534
outer loop
vertex 10.75151538848877 26.51847267150879 -13.568290710449219
vertex 10.109736442565918 26.001445770263672 -14.429076194763184
vertex 10.364187240600586 26.77727508544922 -13.664122581481934
endloop
endfacet
facet normal 0.4148290780636101 0.6096426987911933 -0.6754647406071509
outer loop
vertex 10.109736442565918 26.001445770263672 -14.429076194763184
vertex 10.75151538848877 26.51847267150879 -13.568290710449219
vertex 10.559962272644043 25.63160514831543 -14.48637580871582
endloop
endfacet
facet normal 0.5125346892495173 0.5117466388688492 -0.6895096590493394
outer loop
vertex 10.109736442565918 26.001445770263672 -14.429076194763184
vertex 9.741345405578613 26.451704025268555 -14.368736267089844
vertex 10.364187240600586 26.77727508544922 -13.664122581481934
endloop
endfacet
facet normal 0.6415699701692258 0.26884405804163103 -0.7184085507792671
outer loop
vertex 10.379404067993164 27.236360549926758 -13.392708778381348
vertex 9.468460083007812 26.96539878845215 -14.307621002197266
vertex 10.43205451965332 27.63628387451172 -13.196029663085938
endloop
endfacet
facet normal 0.4148305721021469 0.6096420409166641 -0.6754644168247281
outer loop
vertex 11.100981712341309 26.28496742248535 -13.564419746398926
vertex 10.559962272644043 25.63160514831543 -14.48637580871582
vertex 10.75151538848877 26.51847267150879 -13.568290710449219
endloop
endfacet
facet normal 0.6679954417963088 0.13312040700400612 -0.7321618994310221
outer loop
vertex 10.43205451965332 27.63628387451172 -13.196029663085938
vertex 9.301565170288086 27.522790908813477 -14.248078346252441
vertex 10.479433059692383 27.99616241455078 -13.087370872497559
endloop
endfacet
facet normal 0.5890782695504916 0.3966876732217248 -0.7040068765696343
outer loop
vertex 9.741345405578613 26.451704025268555 -14.368736267089844
vertex 9.468460083007812 26.96539878845215 -14.307621002197266
vertex 10.379404067993164 27.236360549926758 -13.392708778381348
endloop
endfacet
facet normal 0.6585012633135745 0.1900116164402903 -0.7281975500042378
outer loop
vertex 10.502269744873047 31.91529655456543 -12.921728134155273
vertex 9.463830947875977 31.941755294799805 -13.853873252868652
vertex 10.581608772277832 31.96893310546875 -12.835987091064453
endloop
endfacet
facet normal 0.6585016689021201 0.19000879283300087 -0.7281979200047665
outer loop
vertex 10.581608772277832 31.96893310546875 -12.835987091064453
vertex 9.463830947875977 31.941755294799805 -13.853873252868652
vertex 10.181198120117188 34.12936019897461 -12.634353637695312
endloop
endfacet
facet normal 0.6644937643046123 0.17749054590911587 -0.7259098727205537
outer loop
vertex 10.58797550201416 31.908363342285156 -12.844968795776367
vertex 10.502269744873047 31.91529655456543 -12.921728134155273
vertex 10.581608772277832 31.96893310546875 -12.835987091064453
endloop
endfacet
facet normal 0.6584999973606592 0.1900164624391149 -0.7281974302880614
outer loop
vertex 10.181198120117188 34.12936019897461 -12.634353637695312
vertex 9.078886985778809 34.11064529418945 -13.636043548583984
vertex 10.077217102050781 34.3101692199707 -12.681201934814453
endloop
endfacet
facet normal 0.6584949784735501 0.1900121056395856 -0.7282031056206295
outer loop
vertex 10.181198120117188 34.12936019897461 -12.634353637695312
vertex 10.077217102050781 34.3101692199707 -12.681201934814453
vertex 10.130722999572754 34.31773376464844 -12.630844116210938
endloop
endfacet
facet normal 0.6585009992661657 0.19000927924083627 -0.7281983986303726
outer loop
vertex 9.463830947875977 31.941755294799805 -13.853873252868652
vertex 9.078886985778809 34.11064529418945 -13.636043548583984
vertex 10.181198120117188 34.12936019897461 -12.634353637695312
endloop
endfacet
facet normal 0.6109078492458264 0.3475518532440073 -0.711336284071391
outer loop
vertex 7.680074691772461 37.52604293823242 -13.168654441833496
vertex 7.247265815734863 38.30991744995117 -13.157364845275879
vertex 7.6231689453125 37.7136344909668 -13.125870704650879
endloop
endfacet
facet normal 0.6108988558290376 0.34754684281614495 -0.711346455670725
outer loop
vertex 7.6231689453125 38.103816986083984 -12.935237884521484
vertex 7.247265815734863 38.30991744995117 -13.157364845275879
vertex 7.680074691772461 38.29140853881836 -12.79471492767334
endloop
endfacet
facet normal 0.6108989523760067 0.3475463899662254 -0.7113465940083934
outer loop
vertex 7.680074691772461 38.29140853881836 -12.79471492767334
vertex 7.247265815734863 38.30991744995117 -13.157364845275879
vertex 7.77248477935791 38.46429443359375 -12.63088607788086
endloop
endfacet
facet normal 0.6108992692977238 0.34754563742956696 -0.7113466895088381
outer loop
vertex 7.77248477935791 38.46429443359375 -12.63088607788086
vertex 7.247265815734863 38.30991744995117 -13.157364845275879
vertex 7.896847248077393 38.6158332824707 -12.45004653930664
endloop
endfacet
facet normal 0.6108994871514536 0.3475463608080726 -0.7113461489929893
outer loop
vertex 8.40886402130127 36.927940368652344 -12.834993362426758
vertex 8.603954315185547 36.90872573852539 -12.676838874816895
vertex 9.078886985778809 34.11064529418945 -13.636043548583984
endloop
endfacet
facet normal 0.6108988675489784 0.34754691087969375 -0.7113464123515054
outer loop
vertex 7.603954315185547 37.90872573852539 -13.047056198120117
vertex 7.247265815734863 38.30991744995117 -13.157364845275879
vertex 7.6231689453125 38.103816986083984 -12.935237884521484
endloop
endfacet
facet normal 0.6108967426523024 0.34754414892322383 -0.7113495866070625
outer loop
vertex 7.6231689453125 37.7136344909668 -13.125870704650879
vertex 7.247265815734863 38.30991744995117 -13.157364845275879
vertex 7.603954315185547 37.90872573852539 -13.047056198120117
endloop
endfacet
facet normal 0.610896080284221 0.3475463798248435 -0.7113490654833392
outer loop
vertex 8.221270561218262 36.98484420776367 -12.968294143676758
vertex 8.40886402130127 36.927940368652344 -12.834993362426758
vertex 9.078886985778809 34.11064529418945 -13.636043548583984
endloop
endfacet
facet normal 0.6109010777324307 0.34754682353487965 -0.7113445569315687
outer loop
vertex 8.048383712768555 37.07725524902344 -13.071619033813477
vertex 8.221270561218262 36.98484420776367 -12.968294143676758
vertex 9.078886985778809 34.11064529418945 -13.636043548583984
endloop
endfacet
facet normal 0.610899791520529 0.3475466070312778 -0.7113457673039327
outer loop
vertex 7.896847248077393 37.20161819458008 -13.140996932983398
vertex 8.048383712768555 37.07725524902344 -13.071619033813477
vertex 9.078886985778809 34.11064529418945 -13.636043548583984
endloop
endfacet
facet normal 0.610902095781418 0.3475474064558582 -0.7113433978295418
outer loop
vertex 7.247265815734863 38.30991744995117 -13.157364845275879
vertex 7.77248477935791 37.353153228759766 -13.173761367797852
vertex 9.078886985778809 34.11064529418945 -13.636043548583984
endloop
endfacet
facet normal 0.6108994576500959 0.34754604274558354 -0.711346329726037
outer loop
vertex 10.077217102050781 34.3101692199707 -12.681201934814453
vertex 9.078886985778809 34.11064529418945 -13.636043548583984
vertex 9.386736869812012 36.42825698852539 -12.239336967468262
endloop
endfacet
facet normal 0.6108942278754085 0.347545343507196 -0.7113511626158868
outer loop
vertex 9.078886985778809 34.11064529418945 -13.636043548583984
vertex 7.77248477935791 37.353153228759766 -13.173761367797852
vertex 7.896847248077393 37.20161819458008 -13.140996932983398
endloop
endfacet
facet normal 0.6106822470711332 0.347430929214753 -0.7115890264310748
outer loop
vertex 7.247265815734863 38.30991744995117 -13.157364845275879
vertex 7.680074691772461 37.52604293823242 -13.168654441833496
vertex 7.77248477935791 37.353153228759766 -13.173761367797852
endloop
endfacet
facet normal 0.6197430234017174 0.33645254287128945 -0.7090262839559205
outer loop
vertex 10.130722999572754 34.31773376464844 -12.630844116210938
vertex 10.077217102050781 34.3101692199707 -12.681201934814453
vertex 10.120183944702148 34.3570671081543 -12.621391296386719
endloop
endfacet
facet normal 0.6108981904527255 0.34754649927108394 -0.7113471949378868
outer loop
vertex 9.078886985778809 34.11064529418945 -13.636043548583984
vertex 8.603954315185547 36.90872573852539 -12.676838874816895
vertex 8.799044609069824 36.927940368652344 -12.499909400939941
endloop
endfacet
facet normal 0.6108991801758379 0.34754629505079526 -0.7113464447489385
outer loop
vertex 9.078886985778809 34.11064529418945 -13.636043548583984
vertex 8.799044609069824 36.927940368652344 -12.499909400939941
vertex 8.986638069152832 36.98484420776367 -12.311003684997559
endloop
endfacet
facet normal 0.6108849258309503 0.34754410627953836 -0.7113597553860292
outer loop
vertex 10.120183944702148 34.3570671081543 -12.621391296386719
vertex 10.077217102050781 34.3101692199707 -12.681201934814453
vertex 9.386736869812012 36.42825698852539 -12.239336967468262
endloop
endfacet
facet normal 0.6108994255946276 0.34754622217698045 -0.7113462695893351
outer loop
vertex 9.290852546691895 36.64361572265625 -12.216462135314941
vertex 9.078886985778809 34.11064529418945 -13.636043548583984
vertex 8.986638069152832 36.98484420776367 -12.311003684997559
endloop
endfacet
facet normal 0.6108977281092417 0.3475440047652338 -0.7113488107410528
outer loop
vertex 8.986638069152832 36.98484420776367 -12.311003684997559
vertex 9.078825950622559 37.034122467041016 -12.207757949829102
vertex 9.290852546691895 36.64361572265625 -12.216462135314941
endloop
endfacet
facet normal 0.6108966529121812 0.3475474519616642 -0.7113480498993784
outer loop
vertex 9.290852546691895 36.64361572265625 -12.216462135314941
vertex 9.386736869812012 36.42825698852539 -12.239336967468262
vertex 9.078886985778809 34.11064529418945 -13.636043548583984
endloop
endfacet
facet normal 0.4931069976504989 0.5319744941867461 -0.6883666366137065
outer loop
vertex 7.9582929611206055 38.666259765625 -12.372640609741211
vertex 6.776455879211426 40.515445709228516 -11.790178298950195
vertex 8.048383712768555 38.740196228027344 -12.25096607208252
endloop
endfacet
facet normal 0.49311635732521286 0.5319786302046544 -0.6883567353806401
outer loop
vertex 8.048383712768555 38.740196228027344 -12.25096607208252
vertex 6.776455879211426 40.515445709228516 -11.790178298950195
vertex 8.112399101257324 38.774410247802734 -12.178666114807129
endloop
endfacet
facet normal 0.49310571222259697 0.5319769873317847 -0.6883656306955218
outer loop
vertex 4.234372138977051 41.70768356323242 -12.689820289611816
vertex 4.86637020111084 42.33148193359375 -11.755014419555664
vertex 5.024909019470215 42.203102111816406 -11.740659713745117
endloop
endfacet
facet normal 0.49685612578243393 0.5313842358651272 -0.6861230094862765
outer loop
vertex 7.896847248077393 38.6158332824707 -12.45004653930664
vertex 7.247265815734863 38.30991744995117 -13.157364845275879
vertex 6.776455879211426 40.515445709228516 -11.790178298950195
endloop
endfacet
facet normal 0.4677904298997481 0.5233192245196309 -0.7122563463686239
outer loop
vertex 7.896847248077393 38.6158332824707 -12.45004653930664
vertex 6.776455879211426 40.515445709228516 -11.790178298950195
vertex 7.9582929611206055 38.666259765625 -12.372640609741211
endloop
endfacet
facet normal 0.4931106091134235 0.5319740840073873 -0.6883643665416518
outer loop
vertex 6.776455879211426 40.515445709228516 -11.790178298950195
vertex 7.247265815734863 38.30991744995117 -13.157364845275879
vertex 6.618714809417725 40.690635681152344 -11.76778793334961
endloop
endfacet
facet normal 0.49310847953341824 0.5319743101644256 -0.6883657172879283
outer loop
vertex 7.247265815734863 38.30991744995117 -13.157364845275879
vertex 5.024909019470215 42.203102111816406 -11.740659713745117
vertex 6.618714809417725 40.690635681152344 -11.76778793334961
endloop
endfacet
facet normal 0.4931080388277901 0.531974203478009 -0.6883661154337486
outer loop
vertex 5.024909019470215 42.203102111816406 -11.740659713745117
vertex 7.247265815734863 38.30991744995117 -13.157364845275879
vertex 4.234372138977051 41.70768356323242 -12.689820289611816
endloop
endfacet
facet normal 0.3237344476530174 0.671249969178882 -0.6667979351198876
outer loop
vertex 4.234372138977051 41.70768356323242 -12.689820289611816
vertex 0.843585193157196 44.65977478027344 -11.364266395568848
vertex 2.8267619609832764 43.71384811401367 -11.35366439819336
endloop
endfacet
facet normal 0.3237373559068722 0.6712506277574535 -0.6667958601593533
outer loop
vertex 3.030919313430786 43.595977783203125 -11.373201370239258
vertex 4.234372138977051 41.70768356323242 -12.689820289611816
vertex 2.8267619609832764 43.71384811401367 -11.35366439819336
endloop
endfacet
facet normal 0.3237360733277725 0.6712504025792182 -0.6667967095476347
outer loop
vertex 4.86637020111084 42.33148193359375 -11.755014419555664
vertex 4.234372138977051 41.70768356323242 -12.689820289611816
vertex 3.030919313430786 43.595977783203125 -11.373201370239258
endloop
endfacet
facet normal 0.32373224007219614 0.6712485543334207 -0.6668004311959695
outer loop
vertex 0.843585193157196 44.65977478027344 -11.364266395568848
vertex 4.234372138977051 41.70768356323242 -12.689820289611816
vertex 0.6741478443145752 44.724815368652344 -11.381053924560547
endloop
endfacet
facet normal 0.3237346665014072 0.6712501915774698 -0.6667976049840257
outer loop
vertex 4.234372138977051 41.70768356323242 -12.689820289611816
vertex 0.2860437035560608 44.027462005615234 -12.271491050720215
vertex 0.6741478443145752 44.724815368652344 -11.381053924560547
endloop
endfacet
facet normal 0.17230870039204352 0.7376774853722529 -0.6527952507058202
outer loop
vertex 0.2860437035560608 44.027462005615234 -12.271491050720215
vertex -1.6304043531417847 45.39958190917969 -11.226812362670898
vertex -1.4832336902618408 45.3682975769043 -11.223318099975586
endloop
endfacet
facet normal 0.1722809538183462 0.7376744453012944 -0.6528060092407763
outer loop
vertex 0.6741478443145752 44.724815368652344 -11.381053924560547
vertex 0.2860437035560608 44.027462005615234 -12.271491050720215
vertex 0.6235023140907288 44.74425506591797 -11.372452735900879
endloop
endfacet
facet normal 0.17229543213495296 0.7376696429009468 -0.6528076148512816
outer loop
vertex 0.2860437035560608 44.027462005615234 -12.271491050720215
vertex -1.4832336902618408 45.3682975769043 -11.223318099975586
vertex 0.6235023140907288 44.74425506591797 -11.372452735900879
endloop
endfacet
facet normal 0.17229458563978692 0.7376684130085475 -0.6528092280357756
outer loop
vertex -1.8362840414047241 44.6737174987793 -12.101369857788086
vertex -1.6304043531417847 45.39958190917969 -11.226812362670898
vertex 0.2860437035560608 44.027462005615234 -12.271491050720215
endloop
endfacet
facet normal 0.034855887450983704 0.7649737304538268 -0.6431176088598104
outer loop
vertex -1.6304043531417847 45.39958190917969 -11.226812362670898
vertex -1.8362840414047241 44.6737174987793 -12.101369857788086
vertex -1.713822841644287 45.41731262207031 -11.210243225097656
endloop
endfacet
facet normal 0.034862914774008005 0.764973065100318 -0.6431180193747371
outer loop
vertex -1.713822841644287 45.41731262207031 -11.210243225097656
vertex -1.8362840414047241 44.6737174987793 -12.101369857788086
vertex -3.8922433853149414 45.704105377197266 -10.987200736999512
endloop
endfacet
facet normal 0.034874215260779204 0.7649826379813479 -0.64310601979537
outer loop
vertex -1.8362840414047241 44.6737174987793 -12.101369857788086
vertex -4.127660751342773 45.71644592285156 -10.9852876663208
vertex -3.8922433853149414 45.704105377197266 -10.987200736999512
endloop
endfacet
facet normal 0.03486279822092327 0.7649718925563183 -0.6431194204026277
outer loop
vertex -1.8362840414047241 44.6737174987793 -12.101369857788086
vertex -5.89346170425415 45.670204162597656 -11.13601303100586
vertex -4.127660751342773 45.71644592285156 -10.9852876663208
endloop
endfacet
facet normal 0.03808344757333967 0.7709506263495457 -0.6357552852726996
outer loop
vertex -6.5215163230896 45.14290237426758 -11.813069343566895
vertex -5.89346170425415 45.670204162597656 -11.13601303100586
vertex -1.8362840414047241 44.6737174987793 -12.101369857788086
endloop
endfacet
facet normal 0.04994255245064703 0.7649843977600569 -0.6421095020620683
outer loop
vertex -5.89346170425415 45.670204162597656 -11.13601303100586
vertex -6.5215163230896 45.14290237426758 -11.813069343566895
vertex -6.409047603607178 45.8011474609375 -11.020113945007324
endloop
endfacet
facet normal 0.3191203088151574 0.6739377601478663 -0.6663108313306902
outer loop
vertex -7.722362995147705 45.512779235839844 -11.71642780303955
vertex -20.478496551513672 52.87753677368164 -10.376742362976074
vertex -20.176130294799805 53.576255798339844 -9.525211334228516
endloop
endfacet
facet normal 0.31668278978079595 0.6712886021696483 -0.670137018268482
outer loop
vertex -20.001924514770508 53.55561065673828 -9.46265697479248
vertex -7.238424777984619 46.18660354614258 -10.812753677368164
vertex -7.722362995147705 45.512779235839844 -11.71642780303955
endloop
endfacet
facet normal 0.3191266137588656 0.6739447547805187 -0.6663007368258166
outer loop
vertex -7.722362995147705 45.512779235839844 -11.71642780303955
vertex -20.176130294799805 53.576255798339844 -9.525211334228516
vertex -20.001924514770508 53.55561065673828 -9.46265697479248
endloop
endfacet
facet normal 0.03596067307160426 0.7664270477865649 -0.6413239512238786
outer loop
vertex -6.409047603607178 45.8011474609375 -11.020113945007324
vertex -6.5215163230896 45.14290237426758 -11.813069343566895
vertex -6.621497631072998 45.8551025390625 -10.967546463012695
endloop
endfacet
facet normal 0.299874613220352 0.6864733171361709 -0.6624421493277783
outer loop
vertex -6.999356746673584 46.04857635498047 -10.847566604614258
vertex -7.37363338470459 45.34087371826172 -11.750370025634766
vertex -7.238424777984619 46.18660354614258 -10.812753677368164
endloop
endfacet
facet normal 0.1719252693501591 0.739430162763593 -0.6509106975263825
outer loop
vertex -6.8155107498168945 45.171791076660156 -11.795029640197754
vertex -7.37363338470459 45.34087371826172 -11.750370025634766
vertex -6.697826862335205 45.874488830566406 -10.965685844421387
endloop
endfacet
facet normal 0.17192501609288108 0.7394303197046115 -0.6509105861352991
outer loop
vertex -6.697826862335205 45.874488830566406 -10.965685844421387
vertex -7.37363338470459 45.34087371826172 -11.750370025634766
vertex -6.999356746673584 46.04857635498047 -10.847566604614258
endloop
endfacet
facet normal 0.03595913445748829 0.766427000831507 -0.6413240936106249
outer loop
vertex -6.5215163230896 45.14290237426758 -11.813069343566895
vertex -6.8155107498168945 45.171791076660156 -11.795029640197754
vertex -6.621497631072998 45.8551025390625 -10.967546463012695
endloop
endfacet
facet normal 0.27700284875241565 0.6932916149592534 -0.6652940390611031
outer loop
vertex -7.37363338470459 45.34087371826172 -11.750370025634766
vertex -7.722362995147705 45.512779235839844 -11.71642780303955
vertex -7.238424777984619 46.18660354614258 -10.812753677368164
endloop
endfacet
facet normal 0.17193509609928379 0.7394281509337871 -0.6509103873314442
outer loop
vertex -6.621497631072998 45.8551025390625 -10.967546463012695
vertex -6.8155107498168945 45.171791076660156 -11.795029640197754
vertex -6.697826862335205 45.874488830566406 -10.965685844421387
endloop
endfacet
facet normal 0.04974976035120384 0.7633694550783237 -0.6440435050510338
outer loop
vertex -20.478496551513672 52.87753677368164 -10.376742362976074
vertex -21.302324295043945 52.97515869140625 -10.324670791625977
vertex -21.324939727783203 53.671913146972656 -9.500571250915527
endloop
endfacet
facet normal 0.04974957701776701 0.76336927123444 -0.6440437371184919
outer loop
vertex -20.176130294799805 53.576255798339844 -9.525211334228516
vertex -20.478496551513672 52.87753677368164 -10.376742362976074
vertex -21.22727394104004 53.70081329345703 -9.458772659301758
endloop
endfacet
facet normal 0.049748068331011995 0.7633687361638354 -0.6440444878616397
outer loop
vertex -20.478496551513672 52.87753677368164 -10.376742362976074
vertex -21.324939727783203 53.671913146972656 -9.500571250915527
vertex -21.22727394104004 53.70081329345703 -9.458772659301758
endloop
endfacet
facet normal -0.23477609275363007 0.7391120652808189 -0.6313426496187798
outer loop
vertex -24.64012336730957 52.68778610229492 -9.419877052307129
vertex -21.324939727783203 53.671913146972656 -9.500571250915527
vertex -21.302324295043945 52.97515869140625 -10.324670791625977
endloop
endfacet
facet normal -0.23477614898870192 0.7391117975893715 -0.6313429420926813
outer loop
vertex -24.319801330566406 52.08224105834961 -10.247904777526855
vertex -24.64012336730957 52.68778610229492 -9.419877052307129
vertex -21.302324295043945 52.97515869140625 -10.324670791625977
endloop
endfacet
facet normal -0.4873837483347517 0.6041977025381947 -0.6303984597908966
outer loop
vertex -24.956247329711914 51.5533561706543 -10.262748718261719
vertex -25.515522003173828 51.960330963134766 -9.440293312072754
vertex -24.319801330566406 52.08224105834961 -10.247904777526855
endloop
endfacet
facet normal -0.4873841818911376 0.6041964924769059 -0.6303992843594531
outer loop
vertex -24.319801330566406 52.08224105834961 -10.247904777526855
vertex -25.515522003173828 51.960330963134766 -9.440293312072754
vertex -24.64012336730957 52.68778610229492 -9.419877052307129
endloop
endfacet
facet normal -0.6670545175307749 0.3820074717557754 -0.6396159489604254
outer loop
vertex -35.177677154541016 31.549463272094727 -11.550061225891113
vertex -35.82715606689453 31.826566696166992 -10.707221984863281
vertex -24.956247329711914 51.5533561706543 -10.262748718261719
endloop
endfacet
facet normal -0.6657508463788145 0.38132872802457823 -0.641376809472442
outer loop
vertex -24.956247329711914 51.5533561706543 -10.262748718261719
vertex -35.82715606689453 31.826566696166992 -10.707221984863281
vertex -25.58332061767578 51.90399169921875 -9.403375625610352
endloop
endfacet
facet normal -0.6659003935629823 0.3810649786278157 -0.6413783188696417
outer loop
vertex -24.956247329711914 51.5533561706543 -10.262748718261719
vertex -25.58332061767578 51.90399169921875 -9.403375625610352
vertex -25.515522003173828 51.960330963134766 -9.440293312072754
endloop
endfacet
facet normal -0.40283690734447763 0.6612929541363642 -0.632782786500026
outer loop
vertex -36.619178771972656 30.917478561401367 -10.787303924560547
vertex -36.26941680908203 30.35089874267578 -11.602073669433594
vertex -37.09544372558594 30.625802993774414 -10.788925170898438
endloop
endfacet
facet normal -0.40283763817775126 0.6612920809957451 -0.6327832337220132
outer loop
vertex -36.26941680908203 30.35089874267578 -11.602073669433594
vertex -36.74568176269531 30.059223175048828 -11.603693962097168
vertex -37.09544372558594 30.625802993774414 -10.788925170898438
endloop
endfacet
facet normal -0.6594417994165188 0.39668427504742876 -0.6385750536251786
outer loop
vertex -35.94923400878906 31.587295532226562 -10.729790687561035
vertex -35.82715606689453 31.826566696166992 -10.707221984863281
vertex -35.177677154541016 31.549463272094727 -11.550061225891113
endloop
endfacet
facet normal -0.5818006431377437 0.5117467815866494 -0.6321576094457885
outer loop
vertex -35.35038757324219 31.23006820678711 -11.570116996765137
vertex -35.72306823730469 30.779809951782227 -11.591618537902832
vertex -36.14183044433594 31.209815979003906 -10.858114242553711
endloop
endfacet
facet normal -0.5818010235128679 0.5117457920714427 -0.6321580604062178
outer loop
vertex -35.94923400878906 31.587295532226562 -10.729790687561035
vertex -35.35038757324219 31.23006820678711 -11.570116996765137
vertex -36.14183044433594 31.209815979003906 -10.858114242553711
endloop
endfacet
facet normal -0.489146464331155 0.6051498960769223 -0.6281157056708743
outer loop
vertex -36.14183044433594 31.209815979003906 -10.858114242553711
vertex -36.176326751708984 30.410293579101562 -11.601539611816406
vertex -36.54859161376953 30.96070671081543 -10.781349182128906
endloop
endfacet
facet normal -0.36523425306338153 0.6834565375597043 -0.632053084523867
outer loop
vertex -36.54859161376953 30.96070671081543 -10.781349182128906
vertex -36.26941680908203 30.35089874267578 -11.602073669433594
vertex -36.619178771972656 30.917478561401367 -10.787303924560547
endloop
endfacet
facet normal -0.4816875402473319 0.6078006116383672 -0.6313125454657952
outer loop
vertex -35.72306823730469 30.779809951782227 -11.591618537902832
vertex -36.176326751708984 30.410293579101562 -11.601539611816406
vertex -36.14183044433594 31.209815979003906 -10.858114242553711
endloop
endfacet
facet normal -0.4154432401585801 0.6567864872801257 -0.6293158382980469
outer loop
vertex -36.176326751708984 30.410293579101562 -11.601539611816406
vertex -36.26941680908203 30.35089874267578 -11.602073669433594
vertex -36.54859161376953 30.96070671081543 -10.781349182128906
endloop
endfacet
facet normal -0.659441283829419 0.3966857996450994 -0.6385746389744394
outer loop
vertex -35.177677154541016 31.549463272094727 -11.550061225891113
vertex -35.35038757324219 31.23006820678711 -11.570116996765137
vertex -35.94923400878906 31.587295532226562 -10.729790687561035
endloop
endfacet
facet normal -0.03350075280511886 0.7682835667960135 -0.6392323994860446
outer loop
vertex -38.310279846191406 29.61786651611328 -11.561919212341309
vertex -51.9435920715332 30.32651710510254 -9.995711326599121
vertex -38.26576614379883 30.32651710510254 -10.712535858154297
endloop
endfacet
facet normal -0.03350073884597179 0.7682836406869286 -0.6392323114092501
outer loop
vertex -38.310279846191406 29.61786651611328 -11.561919212341309
vertex -51.98810958862305 29.61786651611328 -10.845094680786133
vertex -51.9435920715332 30.32651710510254 -9.995711326599121
endloop
endfacet
facet normal -0.3543504711995967 0.6895562054021457 -0.6316232921227792
outer loop
vertex -36.74568176269531 30.059223175048828 -11.603693962097168
vertex -37.169010162353516 29.84404182434082 -11.601118087768555
vertex -37.09544372558594 30.625802993774414 -10.788925170898438
endloop
endfacet
facet normal -0.10280124875208704 0.7664270449456279 -0.6340516446086424
outer loop
vertex -37.83024978637695 30.32651710510254 -10.783147811889648
vertex -38.310279846191406 29.61786651611328 -11.561919212341309
vertex -38.26576614379883 30.32651710510254 -10.712535858154297
endloop
endfacet
facet normal -0.3674768197769381 0.6864734651723289 -0.6274671055449227
outer loop
vertex -37.169010162353516 29.84404182434082 -11.601118087768555
vertex -37.40218734741211 30.437944412231445 -10.814805030822754
vertex -37.09544372558594 30.625802993774414 -10.788925170898438
endloop
endfacet
facet normal -0.23902229734342245 0.7394306900206346 -0.6293731770804034
outer loop
vertex -37.58413314819336 30.32651710510254 -10.876618385314941
vertex -37.40218734741211 30.437944412231445 -10.814805030822754
vertex -37.169010162353516 29.84404182434082 -11.601118087768555
endloop
endfacet
facet normal -0.23902423510893442 0.7394303420146165 -0.6293728500171707
outer loop
vertex -37.58413314819336 30.32651710510254 -10.876618385314941
vertex -37.72874450683594 29.674959182739258 -11.58719253540039
vertex -37.83024978637695 30.32651710510254 -10.783147811889648
endloop
endfacet
facet normal -0.10280020854717217 0.7664268219237129 -0.6340520828438111
outer loop
vertex -37.72874450683594 29.674959182739258 -11.58719253540039
vertex -38.310279846191406 29.61786651611328 -11.561919212341309
vertex -37.83024978637695 30.32651710510254 -10.783147811889648
endloop
endfacet
facet normal -0.23902272364358804 0.7394304693783779 -0.6293732744062721
outer loop
vertex -37.169010162353516 29.84404182434082 -11.601118087768555
vertex -37.72874450683594 29.674959182739258 -11.58719253540039
vertex -37.58413314819336 30.32651710510254 -10.876618385314941
endloop
endfacet
facet normal 0.4644189458438137 0.5625947974862678 -0.6839606250236236
outer loop
vertex -54.088462829589844 30.486242294311523 -10.655882835388184
vertex -54.68362808227539 31.08140754699707 -10.570452690124512
vertex -53.97960662841797 31.652324676513672 -9.622801780700684
endloop
endfacet
facet normal 0.46424420832113444 0.5626650240093205 -0.6840214805083783
outer loop
vertex -53.38301086425781 31.055727005004883 -9.70864486694336
vertex -54.088462829589844 30.486242294311523 -10.655882835388184
vertex -53.97960662841797 31.652324676513672 -9.622801780700684
endloop
endfacet
facet normal 0.17192741978545004 0.7394301206858928 -0.6509101773273821
outer loop
vertex -52.38410568237305 30.32651710510254 -10.02041244506836
vertex -52.5691032409668 29.674959182739258 -10.809442520141602
vertex -52.65380096435547 30.32651710510254 -10.09164810180664
endloop
endfacet
facet normal 0.17192478425092048 0.7394313081124967 -0.6509095245449374
outer loop
vertex -52.65380096435547 30.32651710510254 -10.09164810180664
vertex -53.12722396850586 29.84404182434082 -10.76478385925293
vertex -52.79656219482422 30.46927833557129 -9.967179298400879
endloop
endfacet
facet normal 0.4148831644628402 0.6095949889268935 -0.6754745808100557
outer loop
vertex -53.641029357910156 30.11861801147461 -10.712834358215332
vertex -54.088462829589844 30.486242294311523 -10.655882835388184
vertex -53.38301086425781 31.055727005004883 -9.70864486694336
endloop
endfacet
facet normal 0.29987285419788107 0.6864752754313764 -0.6624409162609388
outer loop
vertex -53.12722396850586 29.84404182434082 -10.76478385925293
vertex -53.641029357910156 30.11861801147461 -10.712834358215332
vertex -52.79656219482422 30.46927833557129 -9.967179298400879
endloop
endfacet
facet normal 0.1719270009427935 0.7394301506353204 -0.650910253935398
outer loop
vertex -52.5691032409668 29.674959182739258 -10.809442520141602
vertex -53.12722396850586 29.84404182434082 -10.76478385925293
vertex -52.65380096435547 30.32651710510254 -10.09164810180664
endloop
endfacet
facet normal 0.03596039280444827 0.7664268583900333 -0.6413241932811624
outer loop
vertex -51.98810958862305 29.61786651611328 -10.845094680786133
vertex -52.5691032409668 29.674959182739258 -10.809442520141602
vertex -52.38410568237305 30.32651710510254 -10.02041244506836
endloop
endfacet
facet normal 0.035961246376151564 0.7664270346026543 -0.6413239348326675
outer loop
vertex -52.38410568237305 30.32651710510254 -10.02041244506836
vertex -51.9435920715332 30.32651710510254 -9.995711326599121
vertex -51.98810958862305 29.61786651611328 -10.845094680786133
endloop
endfacet
facet normal 0.29987282567246304 0.6864753054458342 -0.6624408980703571
outer loop
vertex -52.79656219482422 30.46927833557129 -9.967179298400879
vertex -53.641029357910156 30.11861801147461 -10.712834358215332
vertex -53.09954833984375 30.77226448059082 -9.790355682373047
endloop
endfacet
facet normal 0.41488298197661855 0.6095950755292338 -0.6754746147389231
outer loop
vertex -53.09954833984375 30.77226448059082 -9.790355682373047
vertex -53.641029357910156 30.11861801147461 -10.712834358215332
vertex -53.38301086425781 31.055727005004883 -9.70864486694336
endloop
endfacet
facet normal 0.6697137257543115 0.06785642089294526 -0.7395126987955503
outer loop
vertex -55.547264099121094 33.17020797729492 -10.334835052490234
vertex -54.515140533447266 33.45895767211914 -9.37363338470459
vertex -54.41115951538086 33.27814483642578 -9.29605770111084
endloop
endfacet
facet normal 0.6687931133564534 0.07246476290403547 -0.7399085279034456
outer loop
vertex -55.547264099121094 33.17020797729492 -10.334835052490234
vertex -55.54862594604492 33.361656188964844 -10.317316055297852
vertex -54.515140533447266 33.45895767211914 -9.37363338470459
endloop
endfacet
facet normal 0.6801208285192761 0.07839616905827386 -0.7288962198360202
outer loop
vertex -54.41115951538086 33.27814483642578 -9.29605770111084
vertex -54.515140533447266 33.45895767211914 -9.37363338470459
vertex -54.483211517333984 33.464786529541016 -9.34321403503418
endloop
endfacet
facet normal 0.6694578530336969 0.07044749604926806 -0.7395020847245136
outer loop
vertex -54.41115951538086 33.07728576660156 -9.315192222595215
vertex -55.547264099121094 33.17020797729492 -10.334835052490234
vertex -54.41115951538086 33.27814483642578 -9.29605770111084
endloop
endfacet
facet normal 0.5890774547077751 0.3966898656166805 -0.7040063230341252
outer loop
vertex -54.270538330078125 31.943256378173828 -9.62313461303711
vertex -55.0543212890625 31.533557891845703 -10.509819984436035
vertex -54.41115951538086 32.08387756347656 -9.6615629196167
endloop
endfacet
facet normal 0.6679956919312009 0.13312064484305663 -0.7321616279742644
outer loop
vertex -54.41115951538086 32.71336364746094 -9.381360054016113
vertex -55.494102478027344 32.604644775390625 -10.389162063598633
vertex -54.41115951538086 33.07728576660156 -9.315192222595215
endloop
endfacet
facet normal 0.6415710728797288 0.2688425916876948 -0.7184081147499638
outer loop
vertex -54.41115951538086 32.319732666015625 -9.528664588928223
vertex -55.494102478027344 32.604644775390625 -10.389162063598633
vertex -54.41115951538086 32.71336364746094 -9.381360054016113
endloop
endfacet
facet normal 0.5890776690778842 0.39668958356603234 -0.7040063025882471
outer loop
vertex -54.41115951538086 32.08387756347656 -9.6615629196167
vertex -55.0543212890625 31.533557891845703 -10.509819984436035
vertex -54.41115951538086 32.319732666015625 -9.528664588928223
endloop
endfacet
facet normal 0.6679958330886655 0.133120208887512 -0.7321615784524103
outer loop
vertex -54.41115951538086 33.07728576660156 -9.315192222595215
vertex -55.494102478027344 32.604644775390625 -10.389162063598633
vertex -55.547264099121094 33.17020797729492 -10.334835052490234
endloop
endfacet
facet normal 0.6415711104318949 0.2688407178118138 -0.7184087824530085
outer loop
vertex -55.32720947265625 32.0472526550293 -10.448704719543457
vertex -55.494102478027344 32.604644775390625 -10.389162063598633
vertex -54.41115951538086 32.319732666015625 -9.528664588928223
endloop
endfacet
facet normal 0.5121201092028497 0.5123068825751054 -0.6894016621797765
outer loop
vertex -54.68362808227539 31.08140754699707 -10.570452690124512
vertex -55.0543212890625 31.533557891845703 -10.509819984436035
vertex -54.270538330078125 31.943256378173828 -9.62313461303711
endloop
endfacet
facet normal 0.5890770539348752 0.3966902561849281 -0.7040064383053215
outer loop
vertex -55.0543212890625 31.533557891845703 -10.509819984436035
vertex -55.32720947265625 32.0472526550293 -10.448704719543457
vertex -54.41115951538086 32.319732666015625 -9.528664588928223
endloop
endfacet
facet normal 0.5126892676627846 0.5119007156380513 -0.6892803291496493
outer loop
vertex -53.97960662841797 31.652324676513672 -9.622801780700684
vertex -54.68362808227539 31.08140754699707 -10.570452690124512
vertex -54.270538330078125 31.943256378173828 -9.62313461303711
endloop
endfacet
facet normal 0.6222629672631121 0.3198939931321552 -0.7144624781826345
outer loop
vertex -54.515140533447266 33.45895767211914 -9.37363338470459
vertex -55.54862594604492 33.361656188964844 -10.317316055297852
vertex -54.81376647949219 34.32105255126953 -9.247727394104004
endloop
endfacet
facet normal 0.6222640247070228 0.31989269817779115 -0.7144621370009403
outer loop
vertex -55.54862594604492 33.361656188964844 -10.317316055297852
vertex -55.8210563659668 34.06705856323242 -10.238754272460938
vertex -54.96025466918945 34.48250961303711 -9.303021430969238
endloop
endfacet
facet normal 0.6222643360640558 0.3198924072254422 -0.7144619960937542
outer loop
vertex -54.81376647949219 34.32105255126953 -9.247727394104004
vertex -55.54862594604492 33.361656188964844 -10.317316055297852
vertex -54.96025466918945 34.48250961303711 -9.303021430969238
endloop
endfacet
facet normal 0.6222729499477608 0.31989604697435325 -0.7144528640109816
outer loop
vertex -54.515140533447266 33.45895767211914 -9.37363338470459
vertex -54.81376647949219 34.32105255126953 -9.247727394104004
vertex -54.483211517333984 33.464786529541016 -9.34321403503418
endloop
endfacet
facet normal 0.48778092651940913 0.537913099379951 -0.6875458277375565
outer loop
vertex -55.8210563659668 34.06705856323242 -10.238754272460938
vertex -57.0882453918457 36.82792282104492 -8.977755546569824
vertex -54.96025466918945 34.48250961303711 -9.303021430969238
endloop
endfacet
facet normal 0.48778042207163935 0.5379128074708351 -0.6875464139986898
outer loop
vertex -55.8210563659668 34.06705856323242 -10.238754272460938
vertex -57.836036682128906 36.28791427612305 -9.93076229095459
vertex -57.27892303466797 36.912960052490234 -9.046503067016602
endloop
endfacet
facet normal 0.48778428728805756 0.537913433504297 -0.6875431820115009
outer loop
vertex -57.0882453918457 36.82792282104492 -8.977755546569824
vertex -55.8210563659668 34.06705856323242 -10.238754272460938
vertex -57.27892303466797 36.912960052490234 -9.046503067016602
endloop
endfacet
facet normal 0.25397002603313 0.7071582113367926 -0.6598685399499505
outer loop
vertex -57.836036682128906 36.28791427612305 -9.93076229095459
vertex -58.61238098144531 36.63414001464844 -9.85852336883545
vertex -58.39929962158203 37.34253692626953 -9.017348289489746
endloop
endfacet
facet normal 0.2539618716195499 0.7071573623480903 -0.6598725881868306
outer loop
vertex -57.836036682128906 36.28791427612305 -9.93076229095459
vertex -58.39929962158203 37.34253692626953 -9.017348289489746
vertex -58.240379333496094 37.341739654541016 -8.957039833068848
endloop
endfacet
facet normal 0.25396956558265593 0.707157470877416 -0.6598695106913288
outer loop
vertex -57.27892303466797 36.912960052490234 -9.046503067016602
vertex -57.836036682128906 36.28791427612305 -9.93076229095459
vertex -58.240379333496094 37.341739654541016 -8.957039833068848
endloop
endfacet
facet normal -0.029940258583020133 0.768274823335732 -0.6394195623723374
outer loop
vertex -58.61238098144531 36.63414001464844 -9.85852336883545
vertex -70.82676696777344 37.405029296875 -8.360357284545898
vertex -58.39929962158203 37.34253692626953 -9.017348289489746
endloop
endfacet
facet normal -0.029939957420793945 0.768276049064821 -0.6394181037341605
outer loop
vertex -58.61238098144531 36.63414001464844 -9.85852336883545
vertex -70.99480438232422 36.854488372802734 -9.013978004455566
vertex -70.90239715576172 37.027374267578125 -8.810578346252441
endloop
endfacet
facet normal -0.029936708989665148 0.7682947471217613 -0.6393957890070727
outer loop
vertex -80.73649597167969 37.42484664916992 -7.872534275054932
vertex -80.66439056396484 37.454498291015625 -7.840281009674072
vertex -72.75015258789062 37.027374267578125 -8.724058151245117
endloop
endfacet
facet normal -0.029940605959631793 0.7682727768464133 -0.6394220049947227
outer loop
vertex -72.80706024169922 37.2149658203125 -8.495997428894043
vertex -80.66439056396484 37.454498291015625 -7.840281009674072
vertex -72.8262710571289 37.410057067871094 -8.260693550109863
endloop
endfacet
facet normal -0.02994011363931655 0.7682765567617661 -0.6394174864089577
outer loop
vertex -72.75015258789062 37.027374267578125 -8.724058151245117
vertex -80.66439056396484 37.454498291015625 -7.840281009674072
vertex -72.80706024169922 37.2149658203125 -8.495997428894043
endloop
endfacet
facet normal -0.029940431479259455 0.7682772625638266 -0.6394166234860249
outer loop
vertex -72.65774536132812 36.854488372802734 -8.936112403869629
vertex -80.63227081298828 36.744869232177734 -8.694418907165527
vertex -72.75015258789062 37.027374267578125 -8.724058151245117
endloop
endfacet
facet normal -0.029940337104593668 0.7682742490971881 -0.6394202486535869
outer loop
vertex -72.75015258789062 37.027374267578125 -8.724058151245117
vertex -80.63227081298828 36.744869232177734 -8.694418907165527
vertex -80.73649597167969 37.42484664916992 -7.872534275054932
endloop
endfacet
facet normal -0.029939902231903855 0.7682765260429913 -0.6394175332172686
outer loop
vertex -58.61238098144531 36.63414001464844 -9.85852336883545
vertex -70.84548950195312 37.2149658203125 -8.587846755981445
vertex -70.82676696777344 37.405029296875 -8.360357284545898
endloop
endfacet
facet normal -0.029939862564592194 0.7682767574056818 -0.6394172570863447
outer loop
vertex -58.61238098144531 36.63414001464844 -9.85852336883545
vertex -70.90239715576172 37.027374267578125 -8.810578346252441
vertex -70.84548950195312 37.2149658203125 -8.587846755981445
endloop
endfacet
facet normal -0.02994064452062768 0.7682678514981137 -0.6394279210045193
outer loop
vertex -72.53436279296875 36.70414733886719 -9.122523307800293
vertex -80.63227081298828 36.744869232177734 -8.694418907165527
vertex -72.65774536132812 36.854488372802734 -8.936112403869629
endloop
endfacet
facet normal -0.029940610076762318 0.7682694848927898 -0.6394259601007759
outer loop
vertex -58.61238098144531 36.63414001464844 -9.85852336883545
vertex -71.12633514404297 36.69706726074219 -9.19696044921875
vertex -70.99480438232422 36.854488372802734 -9.013978004455566
endloop
endfacet
facet normal -0.30342494156238164 0.7149104569694309 -0.6299494768262172
outer loop
vertex -80.63227081298828 36.744869232177734 -8.694418907165527
vertex -81.37728881835938 36.4384651184082 -8.683298110961914
vertex -81.76072692871094 37.00360870361328 -7.857244968414307
endloop
endfacet
facet normal -0.30342603306885696 0.7149090739240099 -0.6299505206579417
outer loop
vertex -80.63227081298828 36.744869232177734 -8.694418907165527
vertex -81.76072692871094 37.00360870361328 -7.857244968414307
vertex -80.73649597167969 37.42484664916992 -7.872534275054932
endloop
endfacet
facet normal -0.5356829789095431 0.5601520750175949 -0.631880842374637
outer loop
vertex -81.37728881835938 36.4384651184082 -8.683298110961914
vertex -83.67760467529297 34.13814926147461 -8.77237606048584
vertex -84.27909088134766 34.493892669677734 -7.947099685668945
endloop
endfacet
facet normal -0.5356828782401467 0.5601518002749551 -0.6318811712727948
outer loop
vertex -81.37728881835938 36.4384651184082 -8.683298110961914
vertex -84.27909088134766 34.493892669677734 -7.947099685668945
vertex -81.76072692871094 37.00360870361328 -7.857244968414307
endloop
endfacet
facet normal -0.6893256432677225 0.3302889418942158 -0.6447785452354474
outer loop
vertex -83.67760467529297 34.13814926147461 -8.77237606048584
vertex -83.98470306396484 33.39674377441406 -8.823846817016602
vertex -84.74361419677734 33.4789924621582 -7.970371246337891
endloop
endfacet
facet normal -0.6893257671548544 0.3302899014634299 -0.6447779212470363
outer loop
vertex -83.67760467529297 34.13814926147461 -8.77237606048584
vertex -84.74361419677734 33.4789924621582 -7.970371246337891
vertex -84.35443878173828 34.418548583984375 -7.905143737792969
endloop
endfacet
facet normal -0.6893191266104399 0.3303045999561545 -0.6447774910283585
outer loop
vertex -84.27909088134766 34.493892669677734 -7.947099685668945
vertex -83.67760467529297 34.13814926147461 -8.77237606048584
vertex -84.35443878173828 34.418548583984375 -7.905143737792969
endloop
endfacet
facet normal -0.7430012387659705 0.06074204495050836 -0.6665279912857852
outer loop
vertex -83.98470306396484 33.39674377441406 -8.823846817016602
vertex -84.8111572265625 -60.249568939208984 -16.436748504638672
vertex -84.8111572265625 33.315921783447266 -7.90993595123291
endloop
endfacet
facet normal -0.7430011206343573 0.060742054542153257 -0.6665281220969504
outer loop
vertex -83.98470306396484 33.39674377441406 -8.823846817016602
vertex -83.98470306396484 -59.994041442871094 -17.33473777770996
vertex -84.8111572265625 -60.249568939208984 -16.436748504638672
endloop
endfacet
facet normal -0.7430012599032019 0.06072614857598197 -0.6665294162011024
outer loop
vertex -84.74361419677734 33.4789924621582 -7.970371246337891
vertex -83.98470306396484 33.39674377441406 -8.823846817016602
vertex -84.8111572265625 33.315921783447266 -7.90993595123291
endloop
endfacet
facet normal -0.6896676473063679 -0.2074770330530656 -0.6937663994561833
outer loop
vertex -83.98470306396484 -59.994041442871094 -17.33473777770996
vertex -84.8111572265625 -60.46359634399414 -16.37274169921875
vertex -84.8111572265625 -60.249568939208984 -16.436748504638672
endloop
endfacet
facet normal -0.6896704494056121 -0.20747043610881777 -0.6937655867492117
outer loop
vertex -83.98470306396484 -59.994041442871094 -17.33473777770996
vertex -84.43673706054688 -61.367530822753906 -16.47463035583496
vertex -84.8111572265625 -60.46359634399414 -16.37274169921875
endloop
endfacet
facet normal -0.689667666782624 -0.207472666468323 -0.693767685946193
outer loop
vertex -83.98470306396484 -59.994041442871094 -17.33473777770996
vertex -83.67569732666016 -60.739803314208984 -17.418895721435547
vertex -84.43673706054688 -61.367530822753906 -16.47463035583496
endloop
endfacet
facet normal -0.5380461089995152 -0.43434949055507455 -0.7223897179812493
outer loop
vertex -84.43673706054688 -61.367530822753906 -16.47463035583496
vertex -83.67569732666016 -60.739803314208984 -17.418895721435547
vertex -84.35443878173828 -61.56622314453125 -16.416460037231445
endloop
endfacet
facet normal -0.5380428379008428 -0.4343527529866604 -0.7223901927327895
outer loop
vertex -83.67569732666016 -60.739803314208984 -17.418895721435547
vertex -82.06396484375 -63.856689453125 -16.7452335357666
vertex -84.35443878173828 -61.56622314453125 -16.416460037231445
endloop
endfacet
facet normal -0.538085773744794 -0.4343662842641568 -0.7223500752322354
outer loop
vertex -82.03288269042969 -63.81094741821289 -16.7958927154541
vertex -82.06396484375 -63.856689453125 -16.7452335357666
vertex -83.67569732666016 -60.739803314208984 -17.418895721435547
endloop
endfacet
facet normal -0.5380448741318388 -0.43435229285090565 -0.7223889527917873
outer loop
vertex -83.67569732666016 -60.739803314208984 -17.418895721435547
vertex -81.52418518066406 -62.891319274902344 -17.727724075317383
vertex -82.03288269042969 -63.81094741821289 -16.7958927154541
endloop
endfacet
facet normal -0.3103550030199887 -0.5864310551794089 -0.7481833930405217
outer loop
vertex -81.52418518066406 -62.891319274902344 -17.727724075317383
vertex -80.93025207519531 -64.26766967773438 -16.895301818847656
vertex -80.95948791503906 -64.39330291748047 -16.78470230102539
endloop
endfacet
facet normal -0.3298788251355397 -0.5910607947533939 -0.73608905550394
outer loop
vertex -82.03288269042969 -63.81094741821289 -16.7958927154541
vertex -81.92890167236328 -63.99176025390625 -16.697303771972656
vertex -82.06396484375 -63.856689453125 -16.7452335357666
endloop
endfacet
facet normal -0.3103599080258209 -0.586431434944579 -0.7481810607059269
outer loop
vertex -81.92890167236328 -63.99176025390625 -16.697303771972656
vertex -81.52418518066406 -62.891319274902344 -17.727724075317383
vertex -80.95948791503906 -64.39330291748047 -16.78470230102539
endloop
endfacet
facet normal -0.31036224905113535 -0.5864304139784001 -0.7481808898421847
outer loop
vertex -82.03288269042969 -63.81094741821289 -16.7958927154541
vertex -81.52418518066406 -62.891319274902344 -17.727724075317383
vertex -81.92890167236328 -63.99176025390625 -16.697303771972656
endloop
endfacet
facet normal -0.31035785018947964 -0.5864314041033517 -0.7481819385063609
outer loop
vertex -81.52418518066406 -62.891319274902344 -17.727724075317383
vertex -80.78133392333984 -63.19901657104492 -17.794694900512695
vertex -80.93025207519531 -64.26766967773438 -16.895301818847656
endloop
endfacet
facet normal -0.04022683881271382 -0.6401071355828596 -0.767231814000855
outer loop
vertex -80.78133392333984 -63.19901657104492 -17.794694900512695
vertex -80.8262710571289 -64.448486328125 -16.749897003173828
vertex -80.93025207519531 -64.26766967773438 -16.895301818847656
endloop
endfacet
facet normal -0.04020892968607627 -0.6401079774021267 -0.7672320504512691
outer loop
vertex -80.78133392333984 -63.19901657104492 -17.794694900512695
vertex 17.524295806884766 -64.448486328125 -21.904232025146484
vertex -80.8262710571289 -64.448486328125 -16.749897003173828
endloop
endfacet
facet normal -0.040208852841633905 -0.6401097801363025 -0.7672305504390544
outer loop
vertex -80.78133392333984 -63.19901657104492 -17.794694900512695
vertex 17.25714683532715 -63.19901657104492 -22.932674407958984
vertex 17.49997329711914 -64.26766967773438 -22.053810119628906
endloop
endfacet
facet normal -0.04020915306588748 -0.6400978780245573 -0.7672404646251286
outer loop
vertex 17.524295806884766 -64.448486328125 -21.904232025146484
vertex -80.78133392333984 -63.19901657104492 -17.794694900512695
vertex 17.49997329711914 -64.26766967773438 -22.053810119628906
endloop
endfacet
facet normal -0.071378299036479 -0.6496753419868571 -0.7568534127827656
outer loop
vertex -80.93025207519531 -64.26766967773438 -16.895301818847656
vertex -80.8262710571289 -64.448486328125 -16.749897003173828
vertex -80.95948791503906 -64.39330291748047 -16.78470230102539
endloop
endfacet
facet normal 0.09822316290312517 -0.626447851967386 -0.7732498296377144
outer loop
vertex 17.558650970458984 -64.448486328125 -21.89986801147461
vertex 17.524295806884766 -64.448486328125 -21.904232025146484
vertex 17.49997329711914 -64.26766967773438 -22.053810119628906
endloop
endfacet
facet normal 0 -1 0
outer loop
vertex -19.071819305419922 -60.573482513427734 -11.010660171508789
vertex -18.58518409729004 -60.573482513427734 -11.335819244384766
vertex -19.071819305419922 -60.573482513427734 -3.8893399238586426
endloop
endfacet
facet normal -0.8314697525217962 0 0.5555700231666056
outer loop
vertex -4.950499057769775 -64.448486328125 -11.010660171508789
vertex -4.625339984893799 -64.448486328125 -10.524024963378906
vertex -4.625339984893799 -60.573482513427734 -10.524024963378906
endloop
endfacet
facet normal 0 -1 0
outer loop
vertex -8.261159896850586 -60.573482513427734 -5.699999809265137
vertex -7.878476142883301 -60.573482513427734 -5.776120662689209
vertex -6.011159420013428 -60.573482513427734 -3.450000047683716
endloop
endfacet
facet normal 0 -1 0
outer loop
vertex -7.878476142883301 -60.573482513427734 -5.776120662689209
vertex -7.554052829742432 -60.573482513427734 -5.992893218994141
vertex -6.011159420013428 -60.573482513427734 -3.450000047683716
endloop
endfacet
facet normal 0 -1 0
outer loop
vertex -7.554052829742432 -60.573482513427734 -5.992893218994141
vertex -7.337279796600342 -60.573482513427734 -6.31731653213501
vertex -6.011159420013428 -60.573482513427734 -3.450000047683716
endloop
endfacet
facet normal 0 -1 0
outer loop
vertex -6.011159420013428 -60.573482513427734 -3.450000047683716
vertex -15.761159896850586 -60.573482513427734 -5.699999809265137
vertex -8.261159896850586 -60.573482513427734 -5.699999809265137
endloop
endfacet
facet normal 0 -1 0
outer loop
vertex -19.511159896850586 -60.573482513427734 -9.949999809265137
vertex -19.3969783782959 -60.573482513427734 -10.524024963378906
vertex -19.511159896850586 -60.573482513427734 -4.949999809265137
endloop
endfacet
facet normal 0 -1 0
outer loop
vertex -7.261159420013428 -60.573482513427734 -6.699999809265137
vertex -6.011159420013428 -60.573482513427734 -3.450000047683716
vertex -7.337279796600342 -60.573482513427734 -6.31731653213501
endloop
endfacet
facet normal -0.8314697525217962 0 0.5555700231666056
outer loop
vertex -4.950499057769775 -60.573482513427734 -11.010660171508789
vertex -4.950499057769775 -64.448486328125 -11.010660171508789
vertex -4.625339984893799 -60.573482513427734 -10.524024963378906
endloop
endfacet
facet normal -0.5555703047945764 0 -0.8314695643440363
outer loop
vertex -4.950499057769775 -64.448486328125 -3.8893399238586426
vertex -5.437134265899658 -60.573482513427734 -3.564180612564087
vertex -4.950499057769775 -60.573482513427734 -3.8893399238586426
endloop
endfacet
facet normal -0.8314695010489663 0 -0.5555703995223136
outer loop
vertex -4.950499057769775 -60.573482513427734 -3.8893399238586426
vertex -4.625339984893799 -60.573482513427734 -4.375974655151367
vertex -4.625339984893799 -64.448486328125 -4.375974655151367
endloop
endfacet
facet normal 1 0 0
outer loop
vertex -19.511159896850586 -64.448486328125 -9.949999809265137
vertex -19.511159896850586 -60.573482513427734 -9.949999809265137
vertex -19.511159896850586 -64.448486328125 -4.949999809265137
endloop
endfacet
facet normal -0.5555703047945764 0 -0.8314695643440363
outer loop
vertex -5.437134265899658 -60.573482513427734 -3.564180612564087
vertex -4.950499057769775 -64.448486328125 -3.8893399238586426
vertex -5.437134265899658 -64.448486328125 -3.564180612564087
endloop
endfacet
facet normal -0.1950900960897925 0 -0.9807853253427458
outer loop
vertex -6.011159420013428 -64.448486328125 -3.450000047683716
vertex -6.011159420013428 -60.573482513427734 -3.450000047683716
vertex -5.437134265899658 -64.448486328125 -3.564180612564087
endloop
endfacet
facet normal 0 -1 0
outer loop
vertex -18.011159896850586 -60.573482513427734 -3.450000047683716
vertex -15.761159896850586 -60.573482513427734 -5.699999809265137
vertex -6.011159420013428 -60.573482513427734 -3.450000047683716
endloop
endfacet
facet normal 0 0 -1
outer loop
vertex -6.011159420013428 -64.448486328125 -3.450000047683716
vertex -18.011159896850586 -64.448486328125 -3.450000047683716
vertex -18.011159896850586 -60.573482513427734 -3.450000047683716
endloop
endfacet
facet normal 0 0 -1
outer loop
vertex -6.011159420013428 -64.448486328125 -3.450000047683716
vertex -18.011159896850586 -60.573482513427734 -3.450000047683716
vertex -6.011159420013428 -60.573482513427734 -3.450000047683716
endloop
endfacet
facet normal -0.1950900960897925 0 -0.9807853253427458
outer loop
vertex -5.437134265899658 -60.573482513427734 -3.564180612564087
vertex -5.437134265899658 -64.448486328125 -3.564180612564087
vertex -6.011159420013428 -60.573482513427734 -3.450000047683716
endloop
endfacet
facet normal 0.19509040787318935 0 -0.9807852633251953
outer loop
vertex -18.011159896850586 -64.448486328125 -3.450000047683716
vertex -18.58518409729004 -60.573482513427734 -3.564180612564087
vertex -18.011159896850586 -60.573482513427734 -3.450000047683716
endloop
endfacet
facet normal 0.5555703047945764 0 -0.8314695643440363
outer loop
vertex -18.58518409729004 -60.573482513427734 -3.564180612564087
vertex -18.58518409729004 -64.448486328125 -3.564180612564087
vertex -19.071819305419922 -60.573482513427734 -3.8893399238586426
endloop
endfacet
facet normal 0.8314695010489663 0 -0.5555703995223136
outer loop
vertex -19.071819305419922 -64.448486328125 -3.8893399238586426
vertex -19.3969783782959 -60.573482513427734 -4.375974655151367
vertex -19.071819305419922 -60.573482513427734 -3.8893399238586426
endloop
endfacet
facet normal 0.9807850135586839 0 -0.1950916635294606
outer loop
vertex -19.3969783782959 -64.448486328125 -4.375974655151367
vertex -19.511159896850586 -60.573482513427734 -4.949999809265137
vertex -19.3969783782959 -60.573482513427734 -4.375974655151367
endloop
endfacet
facet normal 0.19509040787318935 0 -0.9807852633251953
outer loop
vertex -18.011159896850586 -64.448486328125 -3.450000047683716
vertex -18.58518409729004 -64.448486328125 -3.564180612564087
vertex -18.58518409729004 -60.573482513427734 -3.564180612564087
endloop
endfacet
facet normal 0.5555703047945764 0 -0.8314695643440363
outer loop
vertex -18.58518409729004 -64.448486328125 -3.564180612564087
vertex -19.071819305419922 -64.448486328125 -3.8893399238586426
vertex -19.071819305419922 -60.573482513427734 -3.8893399238586426
endloop
endfacet
facet normal 0.8314695010489663 0 -0.5555703995223136
outer loop
vertex -19.071819305419922 -64.448486328125 -3.8893399238586426
vertex -19.3969783782959 -64.448486328125 -4.375974655151367
vertex -19.3969783782959 -60.573482513427734 -4.375974655151367
endloop
endfacet
facet normal 0.5555700231666056 0 0.8314697525217962
outer loop
vertex -19.071819305419922 -64.448486328125 -11.010660171508789
vertex -18.58518409729004 -64.448486328125 -11.335819244384766
vertex -18.58518409729004 -60.573482513427734 -11.335819244384766
endloop
endfacet
facet normal 0.19509040787318935 0 0.9807852633251953
outer loop
vertex -18.58518409729004 -64.448486328125 -11.335819244384766
vertex -18.011159896850586 -64.448486328125 -11.449999809265137
vertex -18.011159896850586 -60.573482513427734 -11.449999809265137
endloop
endfacet
facet normal 0.8314697525217962 0 0.5555700231666056
outer loop
vertex -19.3969783782959 -64.448486328125 -10.524024963378906
vertex -19.071819305419922 -64.448486328125 -11.010660171508789
vertex -19.071819305419922 -60.573482513427734 -11.010660171508789
endloop
endfacet
facet normal 0.9807850135586839 0 0.1950916635294606
outer loop
vertex -19.511159896850586 -64.448486328125 -9.949999809265137
vertex -19.3969783782959 -64.448486328125 -10.524024963378906
vertex -19.3969783782959 -60.573482513427734 -10.524024963378906
endloop
endfacet
facet normal 0.5555700231666056 0 0.8314697525217962
outer loop
vertex -19.071819305419922 -60.573482513427734 -11.010660171508789
vertex -19.071819305419922 -64.448486328125 -11.010660171508789
vertex -18.58518409729004 -60.573482513427734 -11.335819244384766
endloop
endfacet
facet normal 0.19509040787318935 0 0.9807852633251953
outer loop
vertex -18.58518409729004 -60.573482513427734 -11.335819244384766
vertex -18.58518409729004 -64.448486328125 -11.335819244384766
vertex -18.011159896850586 -60.573482513427734 -11.449999809265137
endloop
endfacet
facet normal 0.8314697525217962 0 0.5555700231666056
outer loop
vertex -19.3969783782959 -60.573482513427734 -10.524024963378906
vertex -19.3969783782959 -64.448486328125 -10.524024963378906
vertex -19.071819305419922 -60.573482513427734 -11.010660171508789
endloop
endfacet
facet normal 0 0 1
outer loop
vertex -18.011159896850586 -60.573482513427734 -11.449999809265137
vertex -18.011159896850586 -64.448486328125 -11.449999809265137
vertex -6.011159420013428 -60.573482513427734 -11.449999809265137
endloop
endfacet
facet normal 0 -1 0
outer loop
vertex -18.011159896850586 -60.573482513427734 -11.449999809265137
vertex -6.011159420013428 -60.573482513427734 -11.449999809265137
vertex -8.261159896850586 -60.573482513427734 -9.199999809265137
endloop
endfacet
facet normal -0.9807853253427458 0 0.1950900960897925
outer loop
vertex -4.625339984893799 -64.448486328125 -10.524024963378906
vertex -4.511159420013428 -64.448486328125 -9.949999809265137
vertex -4.511159420013428 -60.573482513427734 -9.949999809265137
endloop
endfacet
facet normal -1 0 0
outer loop
vertex -4.511159420013428 -60.573482513427734 -9.949999809265137
vertex -4.511159420013428 -64.448486328125 -9.949999809265137
vertex -4.511159420013428 -60.573482513427734 -4.949999809265137
endloop
endfacet
facet normal 0 -1 0
outer loop
vertex -18.011159896850586 -60.573482513427734 -3.450000047683716
vertex -16.143842697143555 -60.573482513427734 -5.776120662689209
vertex -15.761159896850586 -60.573482513427734 -5.699999809265137
endloop
endfacet
facet normal 0 -1 0
outer loop
vertex -18.011159896850586 -60.573482513427734 -3.450000047683716
vertex -16.468265533447266 -60.573482513427734 -5.992893218994141
vertex -16.143842697143555 -60.573482513427734 -5.776120662689209
endloop
endfacet
facet normal 0 -1 0
outer loop
vertex -18.011159896850586 -60.573482513427734 -3.450000047683716
vertex -16.685039520263672 -60.573482513427734 -6.31731653213501
vertex -16.468265533447266 -60.573482513427734 -5.992893218994141
endloop
endfacet
facet normal 0 -1 0
outer loop
vertex -4.950499057769775 -60.573482513427734 -11.010660171508789
vertex -4.625339984893799 -60.573482513427734 -10.524024963378906
vertex -4.950499057769775 -60.573482513427734 -3.8893399238586426
endloop
endfacet
facet normal 0 -1 0
outer loop
vertex -4.625339984893799 -60.573482513427734 -10.524024963378906
vertex -4.511159420013428 -60.573482513427734 -9.949999809265137
vertex -4.625339984893799 -60.573482513427734 -4.375974655151367
endloop
endfacet
facet normal 0 -1 0
outer loop
vertex -7.261159420013428 -60.573482513427734 -6.699999809265137
vertex -6.011159420013428 -60.573482513427734 -11.449999809265137
vertex -6.011159420013428 -60.573482513427734 -3.450000047683716
endloop
endfacet
facet normal 0 -1 0
outer loop
vertex -18.011159896850586 -60.573482513427734 -3.450000047683716
vertex -16.761159896850586 -60.573482513427734 -6.699999809265137
vertex -16.685039520263672 -60.573482513427734 -6.31731653213501
endloop
endfacet
facet normal 0 -1 0
outer loop
vertex -18.011159896850586 -60.573482513427734 -11.449999809265137
vertex -16.761159896850586 -60.573482513427734 -8.199999809265137
vertex -18.011159896850586 -60.573482513427734 -3.450000047683716
endloop
endfacet
facet normal 1 0 0
outer loop
vertex -19.511159896850586 -64.448486328125 -4.949999809265137
vertex -19.511159896850586 -60.573482513427734 -9.949999809265137
vertex -19.511159896850586 -60.573482513427734 -4.949999809265137
endloop
endfacet
facet normal 0.9807850135586839 0 -0.1950916635294606
outer loop
vertex -19.3969783782959 -64.448486328125 -4.375974655151367
vertex -19.511159896850586 -64.448486328125 -4.949999809265137
vertex -19.511159896850586 -60.573482513427734 -4.949999809265137
endloop
endfacet
facet normal 0 -1 0
outer loop
vertex -5.437134265899658 -60.573482513427734 -3.564180612564087
vertex -4.950499057769775 -60.573482513427734 -11.010660171508789
vertex -4.950499057769775 -60.573482513427734 -3.8893399238586426
endloop
endfacet
facet normal -0.9807853253427458 0 -0.1950900960897925
outer loop
vertex -4.511159420013428 -64.448486328125 -4.949999809265137
vertex -4.625339984893799 -64.448486328125 -4.375974655151367
vertex -4.625339984893799 -60.573482513427734 -4.375974655151367
endloop
endfacet
facet normal 0 -1 0
outer loop
vertex -5.437134265899658 -60.573482513427734 -11.335819244384766
vertex -4.950499057769775 -60.573482513427734 -11.010660171508789
vertex -5.437134265899658 -60.573482513427734 -3.564180612564087
endloop
endfacet
facet normal 0 -1 0
outer loop
vertex -6.011159420013428 -60.573482513427734 -11.449999809265137
vertex -5.437134265899658 -60.573482513427734 -11.335819244384766
vertex -6.011159420013428 -60.573482513427734 -3.450000047683716
endloop
endfacet
facet normal -0.8314695010489663 0 -0.5555703995223136
outer loop
vertex -4.625339984893799 -64.448486328125 -4.375974655151367
vertex -4.950499057769775 -64.448486328125 -3.8893399238586426
vertex -4.950499057769775 -60.573482513427734 -3.8893399238586426
endloop
endfacet
facet normal 0 -1 0
outer loop
vertex -4.950499057769775 -60.573482513427734 -3.8893399238586426
vertex -4.625339984893799 -60.573482513427734 -10.524024963378906
vertex -4.625339984893799 -60.573482513427734 -4.375974655151367
endloop
endfacet
facet normal 0 -1 0
outer loop
vertex -19.511159896850586 -60.573482513427734 -4.949999809265137
vertex -19.3969783782959 -60.573482513427734 -10.524024963378906
vertex -19.3969783782959 -60.573482513427734 -4.375974655151367
endloop
endfacet
facet normal 0 -1 0
outer loop
vertex -7.261159420013428 -60.573482513427734 -8.199999809265137
vertex -6.011159420013428 -60.573482513427734 -11.449999809265137
vertex -7.261159420013428 -60.573482513427734 -6.699999809265137
endloop
endfacet
facet normal 0 -1 0
outer loop
vertex -19.3969783782959 -60.573482513427734 -10.524024963378906
vertex -19.071819305419922 -60.573482513427734 -11.010660171508789
vertex -19.3969783782959 -60.573482513427734 -4.375974655151367
endloop
endfacet
facet normal 0 -1 0
outer loop
vertex -18.58518409729004 -60.573482513427734 -11.335819244384766
vertex -18.011159896850586 -60.573482513427734 -11.449999809265137
vertex -18.58518409729004 -60.573482513427734 -3.564180612564087
endloop
endfacet
facet normal 0 -1 0
outer loop
vertex -18.011159896850586 -60.573482513427734 -3.450000047683716
vertex -16.761159896850586 -60.573482513427734 -8.199999809265137
vertex -16.761159896850586 -60.573482513427734 -6.699999809265137
endloop
endfacet
facet normal 0 -1 0
outer loop
vertex -4.625339984893799 -60.573482513427734 -4.375974655151367
vertex -4.511159420013428 -60.573482513427734 -9.949999809265137
vertex -4.511159420013428 -60.573482513427734 -4.949999809265137
endloop
endfacet
facet normal -1 0 0
outer loop
vertex -4.511159420013428 -60.573482513427734 -4.949999809265137
vertex -4.511159420013428 -64.448486328125 -9.949999809265137
vertex -4.511159420013428 -64.448486328125 -4.949999809265137
endloop
endfacet
facet normal 0 -1 0
outer loop
vertex -19.3969783782959 -60.573482513427734 -4.375974655151367
vertex -19.071819305419922 -60.573482513427734 -11.010660171508789
vertex -19.071819305419922 -60.573482513427734 -3.8893399238586426
endloop
endfacet
facet normal -0.9807853253427458 0 -0.1950900960897925
outer loop
vertex -4.511159420013428 -60.573482513427734 -4.949999809265137
vertex -4.511159420013428 -64.448486328125 -4.949999809265137
vertex -4.625339984893799 -60.573482513427734 -4.375974655151367
endloop
endfacet
facet normal 0 -1 0
outer loop
vertex -6.011159420013428 -60.573482513427734 -3.450000047683716
vertex -5.437134265899658 -60.573482513427734 -11.335819244384766
vertex -5.437134265899658 -60.573482513427734 -3.564180612564087
endloop
endfacet
facet normal 0.9807850135586839 0 0.1950916635294606
outer loop
vertex -19.511159896850586 -64.448486328125 -9.949999809265137
vertex -19.3969783782959 -60.573482513427734 -10.524024963378906
vertex -19.511159896850586 -60.573482513427734 -9.949999809265137
endloop
endfacet
facet normal 0 -1 0
outer loop
vertex -18.011159896850586 -60.573482513427734 -11.449999809265137
vertex -15.761159896850586 -60.573482513427734 -9.199999809265137
vertex -16.143842697143555 -60.573482513427734 -9.123879432678223
endloop
endfacet
facet normal 0 -1 0
outer loop
vertex -18.011159896850586 -60.573482513427734 -11.449999809265137
vertex -16.143842697143555 -60.573482513427734 -9.123879432678223
vertex -16.468265533447266 -60.573482513427734 -8.907106399536133
endloop
endfacet
facet normal 0 -1 0
outer loop
vertex -18.011159896850586 -60.573482513427734 -11.449999809265137
vertex -16.468265533447266 -60.573482513427734 -8.907106399536133
vertex -16.685039520263672 -60.573482513427734 -8.582683563232422
endloop
endfacet
facet normal 0 -1 0
outer loop
vertex -18.011159896850586 -60.573482513427734 -11.449999809265137
vertex -16.685039520263672 -60.573482513427734 -8.582683563232422
vertex -16.761159896850586 -60.573482513427734 -8.199999809265137
endloop
endfacet
facet normal 0 -1 0
outer loop
vertex -19.071819305419922 -60.573482513427734 -3.8893399238586426
vertex -18.58518409729004 -60.573482513427734 -11.335819244384766
vertex -18.58518409729004 -60.573482513427734 -3.564180612564087
endloop
endfacet
facet normal 0 -1 0
outer loop
vertex -7.337279796600342 -60.573482513427734 -8.582683563232422
vertex -6.011159420013428 -60.573482513427734 -11.449999809265137
vertex -7.261159420013428 -60.573482513427734 -8.199999809265137
endloop
endfacet
facet normal 0 -1 0
outer loop
vertex -7.554052829742432 -60.573482513427734 -8.907106399536133
vertex -6.011159420013428 -60.573482513427734 -11.449999809265137
vertex -7.337279796600342 -60.573482513427734 -8.582683563232422
endloop
endfacet
facet normal 0 -1 0
outer loop
vertex -7.878476142883301 -60.573482513427734 -9.123879432678223
vertex -6.011159420013428 -60.573482513427734 -11.449999809265137
vertex -7.554052829742432 -60.573482513427734 -8.907106399536133
endloop
endfacet
facet normal 0 -1 0
outer loop
vertex -15.761159896850586 -60.573482513427734 -9.199999809265137
vertex -18.011159896850586 -60.573482513427734 -11.449999809265137
vertex -8.261159896850586 -60.573482513427734 -9.199999809265137
endloop
endfacet
facet normal 0 -1 0
outer loop
vertex -8.261159896850586 -60.573482513427734 -9.199999809265137
vertex -6.011159420013428 -60.573482513427734 -11.449999809265137
vertex -7.878476142883301 -60.573482513427734 -9.123879432678223
endloop
endfacet
facet normal -0.9807853253427458 0 0.1950900960897925
outer loop
vertex -4.625339984893799 -60.573482513427734 -10.524024963378906
vertex -4.625339984893799 -64.448486328125 -10.524024963378906
vertex -4.511159420013428 -60.573482513427734 -9.949999809265137
endloop
endfacet
facet normal 0 0 1
outer loop
vertex -6.011159420013428 -60.573482513427734 -11.449999809265137
vertex -18.011159896850586 -64.448486328125 -11.449999809265137
vertex -6.011159420013428 -64.448486328125 -11.449999809265137
endloop
endfacet
facet normal -0.1950900960897925 0 0.9807853253427458
outer loop
vertex -6.011159420013428 -64.448486328125 -11.449999809265137
vertex -5.437134265899658 -64.448486328125 -11.335819244384766
vertex -5.437134265899658 -60.573482513427734 -11.335819244384766
endloop
endfacet
facet normal -0.1950900960897925 0 0.9807853253427458
outer loop
vertex -6.011159420013428 -60.573482513427734 -11.449999809265137
vertex -6.011159420013428 -64.448486328125 -11.449999809265137
vertex -5.437134265899658 -60.573482513427734 -11.335819244384766
endloop
endfacet
facet normal -0.5555700231666056 0 0.8314697525217962
outer loop
vertex -5.437134265899658 -60.573482513427734 -11.335819244384766
vertex -5.437134265899658 -64.448486328125 -11.335819244384766
vertex -4.950499057769775 -60.573482513427734 -11.010660171508789
endloop
endfacet
facet normal -0.5555700231666056 0 0.8314697525217962
outer loop
vertex -4.950499057769775 -60.573482513427734 -11.010660171508789
vertex -5.437134265899658 -64.448486328125 -11.335819244384766
vertex -4.950499057769775 -64.448486328125 -11.010660171508789
endloop
endfacet
facet normal 0 -1 0
outer loop
vertex -18.58518409729004 -60.573482513427734 -3.564180612564087
vertex -18.011159896850586 -60.573482513427734 -11.449999809265137
vertex -18.011159896850586 -60.573482513427734 -3.450000047683716
endloop
endfacet
facet normal -0.9807853098383859 0 -0.19509017403555012
outer loop
vertex -7.261159420013428 -59.37348175048828 -6.699999809265137
vertex -7.261159420013428 -60.573482513427734 -6.699999809265137
vertex -7.337279796600342 -59.37348175048828 -6.31731653213501
endloop
endfacet
facet normal 0.9807853098383859 0 -0.19509017403555012
outer loop
vertex -16.685039520263672 -60.573482513427734 -6.31731653213501
vertex -16.761159896850586 -59.37348175048828 -6.699999809265137
vertex -16.685039520263672 -59.37348175048828 -6.31731653213501
endloop
endfacet
facet normal 0 0 1
outer loop
vertex -15.761159896850586 -59.37348175048828 -9.199999809265137
vertex -15.761159896850586 -60.573482513427734 -9.199999809265137
vertex -8.261159896850586 -59.37348175048828 -9.199999809265137
endloop
endfacet
facet normal 0.5555713391342493 0 0.8314688732193027
outer loop
vertex -16.468265533447266 -59.37348175048828 -8.907106399536133
vertex -16.468265533447266 -60.573482513427734 -8.907106399536133
vertex -16.143842697143555 -59.37348175048828 -9.123879432678223
endloop
endfacet
facet normal 0.19509040787318935 0 0.9807852633251952
outer loop
vertex -16.143842697143555 -59.37348175048828 -9.123879432678223
vertex -16.143842697143555 -60.573482513427734 -9.123879432678223
vertex -15.761159896850586 -59.37348175048828 -9.199999809265137
endloop
endfacet
facet normal -0.1950899401984604 0 0.9807853563514094
outer loop
vertex -7.878476142883301 -60.573482513427734 -9.123879432678223
vertex -7.878476142883301 -59.37348175048828 -9.123879432678223
vertex -8.261159896850586 -60.573482513427734 -9.199999809265137
endloop
endfacet
facet normal -0.1950899401984604 0 0.9807853563514094
outer loop
vertex -8.261159896850586 -59.37348175048828 -9.199999809265137
vertex -8.261159896850586 -60.573482513427734 -9.199999809265137
vertex -7.878476142883301 -59.37348175048828 -9.123879432678223
endloop
endfacet
facet normal 0.5555713391342493 0 0.8314688732193027
outer loop
vertex -16.468265533447266 -60.573482513427734 -8.907106399536133
vertex -16.143842697143555 -60.573482513427734 -9.123879432678223
vertex -16.143842697143555 -59.37348175048828 -9.123879432678223
endloop
endfacet
facet normal 0.9807853098383859 0 -0.19509017403555012
outer loop
vertex -16.761159896850586 -60.573482513427734 -6.699999809265137
vertex -16.761159896850586 -59.37348175048828 -6.699999809265137
vertex -16.685039520263672 -60.573482513427734 -6.31731653213501
endloop
endfacet
facet normal 0.19509040787318935 0 0.9807852633251952
outer loop
vertex -15.761159896850586 -60.573482513427734 -9.199999809265137
vertex -15.761159896850586 -59.37348175048828 -9.199999809265137
vertex -16.143842697143555 -60.573482513427734 -9.123879432678223
endloop
endfacet
facet normal -0.8314692504297169 0 -0.5555707746001806
outer loop
vertex -7.337279796600342 -59.37348175048828 -6.31731653213501
vertex -7.337279796600342 -60.573482513427734 -6.31731653213501
vertex -7.554052829742432 -59.37348175048828 -5.992893218994141
endloop
endfacet
facet normal -0.8314688732193027 0 0.5555713391342493
outer loop
vertex -7.554052829742432 -60.573482513427734 -8.907106399536133
vertex -7.337279796600342 -60.573482513427734 -8.582683563232422
vertex -7.337279796600342 -59.37348175048828 -8.582683563232422
endloop
endfacet
facet normal 0.5555704942502147 0 -0.831469437753771
outer loop
vertex -16.468265533447266 -60.573482513427734 -5.992893218994141
vertex -16.468265533447266 -59.37348175048828 -5.992893218994141
vertex -16.143842697143555 -60.573482513427734 -5.776120662689209
endloop
endfacet
facet normal 1 0 0
outer loop
vertex -16.761159896850586 -60.573482513427734 -6.699999809265137
vertex -16.761159896850586 -59.37348175048828 -8.199999809265137
vertex -16.761159896850586 -59.37348175048828 -6.699999809265137
endloop
endfacet
facet normal 1 0 0
outer loop
vertex -16.761159896850586 -60.573482513427734 -8.199999809265137
vertex -16.761159896850586 -59.37348175048828 -8.199999809265137
vertex -16.761159896850586 -60.573482513427734 -6.699999809265137
endloop
endfacet
facet normal -0.5555707746001806 0 0.8314692504297169
outer loop
vertex -7.554052829742432 -60.573482513427734 -8.907106399536133
vertex -7.554052829742432 -59.37348175048828 -8.907106399536133
vertex -7.878476142883301 -60.573482513427734 -9.123879432678223
endloop
endfacet
facet normal 0.19509158345481065 0 -0.9807850294866326
outer loop
vertex -16.143842697143555 -60.573482513427734 -5.776120662689209
vertex -16.143842697143555 -59.37348175048828 -5.776120662689209
vertex -15.761159896850586 -60.573482513427734 -5.699999809265137
endloop
endfacet
facet normal -0.9807853098383859 0 -0.19509017403555012
outer loop
vertex -7.337279796600342 -59.37348175048828 -6.31731653213501
vertex -7.261159420013428 -60.573482513427734 -6.699999809265137
vertex -7.337279796600342 -60.573482513427734 -6.31731653213501
endloop
endfacet
facet normal 0.831468121362287 0 -0.5555724643629031
outer loop
vertex -16.468265533447266 -59.37348175048828 -5.992893218994141
vertex -16.468265533447266 -60.573482513427734 -5.992893218994141
vertex -16.685039520263672 -59.37348175048828 -6.31731653213501
endloop
endfacet
facet normal -1 0 0
outer loop
vertex -7.261159420013428 -60.573482513427734 -8.199999809265137
vertex -7.261159420013428 -60.573482513427734 -6.699999809265137
vertex -7.261159420013428 -59.37348175048828 -6.699999809265137
endloop
endfacet
facet normal 0.5555704942502147 0 -0.831469437753771
outer loop
vertex -16.143842697143555 -59.37348175048828 -5.776120662689209
vertex -16.143842697143555 -60.573482513427734 -5.776120662689209
vertex -16.468265533447266 -59.37348175048828 -5.992893218994141
endloop
endfacet
facet normal 0.19509158345481065 0 -0.9807850294866326
outer loop
vertex -15.761159896850586 -60.573482513427734 -5.699999809265137
vertex -16.143842697143555 -59.37348175048828 -5.776120662689209
vertex -15.761159896850586 -59.37348175048828 -5.699999809265137
endloop
endfacet
facet normal -0.5555707746001806 0 0.8314692504297169
outer loop
vertex -7.878476142883301 -59.37348175048828 -9.123879432678223
vertex -7.878476142883301 -60.573482513427734 -9.123879432678223
vertex -7.554052829742432 -59.37348175048828 -8.907106399536133
endloop
endfacet
facet normal 0 0 -1
outer loop
vertex -15.761159896850586 -60.573482513427734 -5.699999809265137
vertex -15.761159896850586 -59.37348175048828 -5.699999809265137
vertex -8.261159896850586 -60.573482513427734 -5.699999809265137
endloop
endfacet
facet normal -1 0 0
outer loop
vertex -7.261159420013428 -59.37348175048828 -8.199999809265137
vertex -7.261159420013428 -60.573482513427734 -8.199999809265137
vertex -7.261159420013428 -59.37348175048828 -6.699999809265137
endloop
endfacet
facet normal -0.9807853563514094 0 0.1950899401984604
outer loop
vertex -7.337279796600342 -59.37348175048828 -8.582683563232422
vertex -7.337279796600342 -60.573482513427734 -8.582683563232422
vertex -7.261159420013428 -59.37348175048828 -8.199999809265137
endloop
endfacet
facet normal -0.8314688732193027 0 0.5555713391342493
outer loop
vertex -7.554052829742432 -59.37348175048828 -8.907106399536133
vertex -7.554052829742432 -60.573482513427734 -8.907106399536133
vertex -7.337279796600342 -59.37348175048828 -8.582683563232422
endloop
endfacet
facet normal -0.9807853563514094 0 0.1950899401984604
outer loop
vertex -7.337279796600342 -60.573482513427734 -8.582683563232422
vertex -7.261159420013428 -60.573482513427734 -8.199999809265137
vertex -7.261159420013428 -59.37348175048828 -8.199999809265137
endloop
endfacet
facet normal 0.9807853563514094 0 0.1950899401984604
outer loop
vertex -16.761159896850586 -60.573482513427734 -8.199999809265137
vertex -16.685039520263672 -59.37348175048828 -8.582683563232422
vertex -16.761159896850586 -59.37348175048828 -8.199999809265137
endloop
endfacet
facet normal 0 0 -1
outer loop
vertex -8.261159896850586 -60.573482513427734 -5.699999809265137
vertex -15.761159896850586 -59.37348175048828 -5.699999809265137
vertex -8.261159896850586 -59.37348175048828 -5.699999809265137
endloop
endfacet
facet normal 0.8314677441500905 0 0.5555730288971555
outer loop
vertex -16.685039520263672 -60.573482513427734 -8.582683563232422
vertex -16.468265533447266 -59.37348175048828 -8.907106399536133
vertex -16.685039520263672 -59.37348175048828 -8.582683563232422
endloop
endfacet
facet normal -0.19509111577748656 0 -0.9807851225139456
outer loop
vertex -8.261159896850586 -59.37348175048828 -5.699999809265137
vertex -7.878476142883301 -60.573482513427734 -5.776120662689209
vertex -8.261159896850586 -60.573482513427734 -5.699999809265137
endloop
endfacet
facet normal 0.9807853563514094 0 0.1950899401984604
outer loop
vertex -16.685039520263672 -60.573482513427734 -8.582683563232422
vertex -16.685039520263672 -59.37348175048828 -8.582683563232422
vertex -16.761159896850586 -60.573482513427734 -8.199999809265137
endloop
endfacet
facet normal -0.19509111577748656 0 -0.9807851225139456
outer loop
vertex -7.878476142883301 -60.573482513427734 -5.776120662689209
vertex -8.261159896850586 -59.37348175048828 -5.699999809265137
vertex -7.878476142883301 -59.37348175048828 -5.776120662689209
endloop
endfacet
facet normal 0.8314677441500905 0 0.5555730288971555
outer loop
vertex -16.685039520263672 -60.573482513427734 -8.582683563232422
vertex -16.468265533447266 -60.573482513427734 -8.907106399536133
vertex -16.468265533447266 -59.37348175048828 -8.907106399536133
endloop
endfacet
facet normal -0.8314692504297169 0 -0.5555707746001806
outer loop
vertex -7.554052829742432 -60.573482513427734 -5.992893218994141
vertex -7.554052829742432 -59.37348175048828 -5.992893218994141
vertex -7.337279796600342 -60.573482513427734 -6.31731653213501
endloop
endfacet
facet normal -0.555569929716238 0 -0.831469814963294
outer loop
vertex -7.554052829742432 -60.573482513427734 -5.992893218994141
vertex -7.878476142883301 -60.573482513427734 -5.776120662689209
vertex -7.878476142883301 -59.37348175048828 -5.776120662689209
endloop
endfacet
facet normal 0.831468121362287 0 -0.5555724643629031
outer loop
vertex -16.685039520263672 -60.573482513427734 -6.31731653213501
vertex -16.685039520263672 -59.37348175048828 -6.31731653213501
vertex -16.468265533447266 -60.573482513427734 -5.992893218994141
endloop
endfacet
facet normal -0.555569929716238 0 -0.831469814963294
outer loop
vertex -7.554052829742432 -59.37348175048828 -5.992893218994141
vertex -7.554052829742432 -60.573482513427734 -5.992893218994141
vertex -7.878476142883301 -59.37348175048828 -5.776120662689209
endloop
endfacet
facet normal 0 0 1
outer loop
vertex -8.261159896850586 -59.37348175048828 -9.199999809265137
vertex -15.761159896850586 -60.573482513427734 -9.199999809265137
vertex -8.261159896850586 -60.573482513427734 -9.199999809265137
endloop
endfacet
facet normal -0.05019104274359232 -0.1076362207276578 -0.9929226068610673
outer loop
vertex 6.14019250869751 -64.71761322021484 -1.5949000120162964
vertex 5.867793083190918 -65.46602630615234 -1.5
vertex 5.563041687011719 -64.448486328125 -1.5949000120162964
endloop
endfacet
facet normal -0.044929850609324896 -0.09635343386172998 -0.9943326024561787
outer loop
vertex 5.563041687011719 -64.448486328125 -1.5949000120162964
vertex 6.238147735595703 -64.448486328125 -1.6254053115844727
vertex 6.14019250869751 -64.71761322021484 -1.5949000120162964
endloop
endfacet
facet normal -1 0 0
outer loop
vertex 4.103954315185547 -64.448486328125 -1
vertex 4.103954315185547 -64.448486328125 -1.5076520442962646
vertex 4.103954315185547 -64.52658081054688 -1.5
endloop
endfacet
facet normal -1 0 0
outer loop
vertex 4.103954315185547 -64.448486328125 -1
vertex 4.103954315185547 -64.52658081054688 -1.5
vertex 4.103954315185547 -64.52658081054688 -0.5
endloop
endfacet
facet normal -0.08716104680746348 -0.9961942340324136 0
outer loop
vertex 7.214768886566162 -65.82694244384766 -0.5
vertex 7.214768886566162 -65.82694244384766 -1.5
vertex 8.203954696655273 -65.91349029541016 -0.5
endloop
endfacet
facet normal -0.05019192866872794 -0.10763647927010296 -0.9929225340512976
outer loop
vertex 4.603954315185547 -64.8766860961914 -1.5
vertex 5.563041687011719 -64.448486328125 -1.5949000120162964
vertex 5.867793083190918 -65.46602630615234 -1.5
endloop
endfacet
facet normal -0.42261974241643857 -0.9063070965847411 0
outer loop
vertex 4.603954315185547 -64.8766860961914 -0.5
vertex 4.603954315185547 -64.8766860961914 -1.5
vertex 5.867793083190918 -65.46602630615234 -0.5
endloop
endfacet
facet normal -0.05019160728002844 -0.1076371857479937 -0.9929224737122728
outer loop
vertex 4.603954315185547 -64.8766860961914 -1.5
vertex 4.85117769241333 -64.448486328125 -1.5589157342910767
vertex 5.563041687011719 -64.448486328125 -1.5949000120162964
endloop
endfacet
facet normal -0.06812055599170197 -0.09728581484608904 -0.9929224844272155
outer loop
vertex 4.103954315185547 -64.52658081054688 -1.5
vertex 4.85117769241333 -64.448486328125 -1.5589157342910767
vertex 4.603954315185547 -64.8766860961914 -1.5
endloop
endfacet
facet normal -0.25881573919423223 -0.965926712098461 0
outer loop
vertex 5.867793083190918 -65.46602630615234 -0.5
vertex 5.867793083190918 -65.46602630615234 -1.5
vertex 7.214768886566162 -65.82694244384766 -0.5
endloop
endfacet
facet normal -0.08716104680746348 -0.9961942340324136 0
outer loop
vertex 7.214768886566162 -65.82694244384766 -1.5
vertex 8.203954696655273 -65.91349029541016 -1.5
vertex 8.203954696655273 -65.91349029541016 -0.5
endloop
endfacet
facet normal -0.25881573919423223 -0.965926712098461 0
outer loop
vertex 5.867793083190918 -65.46602630615234 -1.5
vertex 7.214768886566162 -65.82694244384766 -1.5
vertex 7.214768886566162 -65.82694244384766 -0.5
endloop
endfacet
facet normal -0.42261974241643857 -0.9063070965847411 0
outer loop
vertex 5.867793083190918 -65.46602630615234 -0.5
vertex 4.603954315185547 -64.8766860961914 -1.5
vertex 5.867793083190918 -65.46602630615234 -1.5
endloop
endfacet
facet normal 0.030737957540554084 -0.11471723036184991 -0.9929225221659248
outer loop
vertex 9.993139266967773 -65.82694244384766 -1.5
vertex 9.854839324951172 -65.0426025390625 -1.5949000120162964
vertex 11.340115547180176 -65.46602630615234 -1.5
endloop
endfacet
facet normal -1 0 0
outer loop
vertex 4.103954315185547 -63.948482513427734 -0.5
vertex 4.103954315185547 -64.448486328125 -1
vertex 4.103954315185547 -64.52658081054688 -0.5
endloop
endfacet
facet normal 0.08716108850428063 -0.9961942303841902 0
outer loop
vertex 9.993139266967773 -65.82694244384766 -1.5
vertex 9.993139266967773 -65.82694244384766 -0.5
vertex 9.00395393371582 -65.91349029541016 -1.5
endloop
endfacet
facet normal 0.010351493626400865 -0.11831080133852177 -0.9929226560343657
outer loop
vertex 9.00395393371582 -65.1170425415039 -1.5949000120162964
vertex 9.993139266967773 -65.82694244384766 -1.5
vertex 9.00395393371582 -65.91349029541016 -1.5
endloop
endfacet
facet normal 0.027516144019949253 -0.10269161957286699 -0.9943325867574566
outer loop
vertex 10.96976089477539 -64.448486328125 -1.6254053115844727
vertex 11.067715644836426 -64.71761322021484 -1.5949000120162964
vertex 9.854839324951172 -65.0426025390625 -1.5949000120162964
endloop
endfacet
facet normal 0.02751576019434876 -0.10269090362564794 -0.9943326713195514
outer loop
vertex 9.854839324951172 -65.0426025390625 -1.5949000120162964
vertex 9.750080108642578 -64.448486328125 -1.6591570377349854
vertex 10.96976089477539 -64.448486328125 -1.6254053115844727
endloop
endfacet
facet normal 0.009265828966298868 -0.10590887386620301 -0.994332668099545
outer loop
vertex 9.854839324951172 -65.0426025390625 -1.5949000120162964
vertex 9.00395393371582 -64.448486328125 -1.6661099195480347
vertex 9.750080108642578 -64.448486328125 -1.6591570377349854
endloop
endfacet
facet normal 0.010350572027780702 -0.1183120666378298 -0.9929225148754477
outer loop
vertex 9.993139266967773 -65.82694244384766 -1.5
vertex 9.00395393371582 -65.1170425415039 -1.5949000120162964
vertex 9.854839324951172 -65.0426025390625 -1.5949000120162964
endloop
endfacet
facet normal 0.00926551348342937 -0.10590932034895956 -0.9943326234832637
outer loop
vertex 9.00395393371582 -65.1170425415039 -1.5949000120162964
vertex 9.00395393371582 -64.448486328125 -1.6661099195480347
vertex 9.854839324951172 -65.0426025390625 -1.5949000120162964
endloop
endfacet
facet normal -0.010351582775335476 -0.11831187728478992 -0.9929225269009633
outer loop
vertex 7.35306978225708 -65.0426025390625 -1.5949000120162964
vertex 8.203954696655273 -65.91349029541016 -1.5
vertex 7.214768886566162 -65.82694244384766 -1.5
endloop
endfacet
facet normal -0.030737800521389178 -0.11471660373978318 -0.9929225994232967
outer loop
vertex 5.867793083190918 -65.46602630615234 -1.5
vertex 6.14019250869751 -64.71761322021484 -1.5949000120162964
vertex 7.214768886566162 -65.82694244384766 -1.5
endloop
endfacet
facet normal -0.009265518675390995 -0.10590932034386422 -0.9943326234354259
outer loop
vertex 8.203954696655273 -65.1170425415039 -1.5949000120162964
vertex 7.35306978225708 -65.0426025390625 -1.5949000120162964
vertex 8.203954696655273 -64.448486328125 -1.6661099195480347
endloop
endfacet
facet normal -0.009265834888460181 -0.10590887282795305 -0.9943326681549451
outer loop
vertex 7.35306978225708 -65.0426025390625 -1.5949000120162964
vertex 7.457828998565674 -64.448486328125 -1.6591570377349854
vertex 8.203954696655273 -64.448486328125 -1.6661099195480347
endloop
endfacet
facet normal -0.027515922819256012 -0.10269087478576215 -0.9943326697977591
outer loop
vertex 7.35306978225708 -65.0426025390625 -1.5949000120162964
vertex 6.14019250869751 -64.71761322021484 -1.5949000120162964
vertex 7.457828998565674 -64.448486328125 -1.6591570377349854
endloop
endfacet
facet normal -0.010350467243023244 -0.11831080259559922 -0.9929226665843801
outer loop
vertex 8.203954696655273 -65.91349029541016 -1.5
vertex 7.35306978225708 -65.0426025390625 -1.5949000120162964
vertex 8.203954696655273 -65.1170425415039 -1.5949000120162964
endloop
endfacet
facet normal 0.08716108850428063 -0.9961942303841902 0
outer loop
vertex 9.00395393371582 -65.91349029541016 -1.5
vertex 9.993139266967773 -65.82694244384766 -0.5
vertex 9.00395393371582 -65.91349029541016 -0.5
endloop
endfacet
facet normal 0.25881565370937426 -0.965926735003742 0
outer loop
vertex 9.993139266967773 -65.82694244384766 -0.5
vertex 9.993139266967773 -65.82694244384766 -1.5
vertex 11.340115547180176 -65.46602630615234 -0.5
endloop
endfacet
facet normal -0.06811998712396647 -0.09729091065042353 -0.9929220241585146
outer loop
vertex 4.103954315185547 -64.448486328125 -1.5076520442962646
vertex 4.85117769241333 -64.448486328125 -1.5589157342910767
vertex 4.103954315185547 -64.52658081054688 -1.5
endloop
endfacet
facet normal 0.030738186975722746 -0.11471644431654623 -0.9929226058786326
outer loop
vertex 11.340115547180176 -65.46602630615234 -1.5
vertex 9.854839324951172 -65.0426025390625 -1.5949000120162964
vertex 11.067715644836426 -64.71761322021484 -1.5949000120162964
endloop
endfacet
facet normal 0.04492985026469709 -0.09635351272906179 -0.9943325948292968
outer loop
vertex 11.067715644836426 -64.71761322021484 -1.5949000120162964
vertex 10.96976089477539 -64.448486328125 -1.6254053115844727
vertex 11.644866943359375 -64.448486328125 -1.5949000120162964
endloop
endfacet
facet normal 0.05019153023772022 -0.10763735510267607 -0.9929224592478995
outer loop
vertex 12.603954315185547 -64.8766860961914 -1.5
vertex 11.067715644836426 -64.71761322021484 -1.5949000120162964
vertex 11.644866943359375 -64.448486328125 -1.5949000120162964
endloop
endfacet
facet normal 0.050191684126115785 -0.10763595484901572 -0.992922603261868
outer loop
vertex 11.340115547180176 -65.46602630615234 -1.5
vertex 11.067715644836426 -64.71761322021484 -1.5949000120162964
vertex 12.603954315185547 -64.8766860961914 -1.5
endloop
endfacet
facet normal 0.050191573337421365 -0.10763726036075708 -0.9929224673396936
outer loop
vertex 12.603954315185547 -64.8766860961914 -1.5
vertex 11.644866943359375 -64.448486328125 -1.5949000120162964
vertex 12.356731414794922 -64.448486328125 -1.5589157342910767
endloop
endfacet
facet normal 0.06812006207079724 -0.09728617566953872 -0.9929224829598061
outer loop
vertex 12.603954315185547 -64.8766860961914 -1.5
vertex 12.356731414794922 -64.448486328125 -1.5589157342910767
vertex 13.103954315185547 -64.448486328125 -1.5076520442962646
endloop
endfacet
facet normal 0.0681241049289517 -0.09729088323179363 -0.9929217443321535
outer loop
vertex 12.603954315185547 -64.8766860961914 -1.5
vertex 13.103954315185547 -64.448486328125 -1.5076520442962646
vertex 13.103954315185547 -64.52658081054688 -1.5
endloop
endfacet
facet normal 1 0 0
outer loop
vertex 13.103954315185547 -64.52658081054688 -1.5
vertex 13.103954315185547 -64.448486328125 -1.5076520442962646
vertex 13.103954315185547 -64.448486328125 -1
endloop
endfacet
facet normal -0.5735781035076711 -0.8191508769308272 0
outer loop
vertex 4.103954315185547 -64.52658081054688 -0.5
vertex 4.103954315185547 -64.52658081054688 -1.5
vertex 4.603954315185547 -64.8766860961914 -0.5
endloop
endfacet
facet normal 0.25881565370937426 -0.965926735003742 0
outer loop
vertex 11.340115547180176 -65.46602630615234 -0.5
vertex 9.993139266967773 -65.82694244384766 -1.5
vertex 11.340115547180176 -65.46602630615234 -1.5
endloop
endfacet
facet normal 0.42261974241643857 -0.9063070965847411 0
outer loop
vertex 11.340115547180176 -65.46602630615234 -1.5
vertex 12.603954315185547 -64.8766860961914 -1.5
vertex 12.603954315185547 -64.8766860961914 -0.5
endloop
endfacet
facet normal 0.5735781035076711 -0.8191508769308272 0
outer loop
vertex 12.603954315185547 -64.8766860961914 -1.5
vertex 13.103954315185547 -64.52658081054688 -1.5
vertex 13.103954315185547 -64.52658081054688 -0.5
endloop
endfacet
facet normal 1 0 0
outer loop
vertex 13.103954315185547 -64.52658081054688 -0.5
vertex 13.103954315185547 -64.52658081054688 -1.5
vertex 13.103954315185547 -64.448486328125 -1
endloop
endfacet
facet normal 0.42261974241643857 -0.9063070965847411 0
outer loop
vertex 11.340115547180176 -65.46602630615234 -0.5
vertex 11.340115547180176 -65.46602630615234 -1.5
vertex 12.603954315185547 -64.8766860961914 -0.5
endloop
endfacet
facet normal 0.5735781035076711 -0.8191508769308272 0
outer loop
vertex 12.603954315185547 -64.8766860961914 -1.5
vertex 13.103954315185547 -64.52658081054688 -0.5
vertex 12.603954315185547 -64.8766860961914 -0.5
endloop
endfacet
facet normal 1 0 0
outer loop
vertex 13.103954315185547 -64.448486328125 -1
vertex 13.103954315185547 -63.948482513427734 -0.5
vertex 13.103954315185547 -64.52658081054688 -0.5
endloop
endfacet
facet normal -0.030738345107861716 -0.11471712467458942 -0.9929225223784707
outer loop
vertex 7.214768886566162 -65.82694244384766 -1.5
vertex 6.14019250869751 -64.71761322021484 -1.5949000120162964
vertex 7.35306978225708 -65.0426025390625 -1.5949000120162964
endloop
endfacet
facet normal -0.027515747127006662 -0.10269171540183857 -0.9943325878436603
outer loop
vertex 6.238147735595703 -64.448486328125 -1.6254053115844727
vertex 7.457828998565674 -64.448486328125 -1.6591570377349854
vertex 6.14019250869751 -64.71761322021484 -1.5949000120162964
endloop
endfacet
facet normal -0.5735781035076711 -0.8191508769308272 0
outer loop
vertex 4.603954315185547 -64.8766860961914 -1.5
vertex 4.603954315185547 -64.8766860961914 -0.5
vertex 4.103954315185547 -64.52658081054688 -1.5
endloop
endfacet
facet normal -0.5735781035076711 -0.8191508769308272 0
outer loop
vertex -75.8262710571289 -64.8766860961914 -1.5
vertex -75.8262710571289 -64.8766860961914 -0.5
vertex -76.3262710571289 -64.52658081054688 -1.5
endloop
endfacet
facet normal 0.08716142208024855 -0.9961942011982144 0
outer loop
vertex -71.42626953125 -65.91349029541016 -1.5
vertex -70.43708801269531 -65.82694244384766 -0.5
vertex -71.42626953125 -65.91349029541016 -0.5
endloop
endfacet
facet normal -1 0 0
outer loop
vertex -76.3262710571289 -64.448486328125 -1.5076520442962646
vertex -76.3262710571289 -64.52658081054688 -1.5
vertex -76.3262710571289 -64.52658081054688 -0.5
endloop
endfacet
facet normal -1 0 0
outer loop
vertex -76.3262710571289 -64.448486328125 -1
vertex -76.3262710571289 -64.448486328125 -1.5076520442962646
vertex -76.3262710571289 -64.52658081054688 -0.5
endloop
endfacet
facet normal -0.42261948047228126 -0.9063072187317825 0
outer loop
vertex -74.56243133544922 -65.46602630615234 -1.5
vertex -74.56243133544922 -65.46602630615234 -0.5
vertex -75.8262710571289 -64.8766860961914 -1.5
endloop
endfacet
facet normal -0.5735781035076711 -0.8191508769308272 0
outer loop
vertex -76.3262710571289 -64.52658081054688 -0.5
vertex -76.3262710571289 -64.52658081054688 -1.5
vertex -75.8262710571289 -64.8766860961914 -0.5
endloop
endfacet
facet normal -1 0 0
outer loop
vertex -76.3262710571289 -63.948482513427734 -0.5
vertex -76.3262710571289 -64.448486328125 -1
vertex -76.3262710571289 -64.52658081054688 -0.5
endloop
endfacet
facet normal -0.42261948047228126 -0.9063072187317825 0
outer loop
vertex -75.8262710571289 -64.8766860961914 -0.5
vertex -75.8262710571289 -64.8766860961914 -1.5
vertex -74.56243133544922 -65.46602630615234 -0.5
endloop
endfacet
facet normal -0.030738344111723218 -0.11471694055490027 -0.9929225436815263
outer loop
vertex -73.21546173095703 -65.82694244384766 -1.5
vertex -74.29003143310547 -64.71761322021484 -1.5949000120162964
vertex -73.07715606689453 -65.0426025390625 -1.5949000120162964
endloop
endfacet
facet normal -0.027515757474004532 -0.10269185621165612 -0.9943325730149025
outer loop
vertex -74.29003143310547 -64.71761322021484 -1.5949000120162964
vertex -74.19207763671875 -64.448486328125 -1.6254053115844727
vertex -72.97239685058594 -64.448486328125 -1.6591570377349854
endloop
endfacet
facet normal -0.02751596412747188 -0.10269086746016655 -0.9943326694112057
outer loop
vertex -73.07715606689453 -65.0426025390625 -1.5949000120162964
vertex -74.29003143310547 -64.71761322021484 -1.5949000120162964
vertex -72.97239685058594 -64.448486328125 -1.6591570377349854
endloop
endfacet
facet normal -0.010350484642439484 -0.11831080257429008 -0.9929226664055434
outer loop
vertex -72.22627258300781 -65.91349029541016 -1.5
vertex -73.07715606689453 -65.0426025390625 -1.5949000120162964
vertex -72.22627258300781 -65.1170425415039 -1.5949000120162964
endloop
endfacet
facet normal -0.009265852654989536 -0.1059088697131952 -0.9943326683211458
outer loop
vertex -73.07715606689453 -65.0426025390625 -1.5949000120162964
vertex -72.97239685058594 -64.448486328125 -1.6591570377349854
vertex -72.22627258300781 -64.448486328125 -1.6661099195480347
endloop
endfacet
facet normal -0.009265534251310778 -0.10590932032857817 -0.9943326232919125
outer loop
vertex -72.22627258300781 -65.1170425415039 -1.5949000120162964
vertex -73.07715606689453 -65.0426025390625 -1.5949000120162964
vertex -72.22627258300781 -64.448486328125 -1.6661099195480347
endloop
endfacet
facet normal -0.030737924739783457 -0.11471653939899314 -0.9929226030114385
outer loop
vertex -74.56243133544922 -65.46602630615234 -1.5
vertex -74.29003143310547 -64.71761322021484 -1.5949000120162964
vertex -73.21546173095703 -65.82694244384766 -1.5
endloop
endfacet
facet normal -0.01035154302652354 -0.11831182220591586 -0.992922533878291
outer loop
vertex -73.07715606689453 -65.0426025390625 -1.5949000120162964
vertex -72.22627258300781 -65.91349029541016 -1.5
vertex -73.21546173095703 -65.82694244384766 -1.5
endloop
endfacet
facet normal 0.010350597017743162 -0.11831208707572427 -0.9929225121796577
outer loop
vertex -70.43708801269531 -65.82694244384766 -1.5
vertex -71.42626953125 -65.1170425415039 -1.5949000120162964
vertex -70.57538604736328 -65.0426025390625 -1.5949000120162964
endloop
endfacet
facet normal 0.009265852654989536 -0.1059088697131952 -0.9943326683211458
outer loop
vertex -71.42626953125 -64.448486328125 -1.6661099195480347
vertex -70.68014526367188 -64.448486328125 -1.6591570377349854
vertex -70.57538604736328 -65.0426025390625 -1.5949000120162964
endloop
endfacet
facet normal 0.009265534251310778 -0.10590932032857817 -0.9943326232919125
outer loop
vertex -70.57538604736328 -65.0426025390625 -1.5949000120162964
vertex -71.42626953125 -65.1170425415039 -1.5949000120162964
vertex -71.42626953125 -64.448486328125 -1.6661099195480347
endloop
endfacet
facet normal 0.030738209004710124 -0.11471643632919659 -0.9929226061194862
outer loop
vertex -69.0901107788086 -65.46602630615234 -1.5
vertex -70.57538604736328 -65.0426025390625 -1.5949000120162964
vertex -69.36251068115234 -64.71761322021484 -1.5949000120162964
endloop
endfacet
facet normal 0.02751596412747188 -0.10269086746016655 -0.9943326694112057
outer loop
vertex -69.36251068115234 -64.71761322021484 -1.5949000120162964
vertex -70.57538604736328 -65.0426025390625 -1.5949000120162964
vertex -70.68014526367188 -64.448486328125 -1.6591570377349854
endloop
endfacet
facet normal 0.027515757474004532 -0.10269185621165612 -0.9943325730149025
outer loop
vertex -69.36251068115234 -64.71761322021484 -1.5949000120162964
vertex -70.68014526367188 -64.448486328125 -1.6591570377349854
vertex -69.46046447753906 -64.448486328125 -1.6254053115844727
endloop
endfacet
facet normal 0.04493010334121775 -0.09635357781875097 -0.9943325770863958
outer loop
vertex -69.36251068115234 -64.71761322021484 -1.5949000120162964
vertex -69.46046447753906 -64.448486328125 -1.6254053115844727
vertex -68.78536224365234 -64.448486328125 -1.5949000120162964
endloop
endfacet
facet normal 0.010351533541808112 -0.11831080128963231 -0.9929226556240611
outer loop
vertex -71.42626953125 -65.1170425415039 -1.5949000120162964
vertex -70.43708801269531 -65.82694244384766 -1.5
vertex -71.42626953125 -65.91349029541016 -1.5
endloop
endfacet
facet normal 0.030737955621381072 -0.11471730442037902 -0.9929225136689872
outer loop
vertex -70.43708801269531 -65.82694244384766 -1.5
vertex -70.57538604736328 -65.0426025390625 -1.5949000120162964
vertex -69.0901107788086 -65.46602630615234 -1.5
endloop
endfacet
facet normal -0.2588168505023403 -0.9659264143277424 0
outer loop
vertex -74.56243133544922 -65.46602630615234 -1.5
vertex -73.21546173095703 -65.82694244384766 -1.5
vertex -73.21546173095703 -65.82694244384766 -0.5
endloop
endfacet
facet normal -0.08716075493085619 -0.9961942595698307 0
outer loop
vertex -73.21546173095703 -65.82694244384766 -1.5
vertex -72.22627258300781 -65.91349029541016 -1.5
vertex -72.22627258300781 -65.91349029541016 -0.5
endloop
endfacet
facet normal -0.2588168505023403 -0.9659264143277424 0
outer loop
vertex -74.56243133544922 -65.46602630615234 -0.5
vertex -74.56243133544922 -65.46602630615234 -1.5
vertex -73.21546173095703 -65.82694244384766 -0.5
endloop
endfacet
facet normal -0.08716075493085619 -0.9961942595698307 0
outer loop
vertex -73.21546173095703 -65.82694244384766 -0.5
vertex -73.21546173095703 -65.82694244384766 -1.5
vertex -72.22627258300781 -65.91349029541016 -0.5
endloop
endfacet
facet normal 0.08716142208024855 -0.9961942011982144 0
outer loop
vertex -70.43708801269531 -65.82694244384766 -1.5
vertex -70.43708801269531 -65.82694244384766 -0.5
vertex -71.42626953125 -65.91349029541016 -1.5
endloop
endfacet
facet normal 0.25881548273982163 -0.965926780814236 0
outer loop
vertex -70.43708801269531 -65.82694244384766 -1.5
vertex -69.0901107788086 -65.46602630615234 -1.5
vertex -69.0901107788086 -65.46602630615234 -0.5
endloop
endfacet
facet normal -0.050192010514818156 -0.10763673600991232 -0.9929225020824198
outer loop
vertex -75.8262710571289 -64.8766860961914 -1.5
vertex -74.8671875 -64.448486328125 -1.5949000120162964
vertex -74.56243133544922 -65.46602630615234 -1.5
endloop
endfacet
facet normal -0.05019184246386467 -0.10763710541870929 -0.9929224705318962
outer loop
vertex -75.8262710571289 -64.8766860961914 -1.5
vertex -75.57904815673828 -64.448486328125 -1.5589157342910767
vertex -74.8671875 -64.448486328125 -1.5949000120162964
endloop
endfacet
facet normal -0.06812059328327862 -0.09728586810374922 -0.9929224766506365
outer loop
vertex -76.3262710571289 -64.52658081054688 -1.5
vertex -75.57904815673828 -64.448486328125 -1.5589157342910767
vertex -75.8262710571289 -64.8766860961914 -1.5
endloop
endfacet
facet normal -0.0681200303927327 -0.09729091036232473 -0.9929220212182643
outer loop
vertex -76.3262710571289 -64.448486328125 -1.5076520442962646
vertex -75.57904815673828 -64.448486328125 -1.5589157342910767
vertex -76.3262710571289 -64.52658081054688 -1.5
endloop
endfacet
facet normal -0.044929595812526785 -0.09635376310763541 -0.9943325820645327
outer loop
vertex -74.29003143310547 -64.71761322021484 -1.5949000120162964
vertex -74.8671875 -64.448486328125 -1.5949000120162964
vertex -74.19207763671875 -64.448486328125 -1.6254053115844727
endloop
endfacet
facet normal -0.05019064043624903 -0.1076363361690093 -0.9929226146828922
outer loop
vertex -74.56243133544922 -65.46602630615234 -1.5
vertex -74.8671875 -64.448486328125 -1.5949000120162964
vertex -74.29003143310547 -64.71761322021484 -1.5949000120162964
endloop
endfacet
facet normal 0.0501913042138593 -0.10763741530113288 -0.9929224641474294
outer loop
vertex -67.8262710571289 -64.8766860961914 -1.5
vertex -68.78536224365234 -64.448486328125 -1.5949000120162964
vertex -68.07349395751953 -64.448486328125 -1.5589157342910767
endloop
endfacet
facet normal 0.05019165176549849 -0.10763596667221456 -0.9929226036160064
outer loop
vertex -69.0901107788086 -65.46602630615234 -1.5
vertex -69.36251068115234 -64.71761322021484 -1.5949000120162964
vertex -67.8262710571289 -64.8766860961914 -1.5
endloop
endfacet
facet normal 0.06812059328327862 -0.09728586810374922 -0.9929224766506365
outer loop
vertex -67.8262710571289 -64.8766860961914 -1.5
vertex -68.07349395751953 -64.448486328125 -1.5589157342910767
vertex -67.3262710571289 -64.52658081054688 -1.5
endloop
endfacet
facet normal 0.0681200303927327 -0.09729091036232473 -0.9929220212182643
outer loop
vertex -67.3262710571289 -64.52658081054688 -1.5
vertex -68.07349395751953 -64.448486328125 -1.5589157342910767
vertex -67.3262710571289 -64.448486328125 -1.5076520442962646
endloop
endfacet
facet normal 1 0 0
outer loop
vertex -67.3262710571289 -64.52658081054688 -1.5
vertex -67.3262710571289 -64.448486328125 -1.5076520442962646
vertex -67.3262710571289 -64.448486328125 -1
endloop
endfacet
facet normal 0.42261948047228126 -0.9063072187317825 0
outer loop
vertex -69.0901107788086 -65.46602630615234 -1.5
vertex -67.8262710571289 -64.8766860961914 -1.5
vertex -67.8262710571289 -64.8766860961914 -0.5
endloop
endfacet
facet normal 0.5735781035076711 -0.8191508769308272 0
outer loop
vertex -67.8262710571289 -64.8766860961914 -1.5
vertex -67.3262710571289 -64.52658081054688 -1.5
vertex -67.3262710571289 -64.52658081054688 -0.5
endloop
endfacet
facet normal 0.050191552556388144 -0.10763686939151382 -0.992922510772907
outer loop
vertex -67.8262710571289 -64.8766860961914 -1.5
vertex -69.36251068115234 -64.71761322021484 -1.5949000120162964
vertex -68.78536224365234 -64.448486328125 -1.5949000120162964
endloop
endfacet
facet normal 1 0 0
outer loop
vertex -67.3262710571289 -64.52658081054688 -0.5
vertex -67.3262710571289 -64.52658081054688 -1.5
vertex -67.3262710571289 -64.448486328125 -1
endloop
endfacet
facet normal 0.42261948047228126 -0.9063072187317825 0
outer loop
vertex -69.0901107788086 -65.46602630615234 -0.5
vertex -69.0901107788086 -65.46602630615234 -1.5
vertex -67.8262710571289 -64.8766860961914 -0.5
endloop
endfacet
facet normal 0.5735781035076711 -0.8191508769308272 0
outer loop
vertex -67.8262710571289 -64.8766860961914 -0.5
vertex -67.8262710571289 -64.8766860961914 -1.5
vertex -67.3262710571289 -64.52658081054688 -0.5
endloop
endfacet
facet normal 0.25881548273982163 -0.965926780814236 0
outer loop
vertex -70.43708801269531 -65.82694244384766 -0.5
vertex -70.43708801269531 -65.82694244384766 -1.5
vertex -69.0901107788086 -65.46602630615234 -0.5
endloop
endfacet
facet normal 1 0 0
outer loop
vertex -67.3262710571289 -64.448486328125 -1
vertex -67.3262710571289 -63.948482513427734 -0.5
vertex -67.3262710571289 -64.52658081054688 -0.5
endloop
endfacet
facet normal 0 0 1
outer loop
vertex 14.295295715332031 -61.28654098510742 -5
vertex 2.603954315185547 -64.448486328125 -5
vertex 14.457508087158203 -61.394927978515625 -5
endloop
endfacet
facet normal 0.9807852633251952 0.19509040787318935 0
outer loop
vertex 2.642014503479004 -62.939823150634766 -0.5
vertex 2.642014503479004 -62.939823150634766 -4
vertex 2.603954315185547 -62.74848175048828 -4
endloop
endfacet
facet normal 0 0 -1
outer loop
vertex 14.603954315185547 -64.448486328125 -4
vertex 9.00395393371582 -63.24848175048828 -4
vertex 14.295295715332031 -63.21042251586914 -4
endloop
endfacet
facet normal 0 0 -1
outer loop
vertex 9.00395393371582 -64.448486328125 -4
vertex 9.00395393371582 -63.24848175048828 -4
vertex 14.603954315185547 -64.448486328125 -4
endloop
endfacet
facet normal -1 0 0
outer loop
vertex 14.603954315185547 -62.74848175048828 -4
vertex 14.603954315185547 -64.448486328125 -5
vertex 14.603954315185547 -64.448486328125 -4
endloop
endfacet
facet normal -0.9807852633251952 0.19509040787318935 0
outer loop
vertex 14.603954315185547 -62.74848175048828 -0.5
vertex 14.603954315185547 -62.74848175048828 -4
vertex 14.56589412689209 -62.939823150634766 -0.5
endloop
endfacet
facet normal -1 0 0
outer loop
vertex 14.603954315185547 -62.74848175048828 -4
vertex 14.603954315185547 -62.74848175048828 -0.5
vertex 14.603954315185547 -61.74848175048828 -0.5
endloop
endfacet
facet normal -1 0 0
outer loop
vertex 9.00395393371582 -65.91349029541016 -0.5
vertex 9.00395393371582 -64.448486328125 -1.6661099195480347
vertex 9.00395393371582 -65.1170425415039 -1.5949000120162964
endloop
endfacet
facet normal 0 1 0
outer loop
vertex 8.203954696655273 -63.24848175048828 -0.5
vertex 3.103954315185547 -63.24848175048828 -4
vertex 3.103954315185547 -63.24848175048828 -0.5
endloop
endfacet
facet normal 0.19508523787394733 0.9807862916882889 0
outer loop
vertex 2.9126124382019043 -63.21042251586914 -4
vertex 2.9126124382019043 -63.21042251586914 -0.5
vertex 3.103954315185547 -63.24848175048828 -0.5
endloop
endfacet
facet normal 0.5555724643629031 0.831468121362287 0
outer loop
vertex 2.7504007816314697 -63.10203552246094 -4
vertex 2.7504007816314697 -63.10203552246094 -0.5
vertex 2.9126124382019043 -63.21042251586914 -0.5
endloop
endfacet
facet normal 1 0 0
outer loop
vertex 8.203954696655273 -65.91349029541016 -0.5
vertex 8.203954696655273 -65.91349029541016 -1.5
vertex 8.203954696655273 -65.1170425415039 -1.5949000120162964
endloop
endfacet
facet normal -1 0 0
outer loop
vertex 14.603954315185547 -61.74848175048828 -5
vertex 14.603954315185547 -64.448486328125 -5
vertex 14.603954315185547 -62.74848175048828 -4
endloop
endfacet
facet normal 0 -1 0
outer loop
vertex 2.9126124382019043 -61.28654098510742 -0.5
vertex 2.9126124382019043 -61.28654098510742 -5
vertex 14.295295715332031 -61.28654098510742 -5
endloop
endfacet
facet normal 0 0 -1
outer loop
vertex 8.203954696655273 -64.448486328125 -4
vertex 3.103954315185547 -63.24848175048828 -4
vertex 8.203954696655273 -63.24848175048828 -4
endloop
endfacet
facet normal -1 0 0
outer loop
vertex 9.00395393371582 -65.91349029541016 -1.5
vertex 9.00395393371582 -65.91349029541016 -0.5
vertex 9.00395393371582 -65.1170425415039 -1.5949000120162964
endloop
endfacet
facet normal 1 0 0
outer loop
vertex 8.203954696655273 -65.91349029541016 -0.5
vertex 8.203954696655273 -64.448486328125 -1.6661099195480347
vertex 8.203954696655273 -63.24848175048828 -0.5
endloop
endfacet
facet normal -1 0 0
outer loop
vertex 9.00395393371582 -63.24848175048828 -0.5
vertex 9.00395393371582 -64.448486328125 -1.6661099195480347
vertex 9.00395393371582 -65.91349029541016 -0.5
endloop
endfacet
facet normal 1 0 0
outer loop
vertex 2.603954315185547 -62.74848175048828 -0.5
vertex 2.603954315185547 -62.74848175048828 -4
vertex 2.603954315185547 -61.74848175048828 -0.5
endloop
endfacet
facet normal 0.5555724643629031 -0.831468121362287 0
outer loop
vertex 2.7504007816314697 -61.394927978515625 -0.5
vertex 2.7504007816314697 -61.394927978515625 -5
vertex 2.9126124382019043 -61.28654098510742 -5
endloop
endfacet
facet normal 0.9807852633251952 0.19509040787318935 0
outer loop
vertex 2.603954315185547 -62.74848175048828 -4
vertex 2.603954315185547 -62.74848175048828 -0.5
vertex 2.642014503479004 -62.939823150634766 -0.5
endloop
endfacet
facet normal 0.8314709465849636 0.5555682361196549 0
outer loop
vertex 2.642014503479004 -62.939823150634766 -4
vertex 2.642014503479004 -62.939823150634766 -0.5
vertex 2.7504007816314697 -63.10203552246094 -0.5
endloop
endfacet
facet normal 0 -1 0
outer loop
vertex 14.295295715332031 -61.28654098510742 -5
vertex 14.295295715332031 -61.28654098510742 -0.5
vertex 2.9126124382019043 -61.28654098510742 -0.5
endloop
endfacet
facet normal -0.007192551855789454 0.999974133264357 0
outer loop
vertex 14.295295715332031 -63.21042251586914 -0.5
vertex 14.295295715332031 -63.21042251586914 -4
vertex 9.00395393371582 -63.24848175048828 -4
endloop
endfacet
facet normal 0.8314709465849637 -0.5555682361196549 0
outer loop
vertex 2.642014503479004 -61.5571403503418 -0.5
vertex 2.642014503479004 -61.5571403503418 -5
vertex 2.7504007816314697 -61.394927978515625 -5
endloop
endfacet
facet normal -1 0 0
outer loop
vertex 9.00395393371582 -63.24848175048828 -0.5
vertex 9.00395393371582 -63.24848175048828 -4
vertex 9.00395393371582 -64.448486328125 -1.6661099195480347
endloop
endfacet
facet normal 0 0 -1
outer loop
vertex 14.603954315185547 -64.448486328125 -4
vertex 14.457508087158203 -63.10203552246094 -4
vertex 14.56589412689209 -62.939823150634766 -4
endloop
endfacet
facet normal -0.8314715111157752 0.5555673912342671 0
outer loop
vertex 14.457508087158203 -63.10203552246094 -4
vertex 14.457508087158203 -63.10203552246094 -0.5
vertex 14.56589412689209 -62.939823150634766 -0.5
endloop
endfacet
facet normal 1 0 0
outer loop
vertex 8.203954696655273 -64.448486328125 -1.6661099195480347
vertex 8.203954696655273 -63.24848175048828 -4
vertex 8.203954696655273 -63.24848175048828 -0.5
endloop
endfacet
facet normal -1 0 0
outer loop
vertex 9.00395393371582 -64.448486328125 -4
vertex 9.00395393371582 -64.448486328125 -1.6661099195480347
vertex 9.00395393371582 -63.24848175048828 -4
endloop
endfacet
facet normal 1 0 0
outer loop
vertex 8.203954696655273 -64.448486328125 -1.6661099195480347
vertex 8.203954696655273 -64.448486328125 -4
vertex 8.203954696655273 -63.24848175048828 -4
endloop
endfacet
facet normal 0.9807852633251952 -0.19509040787318935 0
outer loop
vertex 2.603954315185547 -61.74848175048828 -0.5
vertex 2.603954315185547 -61.74848175048828 -5
vertex 2.642014503479004 -61.5571403503418 -5
endloop
endfacet
facet normal 0 1 0
outer loop
vertex 8.203954696655273 -63.24848175048828 -4
vertex 3.103954315185547 -63.24848175048828 -4
vertex 8.203954696655273 -63.24848175048828 -0.5
endloop
endfacet
facet normal 0 0 -1
outer loop
vertex 2.9126124382019043 -63.21042251586914 -4
vertex 2.603954315185547 -64.448486328125 -4
vertex 2.7504007816314697 -63.10203552246094 -4
endloop
endfacet
facet normal 0 0 -1
outer loop
vertex 2.603954315185547 -64.448486328125 -4
vertex 2.9126124382019043 -63.21042251586914 -4
vertex 3.103954315185547 -63.24848175048828 -4
endloop
endfacet
facet normal 0 0 -1
outer loop
vertex 2.603954315185547 -64.448486328125 -4
vertex 3.103954315185547 -63.24848175048828 -4
vertex 8.203954696655273 -64.448486328125 -4
endloop
endfacet
facet normal 0 0 -1
outer loop
vertex 2.642014503479004 -62.939823150634766 -4
vertex 2.603954315185547 -64.448486328125 -4
vertex 2.603954315185547 -62.74848175048828 -4
endloop
endfacet
facet normal 0 0 -1
outer loop
vertex 2.603954315185547 -64.448486328125 -4
vertex 2.642014503479004 -62.939823150634766 -4
vertex 2.7504007816314697 -63.10203552246094 -4
endloop
endfacet
facet normal 1 0 0
outer loop
vertex 2.603954315185547 -64.448486328125 -4
vertex 2.603954315185547 -64.448486328125 -5
vertex 2.603954315185547 -62.74848175048828 -4
endloop
endfacet
facet normal 0.5555724643629031 -0.831468121362287 0
outer loop
vertex 2.9126124382019043 -61.28654098510742 -5
vertex 2.9126124382019043 -61.28654098510742 -0.5
vertex 2.7504007816314697 -61.394927978515625 -0.5
endloop
endfacet
facet normal 1 0 0
outer loop
vertex 2.603954315185547 -64.448486328125 -5
vertex 2.603954315185547 -61.74848175048828 -5
vertex 2.603954315185547 -62.74848175048828 -4
endloop
endfacet
facet normal -1 0 0
outer loop
vertex 14.603954315185547 -61.74848175048828 -0.5
vertex 14.603954315185547 -61.74848175048828 -5
vertex 14.603954315185547 -62.74848175048828 -4
endloop
endfacet
facet normal 0.8314709465849637 -0.5555682361196549 0
outer loop
vertex 2.7504007816314697 -61.394927978515625 -5
vertex 2.7504007816314697 -61.394927978515625 -0.5
vertex 2.642014503479004 -61.5571403503418 -0.5
endloop
endfacet
facet normal 0 0 1
outer loop
vertex 14.457508087158203 -61.394927978515625 -5
vertex 2.603954315185547 -64.448486328125 -5
vertex 14.56589412689209 -61.5571403503418 -5
endloop
endfacet
facet normal 1 0 0
outer loop
vertex 8.203954696655273 -65.91349029541016 -0.5
vertex 8.203954696655273 -65.1170425415039 -1.5949000120162964
vertex 8.203954696655273 -64.448486328125 -1.6661099195480347
endloop
endfacet
facet normal 0 0 1
outer loop
vertex 2.603954315185547 -64.448486328125 -5
vertex 14.603954315185547 -61.74848175048828 -5
vertex 14.56589412689209 -61.5571403503418 -5
endloop
endfacet
facet normal 0 0 1
outer loop
vertex 14.603954315185547 -64.448486328125 -5
vertex 14.603954315185547 -61.74848175048828 -5
vertex 2.603954315185547 -64.448486328125 -5
endloop
endfacet
facet normal 0 0 1
outer loop
vertex 2.9126124382019043 -61.28654098510742 -5
vertex 2.603954315185547 -64.448486328125 -5
vertex 14.295295715332031 -61.28654098510742 -5
endloop
endfacet
facet normal 0 0 1
outer loop
vertex 2.7504007816314697 -61.394927978515625 -5
vertex 2.603954315185547 -64.448486328125 -5
vertex 2.9126124382019043 -61.28654098510742 -5
endloop
endfacet
facet normal 0 0 1
outer loop
vertex 2.642014503479004 -61.5571403503418 -5
vertex 2.603954315185547 -64.448486328125 -5
vertex 2.7504007816314697 -61.394927978515625 -5
endloop
endfacet
facet normal 0 0 1
outer loop
vertex 2.603954315185547 -61.74848175048828 -5
vertex 2.603954315185547 -64.448486328125 -5
vertex 2.642014503479004 -61.5571403503418 -5
endloop
endfacet
facet normal -0.5555707707654927 0.831469252991977 0
outer loop
vertex 14.295295715332031 -63.21042251586914 -4
vertex 14.295295715332031 -63.21042251586914 -0.5
vertex 14.457508087158203 -63.10203552246094 -0.5
endloop
endfacet
facet normal -0.007192551855789454 0.999974133264357 0
outer loop
vertex 14.295295715332031 -63.21042251586914 -0.5
vertex 9.00395393371582 -63.24848175048828 -4
vertex 9.00395393371582 -63.24848175048828 -0.5
endloop
endfacet
facet normal -0.5555707707654927 0.831469252991977 0
outer loop
vertex 14.457508087158203 -63.10203552246094 -0.5
vertex 14.457508087158203 -63.10203552246094 -4
vertex 14.295295715332031 -63.21042251586914 -4
endloop
endfacet
facet normal -0.8314715111157752 0.5555673912342671 0
outer loop
vertex 14.56589412689209 -62.939823150634766 -0.5
vertex 14.56589412689209 -62.939823150634766 -4
vertex 14.457508087158203 -63.10203552246094 -4
endloop
endfacet
facet normal -0.9807852633251952 0.19509040787318935 0
outer loop
vertex 14.56589412689209 -62.939823150634766 -0.5
vertex 14.603954315185547 -62.74848175048828 -4
vertex 14.56589412689209 -62.939823150634766 -4
endloop
endfacet
facet normal -0.8314715111157752 -0.5555673912342671 0
outer loop
vertex 14.56589412689209 -61.5571403503418 -5
vertex 14.56589412689209 -61.5571403503418 -0.5
vertex 14.457508087158203 -61.394927978515625 -0.5
endloop
endfacet
facet normal 0 0 -1
outer loop
vertex 14.603954315185547 -62.74848175048828 -4
vertex 14.603954315185547 -64.448486328125 -4
vertex 14.56589412689209 -62.939823150634766 -4
endloop
endfacet
facet normal 0.9807852633251952 -0.19509040787318935 0
outer loop
vertex 2.642014503479004 -61.5571403503418 -5
vertex 2.642014503479004 -61.5571403503418 -0.5
vertex 2.603954315185547 -61.74848175048828 -0.5
endloop
endfacet
facet normal -0.9807852633251952 -0.19509040787318935 0
outer loop
vertex 14.56589412689209 -61.5571403503418 -0.5
vertex 14.56589412689209 -61.5571403503418 -5
vertex 14.603954315185547 -61.74848175048828 -5
endloop
endfacet
facet normal -0.5555707707654927 -0.831469252991977 0
outer loop
vertex 14.295295715332031 -61.28654098510742 -0.5
vertex 14.295295715332031 -61.28654098510742 -5
vertex 14.457508087158203 -61.394927978515625 -5
endloop
endfacet
facet normal -0.9807852633251952 -0.19509040787318935 0
outer loop
vertex 14.603954315185547 -61.74848175048828 -5
vertex 14.603954315185547 -61.74848175048828 -0.5
vertex 14.56589412689209 -61.5571403503418 -0.5
endloop
endfacet
facet normal 0.8314709465849636 0.5555682361196549 0
outer loop
vertex 2.7504007816314697 -63.10203552246094 -0.5
vertex 2.7504007816314697 -63.10203552246094 -4
vertex 2.642014503479004 -62.939823150634766 -4
endloop
endfacet
facet normal -0.5555707707654927 -0.831469252991977 0
outer loop
vertex 14.457508087158203 -61.394927978515625 -5
vertex 14.457508087158203 -61.394927978515625 -0.5
vertex 14.295295715332031 -61.28654098510742 -0.5
endloop
endfacet
facet normal 0.5555724643629031 0.831468121362287 0
outer loop
vertex 2.9126124382019043 -63.21042251586914 -0.5
vertex 2.9126124382019043 -63.21042251586914 -4
vertex 2.7504007816314697 -63.10203552246094 -4
endloop
endfacet
facet normal -0.8314715111157752 -0.5555673912342671 0
outer loop
vertex 14.457508087158203 -61.394927978515625 -0.5
vertex 14.457508087158203 -61.394927978515625 -5
vertex 14.56589412689209 -61.5571403503418 -5
endloop
endfacet
facet normal 1 0 0
outer loop
vertex 2.603954315185547 -61.74848175048828 -5
vertex 2.603954315185547 -61.74848175048828 -0.5
vertex 2.603954315185547 -62.74848175048828 -4
endloop
endfacet
facet normal 0.19508523787394733 0.9807862916882889 0
outer loop
vertex 3.103954315185547 -63.24848175048828 -0.5
vertex 3.103954315185547 -63.24848175048828 -4
vertex 2.9126124382019043 -63.21042251586914 -4
endloop
endfacet
facet normal 0 0 -1
outer loop
vertex 14.603954315185547 -64.448486328125 -4
vertex 14.295295715332031 -63.21042251586914 -4
vertex 14.457508087158203 -63.10203552246094 -4
endloop
endfacet
facet normal 0 0 -1
outer loop
vertex -65.8262710571289 -64.448486328125 -4
vertex -71.42626953125 -63.24848175048828 -4
vertex -66.13493347167969 -63.21042251586914 -4
endloop
endfacet
facet normal 0.007192549263254353 0.9999741332830042 0
outer loop
vertex -77.51761627197266 -63.21042251586914 -4
vertex -77.51761627197266 -63.21042251586914 -0.5
vertex -72.22627258300781 -63.24848175048828 -0.5
endloop
endfacet
facet normal -1 0 0
outer loop
vertex -65.8262710571289 -61.74848175048828 -5
vertex -65.8262710571289 -64.448486328125 -5
vertex -65.8262710571289 -62.74848175048828 -4
endloop
endfacet
facet normal 0 0 1
outer loop
vertex -65.97271728515625 -61.394927978515625 -5
vertex -77.8262710571289 -64.448486328125 -5
vertex -65.86433410644531 -61.5571403503418 -5
endloop
endfacet
facet normal 0 0 -1
outer loop
vertex -65.8262710571289 -64.448486328125 -4
vertex -66.13493347167969 -63.21042251586914 -4
vertex -65.97271728515625 -63.10203552246094 -4
endloop
endfacet
facet normal 1 0 0
outer loop
vertex -77.8262710571289 -62.74848175048828 -0.5
vertex -77.8262710571289 -62.74848175048828 -4
vertex -77.8262710571289 -61.74848175048828 -0.5
endloop
endfacet
facet normal -0.5555617383814266 0.831475288175546 0
outer loop
vertex -66.13493347167969 -63.21042251586914 -4
vertex -66.13493347167969 -63.21042251586914 -0.5
vertex -65.97271728515625 -63.10203552246094 -0.5
endloop
endfacet
facet normal -0.8314782854783427 0.5555572524753821 0
outer loop
vertex -65.97271728515625 -63.10203552246094 -4
vertex -65.97271728515625 -63.10203552246094 -0.5
vertex -65.86433410644531 -62.939823150634766 -0.5
endloop
endfacet
facet normal 0.9807899398239573 0.19506689606419184 0
outer loop
vertex -77.8262710571289 -62.74848175048828 -4
vertex -77.8262710571289 -62.74848175048828 -0.5
vertex -77.78821563720703 -62.939823150634766 -0.5
endloop
endfacet
facet normal -0.980782457176804 0.19510451479714808 0
outer loop
vertex -65.8262710571289 -62.74848175048828 -0.5
vertex -65.8262710571289 -62.74848175048828 -4
vertex -65.86433410644531 -62.939823150634766 -0.5
endloop
endfacet
facet normal 0 0 -1
outer loop
vertex -65.8262710571289 -64.448486328125 -4
vertex -65.97271728515625 -63.10203552246094 -4
vertex -65.86433410644531 -62.939823150634766 -4
endloop
endfacet
facet normal 0.5555798033776967 0.8314632175140401 0
outer loop
vertex -77.51761627197266 -63.21042251586914 -0.5
vertex -77.51761627197266 -63.21042251586914 -4
vertex -77.67982482910156 -63.10203552246094 -4
endloop
endfacet
facet normal 0 0 -1
outer loop
vertex -65.8262710571289 -62.74848175048828 -4
vertex -65.8262710571289 -64.448486328125 -4
vertex -65.86433410644531 -62.939823150634766 -4
endloop
endfacet
facet normal 0.5555798033776967 0.8314632175140401 0
outer loop
vertex -77.67982482910156 -63.10203552246094 -4
vertex -77.67982482910156 -63.10203552246094 -0.5
vertex -77.51761627197266 -63.21042251586914 -0.5
endloop
endfacet
facet normal -1 0 0
outer loop
vertex -71.42626953125 -63.24848175048828 -0.5
vertex -71.42626953125 -64.448486328125 -1.6661099195480347
vertex -71.42626953125 -65.91349029541016 -0.5
endloop
endfacet
facet normal -0.980782457176804 -0.19510451479714808 0
outer loop
vertex -65.86433410644531 -61.5571403503418 -0.5
vertex -65.86433410644531 -61.5571403503418 -5
vertex -65.8262710571289 -61.74848175048828 -5
endloop
endfacet
facet normal -1 0 0
outer loop
vertex -71.42626953125 -65.91349029541016 -1.5
vertex -71.42626953125 -65.91349029541016 -0.5
vertex -71.42626953125 -65.1170425415039 -1.5949000120162964
endloop
endfacet
facet normal -0.5555617383814266 -0.831475288175546 0
outer loop
vertex -66.13493347167969 -61.28654098510742 -0.5
vertex -66.13493347167969 -61.28654098510742 -5
vertex -65.97271728515625 -61.394927978515625 -5
endloop
endfacet
facet normal -0.8314782854783427 -0.5555572524753821 0
outer loop
vertex -65.97271728515625 -61.394927978515625 -0.5
vertex -65.97271728515625 -61.394927978515625 -5
vertex -65.86433410644531 -61.5571403503418 -5
endloop
endfacet
facet normal 1 0 0
outer loop
vertex -72.22627258300781 -65.91349029541016 -0.5
vertex -72.22627258300781 -64.448486328125 -1.6661099195480347
vertex -72.22627258300781 -63.9779052734375 -0.5
endloop
endfacet
facet normal 1 0 0
outer loop
vertex -72.22627258300781 -65.91349029541016 -0.5
vertex -72.22627258300781 -65.91349029541016 -1.5
vertex -72.22627258300781 -65.1170425415039 -1.5949000120162964
endloop
endfacet
facet normal 0 0 1
outer loop
vertex -66.13493347167969 -61.28654098510742 -5
vertex -77.8262710571289 -64.448486328125 -5
vertex -65.97271728515625 -61.394927978515625 -5
endloop
endfacet
facet normal 0 0 1
outer loop
vertex -77.8262710571289 -64.448486328125 -5
vertex -65.8262710571289 -61.74848175048828 -5
vertex -65.86433410644531 -61.5571403503418 -5
endloop
endfacet
facet normal -0.007192559633405969 0.9999741332084146 0
outer loop
vertex -66.13493347167969 -63.21042251586914 -0.5
vertex -71.42626953125 -63.24848175048828 -4
vertex -71.42626953125 -63.24848175048828 -0.5
endloop
endfacet
facet normal 0 0 1
outer loop
vertex -65.8262710571289 -64.448486328125 -5
vertex -65.8262710571289 -61.74848175048828 -5
vertex -77.8262710571289 -64.448486328125 -5
endloop
endfacet
facet normal -1 0 0
outer loop
vertex -71.42626953125 -65.91349029541016 -0.5
vertex -71.42626953125 -64.448486328125 -1.6661099195480347
vertex -71.42626953125 -65.1170425415039 -1.5949000120162964
endloop
endfacet
facet normal 1 0 0
outer loop
vertex -77.8262710571289 -62.74848175048828 -4
vertex -77.8262710571289 -61.74848175048828 -5
vertex -77.8262710571289 -61.74848175048828 -0.5
endloop
endfacet
facet normal 0 0 1
outer loop
vertex -77.51761627197266 -61.28654098510742 -5
vertex -77.8262710571289 -64.448486328125 -5
vertex -66.13493347167969 -61.28654098510742 -5
endloop
endfacet
facet normal 0.5555798033776967 -0.8314632175140401 0
outer loop
vertex -77.67982482910156 -61.394927978515625 -0.5
vertex -77.67982482910156 -61.394927978515625 -5
vertex -77.51761627197266 -61.28654098510742 -5
endloop
endfacet
facet normal 0.9807899398239573 0.19506689606419184 0
outer loop
vertex -77.78821563720703 -62.939823150634766 -0.5
vertex -77.78821563720703 -62.939823150634766 -4
vertex -77.8262710571289 -62.74848175048828 -4
endloop
endfacet
facet normal 0.8314602204820793 -0.5555842886150507 0
outer loop
vertex -77.78821563720703 -61.5571403503418 -0.5
vertex -77.78821563720703 -61.5571403503418 -5
vertex -77.67982482910156 -61.394927978515625 -5
endloop
endfacet
facet normal 0.9807899398239572 -0.1950668960641918 0
outer loop
vertex -77.78821563720703 -61.5571403503418 -0.5
vertex -77.8262710571289 -61.74848175048828 -5
vertex -77.78821563720703 -61.5571403503418 -5
endloop
endfacet
facet normal 0 0 -1
outer loop
vertex -77.8262710571289 -64.448486328125 -4
vertex -77.51761627197266 -63.21042251586914 -4
vertex -72.22627258300781 -64.448486328125 -4
endloop
endfacet
facet normal 0 0 -1
outer loop
vertex -77.78821563720703 -62.939823150634766 -4
vertex -77.8262710571289 -64.448486328125 -4
vertex -77.8262710571289 -62.74848175048828 -4
endloop
endfacet
facet normal 1 0 0
outer loop
vertex -72.22627258300781 -63.24848175048828 -4
vertex -72.22627258300781 -63.24848175048828 -0.5
vertex -72.22627258300781 -63.9779052734375 -0.5
endloop
endfacet
facet normal 1 0 0
outer loop
vertex -72.22627258300781 -65.91349029541016 -0.5
vertex -72.22627258300781 -65.1170425415039 -1.5949000120162964
vertex -72.22627258300781 -64.448486328125 -1.6661099195480347
endloop
endfacet
facet normal 0.9807899398239572 -0.1950668960641918 0
outer loop
vertex -77.8262710571289 -61.74848175048828 -0.5
vertex -77.8262710571289 -61.74848175048828 -5
vertex -77.78821563720703 -61.5571403503418 -0.5
endloop
endfacet
facet normal 0 0 -1
outer loop
vertex -77.51761627197266 -63.21042251586914 -4
vertex -77.8262710571289 -64.448486328125 -4
vertex -77.67982482910156 -63.10203552246094 -4
endloop
endfacet
facet normal 0 0 -1
outer loop
vertex -77.8262710571289 -64.448486328125 -4
vertex -77.78821563720703 -62.939823150634766 -4
vertex -77.67982482910156 -63.10203552246094 -4
endloop
endfacet
facet normal 1 0 0
outer loop
vertex -77.8262710571289 -64.448486328125 -5
vertex -77.8262710571289 -62.74848175048828 -4
vertex -77.8262710571289 -64.448486328125 -4
endloop
endfacet
facet normal 1 0 0
outer loop
vertex -77.8262710571289 -64.448486328125 -5
vertex -77.8262710571289 -61.74848175048828 -5
vertex -77.8262710571289 -62.74848175048828 -4
endloop
endfacet
facet normal 0 0 1
outer loop
vertex -77.67982482910156 -61.394927978515625 -5
vertex -77.8262710571289 -64.448486328125 -5
vertex -77.51761627197266 -61.28654098510742 -5
endloop
endfacet
facet normal 0 0 1
outer loop
vertex -77.78821563720703 -61.5571403503418 -5
vertex -77.8262710571289 -64.448486328125 -5
vertex -77.67982482910156 -61.394927978515625 -5
endloop
endfacet
facet normal 0 0 1
outer loop
vertex -77.8262710571289 -61.74848175048828 -5
vertex -77.8262710571289 -64.448486328125 -5
vertex -77.78821563720703 -61.5571403503418 -5
endloop
endfacet
facet normal -0.8314782854783427 -0.5555572524753821 0
outer loop
vertex -65.86433410644531 -61.5571403503418 -5
vertex -65.86433410644531 -61.5571403503418 -0.5
vertex -65.97271728515625 -61.394927978515625 -0.5
endloop
endfacet
facet normal -0.5555617383814266 -0.831475288175546 0
outer loop
vertex -65.97271728515625 -61.394927978515625 -5
vertex -65.97271728515625 -61.394927978515625 -0.5
vertex -66.13493347167969 -61.28654098510742 -0.5
endloop
endfacet
facet normal -0.19508944693220684 -0.9807854544678392 0
outer loop
vertex -66.13493347167969 -61.28654098510742 -5
vertex -66.13493347167969 -61.28654098510742 -0.5
vertex -66.3262710571289 -61.24848175048828 -0.5
endloop
endfacet
facet normal -0.980782457176804 -0.19510451479714808 0
outer loop
vertex -65.8262710571289 -61.74848175048828 -5
vertex -65.8262710571289 -61.74848175048828 -0.5
vertex -65.86433410644531 -61.5571403503418 -0.5
endloop
endfacet
facet normal -1 0 0
outer loop
vertex -65.8262710571289 -61.74848175048828 -0.5
vertex -65.8262710571289 -61.74848175048828 -5
vertex -65.8262710571289 -62.74848175048828 -0.5
endloop
endfacet
facet normal -0.980782457176804 0.19510451479714808 0
outer loop
vertex -65.86433410644531 -62.939823150634766 -0.5
vertex -65.8262710571289 -62.74848175048828 -4
vertex -65.86433410644531 -62.939823150634766 -4
endloop
endfacet
facet normal -0.8314782854783427 0.5555572524753821 0
outer loop
vertex -65.86433410644531 -62.939823150634766 -0.5
vertex -65.86433410644531 -62.939823150634766 -4
vertex -65.97271728515625 -63.10203552246094 -4
endloop
endfacet
facet normal -0.5555617383814266 0.831475288175546 0
outer loop
vertex -65.97271728515625 -63.10203552246094 -0.5
vertex -65.97271728515625 -63.10203552246094 -4
vertex -66.13493347167969 -63.21042251586914 -4
endloop
endfacet
facet normal -1 0 0
outer loop
vertex -65.8262710571289 -62.74848175048828 -0.5
vertex -65.8262710571289 -61.74848175048828 -5
vertex -65.8262710571289 -62.74848175048828 -4
endloop
endfacet
facet normal -0.007192559633405969 0.9999741332084146 0
outer loop
vertex -66.13493347167969 -63.21042251586914 -0.5
vertex -66.13493347167969 -63.21042251586914 -4
vertex -71.42626953125 -63.24848175048828 -4
endloop
endfacet
facet normal 0.0034006284104010887 -0.999957221132979 0.008601838781613354
outer loop
vertex -66.13493347167969 -61.28654098510742 -5
vertex -66.3262710571289 -61.24848175048828 -0.5
vertex -77.51761627197266 -61.28654098510742 -0.5
endloop
endfacet
facet normal -1 0 0
outer loop
vertex -71.42626953125 -63.24848175048828 -0.5
vertex -71.42626953125 -63.24848175048828 -4
vertex -71.42626953125 -64.448486328125 -1.6661099195480347
endloop
endfacet
facet normal 1 0 0
outer loop
vertex -72.22627258300781 -64.448486328125 -4
vertex -72.22627258300781 -63.9779052734375 -0.5
vertex -72.22627258300781 -64.448486328125 -1.6661099195480347
endloop
endfacet
facet normal -1 0 0
outer loop
vertex -71.42626953125 -63.24848175048828 -4
vertex -71.42626953125 -64.448486328125 -4
vertex -71.42626953125 -64.448486328125 -1.6661099195480347
endloop
endfacet
facet normal 1 0 0
outer loop
vertex -72.22627258300781 -63.9779052734375 -0.5
vertex -72.22627258300781 -64.448486328125 -4
vertex -72.22627258300781 -63.24848175048828 -4
endloop
endfacet
facet normal 0.007192549263254353 0.9999741332830042 0
outer loop
vertex -77.51761627197266 -63.21042251586914 -4
vertex -72.22627258300781 -63.24848175048828 -0.5
vertex -72.22627258300781 -63.24848175048828 -4
endloop
endfacet
facet normal 0.8314602204820793 -0.5555842886150507 0
outer loop
vertex -77.67982482910156 -61.394927978515625 -5
vertex -77.67982482910156 -61.394927978515625 -0.5
vertex -77.78821563720703 -61.5571403503418 -0.5
endloop
endfacet
facet normal 0.5555798033776967 -0.8314632175140401 0
outer loop
vertex -77.51761627197266 -61.28654098510742 -5
vertex -77.51761627197266 -61.28654098510742 -0.5
vertex -77.67982482910156 -61.394927978515625 -0.5
endloop
endfacet
facet normal 0.8314602204820793 0.5555842886150507 0
outer loop
vertex -77.78821563720703 -62.939823150634766 -4
vertex -77.78821563720703 -62.939823150634766 -0.5
vertex -77.67982482910156 -63.10203552246094 -0.5
endloop
endfacet
facet normal 0 0 -1
outer loop
vertex -72.22627258300781 -64.448486328125 -4
vertex -77.51761627197266 -63.21042251586914 -4
vertex -72.22627258300781 -63.24848175048828 -4
endloop
endfacet
facet normal 0.8314602204820793 0.5555842886150507 0
outer loop
vertex -77.67982482910156 -63.10203552246094 -0.5
vertex -77.67982482910156 -63.10203552246094 -4
vertex -77.78821563720703 -62.939823150634766 -4
endloop
endfacet
facet normal 0 -1 0
outer loop
vertex -77.51761627197266 -61.28654098510742 -0.5
vertex -77.51761627197266 -61.28654098510742 -5
vertex -66.13493347167969 -61.28654098510742 -5
endloop
endfacet
facet normal 0 0 -1
outer loop
vertex -71.42626953125 -63.24848175048828 -4
vertex -65.8262710571289 -64.448486328125 -4
vertex -71.42626953125 -64.448486328125 -4
endloop
endfacet
facet normal -1 0 0
outer loop
vertex -65.8262710571289 -62.74848175048828 -4
vertex -65.8262710571289 -64.448486328125 -5
vertex -65.8262710571289 -64.448486328125 -4
endloop
endfacet
facet normal 0.47139501592801797 0.8819221841853304 0
outer loop
vertex -72.20895385742188 36.486175537109375 -3.5
vertex -72.20895385742188 36.486175537109375 -9.159441947937012
vertex -72.38184356689453 36.57858657836914 -3.5
endloop
endfacet
facet normal 0 0 -1
outer loop
vertex -71.44358825683594 36.486175537109375 -3.5
vertex -71.63117980957031 36.42927169799805 -3.5
vertex -72.8262710571289 37.410057067871094 -3.5
endloop
endfacet
facet normal 0.9951867145052739 0.0979969554231074 0
outer loop
vertex -72.80706024169922 37.2149658203125 -3.5
vertex -72.80706024169922 37.2149658203125 -8.495997428894043
vertex -72.8262710571289 37.410057067871094 -3.5
endloop
endfacet
facet normal -0.2902779678676651 0.9569423709767578 0
outer loop
vertex -71.44358825683594 36.486175537109375 -3.5
vertex -71.44358825683594 36.486175537109375 -9.199552536010742
vertex -71.63117980957031 36.42927169799805 -3.5
endloop
endfacet
facet normal 0 0 -1
outer loop
vertex -71.63117980957031 36.42927169799805 -3.5
vertex -71.8262710571289 36.410057067871094 -3.5
vertex -72.8262710571289 37.410057067871094 -3.5
endloop
endfacet
facet normal 0 0 -1
outer loop
vertex -72.8262710571289 37.410057067871094 -3.5
vertex -72.0213623046875 36.42927169799805 -3.5
vertex -72.20895385742188 36.486175537109375 -3.5
endloop
endfacet
facet normal 0 0 -1
outer loop
vertex -71.8262710571289 36.410057067871094 -3.5
vertex -72.0213623046875 36.42927169799805 -3.5
vertex -72.8262710571289 37.410057067871094 -3.5
endloop
endfacet
facet normal 0 0 -1
outer loop
vertex -72.20895385742188 36.486175537109375 -3.5
vertex -72.38184356689453 36.57858657836914 -3.5
vertex -72.8262710571289 37.410057067871094 -3.5
endloop
endfacet
facet normal -0.290277967867665 0.9569423709767578 0
outer loop
vertex -71.44358825683594 36.486175537109375 -9.199552536010742
vertex -71.63117980957031 36.42927169799805 -9.194907188415527
vertex -71.63117980957031 36.42927169799805 -3.5
endloop
endfacet
facet normal 0.09801622777686082 0.9951848165503706 0
outer loop
vertex -71.8262710571289 36.410057067871094 -9.186433792114258
vertex -72.0213623046875 36.42927169799805 -9.174458503723145
vertex -72.0213623046875 36.42927169799805 -3.5
endloop
endfacet
facet normal 0.290277967867665 0.9569423709767578 0
outer loop
vertex -72.0213623046875 36.42927169799805 -9.174458503723145
vertex -72.20895385742188 36.486175537109375 -9.159441947937012
vertex -72.20895385742188 36.486175537109375 -3.5
endloop
endfacet
facet normal 0.4713950159280179 0.8819221841853303 0
outer loop
vertex -72.20895385742188 36.486175537109375 -9.159441947937012
vertex -72.38184356689453 36.57858657836914 -9.141959190368652
vertex -72.38184356689453 36.57858657836914 -3.5
endloop
endfacet
facet normal 0 0 -1
outer loop
vertex -72.8262710571289 37.410057067871094 -3.5
vertex -72.53337860107422 36.70294952392578 -3.5
vertex -72.65774536132812 36.854488372802734 -3.5
endloop
endfacet
facet normal 0.635580656368529 0.772034472298979 0.00005321829354918466
outer loop
vertex -72.38184356689453 36.57858657836914 -9.141959190368652
vertex -72.53436279296875 36.70414733886719 -9.122523307800293
vertex -72.53337860107422 36.70294952392578 -3.5
endloop
endfacet
facet normal -0.09801622777686082 0.9951848165503706 0
outer loop
vertex -71.63117980957031 36.42927169799805 -9.194907188415527
vertex -71.8262710571289 36.410057067871094 -9.186433792114258
vertex -71.8262710571289 36.410057067871094 -3.5
endloop
endfacet
facet normal 0 0 -1
outer loop
vertex -72.65774536132812 36.854488372802734 -3.5
vertex -72.80706024169922 37.2149658203125 -3.5
vertex -72.8262710571289 37.410057067871094 -3.5
endloop
endfacet
facet normal 0.7730082586436811 0.6343959584271198 0
outer loop
vertex -72.65774536132812 36.854488372802734 -3.5
vertex -72.53436279296875 36.70414733886719 -9.122523307800293
vertex -72.65774536132812 36.854488372802734 -8.936112403869629
endloop
endfacet
facet normal 0.8819259499769284 0.471387970526712 0
outer loop
vertex -72.65774536132812 36.854488372802734 -8.936112403869629
vertex -72.75015258789062 37.027374267578125 -8.724058151245117
vertex -72.75015258789062 37.027374267578125 -3.5
endloop
endfacet
facet normal 0.9569369653840532 0.2902957875711588 0
outer loop
vertex -72.75015258789062 37.027374267578125 -8.724058151245117
vertex -72.80706024169922 37.2149658203125 -8.495997428894043
vertex -72.80706024169922 37.2149658203125 -3.5
endloop
endfacet
facet normal -0.4714111959544523 0.8819135356307856 0
outer loop
vertex -71.27070617675781 36.57858657836914 -9.200191497802734
vertex -71.44358825683594 36.486175537109375 -9.199552536010742
vertex -71.44358825683594 36.486175537109375 -3.5
endloop
endfacet
facet normal 0 0 -1
outer loop
vertex -72.65774536132812 36.854488372802734 -3.5
vertex -72.75015258789062 37.027374267578125 -3.5
vertex -72.80706024169922 37.2149658203125 -3.5
endloop
endfacet
facet normal -0.6343882859795137 0.7730145552394048 0
outer loop
vertex -71.12633514404297 36.69706726074219 -9.19696044921875
vertex -71.27070617675781 36.57858657836914 -9.200191497802734
vertex -71.27070617675781 36.57858657836914 -3.5
endloop
endfacet
facet normal -0.767563970073037 0.6409722764433191 0.0003044286240623638
outer loop
vertex -70.99480438232422 36.854488372802734 -9.013978004455566
vertex -71.12633514404297 36.69706726074219 -9.19696044921875
vertex -71.1191635131836 36.70294952392578 -3.5
endloop
endfacet
facet normal 0 0 -1
outer loop
vertex -72.38184356689453 36.57858657836914 -3.5
vertex -72.53337860107422 36.70294952392578 -3.5
vertex -72.8262710571289 37.410057067871094 -3.5
endloop
endfacet
facet normal -0.9951832373851317 0.0980322601374082 0
outer loop
vertex -70.82676696777344 37.405029296875 -8.360357284545898
vertex -70.84548950195312 37.2149658203125 -3.5
vertex -70.82676696777344 37.405029296875 -3.5
endloop
endfacet
facet normal -0.9569369653840533 0.2902957875711588 0
outer loop
vertex -70.84548950195312 37.2149658203125 -3.5
vertex -70.84548950195312 37.2149658203125 -8.587846755981445
vertex -70.90239715576172 37.027374267578125 -3.5
endloop
endfacet
facet normal -0.8819259499769284 0.47138797052671194 0
outer loop
vertex -70.90239715576172 37.027374267578125 -3.5
vertex -70.90239715576172 37.027374267578125 -8.810578346252441
vertex -70.99480438232422 36.854488372802734 -3.5
endloop
endfacet
facet normal -0.77302443296692 0.6343762495839294 0
outer loop
vertex -70.99480438232422 36.854488372802734 -3.5
vertex -70.99480438232422 36.854488372802734 -9.013978004455566
vertex -71.1191635131836 36.70294952392578 -3.5
endloop
endfacet
facet normal -0.6343783351518258 0.773022721457668 4.220058052559605e-7
outer loop
vertex -71.1191635131836 36.70294952392578 -3.5
vertex -71.12633514404297 36.69706726074219 -9.19696044921875
vertex -71.27070617675781 36.57858657836914 -3.5
endloop
endfacet
facet normal -0.4714111959544524 0.8819135356307857 0
outer loop
vertex -71.27070617675781 36.57858657836914 -3.5
vertex -71.27070617675781 36.57858657836914 -9.200191497802734
vertex -71.44358825683594 36.486175537109375 -3.5
endloop
endfacet
facet normal 0 0 -1
outer loop
vertex -70.99480438232422 36.854488372802734 -3.5
vertex -71.1191635131836 36.70294952392578 -3.5
vertex -72.8262710571289 37.410057067871094 -3.5
endloop
endfacet
facet normal 0 0 -1
outer loop
vertex -70.90239715576172 37.027374267578125 -3.5
vertex -70.99480438232422 36.854488372802734 -3.5
vertex -72.8262710571289 37.410057067871094 -3.5
endloop
endfacet
facet normal 0.9569369653840532 0.2902957875711588 0
outer loop
vertex -72.75015258789062 37.027374267578125 -3.5
vertex -72.75015258789062 37.027374267578125 -8.724058151245117
vertex -72.80706024169922 37.2149658203125 -3.5
endloop
endfacet
facet normal 0 0 -1
outer loop
vertex -70.82676696777344 37.405029296875 -3.5
vertex -70.84548950195312 37.2149658203125 -3.5
vertex -72.8262710571289 37.410057067871094 -3.5
endloop
endfacet
facet normal 0.8819259499769284 0.471387970526712 0
outer loop
vertex -72.65774536132812 36.854488372802734 -3.5
vertex -72.65774536132812 36.854488372802734 -8.936112403869629
vertex -72.75015258789062 37.027374267578125 -3.5
endloop
endfacet
facet normal 0.7730053477682636 0.6343995052974432 -1.5871724988426453e-7
outer loop
vertex -72.53337860107422 36.70294952392578 -3.5
vertex -72.53436279296875 36.70414733886719 -9.122523307800293
vertex -72.65774536132812 36.854488372802734 -3.5
endloop
endfacet
facet normal -0.09801622777686082 0.9951848165503705 0
outer loop
vertex -71.63117980957031 36.42927169799805 -3.5
vertex -71.63117980957031 36.42927169799805 -9.194907188415527
vertex -71.8262710571289 36.410057067871094 -3.5
endloop
endfacet
facet normal 0.09801622777686082 0.9951848165503706 0
outer loop
vertex -71.8262710571289 36.410057067871094 -3.5
vertex -71.8262710571289 36.410057067871094 -9.186433792114258
vertex -72.0213623046875 36.42927169799805 -3.5
endloop
endfacet
facet normal 0.290277967867665 0.9569423709767577 0
outer loop
vertex -72.0213623046875 36.42927169799805 -3.5
vertex -72.0213623046875 36.42927169799805 -9.174458503723145
vertex -72.20895385742188 36.486175537109375 -3.5
endloop
endfacet
facet normal -0.8819259499769284 0.47138797052671194 0
outer loop
vertex -70.90239715576172 37.027374267578125 -8.810578346252441
vertex -70.99480438232422 36.854488372802734 -9.013978004455566
vertex -70.99480438232422 36.854488372802734 -3.5
endloop
endfacet
facet normal -0.9569369653840533 0.2902957875711588 0
outer loop
vertex -70.84548950195312 37.2149658203125 -8.587846755981445
vertex -70.90239715576172 37.027374267578125 -8.810578346252441
vertex -70.90239715576172 37.027374267578125 -3.5
endloop
endfacet
facet normal 0 0 -1
outer loop
vertex -70.84548950195312 37.2149658203125 -3.5
vertex -70.90239715576172 37.027374267578125 -3.5
vertex -72.8262710571289 37.410057067871094 -3.5
endloop
endfacet
facet normal -0.9951832373851318 0.0980322601374082 0
outer loop
vertex -70.82676696777344 37.405029296875 -8.360357284545898
vertex -70.84548950195312 37.2149658203125 -8.587846755981445
vertex -70.84548950195312 37.2149658203125 -3.5
endloop
endfacet
facet normal 0.6343974203505326 0.7730070588633648 0
outer loop
vertex -72.38184356689453 36.57858657836914 -3.5
vertex -72.38184356689453 36.57858657836914 -9.141959190368652
vertex -72.53337860107422 36.70294952392578 -3.5
endloop
endfacet
facet normal 0.9951867145052739 0.0979969554231074 0
outer loop
vertex -72.80706024169922 37.2149658203125 -8.495997428894043
vertex -72.8262710571289 37.410057067871094 -8.260693550109863
vertex -72.8262710571289 37.410057067871094 -3.5
endloop
endfacet
facet normal 0 0 -1
outer loop
vertex -71.27070617675781 36.57858657836914 -3.5
vertex -71.44358825683594 36.486175537109375 -3.5
vertex -72.8262710571289 37.410057067871094 -3.5
endloop
endfacet
facet normal 0 0 -1
outer loop
vertex -71.1191635131836 36.70294952392578 -3.5
vertex -71.27070617675781 36.57858657836914 -3.5
vertex -72.8262710571289 37.410057067871094 -3.5
endloop
endfacet
facet normal 0.9569396682142505 -0.2902868777571596 0
outer loop
vertex 7.6231689453125 38.103816986083984 -12.935237884521484
vertex 7.680074691772461 38.29140853881836 -12.79471492767334
vertex 7.680074691772461 38.29140853881836 -3.5
endloop
endfacet
facet normal 0 0 -1
outer loop
vertex 7.77248477935791 38.46429443359375 -3.5
vertex 7.680074691772461 37.52604293823242 -3.5
vertex 7.680074691772461 38.29140853881836 -3.5
endloop
endfacet
facet normal 0.09801670231362045 0.9951847698129042 0
outer loop
vertex 8.603954315185547 36.90872573852539 -3.5
vertex 8.603954315185547 36.90872573852539 -12.676838874816895
vertex 8.40886402130127 36.927940368652344 -3.5
endloop
endfacet
facet normal 0.2902752651630101 0.9569431908083909 0
outer loop
vertex 8.40886402130127 36.927940368652344 -3.5
vertex 8.40886402130127 36.927940368652344 -12.834993362426758
vertex 8.221270561218262 36.98484420776367 -3.5
endloop
endfacet
facet normal 0.4714010833263654 0.8819189410817353 0
outer loop
vertex 8.221270561218262 36.98484420776367 -3.5
vertex 8.221270561218262 36.98484420776367 -12.968294143676758
vertex 8.048383712768555 37.07725524902344 -3.5
endloop
endfacet
facet normal 0.6343938418177705 -0.7730099957074874 0
outer loop
vertex 7.896847248077393 38.6158332824707 -3.5
vertex 7.896847248077393 38.6158332824707 -12.45004653930664
vertex 8.048383712768555 38.740196228027344 -3.5
endloop
endfacet
facet normal 0.7730160831626407 -0.6343864241705439 0
outer loop
vertex 7.77248477935791 38.46429443359375 -3.5
vertex 7.77248477935791 38.46429443359375 -12.63088607788086
vertex 7.896847248077393 38.6158332824707 -3.5
endloop
endfacet
facet normal 0.8819198825192002 -0.47139932203739976 0
outer loop
vertex 7.680074691772461 38.29140853881836 -3.5
vertex 7.680074691772461 38.29140853881836 -12.79471492767334
vertex 7.77248477935791 38.46429443359375 -3.5
endloop
endfacet
facet normal 0.9569396682142505 -0.2902868777571596 0
outer loop
vertex 7.6231689453125 38.103816986083984 -3.5
vertex 7.6231689453125 38.103816986083984 -12.935237884521484
vertex 7.680074691772461 38.29140853881836 -3.5
endloop
endfacet
facet normal 0.9951848165503705 -0.09801622777686082 0
outer loop
vertex 7.603954315185547 37.90872573852539 -3.5
vertex 7.603954315185547 37.90872573852539 -13.047056198120117
vertex 7.6231689453125 38.103816986083984 -3.5
endloop
endfacet
facet normal 0.9951848165503705 -0.09801622777686082 0
outer loop
vertex 7.603954315185547 37.90872573852539 -13.047056198120117
vertex 7.6231689453125 38.103816986083984 -12.935237884521484
vertex 7.6231689453125 38.103816986083984 -3.5
endloop
endfacet
facet normal 0.9951848165503705 0.09801622777686082 0
outer loop
vertex 7.6231689453125 37.7136344909668 -13.125870704650879
vertex 7.603954315185547 37.90872573852539 -13.047056198120117
vertex 7.603954315185547 37.90872573852539 -3.5
endloop
endfacet
facet normal 0.8819242066256546 0.4713912321710169 0
outer loop
vertex 7.77248477935791 37.353153228759766 -13.173761367797852
vertex 7.680074691772461 37.52604293823242 -13.168654441833496
vertex 7.680074691772461 37.52604293823242 -3.5
endloop
endfacet
facet normal 0.7730082517125558 0.6343959668726605 0
outer loop
vertex 7.896847248077393 37.20161819458008 -13.140996932983398
vertex 7.77248477935791 37.353153228759766 -13.173761367797852
vertex 7.77248477935791 37.353153228759766 -3.5
endloop
endfacet
facet normal 0.9569396682142506 0.2902868777571596 0
outer loop
vertex 7.680074691772461 37.52604293823242 -13.168654441833496
vertex 7.6231689453125 37.7136344909668 -13.125870704650879
vertex 7.6231689453125 37.7136344909668 -3.5
endloop
endfacet
facet normal 0.6343938418177705 0.7730099957074874 0
outer loop
vertex 8.048383712768555 37.07725524902344 -13.071619033813477
vertex 7.896847248077393 37.20161819458008 -13.140996932983398
vertex 7.896847248077393 37.20161819458008 -3.5
endloop
endfacet
facet normal 0.9951848165503705 0.09801622777686082 0
outer loop
vertex 7.6231689453125 37.7136344909668 -3.5
vertex 7.6231689453125 37.7136344909668 -13.125870704650879
vertex 7.603954315185547 37.90872573852539 -3.5
endloop
endfacet
facet normal 0.7730082517125559 0.6343959668726606 0
outer loop
vertex 7.896847248077393 37.20161819458008 -3.5
vertex 7.896847248077393 37.20161819458008 -13.140996932983398
vertex 7.77248477935791 37.353153228759766 -3.5
endloop
endfacet
facet normal 0 0 -1
outer loop
vertex 7.6231689453125 37.7136344909668 -3.5
vertex 7.603954315185547 37.90872573852539 -3.5
vertex 7.680074691772461 38.29140853881836 -3.5
endloop
endfacet
facet normal 0 0 -1
outer loop
vertex 7.680074691772461 38.29140853881836 -3.5
vertex 7.603954315185547 37.90872573852539 -3.5
vertex 7.6231689453125 38.103816986083984 -3.5
endloop
endfacet
facet normal 0 0 -1
outer loop
vertex 7.77248477935791 37.353153228759766 -3.5
vertex 7.680074691772461 37.52604293823242 -3.5
vertex 7.77248477935791 38.46429443359375 -3.5
endloop
endfacet
facet normal 0.8819242066256546 0.47139123217101686 0
outer loop
vertex 7.77248477935791 37.353153228759766 -3.5
vertex 7.77248477935791 37.353153228759766 -13.173761367797852
vertex 7.680074691772461 37.52604293823242 -3.5
endloop
endfacet
facet normal 0 0 -1
outer loop
vertex 7.896847248077393 37.20161819458008 -3.5
vertex 7.77248477935791 37.353153228759766 -3.5
vertex 7.896847248077393 38.6158332824707 -3.5
endloop
endfacet
facet normal 0 0 -1
outer loop
vertex 8.048383712768555 37.07725524902344 -3.5
vertex 7.896847248077393 37.20161819458008 -3.5
vertex 8.048383712768555 38.740196228027344 -3.5
endloop
endfacet
facet normal 0.47136546602432583 -0.8819379782273072 0
outer loop
vertex 8.048383712768555 38.740196228027344 -3.5
vertex 8.048383712768555 38.740196228027344 -12.25096607208252
vertex 8.112399101257324 38.774410247802734 -12.178666114807129
endloop
endfacet
facet normal 0.6343978640840605 -0.7730066946964831 0
outer loop
vertex 8.048383712768555 38.740196228027344 -3.5
vertex 7.9582929611206055 38.666259765625 -12.372640609741211
vertex 8.048383712768555 38.740196228027344 -12.25096607208252
endloop
endfacet
facet normal -0.47141764512142115 0.8819100883129605 0
outer loop
vertex 9.078825950622559 37.034122467041016 -12.207757949829102
vertex 8.986638069152832 36.98484420776367 -12.311003684997559
vertex 9.078825950622559 37.034122467041016 -3.5
endloop
endfacet
facet normal 0 0 -1
outer loop
vertex 7.680074691772461 37.52604293823242 -3.5
vertex 7.6231689453125 37.7136344909668 -3.5
vertex 7.680074691772461 38.29140853881836 -3.5
endloop
endfacet
facet normal -0.29027526516301005 0.9569431908083907 0
outer loop
vertex 8.986638069152832 36.98484420776367 -12.311003684997559
vertex 8.799044609069824 36.927940368652344 -12.499909400939941
vertex 8.799044609069824 36.927940368652344 -3.5
endloop
endfacet
facet normal -0.09801670231362045 0.9951847698129042 0
outer loop
vertex 8.799044609069824 36.927940368652344 -12.499909400939941
vertex 8.603954315185547 36.90872573852539 -12.676838874816895
vertex 8.603954315185547 36.90872573852539 -3.5
endloop
endfacet
facet normal 0.6343878158090025 -0.7730149410930256 1.707457911678609e-7
outer loop
vertex 7.896847248077393 38.6158332824707 -12.45004653930664
vertex 7.9582929611206055 38.666259765625 -12.372640609741211
vertex 8.048383712768555 38.740196228027344 -3.5
endloop
endfacet
facet normal 0.7730160831626408 -0.6343864241705439 0
outer loop
vertex 7.77248477935791 38.46429443359375 -12.63088607788086
vertex 7.896847248077393 38.6158332824707 -12.45004653930664
vertex 7.896847248077393 38.6158332824707 -3.5
endloop
endfacet
facet normal 0.09801670231362045 0.9951847698129043 0
outer loop
vertex 8.603954315185547 36.90872573852539 -12.676838874816895
vertex 8.40886402130127 36.927940368652344 -12.834993362426758
vertex 8.40886402130127 36.927940368652344 -3.5
endloop
endfacet
facet normal 0.29027526516301005 0.9569431908083907 0
outer loop
vertex 8.40886402130127 36.927940368652344 -12.834993362426758
vertex 8.221270561218262 36.98484420776367 -12.968294143676758
vertex 8.221270561218262 36.98484420776367 -3.5
endloop
endfacet
facet normal 0.6343938418177705 0.7730099957074874 0
outer loop
vertex 8.048383712768555 37.07725524902344 -3.5
vertex 8.048383712768555 37.07725524902344 -13.071619033813477
vertex 7.896847248077393 37.20161819458008 -3.5
endloop
endfacet
facet normal 0.4714010833263654 0.8819189410817352 0
outer loop
vertex 8.221270561218262 36.98484420776367 -12.968294143676758
vertex 8.048383712768555 37.07725524902344 -13.071619033813477
vertex 8.048383712768555 37.07725524902344 -3.5
endloop
endfacet
facet normal 0 0 -1
outer loop
vertex 8.11403751373291 38.77227783203125 -3.5
vertex 8.048383712768555 37.07725524902344 -3.5
vertex 8.048383712768555 38.740196228027344 -3.5
endloop
endfacet
facet normal 0 0 -1
outer loop
vertex 8.242430686950684 38.57456970214844 -3.5
vertex 8.221270561218262 36.98484420776367 -3.5
vertex 8.11403751373291 38.77227783203125 -3.5
endloop
endfacet
facet normal 0 0 -1
outer loop
vertex 9.078825950622559 37.034122467041016 -3.5
vertex 8.986638069152832 36.98484420776367 -3.5
vertex 8.242430686950684 38.57456970214844 -3.5
endloop
endfacet
facet normal 0 0 -1
outer loop
vertex 8.986638069152832 36.98484420776367 -3.5
vertex 8.799044609069824 36.927940368652344 -3.5
vertex 8.242430686950684 38.57456970214844 -3.5
endloop
endfacet
facet normal 0 0 -1
outer loop
vertex 8.799044609069824 36.927940368652344 -3.5
vertex 8.603954315185547 36.90872573852539 -3.5
vertex 8.242430686950684 38.57456970214844 -3.5
endloop
endfacet
facet normal 0 0 -1
outer loop
vertex 8.603954315185547 36.90872573852539 -3.5
vertex 8.40886402130127 36.927940368652344 -3.5
vertex 8.242430686950684 38.57456970214844 -3.5
endloop
endfacet
facet normal 0 0 -1
outer loop
vertex 8.40886402130127 36.927940368652344 -3.5
vertex 8.221270561218262 36.98484420776367 -3.5
vertex 8.242430686950684 38.57456970214844 -3.5
endloop
endfacet
facet normal 0 0 -1
outer loop
vertex 8.221270561218262 36.98484420776367 -3.5
vertex 8.048383712768555 37.07725524902344 -3.5
vertex 8.11403751373291 38.77227783203125 -3.5
endloop
endfacet
facet normal 0.8819198825192002 -0.47139932203739976 0
outer loop
vertex 7.680074691772461 38.29140853881836 -12.79471492767334
vertex 7.77248477935791 38.46429443359375 -12.63088607788086
vertex 7.77248477935791 38.46429443359375 -3.5
endloop
endfacet
facet normal -0.09801670231362045 0.9951847698129043 0
outer loop
vertex 8.799044609069824 36.927940368652344 -3.5
vertex 8.799044609069824 36.927940368652344 -12.499909400939941
vertex 8.603954315185547 36.90872573852539 -3.5
endloop
endfacet
facet normal -0.2902752651630101 0.9569431908083907 0
outer loop
vertex 8.986638069152832 36.98484420776367 -12.311003684997559
vertex 8.799044609069824 36.927940368652344 -3.5
vertex 8.986638069152832 36.98484420776367 -3.5
endloop
endfacet
facet normal -0.47141764512142115 0.8819100883129606 0
outer loop
vertex 9.078825950622559 37.034122467041016 -3.5
vertex 8.986638069152832 36.98484420776367 -12.311003684997559
vertex 8.986638069152832 36.98484420776367 -3.5
endloop
endfacet
facet normal 0.439035483327608 -0.898469672375818 -0.000303644831800516
outer loop
vertex 8.048383712768555 38.740196228027344 -3.5
vertex 8.112399101257324 38.774410247802734 -12.178666114807129
vertex 8.11403751373291 38.77227783203125 -3.5
endloop
endfacet
facet normal 0 0 -1
outer loop
vertex 8.048383712768555 38.740196228027344 -3.5
vertex 7.896847248077393 37.20161819458008 -3.5
vertex 7.896847248077393 38.6158332824707 -3.5
endloop
endfacet
facet normal 0 0 -1
outer loop
vertex 7.896847248077393 38.6158332824707 -3.5
vertex 7.77248477935791 37.353153228759766 -3.5
vertex 7.77248477935791 38.46429443359375 -3.5
endloop
endfacet
facet normal 0.9569396682142505 0.2902868777571596 0
outer loop
vertex 7.680074691772461 37.52604293823242 -3.5
vertex 7.680074691772461 37.52604293823242 -13.168654441833496
vertex 7.6231689453125 37.7136344909668 -3.5
endloop
endfacet
facet normal -0.9689092169460519 0.24741650979065374 0
outer loop
vertex -72.82223510742188 38.2150764465332 -2.4000000953674316
vertex -73.02626037597656 37.41609191894531 -2.5
vertex -73.02626037597656 37.41609191894531 -1.100000023841858
endloop
endfacet
facet normal 0.0006238553960805111 0.12403295679070549 -0.9922779028247075
outer loop
vertex -73.02626037597656 37.41609191894531 -2.5
vertex -72.82223510742188 38.2150764465332 -2.4000000953674316
vertex -70.822265625 38.20501708984375 -2.4000000953674316
endloop
endfacet
facet normal 0.0006237756567579177 0.1240331760876621 -0.9922778754630868
outer loop
vertex -70.62628936767578 37.404022216796875 -2.5
vertex -73.02626037597656 37.41609191894531 -2.5
vertex -70.822265625 38.20501708984375 -2.4000000953674316
endloop
endfacet
facet normal 0.005029691471436305 0.9999873510218529 0
outer loop
vertex -70.822265625 38.20501708984375 -2.4000000953674316
vertex -72.82223510742188 38.2150764465332 -2.4000000953674316
vertex -70.822265625 38.20501708984375 -1.2000000476837158
endloop
endfacet
facet normal 0.9713493322662544 0.23765621116625973 0
outer loop
vertex -70.822265625 38.20501708984375 -1.2000000476837158
vertex -70.62628936767578 37.404022216796875 -2.5
vertex -70.822265625 38.20501708984375 -2.4000000953674316
endloop
endfacet
facet normal -0.9689092169460518 0.24741650979065374 0
outer loop
vertex -72.82223510742188 38.2150764465332 -2.4000000953674316
vertex -73.02626037597656 37.41609191894531 -1.100000023841858
vertex -72.82223510742188 38.2150764465332 -1.2000000476837158
endloop
endfacet
facet normal 0.005029691471436305 0.9999873510218529 0
outer loop
vertex -72.82223510742188 38.2150764465332 -2.4000000953674316
vertex -72.82223510742188 38.2150764465332 -1.2000000476837158
vertex -70.822265625 38.20501708984375 -1.2000000476837158
endloop
endfacet
facet normal 0.9713493322662543 0.2376562111662597 0
outer loop
vertex -70.62628936767578 37.404022216796875 -2.5
vertex -70.822265625 38.20501708984375 -1.2000000476837158
vertex -70.62628936767578 37.404022216796875 -1.100000023841858
endloop
endfacet
facet normal 0.00062377538817048 0.1240331226810365 0.9922778821389984
outer loop
vertex -72.82223510742188 38.2150764465332 -1.2000000476837158
vertex -73.02626037597656 37.41609191894531 -1.100000023841858
vertex -70.62628936767578 37.404022216796875 -1.100000023841858
endloop
endfacet
facet normal 0.0006238573293888203 0.12403334116494906 0.9922778547773259
outer loop
vertex -70.822265625 38.20501708984375 -1.2000000476837158
vertex -72.82223510742188 38.2150764465332 -1.2000000476837158
vertex -70.62628936767578 37.404022216796875 -1.100000023841858
endloop
endfacet
facet normal 0 0 1
outer loop
vertex 6.354061126708984 38.280181884765625 -1
vertex 7.69010591506958 35.819496154785156 -1
vertex 7.466778755187988 37.32596206665039 -1
endloop
endfacet
facet normal 0.8788170866482573 0.47715880817089534 0
outer loop
vertex 9.78416633605957 37.41163635253906 -1.2000000476837158
vertex 9.78416633605957 37.41163635253906 -2.4000000953674316
vertex 8.829849243164062 39.16926956176758 -2.4000000953674316
endloop
endfacet
facet normal 0.109003626454505 0.059184974030813096 0.9922778583989157
outer loop
vertex 8.829849243164062 39.16926956176758 -1.2000000476837158
vertex 7.978014945983887 38.94954299926758 -1.0933187007904053
vertex 8.11403751373291 38.77227783203125 -1.0976879596710205
endloop
endfacet
facet normal 0 0 -1
outer loop
vertex 7.69010591506958 35.819496154785156 -2.5999999046325684
vertex 6.354061126708984 38.280181884765625 -2.5999999046325684
vertex 7.760590553283691 35.857765197753906 -2.5999999046325684
endloop
endfacet
facet normal 0 0 -1
outer loop
vertex 7.158858776092529 37.14818572998047 -2.5999999046325684
vertex 7.760590553283691 35.857765197753906 -2.5999999046325684
vertex 6.354061126708984 38.280181884765625 -2.5999999046325684
endloop
endfacet
facet normal -0.8788168960677634 -0.4771591591762878 0
outer loop
vertex 6.354061126708984 38.280181884765625 -2.5999999046325684
vertex 7.69010591506958 35.819496154785156 -2.5999999046325684
vertex 7.69010591506958 35.819496154785156 -1
endloop
endfacet
facet normal 0.4771491973058454 -0.8788223048514522 0.000002443111088783558
outer loop
vertex 7.69010591506958 35.819496154785156 -2.5999999046325684
vertex 7.760590553283691 35.857765197753906 -2.5999999046325684
vertex 8.0724515914917 36.02709197998047 -1
endloop
endfacet
facet normal 0.1090037737125732 0.05918422563782199 -0.992277886860364
outer loop
vertex 9.176545143127441 36.85414505004883 -2.5
vertex 8.242430686950684 38.57456970214844 -2.5
vertex 9.78416633605957 37.41163635253906 -2.4000000953674316
endloop
endfacet
facet normal 0.6760574744753223 -0.736848893061562 0
outer loop
vertex 9.176545143127441 36.85414505004883 -2.5
vertex 9.78416633605957 37.41163635253906 -2.4000000953674316
vertex 9.78416633605957 37.41163635253906 -1.2000000476837158
endloop
endfacet
facet normal 0.10900377656086435 0.059184229460397635 -0.9922778863194767
outer loop
vertex 9.78416633605957 37.41163635253906 -2.4000000953674316
vertex 8.242430686950684 38.57456970214844 -2.5
vertex 8.829849243164062 39.16926956176758 -2.4000000953674316
endloop
endfacet
facet normal 0.10900339851796524 0.059184798250504295 -0.9922778939226553
outer loop
vertex 8.11403751373291 38.77227783203125 -2.502311944961548
vertex 7.978014945983887 38.94954299926758 -2.506681203842163
vertex 8.829849243164062 39.16926956176758 -2.4000000953674316
endloop
endfacet
facet normal 0.1090036365174417 0.05918436897676762 -0.9922778933820885
outer loop
vertex 8.829849243164062 39.16926956176758 -2.4000000953674316
vertex 8.242430686950684 38.57456970214844 -2.5
vertex 8.11403751373291 38.77227783203125 -2.502311944961548
endloop
endfacet
facet normal -0.24976969085394926 0.9683052729024678 0
outer loop
vertex 8.829849243164062 39.16926956176758 -2.4000000953674316
vertex 7.978014945983887 38.94954299926758 -2.506681203842163
vertex 7.978014945983887 38.94954299926758 -1.0933187007904053
endloop
endfacet
facet normal 0.10900390598324666 0.05918429745494462 0.9922778680466274
outer loop
vertex 9.176545143127441 36.85414505004883 -1.100000023841858
vertex 8.829849243164062 39.16926956176758 -1.2000000476837158
vertex 8.242430686950684 38.57456970214844 -1.100000023841858
endloop
endfacet
facet normal 0.1090039002690525 0.05918429662847222 0.9922778687236391
outer loop
vertex 9.176545143127441 36.85414505004883 -1.100000023841858
vertex 9.78416633605957 37.41163635253906 -1.2000000476837158
vertex 8.829849243164062 39.16926956176758 -1.2000000476837158
endloop
endfacet
facet normal 0 0 1
outer loop
vertex 6.676167011260986 38.455074310302734 -1
vertex 6.354061126708984 38.280181884765625 -1
vertex 7.466778755187988 37.32596206665039 -1
endloop
endfacet
facet normal 0.47715709328567885 -0.8788180177529145 0
outer loop
vertex 7.69010591506958 35.819496154785156 -1
vertex 7.69010591506958 35.819496154785156 -2.5999999046325684
vertex 8.0724515914917 36.02709197998047 -1
endloop
endfacet
facet normal -0.8788168960677634 -0.4771591591762878 0
outer loop
vertex 6.354061126708984 38.280181884765625 -2.5999999046325684
vertex 7.69010591506958 35.819496154785156 -1
vertex 6.354061126708984 38.280181884765625 -1
endloop
endfacet
facet normal -0.477165502344938 0.8788134519748221 0
outer loop
vertex 6.354061126708984 38.280181884765625 -2.5999999046325684
vertex 6.354061126708984 38.280181884765625 -1
vertex 6.676167011260986 38.455074310302734 -1
endloop
endfacet
facet normal 0.6760574744753222 -0.7368488930615619 0
outer loop
vertex 9.176545143127441 36.85414505004883 -1.100000023841858
vertex 9.176545143127441 36.85414505004883 -2.5
vertex 9.78416633605957 37.41163635253906 -1.2000000476837158
endloop
endfacet
facet normal 0.8788170866482573 0.47715880817089534 0
outer loop
vertex 9.78416633605957 37.41163635253906 -1.2000000476837158
vertex 8.829849243164062 39.16926956176758 -2.4000000953674316
vertex 8.829849243164062 39.16926956176758 -1.2000000476837158
endloop
endfacet
facet normal -0.24976969085394923 0.9683052729024677 0
outer loop
vertex 8.829849243164062 39.16926956176758 -1.2000000476837158
vertex 8.829849243164062 39.16926956176758 -2.4000000953674316
vertex 7.978014945983887 38.94954299926758 -1.0933187007904053
endloop
endfacet
facet normal 0 0 1
outer loop
vertex 7.69010591506958 35.819496154785156 -1
vertex 8.0724515914917 36.02709197998047 -1
vertex 7.466778755187988 37.32596206665039 -1
endloop
endfacet
facet normal 0.10900411949394932 0.05918408474777133 0.9922778572788559
outer loop
vertex 8.829849243164062 39.16926956176758 -1.2000000476837158
vertex 8.11403751373291 38.77227783203125 -1.0976879596710205
vertex 8.242430686950684 38.57456970214844 -1.100000023841858
endloop
endfacet
facet normal 0.8582645662310338 -0.5132074963913286 0
outer loop
vertex 32.984554290771484 25.21979522705078 -14.899999618530273
vertex 32.984554290771484 25.21979522705078 -15.699128150939941
vertex 35.095726013183594 28.75042152404785 -14.899999618530273
endloop
endfacet
facet normal 0.8582645662310338 -0.5132074963913285 0
outer loop
vertex 35.095726013183594 28.75042152404785 -14.899999618530273
vertex 32.984554290771484 25.21979522705078 -15.699128150939941
vertex 35.095726013183594 28.75042152404785 -15.488017082214355
endloop
endfacet
facet normal -0.8677567413486313 -0.4969891727633555 0
outer loop
vertex 63.23246765136719 47.324642181396484 -15.26989459991455
vertex 73.07183074951172 30.14484405517578 -17.35118293762207
vertex 73.07183074951172 30.14484405517578 -14.899999618530273
endloop
endfacet
facet normal 0 0 -1
outer loop
vertex 7.84239387512207 -26.019929885864258 -14.899999618530273
vertex 7.680182456970215 -25.911542892456055 -14.899999618530273
vertex 11.58884048461914 -2.6939263343811035 -14.899999618530273
endloop
endfacet
facet normal 0 0 -1
outer loop
vertex 11.58884048461914 -2.6939263343811035 -14.899999618530273
vertex 7.950780391693115 -26.182140350341797 -14.899999618530273
vertex 7.84239387512207 -26.019929885864258 -14.899999618530273
endloop
endfacet
facet normal 0.6120409053648505 0.7908261061448175 0
outer loop
vertex 29.59249496459961 5.141044616699219 -17.35117530822754
vertex 28.803918838500977 5.751344203948975 -17.254228591918945
vertex 28.803918838500977 5.751344203948975 -14.899999618530273
endloop
endfacet
facet normal 0.49791550523196443 -0.86722554716152 0
outer loop
vertex 63.23246765136719 47.324642181396484 -14.899999618530273
vertex 35.8254280090332 31.58895492553711 -15.267577171325684
vertex 63.23246765136719 47.324642181396484 -15.26989459991455
endloop
endfacet
facet normal 0 0 -1
outer loop
vertex 73.07183074951172 30.14484405517578 -14.899999618530273
vertex 35.8254280090332 31.58895492553711 -14.899999618530273
vertex 63.23246765136719 47.324642181396484 -14.899999618530273
endloop
endfacet
facet normal 0.10110742202342536 0.9948755144297085 0
outer loop
vertex 28.803918838500977 5.751344203948975 -17.254228591918945
vertex 23.110740661621094 6.329931735992432 -16.903135299682617
vertex 23.110740661621094 6.329931735992432 -14.899999618530273
endloop
endfacet
facet normal 0 0 -1
outer loop
vertex 10.243571281433105 14.830979347229004 -14.899999618530273
vertex -74.8111572265625 -28.001956939697266 -14.899999618530273
vertex 5.353219509124756 18.098600387573242 -14.899999618530273
endloop
endfacet
facet normal 0.5000019417938835 -0.8660242826863148 0
outer loop
vertex 15.951825141906738 14.644119262695312 -14.899999618530273
vertex 15.951825141906738 14.644119262695312 -15.770262718200684
vertex 31.164003372192383 23.42691993713379 -14.899999618530273
endloop
endfacet
facet normal -0.032717543977959965 -0.9994646378517102 0
outer loop
vertex 15.951825141906738 14.644119262695312 -14.899999618530273
vertex 10.243571281433105 14.830979347229004 -14.899999618530273
vertex 10.243571281433105 14.830979347229004 -15.45407772064209
endloop
endfacet
facet normal -0.03271754397795997 -0.9994646378517102 0
outer loop
vertex 15.951825141906738 14.644119262695312 -14.899999618530273
vertex 10.243571281433105 14.830979347229004 -15.45407772064209
vertex 15.951825141906738 14.644119262695312 -15.770262718200684
endloop
endfacet
facet normal -0.5555693460553379 -0.8314702049524351 0
outer loop
vertex 10.243571281433105 14.830979347229004 -14.899999618530273
vertex 5.353219509124756 18.098600387573242 -14.899999618530273
vertex 10.243571281433105 14.830979347229004 -15.45407772064209
endloop
endfacet
facet normal 0 0 -1
outer loop
vertex 23.110740661621094 6.329931735992432 -14.899999618530273
vertex 14.615739822387695 2.1625046730041504 -14.899999618530273
vertex 15.951825141906738 14.644119262695312 -14.899999618530273
endloop
endfacet
facet normal -0.4404307998566911 0.8977865617938348 0
outer loop
vertex 23.110740661621094 6.329931735992432 -16.903135299682617
vertex 14.615739822387695 2.1625046730041504 -14.899999618530273
vertex 23.110740661621094 6.329931735992432 -14.899999618530273
endloop
endfacet
facet normal 0 0 -1
outer loop
vertex 10.243571281433105 14.830979347229004 -14.899999618530273
vertex 15.951825141906738 14.644119262695312 -14.899999618530273
vertex 14.615739822387695 2.1625046730041504 -14.899999618530273
endloop
endfacet
facet normal 0 0 -1
outer loop
vertex 14.615739822387695 2.1625046730041504 -14.899999618530273
vertex 11.58884048461914 -2.6939263343811035 -14.899999618530273
vertex 10.243571281433105 14.830979347229004 -14.899999618530273
endloop
endfacet
facet normal -0.8486550242871072 0.5289467362147625 0
outer loop
vertex 14.615739822387695 2.1625046730041504 -14.899999618530273
vertex 14.615739822387695 2.1625046730041504 -16.837717056274414
vertex 11.58884048461914 -2.6939263343811035 -14.899999618530273
endloop
endfacet
facet normal -0.44043079985669115 0.8977865617938349 0
outer loop
vertex 23.110740661621094 6.329931735992432 -16.903135299682617
vertex 14.615739822387695 2.1625046730041504 -16.837717056274414
vertex 14.615739822387695 2.1625046730041504 -14.899999618530273
endloop
endfacet
facet normal -0.8486550242871072 0.5289467362147625 0
outer loop
vertex 14.615739822387695 2.1625046730041504 -16.837717056274414
vertex 11.58884048461914 -2.6939263343811035 -17.121660232543945
vertex 11.58884048461914 -2.6939263343811035 -14.899999618530273
endloop
endfacet
facet normal -1 0 0
outer loop
vertex 11.58884048461914 -2.6939263343811035 -17.121660232543945
vertex 11.58884048461914 -54.448482513427734 -21.838157653808594
vertex 11.58884048461914 -54.448482513427734 -14.899999618530273
endloop
endfacet
facet normal 0 0 -1
outer loop
vertex 11.58884048461914 -54.448482513427734 -14.899999618530273
vertex -11.70250129699707 -40.83542251586914 -14.899999618530273
vertex 7.680182456970215 -40.83542251586914 -14.899999618530273
endloop
endfacet
facet normal 0 0 -1
outer loop
vertex 11.58884048461914 -54.448482513427734 -14.899999618530273
vertex 7.680182456970215 -40.83542251586914 -14.899999618530273
vertex 7.84239387512207 -40.72703552246094 -14.899999618530273
endloop
endfacet
facet normal 0 0 -1
outer loop
vertex 11.58884048461914 -54.448482513427734 -14.899999618530273
vertex 7.84239387512207 -40.72703552246094 -14.899999618530273
vertex 7.950780391693115 -40.564823150634766 -14.899999618530273
endloop
endfacet
facet normal 0 0 -1
outer loop
vertex -11.70250129699707 -25.911542892456055 -14.899999618530273
vertex -11.864712715148926 -26.019929885864258 -14.899999618530273
vertex 11.58884048461914 -2.6939263343811035 -14.899999618530273
endloop
endfacet
facet normal 0.4979155052319644 -0.8672255471615199 0
outer loop
vertex 35.8254280090332 31.58895492553711 -14.899999618530273
vertex 35.8254280090332 31.58895492553711 -15.267577171325684
vertex 63.23246765136719 47.324642181396484 -14.899999618530273
endloop
endfacet
facet normal 0 0 -1
outer loop
vertex 73.07183074951172 30.14484405517578 -14.899999618530273
vertex 35.8135871887207 31.202661514282227 -14.899999618530273
vertex 35.8254280090332 31.58895492553711 -14.899999618530273
endloop
endfacet
facet normal 0 0 -1
outer loop
vertex 73.07183074951172 30.14484405517578 -14.899999618530273
vertex 35.095726013183594 28.75042152404785 -14.899999618530273
vertex 35.8135871887207 31.202661514282227 -14.899999618530273
endloop
endfacet
facet normal 0 0 -1
outer loop
vertex 73.07183074951172 30.14484405517578 -14.899999618530273
vertex 32.984554290771484 25.21979522705078 -14.899999618530273
vertex 35.095726013183594 28.75042152404785 -14.899999618530273
endloop
endfacet
facet normal 0 0 -1
outer loop
vertex 11.58884048461914 -2.6939263343811035 -14.899999618530273
vertex -74.8111572265625 -28.001956939697266 -14.899999618530273
vertex 10.243571281433105 14.830979347229004 -14.899999618530273
endloop
endfacet
facet normal 0 0 -1
outer loop
vertex -11.864712715148926 -26.019929885864258 -14.899999618530273
vertex -74.8111572265625 -54.448482513427734 -14.899999618530273
vertex 11.58884048461914 -2.6939263343811035 -14.899999618530273
endloop
endfacet
facet normal 0 1 0
outer loop
vertex 11.58884048461914 -54.448482513427734 -21.838157653808594
vertex -74.8111572265625 -54.448482513427734 -14.899999618530273
vertex 11.58884048461914 -54.448482513427734 -14.899999618530273
endloop
endfacet
facet normal 0 0 -1
outer loop
vertex 11.58884048461914 -54.448482513427734 -14.899999618530273
vertex -74.8111572265625 -54.448482513427734 -14.899999618530273
vertex -11.70250129699707 -40.83542251586914 -14.899999618530273
endloop
endfacet
facet normal 0 0 -1
outer loop
vertex -11.973098754882812 -26.182140350341797 -14.899999618530273
vertex -74.8111572265625 -54.448482513427734 -14.899999618530273
vertex -11.864712715148926 -26.019929885864258 -14.899999618530273
endloop
endfacet
facet normal 0 0 -1
outer loop
vertex -12.011159896850586 -26.37348175048828 -14.899999618530273
vertex -74.8111572265625 -54.448482513427734 -14.899999618530273
vertex -11.973098754882812 -26.182140350341797 -14.899999618530273
endloop
endfacet
facet normal 0 0 -1
outer loop
vertex -12.011159896850586 -40.37348175048828 -14.899999618530273
vertex -74.8111572265625 -54.448482513427734 -14.899999618530273
vertex -12.011159896850586 -26.37348175048828 -14.899999618530273
endloop
endfacet
facet normal 0 0 -1
outer loop
vertex -11.973098754882812 -40.564823150634766 -14.899999618530273
vertex -74.8111572265625 -54.448482513427734 -14.899999618530273
vertex -12.011159896850586 -40.37348175048828 -14.899999618530273
endloop
endfacet
facet normal -0.49851879216614264 0.8668788922665093 0
outer loop
vertex 73.07183074951172 30.14484405517578 -17.35118293762207
vertex 29.59249496459961 5.141044616699219 -14.899999618530273
vertex 73.07183074951172 30.14484405517578 -14.899999618530273
endloop
endfacet
facet normal 0 0 -1
outer loop
vertex 73.07183074951172 30.14484405517578 -14.899999618530273
vertex 28.803918838500977 5.751344203948975 -14.899999618530273
vertex 32.984554290771484 25.21979522705078 -14.899999618530273
endloop
endfacet
facet normal 0 0 -1
outer loop
vertex 29.59249496459961 5.141044616699219 -14.899999618530273
vertex 28.803918838500977 5.751344203948975 -14.899999618530273
vertex 73.07183074951172 30.14484405517578 -14.899999618530273
endloop
endfacet
facet normal -0.4985187921661427 0.8668788922665093 0
outer loop
vertex 73.07183074951172 30.14484405517578 -17.35118293762207
vertex 29.59249496459961 5.141044616699219 -17.35117530822754
vertex 29.59249496459961 5.141044616699219 -14.899999618530273
endloop
endfacet
facet normal 0 0 -1
outer loop
vertex -11.864712715148926 -40.72703552246094 -14.899999618530273
vertex -74.8111572265625 -54.448482513427734 -14.899999618530273
vertex -11.973098754882812 -40.564823150634766 -14.899999618530273
endloop
endfacet
facet normal 0.10110742202342536 0.9948755144297085 0
outer loop
vertex 28.803918838500977 5.751344203948975 -14.899999618530273
vertex 28.803918838500977 5.751344203948975 -17.254228591918945
vertex 23.110740661621094 6.329931735992432 -14.899999618530273
endloop
endfacet
facet normal 0.6120409053648506 0.7908261061448175 0
outer loop
vertex 29.59249496459961 5.141044616699219 -17.35117530822754
vertex 28.803918838500977 5.751344203948975 -14.899999618530273
vertex 29.59249496459961 5.141044616699219 -14.899999618530273
endloop
endfacet
facet normal 0 0 -1
outer loop
vertex 28.803918838500977 5.751344203948975 -14.899999618530273
vertex 23.110740661621094 6.329931735992432 -14.899999618530273
vertex 31.164003372192383 23.42691993713379 -14.899999618530273
endloop
endfacet
facet normal 0 0 -1
outer loop
vertex -74.8111572265625 -54.448482513427734 -14.899999618530273
vertex -11.864712715148926 -40.72703552246094 -14.899999618530273
vertex -11.70250129699707 -40.83542251586914 -14.899999618530273
endloop
endfacet
facet normal 0 0 -1
outer loop
vertex -74.8111572265625 -54.448482513427734 -14.899999618530273
vertex -74.8111572265625 -28.001956939697266 -14.899999618530273
vertex 11.58884048461914 -2.6939263343811035 -14.899999618530273
endloop
endfacet
facet normal 1 0 0
outer loop
vertex -74.8111572265625 -54.448482513427734 -14.899999618530273
vertex -74.8111572265625 -54.448482513427734 -17.31012535095215
vertex -74.8111572265625 -28.001956939697266 -14.899999618530273
endloop
endfacet
facet normal 0 0 -1
outer loop
vertex 11.58884048461914 -54.448482513427734 -14.899999618530273
vertex 7.950780391693115 -40.564823150634766 -14.899999618530273
vertex 7.988840579986572 -40.37348175048828 -14.899999618530273
endloop
endfacet
facet normal 0 0 -1
outer loop
vertex 11.58884048461914 -54.448482513427734 -14.899999618530273
vertex 7.988840579986572 -40.37348175048828 -14.899999618530273
vertex 11.58884048461914 -2.6939263343811035 -14.899999618530273
endloop
endfacet
facet normal 0 0 -1
outer loop
vertex 11.58884048461914 -2.6939263343811035 -14.899999618530273
vertex 7.988840579986572 -40.37348175048828 -14.899999618530273
vertex 7.988840579986572 -26.37348175048828 -14.899999618530273
endloop
endfacet
facet normal 0.9995305459626361 -0.03063801050385893 0
outer loop
vertex 35.8135871887207 31.202661514282227 -14.899999618530273
vertex 35.8135871887207 31.202661514282227 -15.30216121673584
vertex 35.8254280090332 31.58895492553711 -14.899999618530273
endloop
endfacet
facet normal 0.9995305459626361 -0.03063801050385893 0
outer loop
vertex 35.8135871887207 31.202661514282227 -15.30216121673584
vertex 35.8254280090332 31.58895492553711 -15.267577171325684
vertex 35.8254280090332 31.58895492553711 -14.899999618530273
endloop
endfacet
facet normal 0.9597234367839576 -0.28094648046841436 0
outer loop
vertex 35.095726013183594 28.75042152404785 -14.899999618530273
vertex 35.095726013183594 28.75042152404785 -15.488017082214355
vertex 35.8135871887207 31.202661514282227 -14.899999618530273
endloop
endfacet
facet normal -1 0 0
outer loop
vertex 11.58884048461914 -2.6939263343811035 -17.121660232543945
vertex 11.58884048461914 -54.448482513427734 -14.899999618530273
vertex 11.58884048461914 -2.6939263343811035 -14.899999618530273
endloop
endfacet
facet normal 0.9597234367839577 -0.28094648046841436 0
outer loop
vertex 35.8135871887207 31.202661514282227 -14.899999618530273
vertex 35.095726013183594 28.75042152404785 -15.488017082214355
vertex 35.8135871887207 31.202661514282227 -15.30216121673584
endloop
endfacet
facet normal 0 0 -1
outer loop
vertex 7.680182456970215 -25.911542892456055 -14.899999618530273
vertex -11.70250129699707 -25.911542892456055 -14.899999618530273
vertex 11.58884048461914 -2.6939263343811035 -14.899999618530273
endloop
endfacet
facet normal 0 0 -1
outer loop
vertex 11.58884048461914 -2.6939263343811035 -14.899999618530273
vertex 7.988840579986572 -26.37348175048828 -14.899999618530273
vertex 7.950780391693115 -26.182140350341797 -14.899999618530273
endloop
endfacet
facet normal 0 0 -1
outer loop
vertex 23.110740661621094 6.329931735992432 -14.899999618530273
vertex 15.951825141906738 14.644119262695312 -14.899999618530273
vertex 31.164003372192383 23.42691993713379 -14.899999618530273
endloop
endfacet
facet normal 0 1 0
outer loop
vertex 11.58884048461914 -54.448482513427734 -21.838157653808594
vertex -74.8111572265625 -54.448482513427734 -17.31012535095215
vertex -74.8111572265625 -54.448482513427734 -14.899999618530273
endloop
endfacet
facet normal 0 0 -1
outer loop
vertex 28.803918838500977 5.751344203948975 -14.899999618530273
vertex 31.164003372192383 23.42691993713379 -14.899999618530273
vertex 32.984554290771484 25.21979522705078 -14.899999618530273
endloop
endfacet
facet normal 0.5000019417938835 -0.8660242826863148 0
outer loop
vertex 31.164003372192383 23.42691993713379 -14.899999618530273
vertex 15.951825141906738 14.644119262695312 -15.770262718200684
vertex 31.164003372192383 23.42691993713379 -15.767105102539062
endloop
endfacet
facet normal 0.7016703922158856 -0.7125016917085918 0
outer loop
vertex 32.984554290771484 25.21979522705078 -14.899999618530273
vertex 31.164003372192383 23.42691993713379 -14.899999618530273
vertex 31.164003372192383 23.42691993713379 -15.767105102539062
endloop
endfacet
facet normal 0.7016703922158856 -0.7125016917085919 0
outer loop
vertex 32.984554290771484 25.21979522705078 -14.899999618530273
vertex 31.164003372192383 23.42691993713379 -15.767105102539062
vertex 32.984554290771484 25.21979522705078 -15.699128150939941
endloop
endfacet
facet normal -0.8677567413486313 -0.49698917276335547 0
outer loop
vertex 73.07183074951172 30.14484405517578 -14.899999618530273
vertex 63.23246765136719 47.324642181396484 -14.899999618530273
vertex 63.23246765136719 47.324642181396484 -15.26989459991455
endloop
endfacet
facet normal 0 0 1
outer loop
vertex 10.08640193939209 31.897130966186523 -0.5
vertex 9.693150520324707 34.018924713134766 -0.5
vertex 8.61644458770752 35.122406005859375 -0.5
endloop
endfacet
facet normal 0 0 1
outer loop
vertex 19.188840866088867 -58.66343307495117 -0.5
vertex 18.778789520263672 -59.073482513427734 -0.5
vertex 19.58884048461914 -61.21359634399414 -0.5
endloop
endfacet
facet normal 0 0 1
outer loop
vertex -53.00600814819336 29.97430992126465 -0.5
vertex -54.76336669921875 31.73166847229004 -0.5
vertex -57.41115951538086 32.71918487548828 -0.5
endloop
endfacet
facet normal 0 0 1
outer loop
vertex -54.91115951538086 33.18498611450195 -0.5
vertex -58.88621520996094 34.344947814941406 -0.5
vertex -57.51772689819336 32.976463317871094 -0.5
endloop
endfacet
facet normal 0 0 1
outer loop
vertex -54.76336669921875 31.73166847229004 -0.5
vertex -54.79418182373047 31.762483596801758 -0.5
vertex -57.41115951538086 32.71918487548828 -0.5
endloop
endfacet
facet normal 0 0 1
outer loop
vertex -54.844173431396484 31.833877563476562 -0.5
vertex -54.881004333496094 31.912866592407227 -0.5
vertex -57.41115951538086 32.71918487548828 -0.5
endloop
endfacet
facet normal 0 0 1
outer loop
vertex -54.79418182373047 31.762483596801758 -0.5
vertex -54.844173431396484 31.833877563476562 -0.5
vertex -57.41115951538086 32.71918487548828 -0.5
endloop
endfacet
facet normal 0 0 1
outer loop
vertex -54.903564453125 31.997053146362305 -0.5
vertex -54.91115951538086 32.08387756347656 -0.5
vertex -57.41115951538086 32.71918487548828 -0.5
endloop
endfacet
facet normal 0 0 1
outer loop
vertex -54.881004333496094 31.912866592407227 -0.5
vertex -54.903564453125 31.997053146362305 -0.5
vertex -57.41115951538086 32.71918487548828 -0.5
endloop
endfacet
facet normal 0 0 1
outer loop
vertex -54.91115951538086 32.08387756347656 -0.5
vertex -54.91115951538086 33.18498611450195 -0.5
vertex -57.41115951538086 32.71918487548828 -0.5
endloop
endfacet
facet normal 0 0 1
outer loop
vertex -54.91115951538086 33.18498611450195 -0.5
vertex -57.51772689819336 32.976463317871094 -0.5
vertex -57.41115951538086 32.71918487548828 -0.5
endloop
endfacet
facet normal 0 0 1
outer loop
vertex -55.246665954589844 34.054073333740234 -0.5
vertex -57.387908935546875 36.41409683227539 -0.5
vertex -58.88621520996094 34.344947814941406 -0.5
endloop
endfacet
facet normal 0 0 1
outer loop
vertex -54.91115951538086 33.18498611450195 -0.5
vertex -55.246665954589844 34.054073333740234 -0.5
vertex -58.88621520996094 34.344947814941406 -0.5
endloop
endfacet
facet normal 0 0 1
outer loop
vertex -57.387908935546875 36.41409683227539 -0.5
vertex -58.348018646240234 36.8422737121582 -0.5
vertex -59.14349365234375 34.45151901245117 -0.5
endloop
endfacet
facet normal 0 0 1
outer loop
vertex -56.649635314941406 27.32651710510254 -0.5
vertex -37.58413314819336 29.82651710510254 -0.5
vertex -52.65380096435547 29.82651710510254 -0.5
endloop
endfacet
facet normal 0 0 1
outer loop
vertex -37.58413314819336 29.82651710510254 -0.5
vertex -56.649635314941406 27.32651710510254 -0.5
vertex -35.13493347167969 27.32651710510254 -0.5
endloop
endfacet
facet normal 0 0 1
outer loop
vertex -14.013022422790527 19.277082443237305 -0.5
vertex -19.41115951538086 9.08803939819336 -0.5
vertex -18.64963722229004 8.326517105102539 -0.5
endloop
endfacet
facet normal 0 0 1
outer loop
vertex -5.811159610748291 9.08803939819336 -0.5
vertex -18.64963722229004 8.326517105102539 -0.5
vertex -6.572681903839111 8.326517105102539 -0.5
endloop
endfacet
facet normal 0 0 1
outer loop
vertex -5.811159610748291 9.08803939819336 -0.5
vertex -5.811159610748291 13.719182968139648 -0.5
vertex -18.64963722229004 8.326517105102539 -0.5
endloop
endfacet
facet normal 0 0 1
outer loop
vertex -18.258764266967773 25.34062957763672 -0.5
vertex -19.41115951538086 25.59418296813965 -0.5
vertex -19.41115951538086 9.08803939819336 -0.5
endloop
endfacet
facet normal 0 0 1
outer loop
vertex -15.775594711303711 21.039653778076172 -0.5
vertex -17.205322265625 23.081518173217773 -0.5
vertex -19.41115951538086 9.08803939819336 -0.5
endloop
endfacet
facet normal 0 0 1
outer loop
vertex -15.775594711303711 21.039653778076172 -0.5
vertex -19.41115951538086 9.08803939819336 -0.5
vertex -14.013022422790527 19.277082443237305 -0.5
endloop
endfacet
facet normal 0 0 1
outer loop
vertex -17.205322265625 23.081518173217773 -0.5
vertex -18.258764266967773 25.34062957763672 -0.5
vertex -19.41115951538086 9.08803939819336 -0.5
endloop
endfacet
facet normal 0 0 1
outer loop
vertex -11.971159934997559 17.847354888916016 -0.5
vertex -14.013022422790527 19.277082443237305 -0.5
vertex -18.64963722229004 8.326517105102539 -0.5
endloop
endfacet
facet normal 0 0 1
outer loop
vertex -52.82481002807617 29.856670379638672 -0.5
vertex -56.649635314941406 27.32651710510254 -0.5
vertex -52.740623474121094 29.83411407470703 -0.5
endloop
endfacet
facet normal 0 0 1
outer loop
vertex -56.649635314941406 27.32651710510254 -0.5
vertex -52.65380096435547 29.82651710510254 -0.5
vertex -52.740623474121094 29.83411407470703 -0.5
endloop
endfacet
facet normal 0 0 1
outer loop
vertex -52.90380096435547 29.893505096435547 -0.5
vertex -53.00600814819336 29.97430992126465 -0.5
vertex -56.649635314941406 27.32651710510254 -0.5
endloop
endfacet
facet normal 0 0 1
outer loop
vertex -53.00600814819336 29.97430992126465 -0.5
vertex -57.41115951538086 32.71918487548828 -0.5
vertex -57.41115951538086 28.08803939819336 -0.5
endloop
endfacet
facet normal 0 0 1
outer loop
vertex -5.811159610748291 13.719182968139648 -0.5
vertex -11.971159934997559 17.847354888916016 -0.5
vertex -18.64963722229004 8.326517105102539 -0.5
endloop
endfacet
facet normal 0 0 1
outer loop
vertex -18.258764266967773 25.34062957763672 -0.5
vertex -19.517728805541992 25.851463317871094 -0.5
vertex -19.41115951538086 25.59418296813965 -0.5
endloop
endfacet
facet normal 0 0 1
outer loop
vertex -53.00600814819336 29.97430992126465 -0.5
vertex -57.41115951538086 28.08803939819336 -0.5
vertex -56.649635314941406 27.32651710510254 -0.5
endloop
endfacet
facet normal 0 0 1
outer loop
vertex -57.387908935546875 36.41409683227539 -0.5
vertex -59.14349365234375 34.45151901245117 -0.5
vertex -58.88621520996094 34.344947814941406 -0.5
endloop
endfacet
facet normal 0 0 1
outer loop
vertex -80.07882690429688 34.45151901245117 -0.5
vertex -58.348018646240234 36.8422737121582 -0.5
vertex -80.5667953491211 36.954002380371094 -0.5
endloop
endfacet
facet normal 0 0 1
outer loop
vertex -58.348018646240234 36.8422737121582 -0.5
vertex -80.07882690429688 34.45151901245117 -0.5
vertex -59.14349365234375 34.45151901245117 -0.5
endloop
endfacet
facet normal 0 0 1
outer loop
vertex -80.33610534667969 34.344947814941406 -0.5
vertex -80.5667953491211 36.954002380371094 -0.5
vertex -81.4926528930664 36.57322692871094 -0.5
endloop
endfacet
facet normal 0 0 1
outer loop
vertex -80.33610534667969 34.344947814941406 -0.5
vertex -80.07882690429688 34.45151901245117 -0.5
vertex -80.5667953491211 36.954002380371094 -0.5
endloop
endfacet
facet normal 0 0 1
outer loop
vertex -81.70458984375 32.976463317871094 -0.5
vertex -80.33610534667969 34.344947814941406 -0.5
vertex -81.4926528930664 36.57322692871094 -0.5
endloop
endfacet
facet normal 0 0 1
outer loop
vertex -81.4926528930664 36.57322692871094 -0.5
vertex -82.8111572265625 34.065921783447266 -0.5
vertex -81.70458984375 32.976463317871094 -0.5
endloop
endfacet
facet normal 0 0 1
outer loop
vertex -82.8111572265625 34.065921783447266 -0.5
vertex -81.8111572265625 32.71918487548828 -0.5
vertex -81.70458984375 32.976463317871094 -0.5
endloop
endfacet
facet normal 0 0 1
outer loop
vertex -83.93055725097656 34.135318756103516 -0.5
vertex -82.8111572265625 34.065921783447266 -0.5
vertex -81.4926528930664 36.57322692871094 -0.5
endloop
endfacet
facet normal 0 0 1
outer loop
vertex 9.889607429504395 26.555049896240234 -0.5
vertex 9.852774620056152 26.6340389251709 -0.5
vertex 8.61644458770752 25.34062957763672 -0.5
endloop
endfacet
facet normal 0 0 1
outer loop
vertex -19.511159896850586 -59.37348175048828 -0.5
vertex -49.15620422363281 -63.948482513427734 -0.5
vertex 2.642014503479004 -62.939823150634766 -0.5
endloop
endfacet
facet normal 0 0 1
outer loop
vertex -83.93055725097656 34.135318756103516 -0.5
vertex -83.95930480957031 34.065921783447266 -0.5
vertex -82.8111572265625 34.065921783447266 -0.5
endloop
endfacet
facet normal 0 0 1
outer loop
vertex 10.001226425170898 26.422027587890625 -0.5
vertex 9.939598083496094 26.48365592956543 -0.5
vertex 8.61644458770752 25.34062957763672 -0.5
endloop
endfacet
facet normal 0 0 1
outer loop
vertex -49.15620422363281 -63.948482513427734 -0.5
vertex 2.7504007816314697 -63.10203552246094 -0.5
vertex 2.642014503479004 -62.939823150634766 -0.5
endloop
endfacet
facet normal 0 0 1
outer loop
vertex -49.15620422363281 -63.948482513427734 -0.5
vertex 4.103954315185547 -63.948482513427734 -0.5
vertex 3.103954315185547 -63.24848175048828 -0.5
endloop
endfacet
facet normal 0 0 1
outer loop
vertex -49.15620422363281 -63.948482513427734 -0.5
vertex 3.103954315185547 -63.24848175048828 -0.5
vertex 2.9126124382019043 -63.21042251586914 -0.5
endloop
endfacet
facet normal 0 0 1
outer loop
vertex 27.849674224853516 -2.3601832389831543 -0.5
vertex 26.44646644592285 -4.436920642852783 -0.5
vertex 29.719196319580078 -2.8610384464263916 -0.5
endloop
endfacet
facet normal 0 0 1
outer loop
vertex 27.849674224853516 -2.3601832389831543 -0.5
vertex 27.628726959228516 -2.1906514167785645 -0.5
vertex 26.44646644592285 -4.436920642852783 -0.5
endloop
endfacet
facet normal 0 0 1
outer loop
vertex -49.15620422363281 -63.948482513427734 -0.5
vertex 2.9126124382019043 -63.21042251586914 -0.5
vertex 2.7504007816314697 -63.10203552246094 -0.5
endloop
endfacet
facet normal 0 0 1
outer loop
vertex -19.511159896850586 -59.37348175048828 -0.5
vertex 2.642014503479004 -62.939823150634766 -0.5
vertex 2.603954315185547 -62.74848175048828 -0.5
endloop
endfacet
facet normal 0 0 1
outer loop
vertex 2.603954315185547 -61.74848175048828 -0.5
vertex -19.511159896850586 -59.37348175048828 -0.5
vertex 2.603954315185547 -62.74848175048828 -0.5
endloop
endfacet
facet normal 0 0 1
outer loop
vertex 22.781848907470703 5.474613666534424 -0.5
vertex 27.628726959228516 -2.1906514167785645 -0.5
vertex 23.404888153076172 5.125306129455566 -0.5
endloop
endfacet
facet normal 0 0 1
outer loop
vertex 24.726835250854492 -3.4608447551727295 -0.5
vertex 22.781848907470703 5.474613666534424 -0.5
vertex 19.327316284179688 5.387433052062988 -0.5
endloop
endfacet
facet normal 0 0 1
outer loop
vertex 2.603954315185547 -61.74848175048828 -0.5
vertex 2.642014503479004 -61.5571403503418 -0.5
vertex -19.511159896850586 -59.37348175048828 -0.5
endloop
endfacet
facet normal 0 0 1
outer loop
vertex -18.90390968322754 27.748348236083984 -0.5
vertex -21.14349365234375 27.32651710510254 -0.5
vertex -20.886213302612305 27.219947814941406 -0.5
endloop
endfacet
facet normal 0 0 1
outer loop
vertex -18.90390968322754 27.748348236083984 -0.5
vertex -20.886213302612305 27.219947814941406 -0.5
vertex -19.517728805541992 25.851463317871094 -0.5
endloop
endfacet
facet normal 0 0 1
outer loop
vertex -18.258764266967773 25.34062957763672 -0.5
vertex -18.90390968322754 27.748348236083984 -0.5
vertex -19.517728805541992 25.851463317871094 -0.5
endloop
endfacet
facet normal 0 0 1
outer loop
vertex -5.811159610748291 13.719182968139648 -0.5
vertex -5.704590797424316 13.976462364196777 -0.5
vertex -11.971159934997559 17.847354888916016 -0.5
endloop
endfacet
facet normal 0 0 1
outer loop
vertex -9.712047576904297 16.793912887573242 -0.5
vertex -5.704590797424316 13.976462364196777 -0.5
vertex -7.304328441619873 16.148767471313477 -0.5
endloop
endfacet
facet normal 0 0 1
outer loop
vertex -5.704590797424316 13.976462364196777 -0.5
vertex -4.821159362792969 15.931517601013184 -0.5
vertex -7.304328441619873 16.148767471313477 -0.5
endloop
endfacet
facet normal 0 0 1
outer loop
vertex -9.712047576904297 16.793912887573242 -0.5
vertex -11.971159934997559 17.847354888916016 -0.5
vertex -5.704590797424316 13.976462364196777 -0.5
endloop
endfacet
facet normal 0 0 1
outer loop
vertex -5.704590797424316 13.976462364196777 -0.5
vertex -4.336104869842529 15.344948768615723 -0.5
vertex -4.821159362792969 15.931517601013184 -0.5
endloop
endfacet
facet normal 0 0 1
outer loop
vertex -4.336104869842529 15.344948768615723 -0.5
vertex -4.0788254737854 15.451517105102539 -0.5
vertex -4.821159362792969 15.931517601013184 -0.5
endloop
endfacet
facet normal 0 0 1
outer loop
vertex -4.0788254737854 15.451517105102539 -0.5
vertex -2.3379905223846436 16.148767471313477 -0.5
vertex -4.821159362792969 15.931517601013184 -0.5
endloop
endfacet
facet normal 0 0 1
outer loop
vertex 10.04582691192627 26.390798568725586 -0.5
vertex 10.001226425170898 26.422027587890625 -0.5
vertex 8.61644458770752 25.34062957763672 -0.5
endloop
endfacet
facet normal 0 0 1
outer loop
vertex 9.830216407775879 26.718225479125977 -0.5
vertex 9.822620391845703 26.805049896240234 -0.5
vertex 8.61644458770752 25.34062957763672 -0.5
endloop
endfacet
facet normal 0 0 1
outer loop
vertex 9.828313827514648 26.870126724243164 -0.5
vertex 9.478840827941895 30.231517791748047 -0.5
vertex 9.261590957641602 27.748348236083984 -0.5
endloop
endfacet
facet normal 0 0 1
outer loop
vertex 9.828313827514648 26.870126724243164 -0.5
vertex 10.153142929077148 29.348386764526367 -0.5
vertex 9.478840827941895 30.231517791748047 -0.5
endloop
endfacet
facet normal 0 0 1
outer loop
vertex 66.409423828125 55.6461181640625 -0.5
vertex 66.63040161132812 55.47657775878906 -0.5
vertex 66.84622955322266 57.11184310913086 -0.5
endloop
endfacet
facet normal 0 0 1
outer loop
vertex -82.8111572265625 -11.36058521270752 -0.5
vertex -84.3111572265625 -11.36058521270752 -0.5
vertex -82.8111572265625 -15.787091255187988 -0.5
endloop
endfacet
facet normal 0 0 1
outer loop
vertex 10.153142929077148 29.348386764526367 -0.5
vertex 10.163424491882324 29.54456901550293 -0.5
vertex 9.478840827941895 30.231517791748047 -0.5
endloop
endfacet
facet normal 0 0 1
outer loop
vertex 64.80081176757812 58.688499450683594 -0.5
vertex 63.75213623046875 58.57748031616211 -0.5
vertex 67.83941650390625 57.71430206298828 -0.5
endloop
endfacet
facet normal 0 0 1
outer loop
vertex 9.852774620056152 26.6340389251709 -0.5
vertex 9.830216407775879 26.718225479125977 -0.5
vertex 8.61644458770752 25.34062957763672 -0.5
endloop
endfacet
facet normal 0 0 1
outer loop
vertex -84.3111572265625 -15.787091255187988 -0.5
vertex -82.8111572265625 -15.787091255187988 -0.5
vertex -84.3111572265625 -11.36058521270752 -0.5
endloop
endfacet
facet normal 0 0 1
outer loop
vertex 67.83941650390625 57.71430206298828 -0.5
vertex 63.75213623046875 58.57748031616211 -0.5
vertex 66.84622955322266 57.11184310913086 -0.5
endloop
endfacet
facet normal 0 0 1
outer loop
vertex 9.822620391845703 26.805049896240234 -0.5
vertex 9.828313827514648 26.870126724243164 -0.5
vertex 8.61644458770752 25.34062957763672 -0.5
endloop
endfacet
facet normal 0 0 1
outer loop
vertex -81.8111572265625 -58.66343307495117 -0.5
vertex -81.8111572265625 8.364285469055176 -0.5
vertex -82.8111572265625 -11.36058521270752 -0.5
endloop
endfacet
facet normal 0 0 1
outer loop
vertex 10.163424491882324 29.54456901550293 -0.5
vertex 10.10693645477295 31.701757431030273 -0.5
vertex 9.478840827941895 30.231517791748047 -0.5
endloop
endfacet
facet normal 0 0 1
outer loop
vertex 10.10693645477295 31.701757431030273 -0.5
vertex 10.08640193939209 31.897130966186523 -0.5
vertex 9.478840827941895 30.231517791748047 -0.5
endloop
endfacet
facet normal 0 0 1
outer loop
vertex 10.08640193939209 31.897130966186523 -0.5
vertex 9.261590957641602 32.71468734741211 -0.5
vertex 9.478840827941895 30.231517791748047 -0.5
endloop
endfacet
facet normal 0 0 1
outer loop
vertex 4.103954315185547 -63.948482513427734 -0.5
vertex 8.203954696655273 -63.24848175048828 -0.5
vertex 3.103954315185547 -63.24848175048828 -0.5
endloop
endfacet
facet normal 0 0 1
outer loop
vertex 64.26353454589844 56.110477447509766 -0.5
vertex 66.84622955322266 57.11184310913086 -0.5
vertex 63.75213623046875 58.57748031616211 -0.5
endloop
endfacet
facet normal 0 0 1
outer loop
vertex -81.8111572265625 -58.66343307495117 -0.5
vertex -82.8111572265625 -11.36058521270752 -0.5
vertex -82.8111572265625 -15.787091255187988 -0.5
endloop
endfacet
facet normal 0 0 1
outer loop
vertex 64.53966522216797 56.146881103515625 -0.5
vertex 66.409423828125 55.6461181640625 -0.5
vertex 66.84622955322266 57.11184310913086 -0.5
endloop
endfacet
facet normal 0 0 1
outer loop
vertex 10.08640193939209 31.897130966186523 -0.5
vertex 8.61644458770752 35.122406005859375 -0.5
vertex 9.261590957641602 32.71468734741211 -0.5
endloop
endfacet
facet normal 0 0 1
outer loop
vertex 64.26353454589844 56.110477447509766 -0.5
vertex 64.53966522216797 56.146881103515625 -0.5
vertex 66.84622955322266 57.11184310913086 -0.5
endloop
endfacet
facet normal 0 0 1
outer loop
vertex -49.15620422363281 -63.948482513427734 -0.5
vertex -19.511159896850586 -59.37348175048828 -0.5
vertex -66.13493347167969 -61.28654098510742 -0.5
endloop
endfacet
facet normal 0 0 1
outer loop
vertex -66.13493347167969 -61.28654098510742 -0.5
vertex -19.511159896850586 -59.37348175048828 -0.5
vertex -66.3262710571289 -61.24848175048828 -0.5
endloop
endfacet
facet normal 0 0 1
outer loop
vertex -19.511159896850586 -59.37348175048828 -0.5
vertex -77.51761627197266 -61.28654098510742 -0.5
vertex -66.3262710571289 -61.24848175048828 -0.5
endloop
endfacet
facet normal 0 0 1
outer loop
vertex -59.356414794921875 -63.948482513427734 -0.5
vertex -49.15620422363281 -63.948482513427734 -0.5
vertex -65.8262710571289 -62.74848175048828 -0.5
endloop
endfacet
facet normal 0 0 1
outer loop
vertex 9.828313827514648 26.870126724243164 -0.5
vertex 9.261590957641602 27.748348236083984 -0.5
vertex 8.61644458770752 25.34062957763672 -0.5
endloop
endfacet
facet normal 0 0 1
outer loop
vertex 9.939598083496094 26.48365592956543 -0.5
vertex 9.889607429504395 26.555049896240234 -0.5
vertex 8.61644458770752 25.34062957763672 -0.5
endloop
endfacet
facet normal 0 0 1
outer loop
vertex -65.8262710571289 -61.74848175048828 -0.5
vertex -65.8262710571289 -62.74848175048828 -0.5
vertex -49.15620422363281 -63.948482513427734 -0.5
endloop
endfacet
facet normal 0 0 1
outer loop
vertex -66.13493347167969 -61.28654098510742 -0.5
vertex -65.97271728515625 -61.394927978515625 -0.5
vertex -49.15620422363281 -63.948482513427734 -0.5
endloop
endfacet
facet normal 0 0 1
outer loop
vertex -65.97271728515625 -61.394927978515625 -0.5
vertex -65.86433410644531 -61.5571403503418 -0.5
vertex -49.15620422363281 -63.948482513427734 -0.5
endloop
endfacet
facet normal 0 0 1
outer loop
vertex 9.693150520324707 34.018924713134766 -0.5
vertex 9.642305374145508 34.208683013916016 -0.5
vertex 8.61644458770752 35.122406005859375 -0.5
endloop
endfacet
facet normal 0 0 1
outer loop
vertex 9.642305374145508 34.208683013916016 -0.5
vertex 7.563004016876221 37.38151550292969 -0.5
vertex 8.61644458770752 35.122406005859375 -0.5
endloop
endfacet
facet normal 0 0 1
outer loop
vertex -65.86433410644531 -61.5571403503418 -0.5
vertex -65.8262710571289 -61.74848175048828 -0.5
vertex -49.15620422363281 -63.948482513427734 -0.5
endloop
endfacet
facet normal 0 0 1
outer loop
vertex 18.488840103149414 -59.37348175048828 -0.5
vertex -19.511159896850586 -59.37348175048828 -0.5
vertex 2.9126124382019043 -61.28654098510742 -0.5
endloop
endfacet
facet normal 0 0 1
outer loop
vertex 7.214768886566162 -65.82694244384766 -0.5
vertex 4.603954315185547 -64.8766860961914 -0.5
vertex 5.867793083190918 -65.46602630615234 -0.5
endloop
endfacet
facet normal 0 0 1
outer loop
vertex 4.603954315185547 -64.8766860961914 -0.5
vertex 7.214768886566162 -65.82694244384766 -0.5
vertex 8.203954696655273 -65.91349029541016 -0.5
endloop
endfacet
facet normal 0 0 1
outer loop
vertex -81.8111572265625 -58.66343307495117 -0.5
vertex -82.8111572265625 -15.787091255187988 -0.5
vertex -82.8111572265625 -36.28709030151367 -0.5
endloop
endfacet
facet normal 0 0 1
outer loop
vertex -82.8111572265625 -36.28709030151367 -0.5
vertex -84.3111572265625 -36.28709030151367 -0.5
vertex -82.8111572265625 -40.71359634399414 -0.5
endloop
endfacet
facet normal 0 0 1
outer loop
vertex -84.3111572265625 -40.71359634399414 -0.5
vertex -82.8111572265625 -40.71359634399414 -0.5
vertex -84.3111572265625 -36.28709030151367 -0.5
endloop
endfacet
facet normal 0 0 1
outer loop
vertex 4.103954315185547 -64.52658081054688 -0.5
vertex 4.603954315185547 -64.8766860961914 -0.5
vertex 8.203954696655273 -63.24848175048828 -0.5
endloop
endfacet
facet normal 0 0 1
outer loop
vertex 8.203954696655273 -65.91349029541016 -0.5
vertex 8.203954696655273 -63.24848175048828 -0.5
vertex 4.603954315185547 -64.8766860961914 -0.5
endloop
endfacet
facet normal 0 0 1
outer loop
vertex -81.8111572265625 -58.66343307495117 -0.5
vertex -82.8111572265625 -36.28709030151367 -0.5
vertex -82.8111572265625 -40.71359634399414 -0.5
endloop
endfacet
facet normal 0 0 1
outer loop
vertex 4.103954315185547 -63.948482513427734 -0.5
vertex 4.103954315185547 -64.52658081054688 -0.5
vertex 8.203954696655273 -63.24848175048828 -0.5
endloop
endfacet
facet normal 0 0 1
outer loop
vertex 66.63040161132812 55.47657775878906 -0.5
vertex 81.84811401367188 29.118640899658203 -0.5
vertex 66.84622955322266 57.11184310913086 -0.5
endloop
endfacet
facet normal 0 0 1
outer loop
vertex 9.993139266967773 -65.82694244384766 -0.5
vertex 11.340115547180176 -65.46602630615234 -0.5
vertex 9.00395393371582 -65.91349029541016 -0.5
endloop
endfacet
facet normal 0 0 1
outer loop
vertex -65.8262710571289 -62.74848175048828 -0.5
vertex -65.86433410644531 -62.939823150634766 -0.5
vertex -59.356414794921875 -63.948482513427734 -0.5
endloop
endfacet
facet normal 0 0 1
outer loop
vertex -65.97271728515625 -63.10203552246094 -0.5
vertex -59.356414794921875 -63.948482513427734 -0.5
vertex -65.86433410644531 -62.939823150634766 -0.5
endloop
endfacet
facet normal 0 0 1
outer loop
vertex 22.781848907470703 5.474613666534424 -0.5
vertex 25.814586639404297 -3.9478919506073 -0.5
vertex 27.628726959228516 -2.1906514167785645 -0.5
endloop
endfacet
facet normal 0 0 1
outer loop
vertex 25.252277374267578 -3.512704372406006 -0.5
vertex 25.814586639404297 -3.9478919506073 -0.5
vertex 22.781848907470703 5.474613666534424 -0.5
endloop
endfacet
facet normal 0 0 1
outer loop
vertex 25.117265701293945 -3.4382708072662354 -0.5
vertex 22.781848907470703 5.474613666534424 -0.5
vertex 25.033079147338867 -3.415713310241699 -0.5
endloop
endfacet
facet normal 0 0 1
outer loop
vertex 25.117265701293945 -3.4382708072662354 -0.5
vertex 25.196256637573242 -3.475104570388794 -0.5
vertex 22.781848907470703 5.474613666534424 -0.5
endloop
endfacet
facet normal 0 0 1
outer loop
vertex 25.196256637573242 -3.475104570388794 -0.5
vertex 25.252277374267578 -3.512704372406006 -0.5
vertex 22.781848907470703 5.474613666534424 -0.5
endloop
endfacet
facet normal 0 0 1
outer loop
vertex -65.97271728515625 -63.10203552246094 -0.5
vertex -66.13493347167969 -63.21042251586914 -0.5
vertex -59.356414794921875 -63.948482513427734 -0.5
endloop
endfacet
facet normal 0 0 1
outer loop
vertex -66.13493347167969 -63.21042251586914 -0.5
vertex -67.3262710571289 -63.948482513427734 -0.5
vertex -59.356414794921875 -63.948482513427734 -0.5
endloop
endfacet
facet normal 0 0 1
outer loop
vertex 22.781848907470703 5.474613666534424 -0.5
vertex 24.946256637573242 -3.4081170558929443 -0.5
vertex 25.033079147338867 -3.415713310241699 -0.5
endloop
endfacet
facet normal 0 0 1
outer loop
vertex 22.781848907470703 5.474613666534424 -0.5
vertex 24.859432220458984 -3.415713310241699 -0.5
vertex 24.946256637573242 -3.4081170558929443 -0.5
endloop
endfacet
facet normal 0 0 1
outer loop
vertex 22.781848907470703 5.474613666534424 -0.5
vertex 24.775245666503906 -3.4382708072662354 -0.5
vertex 24.859432220458984 -3.415713310241699 -0.5
endloop
endfacet
facet normal 0 0 1
outer loop
vertex 24.775245666503906 -3.4382708072662354 -0.5
vertex 22.781848907470703 5.474613666534424 -0.5
vertex 24.726835250854492 -3.4608447551727295 -0.5
endloop
endfacet
facet normal 0 0 1
outer loop
vertex 18.58884048461914 4.630085468292236 -0.5
vertex 21.982410430908203 -4.805178165435791 -0.5
vertex 24.726835250854492 -3.4608447551727295 -0.5
endloop
endfacet
facet normal 0 0 1
outer loop
vertex 2.7504007816314697 -61.394927978515625 -0.5
vertex 2.9126124382019043 -61.28654098510742 -0.5
vertex -19.511159896850586 -59.37348175048828 -0.5
endloop
endfacet
facet normal 0 0 1
outer loop
vertex 2.642014503479004 -61.5571403503418 -0.5
vertex 2.7504007816314697 -61.394927978515625 -0.5
vertex -19.511159896850586 -59.37348175048828 -0.5
endloop
endfacet
facet normal 0 0 1
outer loop
vertex 18.58884048461914 4.630085468292236 -0.5
vertex 19.58884048461914 -4.805178165435791 -0.5
vertex 21.982410430908203 -4.805178165435791 -0.5
endloop
endfacet
facet normal 0 0 1
outer loop
vertex -66.13493347167969 -63.21042251586914 -0.5
vertex -71.42626953125 -63.24848175048828 -0.5
vertex -67.3262710571289 -63.948482513427734 -0.5
endloop
endfacet
facet normal 0 0 1
outer loop
vertex -4.0788254737854 15.451517105102539 -0.5
vertex 0.06972858309745789 16.793912887573242 -0.5
vertex -2.3379905223846436 16.148767471313477 -0.5
endloop
endfacet
facet normal 0 0 1
outer loop
vertex -71.42626953125 -65.91349029541016 -0.5
vertex -67.3262710571289 -64.52658081054688 -0.5
vertex -67.3262710571289 -63.948482513427734 -0.5
endloop
endfacet
facet normal 0 0 1
outer loop
vertex 0.06972858309745789 43.66912078857422 -0.5
vertex 2.328840494155884 42.61568069458008 -0.5
vertex 2.7639060020446777 43.172786712646484 -0.5
endloop
endfacet
facet normal 0 0 1
outer loop
vertex 9.00395393371582 -65.91349029541016 -0.5
vertex 11.340115547180176 -65.46602630615234 -0.5
vertex 9.00395393371582 -63.24848175048828 -0.5
endloop
endfacet
facet normal 0 0 1
outer loop
vertex 4.370703220367432 41.185951232910156 -0.5
vertex 6.260287284851074 40.34147262573242 -0.5
vertex 4.694981575012207 41.8268928527832 -0.5
endloop
endfacet
facet normal 0 0 1
outer loop
vertex -67.3262710571289 -64.52658081054688 -0.5
vertex -71.42626953125 -65.91349029541016 -0.5
vertex -67.8262710571289 -64.8766860961914 -0.5
endloop
endfacet
facet normal 0 0 1
outer loop
vertex 2.328840494155884 42.61568069458008 -0.5
vertex 4.542311191558838 41.950523376464844 -0.5
vertex 2.7639060020446777 43.172786712646484 -0.5
endloop
endfacet
facet normal 0 0 1
outer loop
vertex 2.328840494155884 42.61568069458008 -0.5
vertex 4.370703220367432 41.185951232910156 -0.5
vertex 4.542311191558838 41.950523376464844 -0.5
endloop
endfacet
facet normal 0 0 1
outer loop
vertex 13.148078918457031 24.317943572998047 -0.5
vertex 10.04582691192627 26.390798568725586 -0.5
vertex 8.61644458770752 25.34062957763672 -0.5
endloop
endfacet
facet normal 0 0 1
outer loop
vertex 8.61644458770752 25.34062957763672 -0.5
vertex 15.941956520080566 15.451517105102539 -0.5
vertex 16.69251251220703 16.751514434814453 -0.5
endloop
endfacet
facet normal 0 0 1
outer loop
vertex -81.8111572265625 8.364285469055176 -0.5
vertex -82.8111572265625 9.13941478729248 -0.5
vertex -82.8111572265625 -11.36058521270752 -0.5
endloop
endfacet
facet normal 0 0 1
outer loop
vertex 15.420116424560547 22.4200496673584 -0.5
vertex 25.307573318481445 31.01535987854004 -0.5
vertex 13.674873352050781 24.299182891845703 -0.5
endloop
endfacet
facet normal 0 0 1
outer loop
vertex 11.340115547180176 -65.46602630615234 -0.5
vertex 12.603954315185547 -64.8766860961914 -0.5
vertex 9.00395393371582 -63.24848175048828 -0.5
endloop
endfacet
facet normal 0 0 1
outer loop
vertex 4.370703220367432 41.185951232910156 -0.5
vertex 4.694981575012207 41.8268928527832 -0.5
vertex 4.542311191558838 41.950523376464844 -0.5
endloop
endfacet
facet normal 0 0 1
outer loop
vertex 7.563004016876221 23.081518173217773 -0.5
vertex 6.133275985717773 21.039653778076172 -0.5
vertex 15.941956520080566 15.451517105102539 -0.5
endloop
endfacet
facet normal 0 0 1
outer loop
vertex -84.3111572265625 9.13941478729248 -0.5
vertex -82.8111572265625 9.13941478729248 -0.5
vertex -84.3111572265625 13.565919876098633 -0.5
endloop
endfacet
facet normal 0 0 1
outer loop
vertex -82.8111572265625 9.13941478729248 -0.5
vertex -81.8111572265625 8.364285469055176 -0.5
vertex -84.3111572265625 13.565919876098633 -0.5
endloop
endfacet
facet normal 0 0 1
outer loop
vertex -82.8111572265625 13.565919876098633 -0.5
vertex -84.3111572265625 13.565919876098633 -0.5
vertex -81.8111572265625 8.364285469055176 -0.5
endloop
endfacet
facet normal 0 0 1
outer loop
vertex 13.103954315185547 -64.52658081054688 -0.5
vertex 9.00395393371582 -63.24848175048828 -0.5
vertex 12.603954315185547 -64.8766860961914 -0.5
endloop
endfacet
facet normal 0 0 1
outer loop
vertex 13.103954315185547 -64.52658081054688 -0.5
vertex 13.103954315185547 -63.948482513427734 -0.5
vertex 9.00395393371582 -63.24848175048828 -0.5
endloop
endfacet
facet normal 0 0 1
outer loop
vertex -82.8111572265625 34.065921783447266 -0.5
vertex -82.8111572265625 13.565919876098633 -0.5
vertex -81.8111572265625 8.364285469055176 -0.5
endloop
endfacet
facet normal 0 0 1
outer loop
vertex 6.133275985717773 21.039653778076172 -0.5
vertex 4.370703220367432 19.277082443237305 -0.5
vertex 15.941956520080566 15.451517105102539 -0.5
endloop
endfacet
facet normal 0 0 1
outer loop
vertex 4.370703220367432 19.277082443237305 -0.5
vertex 2.328840494155884 17.847354888916016 -0.5
vertex 15.941956520080566 15.451517105102539 -0.5
endloop
endfacet
facet normal 0 0 1
outer loop
vertex 15.941956520080566 15.451517105102539 -0.5
vertex 2.328840494155884 17.847354888916016 -0.5
vertex 0.06972858309745789 16.793912887573242 -0.5
endloop
endfacet
facet normal 0 0 1
outer loop
vertex 8.61644458770752 25.34062957763672 -0.5
vertex 7.563004016876221 23.081518173217773 -0.5
vertex 15.941956520080566 15.451517105102539 -0.5
endloop
endfacet
facet normal 0 0 1
outer loop
vertex 77.03450775146484 39.32283020019531 -0.5
vertex 84.31558227539062 29.62805938720703 -0.5
vertex 78.33614349365234 40.06831359863281 -0.5
endloop
endfacet
facet normal 0 0 1
outer loop
vertex 29.458335876464844 -5.4027886390686035 -0.5
vertex 29.995304107666016 -2.8246703147888184 -0.5
vertex 29.719196319580078 -2.8610384464263916 -0.5
endloop
endfacet
facet normal 0 0 1
outer loop
vertex -82.8111572265625 34.065921783447266 -0.5
vertex -81.8111572265625 8.364285469055176 -0.5
vertex -81.8111572265625 32.71918487548828 -0.5
endloop
endfacet
facet normal 0 0 1
outer loop
vertex 30.507978439331055 -5.291339874267578 -0.5
vertex 29.995304107666016 -2.8246703147888184 -0.5
vertex 29.458335876464844 -5.4027886390686035 -0.5
endloop
endfacet
facet normal 0 0 1
outer loop
vertex 26.44646644592285 -4.436920642852783 -0.5
vertex 29.458335876464844 -5.4027886390686035 -0.5
vertex 29.719196319580078 -2.8610384464263916 -0.5
endloop
endfacet
facet normal 0 0 1
outer loop
vertex -71.42626953125 -63.24848175048828 -0.5
vertex -71.42626953125 -65.91349029541016 -0.5
vertex -67.3262710571289 -63.948482513427734 -0.5
endloop
endfacet
facet normal 0 0 1
outer loop
vertex 6.133275985717773 39.42338180541992 -0.5
vertex 7.563004016876221 37.38151550292969 -0.5
vertex 8.842070579528809 36.422298431396484 -0.5
endloop
endfacet
facet normal 0 0 1
outer loop
vertex 6.133275985717773 39.42338180541992 -0.5
vertex 8.842070579528809 36.422298431396484 -0.5
vertex 7.81239652633667 38.3187255859375 -0.5
endloop
endfacet
facet normal 0 0 1
outer loop
vertex -71.42626953125 -65.91349029541016 -0.5
vertex -69.0901107788086 -65.46602630615234 -0.5
vertex -67.8262710571289 -64.8766860961914 -0.5
endloop
endfacet
facet normal 0 0 1
outer loop
vertex 25.814586639404297 -3.9478919506073 -0.5
vertex 26.44646644592285 -4.436920642852783 -0.5
vertex 27.628726959228516 -2.1906514167785645 -0.5
endloop
endfacet
facet normal 0 0 1
outer loop
vertex 6.133275985717773 39.42338180541992 -0.5
vertex 7.81239652633667 38.3187255859375 -0.5
vertex 7.70540189743042 38.483482360839844 -0.5
endloop
endfacet
facet normal 0 0 1
outer loop
vertex 6.133275985717773 39.42338180541992 -0.5
vertex 7.70540189743042 38.483482360839844 -0.5
vertex 6.391738414764404 40.19548034667969 -0.5
endloop
endfacet
facet normal 0 0 1
outer loop
vertex -71.42626953125 -65.91349029541016 -0.5
vertex -70.43708801269531 -65.82694244384766 -0.5
vertex -69.0901107788086 -65.46602630615234 -0.5
endloop
endfacet
facet normal 0 0 1
outer loop
vertex -37.32350158691406 29.90094757080078 -0.5
vertex -37.58413314819336 29.82651710510254 -0.5
vertex -35.13493347167969 27.32651710510254 -0.5
endloop
endfacet
facet normal 0 0 1
outer loop
vertex -35.13493347167969 27.32651710510254 -0.5
vertex -35.881202697753906 30.78424644470215 -0.5
vertex -37.32350158691406 29.90094757080078 -0.5
endloop
endfacet
facet normal 0 0 1
outer loop
vertex 7.563004016876221 37.38151550292969 -0.5
vertex 8.921974182128906 36.24283218383789 -0.5
vertex 8.842070579528809 36.422298431396484 -0.5
endloop
endfacet
facet normal 0 0 1
outer loop
vertex 7.563004016876221 37.38151550292969 -0.5
vertex 9.642305374145508 34.208683013916016 -0.5
vertex 8.921974182128906 36.24283218383789 -0.5
endloop
endfacet
facet normal 0 0 1
outer loop
vertex -35.8204345703125 30.82679557800293 -0.5
vertex -35.881202697753906 30.78424644470215 -0.5
vertex -35.13493347167969 27.32651710510254 -0.5
endloop
endfacet
facet normal 0 0 1
outer loop
vertex -74.56243133544922 -65.46602630615234 -0.5
vertex -72.22627258300781 -65.91349029541016 -0.5
vertex -72.22627258300781 -63.9779052734375 -0.5
endloop
endfacet
facet normal 0 0 1
outer loop
vertex -74.56243133544922 -65.46602630615234 -0.5
vertex -73.21546173095703 -65.82694244384766 -0.5
vertex -72.22627258300781 -65.91349029541016 -0.5
endloop
endfacet
facet normal 0 0 1
outer loop
vertex -35.13493347167969 27.32651710510254 -0.5
vertex -35.69786834716797 30.983299255371094 -0.5
vertex -35.75880813598633 30.888423919677734 -0.5
endloop
endfacet
facet normal 0 0 1
outer loop
vertex 8.61644458770752 25.34062957763672 -0.5
vertex 14.786039352416992 20.053646087646484 -0.5
vertex 14.749691009521484 20.329740524291992 -0.5
endloop
endfacet
facet normal 0 0 1
outer loop
vertex 24.726835250854492 -3.4608447551727295 -0.5
vertex 19.327316284179688 5.387433052062988 -0.5
vertex 18.58884048461914 4.630085468292236 -0.5
endloop
endfacet
facet normal 0 0 1
outer loop
vertex -4.0788254737854 15.451517105102539 -0.5
vertex 15.941956520080566 15.451517105102539 -0.5
vertex 0.06972858309745789 16.793912887573242 -0.5
endloop
endfacet
facet normal 0 0 1
outer loop
vertex 15.250591278076172 22.199119567871094 -0.5
vertex 15.420116424560547 22.4200496673584 -0.5
vertex 13.674873352050781 24.299182891845703 -0.5
endloop
endfacet
facet normal 0 0 1
outer loop
vertex 81.84811401367188 29.118640899658203 -0.5
vertex 77.03450775146484 39.32283020019531 -0.5
vertex 66.84622955322266 57.11184310913086 -0.5
endloop
endfacet
facet normal 0 0 1
outer loop
vertex -35.8204345703125 30.82679557800293 -0.5
vertex -35.13493347167969 27.32651710510254 -0.5
vertex -35.75880813598633 30.888423919677734 -0.5
endloop
endfacet
facet normal 0 0 1
outer loop
vertex -35.13493347167969 27.32651710510254 -0.5
vertex -34.1139030456543 34.084293365478516 -0.5
vertex -35.69786834716797 30.983299255371094 -0.5
endloop
endfacet
facet normal 0 0 1
outer loop
vertex 8.61644458770752 25.34062957763672 -0.5
vertex 14.749691009521484 20.329740524291992 -0.5
vertex 13.148078918457031 24.317943572998047 -0.5
endloop
endfacet
facet normal 0 0 1
outer loop
vertex 8.61644458770752 25.34062957763672 -0.5
vertex 16.69251251220703 16.751514434814453 -0.5
vertex 14.786039352416992 20.053646087646484 -0.5
endloop
endfacet
facet normal 0 0 1
outer loop
vertex 77.03450775146484 39.32283020019531 -0.5
vertex 81.84811401367188 29.118640899658203 -0.5
vertex 84.31558227539062 29.62805938720703 -0.5
endloop
endfacet
facet normal 0 0 1
outer loop
vertex 14.749691009521484 20.329740524291992 -0.5
vertex 13.338048934936523 24.239791870117188 -0.5
vertex 13.253862380981445 24.26235008239746 -0.5
endloop
endfacet
facet normal 0 0 1
outer loop
vertex 4.370703220367432 41.185951232910156 -0.5
vertex 6.133275985717773 39.42338180541992 -0.5
vertex 6.391738414764404 40.19548034667969 -0.5
endloop
endfacet
facet normal 0 0 1
outer loop
vertex 4.370703220367432 41.185951232910156 -0.5
vertex 6.391738414764404 40.19548034667969 -0.5
vertex 6.260287284851074 40.34147262573242 -0.5
endloop
endfacet
facet normal 0 0 1
outer loop
vertex 14.749691009521484 20.329740524291992 -0.5
vertex 13.253862380981445 24.26235008239746 -0.5
vertex 13.148078918457031 24.317943572998047 -0.5
endloop
endfacet
facet normal 0 0 1
outer loop
vertex 18.58884048461914 4.630085468292236 -0.5
vertex 19.58884048461914 -25.305177688598633 -0.5
vertex 19.58884048461914 -4.805178165435791 -0.5
endloop
endfacet
facet normal 0 0 1
outer loop
vertex -32.777767181396484 33.4025764465332 -0.5
vertex -34.1139030456543 34.084293365478516 -0.5
vertex -35.13493347167969 27.32651710510254 -0.5
endloop
endfacet
facet normal 0 0 1
outer loop
vertex -52.82481002807617 29.856670379638672 -0.5
vertex -52.90380096435547 29.893505096435547 -0.5
vertex -56.649635314941406 27.32651710510254 -0.5
endloop
endfacet
facet normal 0 0 1
outer loop
vertex 14.749691009521484 20.329740524291992 -0.5
vertex 13.511696815490723 24.239791870117188 -0.5
vertex 13.424872398376465 24.232194900512695 -0.5
endloop
endfacet
facet normal 0 0 1
outer loop
vertex 19.58884048461914 -25.305177688598633 -0.5
vertex 18.58884048461914 4.630085468292236 -0.5
vertex 18.58884048461914 -25.203641891479492 -0.5
endloop
endfacet
facet normal 0 0 1
outer loop
vertex 84.42586517333984 28.580615997314453 -0.5
vertex 84.31558227539062 29.62805938720703 -0.5
vertex 81.84811401367188 29.118640899658203 -0.5
endloop
endfacet
facet normal 0 0 1
outer loop
vertex 84.42586517333984 28.580615997314453 -0.5
vertex 81.84811401367188 29.118640899658203 -0.5
vertex 81.88446807861328 28.842561721801758 -0.5
endloop
endfacet
facet normal 0 0 1
outer loop
vertex 14.749691009521484 20.329740524291992 -0.5
vertex 13.424872398376465 24.232194900512695 -0.5
vertex 13.338048934936523 24.239791870117188 -0.5
endloop
endfacet
facet normal 0 0 1
outer loop
vertex 14.295295715332031 -63.21042251586914 -0.5
vertex 9.00395393371582 -63.24848175048828 -0.5
vertex 13.103954315185547 -63.948482513427734 -0.5
endloop
endfacet
facet normal 0 0 1
outer loop
vertex 19.58884048461914 -25.305177688598633 -0.5
vertex 18.58884048461914 -25.203641891479492 -0.5
vertex 18.786754608154297 -25.681446075439453 -0.5
endloop
endfacet
facet normal 0 0 1
outer loop
vertex 19.188840866088867 -26.083532333374023 -0.5
vertex 19.58884048461914 -25.305177688598633 -0.5
vertex 18.786754608154297 -25.681446075439453 -0.5
endloop
endfacet
facet normal 0 0 1
outer loop
vertex 14.749691009521484 20.329740524291992 -0.5
vertex 15.250591278076172 22.199119567871094 -0.5
vertex 13.511696815490723 24.239791870117188 -0.5
endloop
endfacet
facet normal 0 0 1
outer loop
vertex -3.9380295276641846 45.20581817626953 -0.5
vertex 2.7639060020446777 43.172786712646484 -0.5
vertex 2.5937750339508057 43.27101135253906 -0.5
endloop
endfacet
facet normal 0 0 1
outer loop
vertex -32.777767181396484 33.4025764465332 -0.5
vertex -35.13493347167969 27.32651710510254 -0.5
vertex -26.2985897064209 42.63151550292969 -0.5
endloop
endfacet
facet normal 0 0 1
outer loop
vertex -22.704360961914062 30.856903076171875 -0.5
vertex -24.742630004882812 27.32651710510254 -0.5
vertex -21.14349365234375 27.32651710510254 -0.5
endloop
endfacet
facet normal 0 0 1
outer loop
vertex 15.250591278076172 22.199119567871094 -0.5
vertex 13.595882415771484 24.26235008239746 -0.5
vertex 13.511696815490723 24.239791870117188 -0.5
endloop
endfacet
facet normal 0 0 1
outer loop
vertex 19.188840866088867 -26.083532333374023 -0.5
vertex 19.58884048461914 -40.71359634399414 -0.5
vertex 19.58884048461914 -25.305177688598633 -0.5
endloop
endfacet
facet normal 0 0 1
outer loop
vertex 14.295295715332031 -63.21042251586914 -0.5
vertex 13.103954315185547 -63.948482513427734 -0.5
vertex 17.504497528076172 -63.948482513427734 -0.5
endloop
endfacet
facet normal 0 0 1
outer loop
vertex 17.504497528076172 -63.948482513427734 -0.5
vertex 14.457508087158203 -63.10203552246094 -0.5
vertex 14.295295715332031 -63.21042251586914 -0.5
endloop
endfacet
facet normal 0 0 1
outer loop
vertex 17.504497528076172 -63.948482513427734 -0.5
vertex 14.56589412689209 -62.939823150634766 -0.5
vertex 14.457508087158203 -63.10203552246094 -0.5
endloop
endfacet
facet normal 0 0 1
outer loop
vertex -23.46094512939453 51.66310119628906 -0.5
vertex -32.777767181396484 33.4025764465332 -0.5
vertex -26.2985897064209 42.63151550292969 -0.5
endloop
endfacet
facet normal 0 0 1
outer loop
vertex 14.56589412689209 -62.939823150634766 -0.5
vertex 17.504497528076172 -63.948482513427734 -0.5
vertex 14.603954315185547 -62.74848175048828 -0.5
endloop
endfacet
facet normal 0 0 1
outer loop
vertex 17.504497528076172 -63.948482513427734 -0.5
vertex 14.603954315185547 -61.74848175048828 -0.5
vertex 14.603954315185547 -62.74848175048828 -0.5
endloop
endfacet
facet normal 0 0 1
outer loop
vertex -23.46094512939453 51.66310119628906 -0.5
vertex -26.2985897064209 42.63151550292969 -0.5
vertex -24.99955177307129 41.88151550292969 -0.5
endloop
endfacet
facet normal 0 0 1
outer loop
vertex -23.46094512939453 51.66310119628906 -0.5
vertex -24.99955177307129 41.88151550292969 -0.5
vertex -20.799551010131836 49.156131744384766 -0.5
endloop
endfacet
facet normal 0 0 1
outer loop
vertex 29.574417114257812 36.07167053222656 -0.5
vertex 64.26353454589844 56.110477447509766 -0.5
vertex 63.75213623046875 58.57748031616211 -0.5
endloop
endfacet
facet normal 0 0 1
outer loop
vertex 14.603954315185547 -61.74848175048828 -0.5
vertex 17.504497528076172 -63.948482513427734 -0.5
vertex 14.56589412689209 -61.5571403503418 -0.5
endloop
endfacet
facet normal 0 0 1
outer loop
vertex 17.504497528076172 -63.948482513427734 -0.5
vertex 14.457508087158203 -61.394927978515625 -0.5
vertex 14.56589412689209 -61.5571403503418 -0.5
endloop
endfacet
facet normal 0 0 1
outer loop
vertex -24.393827438354492 52.242347717285156 -0.5
vertex -24.470829010009766 52.17835998535156 -0.5
vertex -23.46094512939453 51.66310119628906 -0.5
endloop
endfacet
facet normal 0 0 1
outer loop
vertex 18.488840103149414 -59.37348175048828 -0.5
vertex 2.9126124382019043 -61.28654098510742 -0.5
vertex 14.295295715332031 -61.28654098510742 -0.5
endloop
endfacet
facet normal 0 0 1
outer loop
vertex -24.393827438354492 52.242347717285156 -0.5
vertex -23.46094512939453 51.66310119628906 -0.5
vertex -21.18400001525879 53.19218444824219 -0.5
endloop
endfacet
facet normal 0 0 1
outer loop
vertex -21.18400001525879 53.19218444824219 -0.5
vertex -23.46094512939453 51.66310119628906 -0.5
vertex -20.162874221801758 53.07118606567383 -0.5
endloop
endfacet
facet normal 0 0 1
outer loop
vertex 25.307573318481445 31.01535987854004 -0.5
vertex 15.420116424560547 22.4200496673584 -0.5
vertex 29.763134002685547 30.70103645324707 -0.5
endloop
endfacet
facet normal 0 0 1
outer loop
vertex -18.988162994384766 28.711355209350586 -0.5
vertex -22.704360961914062 30.856903076171875 -0.5
vertex -21.14349365234375 27.32651710510254 -0.5
endloop
endfacet
facet normal 0 0 1
outer loop
vertex -18.90390968322754 27.748348236083984 -0.5
vertex -18.988162994384766 28.711355209350586 -0.5
vertex -21.14349365234375 27.32651710510254 -0.5
endloop
endfacet
facet normal 0 0 1
outer loop
vertex -81.8111572265625 -58.66343307495117 -0.5
vertex -82.8111572265625 -40.71359634399414 -0.5
vertex -82.8111572265625 -61.21359634399414 -0.5
endloop
endfacet
facet normal 0 0 1
outer loop
vertex 18.488840103149414 -59.37348175048828 -0.5
vertex 14.295295715332031 -61.28654098510742 -0.5
vertex 14.457508087158203 -61.394927978515625 -0.5
endloop
endfacet
facet normal 0 0 1
outer loop
vertex -80.51116180419922 -59.37348175048828 -0.5
vertex -77.67982482910156 -61.394927978515625 -0.5
vertex -77.51761627197266 -61.28654098510742 -0.5
endloop
endfacet
facet normal 0 0 1
outer loop
vertex -82.8111572265625 -61.21359634399414 -0.5
vertex -77.78821563720703 -61.5571403503418 -0.5
vertex -77.67982482910156 -61.394927978515625 -0.5
endloop
endfacet
facet normal 0 0 1
outer loop
vertex -77.8262710571289 -61.74848175048828 -0.5
vertex -77.78821563720703 -61.5571403503418 -0.5
vertex -82.8111572265625 -61.21359634399414 -0.5
endloop
endfacet
facet normal 0 0 1
outer loop
vertex -81.64567565917969 -63.56787872314453 -0.5
vertex -72.22627258300781 -63.9779052734375 -0.5
vertex -72.22627258300781 -63.24848175048828 -0.5
endloop
endfacet
facet normal 0 0 1
outer loop
vertex -76.3262710571289 -63.948482513427734 -0.5
vertex -72.22627258300781 -63.9779052734375 -0.5
vertex -81.64567565917969 -63.56787872314453 -0.5
endloop
endfacet
facet normal 0 0 1
outer loop
vertex -76.3262710571289 -63.948482513427734 -0.5
vertex -75.8262710571289 -64.8766860961914 -0.5
vertex -72.22627258300781 -63.9779052734375 -0.5
endloop
endfacet
facet normal 0 0 1
outer loop
vertex -75.8262710571289 -64.8766860961914 -0.5
vertex -74.56243133544922 -65.46602630615234 -0.5
vertex -72.22627258300781 -63.9779052734375 -0.5
endloop
endfacet
facet normal 0 0 1
outer loop
vertex -9.712047576904297 43.66912078857422 -0.5
vertex -23.46094512939453 51.66310119628906 -0.5
vertex -20.799551010131836 49.156131744384766 -0.5
endloop
endfacet
facet normal 0 0 1
outer loop
vertex -76.3262710571289 -63.948482513427734 -0.5
vertex -76.3262710571289 -64.52658081054688 -0.5
vertex -75.8262710571289 -64.8766860961914 -0.5
endloop
endfacet
facet normal 0 0 1
outer loop
vertex -23.46094512939453 51.66310119628906 -0.5
vertex -6.947826862335205 45.44147491455078 -0.5
vertex -20.162874221801758 53.07118606567383 -0.5
endloop
endfacet
facet normal 0 0 1
outer loop
vertex -20.799551010131836 49.156131744384766 -0.5
vertex -10.588162422180176 43.260581970214844 -0.5
vertex -9.712047576904297 43.66912078857422 -0.5
endloop
endfacet
facet normal 0 0 1
outer loop
vertex -6.947826862335205 45.44147491455078 -0.5
vertex -23.46094512939453 51.66310119628906 -0.5
vertex -9.712047576904297 43.66912078857422 -0.5
endloop
endfacet
facet normal 0 0 1
outer loop
vertex -6.947826862335205 45.44147491455078 -0.5
vertex -9.712047576904297 43.66912078857422 -0.5
vertex -7.304328441619873 44.31427001953125 -0.5
endloop
endfacet
facet normal 0 0 1
outer loop
vertex 25.37896728515625 31.065349578857422 -0.5
vertex 25.307573318481445 31.01535987854004 -0.5
vertex 29.763134002685547 30.70103645324707 -0.5
endloop
endfacet
facet normal 0 0 1
outer loop
vertex 25.440595626831055 31.126977920532227 -0.5
vertex 25.37896728515625 31.065349578857422 -0.5
vertex 29.763134002685547 30.70103645324707 -0.5
endloop
endfacet
facet normal 0 0 1
outer loop
vertex 25.486181259155273 31.192081451416016 -0.5
vertex 25.440595626831055 31.126977920532227 -0.5
vertex 29.763134002685547 30.70103645324707 -0.5
endloop
endfacet
facet normal 0 0 1
outer loop
vertex 26.286029815673828 32.52971267700195 -0.5
vertex 25.486181259155273 31.192081451416016 -0.5
vertex 29.763134002685547 30.70103645324707 -0.5
endloop
endfacet
facet normal 0 0 1
outer loop
vertex 29.763134002685547 30.70103645324707 -0.5
vertex 30.046802520751953 31.727693557739258 -0.5
vertex 26.34982681274414 32.69917678833008 -0.5
endloop
endfacet
facet normal 0 0 1
outer loop
vertex -6.016080379486084 45.18739318847656 -0.5
vertex -6.820446014404297 45.39167404174805 -0.5
vertex -7.304328441619873 44.31427001953125 -0.5
endloop
endfacet
facet normal 0 0 1
outer loop
vertex -6.868836879730225 45.404640197753906 -0.5
vertex -6.947826862335205 45.44147491455078 -0.5
vertex -7.304328441619873 44.31427001953125 -0.5
endloop
endfacet
facet normal 0 0 1
outer loop
vertex -81.64567565917969 -63.56787872314453 -0.5
vertex -72.22627258300781 -63.24848175048828 -0.5
vertex -77.51761627197266 -63.21042251586914 -0.5
endloop
endfacet
facet normal 0 0 1
outer loop
vertex 26.327268600463867 32.614994049072266 -0.5
vertex 26.286029815673828 32.52971267700195 -0.5
vertex 29.763134002685547 30.70103645324707 -0.5
endloop
endfacet
facet normal 0 0 1
outer loop
vertex 26.34982681274414 32.69917678833008 -0.5
vertex 26.327268600463867 32.614994049072266 -0.5
vertex 29.763134002685547 30.70103645324707 -0.5
endloop
endfacet
facet normal 0 0 1
outer loop
vertex 28.929109573364258 33.735076904296875 -0.5
vertex 26.3560848236084 32.77071762084961 -0.5
vertex 26.34982681274414 32.69917678833008 -0.5
endloop
endfacet
facet normal 0 0 1
outer loop
vertex 28.89630889892578 34.008724212646484 -0.5
vertex 26.408546447753906 34.44630432128906 -0.5
vertex 26.3560848236084 32.77071762084961 -0.5
endloop
endfacet
facet normal 0 0 1
outer loop
vertex 30.046802520751953 31.727693557739258 -0.5
vertex 28.929109573364258 33.735076904296875 -0.5
vertex 26.34982681274414 32.69917678833008 -0.5
endloop
endfacet
facet normal 0 0 1
outer loop
vertex 28.929109573364258 33.735076904296875 -0.5
vertex 28.89630889892578 34.008724212646484 -0.5
vertex 26.3560848236084 32.77071762084961 -0.5
endloop
endfacet
facet normal 0 0 1
outer loop
vertex 28.89630889892578 34.008724212646484 -0.5
vertex 27.34391975402832 37.291900634765625 -0.5
vertex 26.408546447753906 34.44630432128906 -0.5
endloop
endfacet
facet normal 0 0 1
outer loop
vertex 28.89630889892578 34.008724212646484 -0.5
vertex 29.40583038330078 35.853641510009766 -0.5
vertex 27.34391975402832 37.291900634765625 -0.5
endloop
endfacet
facet normal 0 0 1
outer loop
vertex -77.8262710571289 -62.74848175048828 -0.5
vertex -77.8262710571289 -61.74848175048828 -0.5
vertex -81.64567565917969 -63.56787872314453 -0.5
endloop
endfacet
facet normal 0 0 1
outer loop
vertex -77.78821563720703 -62.939823150634766 -0.5
vertex -77.8262710571289 -62.74848175048828 -0.5
vertex -81.64567565917969 -63.56787872314453 -0.5
endloop
endfacet
facet normal 0 0 1
outer loop
vertex -77.67982482910156 -63.10203552246094 -0.5
vertex -77.78821563720703 -62.939823150634766 -0.5
vertex -81.64567565917969 -63.56787872314453 -0.5
endloop
endfacet
facet normal 0 0 1
outer loop
vertex -77.67982482910156 -63.10203552246094 -0.5
vertex -81.64567565917969 -63.56787872314453 -0.5
vertex -77.51761627197266 -63.21042251586914 -0.5
endloop
endfacet
facet normal 0 0 1
outer loop
vertex -6.820446014404297 45.39167404174805 -0.5
vertex -6.868836879730225 45.404640197753906 -0.5
vertex -7.304328441619873 44.31427001953125 -0.5
endloop
endfacet
facet normal 0 0 1
outer loop
vertex -5.98028564453125 45.177799224853516 -0.5
vertex -6.016080379486084 45.18739318847656 -0.5
vertex -7.304328441619873 44.31427001953125 -0.5
endloop
endfacet
facet normal 0 0 1
outer loop
vertex 29.40583038330078 35.853641510009766 -0.5
vertex 29.574417114257812 36.07167053222656 -0.5
vertex 27.928373336791992 38.00935363769531 -0.5
endloop
endfacet
facet normal 0 0 1
outer loop
vertex 29.40583038330078 35.853641510009766 -0.5
vertex 27.928373336791992 38.00935363769531 -0.5
vertex 27.34391975402832 37.291900634765625 -0.5
endloop
endfacet
facet normal 0 0 1
outer loop
vertex -5.98028564453125 45.177799224853516 -0.5
vertex -7.304328441619873 44.31427001953125 -0.5
vertex -5.880373477935791 45.17037582397461 -0.5
endloop
endfacet
facet normal 0 0 1
outer loop
vertex -7.304328441619873 44.31427001953125 -0.5
vertex -4.134210586547852 45.216102600097656 -0.5
vertex -5.880373477935791 45.17037582397461 -0.5
endloop
endfacet
facet normal 0 0 1
outer loop
vertex -7.304328441619873 44.31427001953125 -0.5
vertex -4.821159362792969 44.531517028808594 -0.5
vertex -4.134210586547852 45.216102600097656 -0.5
endloop
endfacet
facet normal 0 0 1
outer loop
vertex -4.821159362792969 44.531517028808594 -0.5
vertex -2.3379905223846436 44.31427001953125 -0.5
vertex -4.134210586547852 45.216102600097656 -0.5
endloop
endfacet
facet normal 0 0 1
outer loop
vertex -3.9380295276641846 45.20581817626953 -0.5
vertex -4.134210586547852 45.216102600097656 -0.5
vertex 0.06972858309745789 43.66912078857422 -0.5
endloop
endfacet
facet normal 0 0 1
outer loop
vertex 29.574417114257812 36.07167053222656 -0.5
vertex 63.75213623046875 58.57748031616211 -0.5
vertex 27.928373336791992 38.00935363769531 -0.5
endloop
endfacet
facet normal 0 0 1
outer loop
vertex -2.3379905223846436 44.31427001953125 -0.5
vertex 0.06972858309745789 43.66912078857422 -0.5
vertex -4.134210586547852 45.216102600097656 -0.5
endloop
endfacet
facet normal 0 0 1
outer loop
vertex -1.606405258178711 44.88330841064453 -0.5
vertex -1.7985628843307495 44.92415237426758 -0.5
vertex -3.9380295276641846 45.20581817626953 -0.5
endloop
endfacet
facet normal 0 0 1
outer loop
vertex -3.9380295276641846 45.20581817626953 -0.5
vertex 0.4626585841178894 44.270423889160156 -0.5
vertex -1.606405258178711 44.88330841064453 -0.5
endloop
endfacet
facet normal 0 0 1
outer loop
vertex -80.51116180419922 -59.37348175048828 -0.5
vertex -80.51116180419922 -59.073482513427734 -0.5
vertex -82.8111572265625 -61.21359634399414 -0.5
endloop
endfacet
facet normal 0 0 1
outer loop
vertex -80.51116180419922 -59.073482513427734 -0.5
vertex -81.40110778808594 -59.073482513427734 -0.5
vertex -82.8111572265625 -61.21359634399414 -0.5
endloop
endfacet
facet normal 0 0 1
outer loop
vertex -81.40110778808594 -59.073482513427734 -0.5
vertex -81.8111572265625 -58.66343307495117 -0.5
vertex -82.8111572265625 -61.21359634399414 -0.5
endloop
endfacet
facet normal 0 0 1
outer loop
vertex -80.51116180419922 -59.37348175048828 -0.5
vertex -82.8111572265625 -61.21359634399414 -0.5
vertex -77.67982482910156 -61.394927978515625 -0.5
endloop
endfacet
facet normal 0 0 1
outer loop
vertex 30.507978439331055 -5.291339874267578 -0.5
vertex 81.21417236328125 26.752338409423828 -0.5
vertex 29.995304107666016 -2.8246703147888184 -0.5
endloop
endfacet
facet normal 0 0 1
outer loop
vertex -83.93055725097656 -61.282997131347656 -0.5
vertex -77.8262710571289 -61.74848175048828 -0.5
vertex -82.8111572265625 -61.21359634399414 -0.5
endloop
endfacet
facet normal 0 0 1
outer loop
vertex 15.250591278076172 22.199119567871094 -0.5
vertex 13.674873352050781 24.299182891845703 -0.5
vertex 13.595882415771484 24.26235008239746 -0.5
endloop
endfacet
facet normal 0 0 1
outer loop
vertex 81.21417236328125 26.752338409423828 -0.5
vertex 30.507978439331055 -5.291339874267578 -0.5
vertex 82.86524200439453 24.817916870117188 -0.5
endloop
endfacet
facet normal 0 0 1
outer loop
vertex -82.8111572265625 -61.21359634399414 -0.5
vertex -83.95930480957031 -61.21359634399414 -0.5
vertex -83.93055725097656 -61.282997131347656 -0.5
endloop
endfacet
facet normal 0 0 1
outer loop
vertex 18.488840103149414 -59.37348175048828 -0.5
vertex 17.504497528076172 -63.948482513427734 -0.5
vertex 18.42335319519043 -63.56787872314453 -0.5
endloop
endfacet
facet normal 0 0 1
outer loop
vertex 18.42335319519043 -63.56787872314453 -0.5
vertex 20.70823860168457 -61.282997131347656 -0.5
vertex 20.736984252929688 -61.21359634399414 -0.5
endloop
endfacet
facet normal 0 0 1
outer loop
vertex -76.3262710571289 -63.948482513427734 -0.5
vertex -81.64567565917969 -63.56787872314453 -0.5
vertex -80.72681427001953 -63.948482513427734 -0.5
endloop
endfacet
facet normal 0 0 1
outer loop
vertex -77.8262710571289 -61.74848175048828 -0.5
vertex -83.93055725097656 -61.282997131347656 -0.5
vertex -81.64567565917969 -63.56787872314453 -0.5
endloop
endfacet
facet normal 0 0 1
outer loop
vertex 81.38367462158203 26.9732666015625 -0.5
vertex 81.21417236328125 26.752338409423828 -0.5
vertex 83.4521713256836 25.544296264648438 -0.5
endloop
endfacet
facet normal 0 0 1
outer loop
vertex 81.38367462158203 26.9732666015625 -0.5
vertex 83.4521713256836 25.544296264648438 -0.5
vertex 81.88446807861328 28.842561721801758 -0.5
endloop
endfacet
facet normal 0 0 1
outer loop
vertex -3.9380295276641846 45.20581817626953 -0.5
vertex 0.06972858309745789 43.66912078857422 -0.5
vertex 2.7639060020446777 43.172786712646484 -0.5
endloop
endfacet
facet normal 0 0 1
outer loop
vertex -3.9380295276641846 45.20581817626953 -0.5
vertex 2.5937750339508057 43.27101135253906 -0.5
vertex 0.6460609436035156 44.20002365112305 -0.5
endloop
endfacet
facet normal 0 0 1
outer loop
vertex -3.9380295276641846 45.20581817626953 -0.5
vertex 0.6460609436035156 44.20002365112305 -0.5
vertex 0.4626585841178894 44.270423889160156 -0.5
endloop
endfacet
facet normal 0 0 1
outer loop
vertex 81.21417236328125 26.752338409423828 -0.5
vertex 82.86524200439453 24.817916870117188 -0.5
vertex 83.4521713256836 25.544296264648438 -0.5
endloop
endfacet
facet normal 0 0 1
outer loop
vertex 17.504497528076172 -63.948482513427734 -0.5
vertex 18.488840103149414 -59.37348175048828 -0.5
vertex 14.457508087158203 -61.394927978515625 -0.5
endloop
endfacet
facet normal 0 0 1
outer loop
vertex 18.778789520263672 -59.073482513427734 -0.5
vertex 18.488840103149414 -59.073482513427734 -0.5
vertex 18.488840103149414 -59.37348175048828 -0.5
endloop
endfacet
facet normal 0 0 1
outer loop
vertex 83.4521713256836 25.544296264648438 -0.5
vertex 84.42586517333984 28.580615997314453 -0.5
vertex 81.88446807861328 28.842561721801758 -0.5
endloop
endfacet
facet normal 0 0 1
outer loop
vertex 19.188840866088867 -58.66343307495117 -0.5
vertex 19.58884048461914 -40.71359634399414 -0.5
vertex 19.188840866088867 -26.083532333374023 -0.5
endloop
endfacet
facet normal 0 0 1
outer loop
vertex 19.58884048461914 -61.21359634399414 -0.5
vertex 18.488840103149414 -59.37348175048828 -0.5
vertex 18.42335319519043 -63.56787872314453 -0.5
endloop
endfacet
facet normal 0 0 1
outer loop
vertex 19.58884048461914 -61.21359634399414 -0.5
vertex 18.42335319519043 -63.56787872314453 -0.5
vertex 20.736984252929688 -61.21359634399414 -0.5
endloop
endfacet
facet normal 0 0 1
outer loop
vertex 19.188840866088867 -58.66343307495117 -0.5
vertex 19.58884048461914 -61.21359634399414 -0.5
vertex 19.58884048461914 -40.71359634399414 -0.5
endloop
endfacet
facet normal 0 0 1
outer loop
vertex 18.778789520263672 -59.073482513427734 -0.5
vertex 18.488840103149414 -59.37348175048828 -0.5
vertex 19.58884048461914 -61.21359634399414 -0.5
endloop
endfacet
facet normal 0 0 1
outer loop
vertex -19.511159896850586 -59.37348175048828 -0.5
vertex -80.51116180419922 -59.37348175048828 -0.5
vertex -77.51761627197266 -61.28654098510742 -0.5
endloop
endfacet
facet normal 0 0 1
outer loop
vertex 19.58884048461914 -40.71359634399414 -1
vertex 19.58884048461914 -61.21359634399414 -1
vertex 21.58884048461914 -60.46359634399414 -1
endloop
endfacet
facet normal 0 1 0
outer loop
vertex 19.58884048461914 -61.21359634399414 -1
vertex 19.58884048461914 -61.21359634399414 -0.5
vertex 20.736984252929688 -61.21359634399414 -0.5
endloop
endfacet
facet normal 0 1 0
outer loop
vertex 21.278181076049805 -61.21359634399414 -1
vertex 19.58884048461914 -61.21359634399414 -1
vertex 20.736984252929688 -61.21359634399414 -0.5
endloop
endfacet
facet normal 0 0 1
outer loop
vertex 21.58884048461914 -60.46359634399414 -1
vertex 21.58884048461914 -40.71359634399414 -1
vertex 19.58884048461914 -40.71359634399414 -1
endloop
endfacet
facet normal 1 0 0
outer loop
vertex 19.58884048461914 -61.21359634399414 -0.5
vertex 19.58884048461914 -40.71359634399414 -1
vertex 19.58884048461914 -40.71359634399414 -0.5
endloop
endfacet
facet normal 0 0 1
outer loop
vertex 19.58884048461914 -61.21359634399414 -1
vertex 21.278181076049805 -61.21359634399414 -1
vertex 21.58884048461914 -60.46359634399414 -1
endloop
endfacet
facet normal 1 0 0
outer loop
vertex 19.58884048461914 -61.21359634399414 -0.5
vertex 19.58884048461914 -61.21359634399414 -1
vertex 19.58884048461914 -40.71359634399414 -1
endloop
endfacet
facet normal 0 0 1
outer loop
vertex 68.32916259765625 57.961158752441406 -1
vertex 78.77002716064453 40.31680679321289 -1
vertex 68.9544906616211 57.45500183105469 -1
endloop
endfacet
facet normal 0 0 1
outer loop
vertex 68.32916259765625 57.961158752441406 -1
vertex 66.84622955322266 57.11184310913086 -1
vertex 78.77002716064453 40.31680679321289 -1
endloop
endfacet
facet normal 0.5167319697055938 -0.851861269596273 0.08555962158637188
outer loop
vertex 66.84622955322266 57.11184310913086 -0.5
vertex 68.32916259765625 57.961158752441406 -1
vertex 67.83941650390625 57.71430206298828 -0.5
endloop
endfacet
facet normal 0.49698800893284667 -0.8677574079067056 0
outer loop
vertex 66.84622955322266 57.11184310913086 -1
vertex 68.32916259765625 57.961158752441406 -1
vertex 66.84622955322266 57.11184310913086 -0.5
endloop
endfacet
facet normal 0.8677567345757254 0.49698918458903507 0
outer loop
vertex 66.84622955322266 57.11184310913086 -0.5
vertex 77.03450775146484 39.32283020019531 -0.5
vertex 66.84622955322266 57.11184310913086 -1
endloop
endfacet
facet normal 0 0 1
outer loop
vertex 66.84622955322266 57.11184310913086 -1
vertex 77.03450775146484 39.32283020019531 -1
vertex 78.77002716064453 40.31680679321289 -1
endloop
endfacet
facet normal 0.8677567345757254 0.49698918458903507 0
outer loop
vertex 77.03450775146484 39.32283020019531 -0.5
vertex 77.03450775146484 39.32283020019531 -1
vertex 66.84622955322266 57.11184310913086 -1
endloop
endfacet
facet normal -0.4969872349933396 0.8677578511451262 -0.000005446828443753213
outer loop
vertex 78.77002716064453 40.31680679321289 -1
vertex 77.03450775146484 39.32283020019531 -1
vertex 78.33614349365234 40.06831359863281 -0.5
endloop
endfacet
facet normal -0.4969888105088887 0.8677569488220535 0
outer loop
vertex 77.03450775146484 39.32283020019531 -1
vertex 77.03450775146484 39.32283020019531 -0.5
vertex 78.33614349365234 40.06831359863281 -0.5
endloop
endfacet
facet normal -1 0 0
outer loop
vertex -82.8111572265625 13.565919876098633 -0.5
vertex -82.8111572265625 34.065921783447266 -0.5
vertex -82.8111572265625 13.565919876098633 -1
endloop
endfacet
facet normal 0 0 1
outer loop
vertex -84.8111572265625 33.315921783447266 -1
vertex -82.8111572265625 34.065921783447266 -1
vertex -84.50049591064453 34.065921783447266 -1
endloop
endfacet
facet normal 0 1 0
outer loop
vertex -84.3111572265625 13.565919876098633 -0.5
vertex -82.8111572265625 13.565919876098633 -0.5
vertex -84.8111572265625 13.565919876098633 -1
endloop
endfacet
facet normal 0 1 0
outer loop
vertex -82.8111572265625 13.565919876098633 -1
vertex -84.8111572265625 13.565919876098633 -1
vertex -82.8111572265625 13.565919876098633 -0.5
endloop
endfacet
facet normal 0 0 1
outer loop
vertex -84.8111572265625 13.565919876098633 -1
vertex -82.8111572265625 13.565919876098633 -1
vertex -84.8111572265625 33.315921783447266 -1
endloop
endfacet
facet normal 0 -1 0
outer loop
vertex -82.8111572265625 34.065921783447266 -1
vertex -82.8111572265625 34.065921783447266 -0.5
vertex -83.95930480957031 34.065921783447266 -0.5
endloop
endfacet
facet normal 0 -1 0
outer loop
vertex -84.50049591064453 34.065921783447266 -1
vertex -82.8111572265625 34.065921783447266 -1
vertex -83.95930480957031 34.065921783447266 -0.5
endloop
endfacet
facet normal 0 0 1
outer loop
vertex -82.8111572265625 34.065921783447266 -1
vertex -84.8111572265625 33.315921783447266 -1
vertex -82.8111572265625 13.565919876098633 -1
endloop
endfacet
facet normal -1 0 0
outer loop
vertex -82.8111572265625 34.065921783447266 -0.5
vertex -82.8111572265625 34.065921783447266 -1
vertex -82.8111572265625 13.565919876098633 -1
endloop
endfacet
facet normal 0 -1 0
outer loop
vertex -82.8111572265625 -40.71359634399414 -0.5
vertex -84.3111572265625 -40.71359634399414 -0.5
vertex -82.8111572265625 -40.71359634399414 -1
endloop
endfacet
facet normal -1 0 0
outer loop
vertex -82.8111572265625 -61.21359634399414 -1
vertex -82.8111572265625 -61.21359634399414 -0.5
vertex -82.8111572265625 -40.71359634399414 -0.5
endloop
endfacet
facet normal 0 0 1
outer loop
vertex -84.8111572265625 -40.71359634399414 -1
vertex -82.8111572265625 -61.21359634399414 -1
vertex -82.8111572265625 -40.71359634399414 -1
endloop
endfacet
facet normal 0 1 0
outer loop
vertex -82.8111572265625 -61.21359634399414 -1
vertex -84.50049591064453 -61.21359634399414 -1
vertex -82.8111572265625 -61.21359634399414 -0.5
endloop
endfacet
facet normal -1 0 0
outer loop
vertex -82.8111572265625 -61.21359634399414 -1
vertex -82.8111572265625 -40.71359634399414 -0.5
vertex -82.8111572265625 -40.71359634399414 -1
endloop
endfacet
facet normal 0 -1 0
outer loop
vertex -84.8111572265625 -40.71359634399414 -1
vertex -82.8111572265625 -40.71359634399414 -1
vertex -84.3111572265625 -40.71359634399414 -0.5
endloop
endfacet
facet normal 0 0 1
outer loop
vertex -84.8111572265625 -60.46359634399414 -1
vertex -84.50049591064453 -61.21359634399414 -1
vertex -82.8111572265625 -61.21359634399414 -1
endloop
endfacet
facet normal 0 0 1
outer loop
vertex -82.8111572265625 -61.21359634399414 -1
vertex -84.8111572265625 -40.71359634399414 -1
vertex -84.8111572265625 -60.46359634399414 -1
endloop
endfacet
facet normal 0 1 0
outer loop
vertex -82.8111572265625 -61.21359634399414 -0.5
vertex -84.50049591064453 -61.21359634399414 -1
vertex -83.95930480957031 -61.21359634399414 -0.5
endloop
endfacet
facet normal 0 -1 0
outer loop
vertex 22.58884048461914 -4.805178165435791 -1
vertex 22.58884048461914 -4.805178165435791 -0.7670908570289612
vertex 21.982410430908203 -4.805178165435791 -0.5
endloop
endfacet
facet normal 0 -1 0
outer loop
vertex 19.58884048461914 -4.805178165435791 -0.5
vertex 22.58884048461914 -4.805178165435791 -1
vertex 21.982410430908203 -4.805178165435791 -0.5
endloop
endfacet
facet normal 0 0 1
outer loop
vertex 19.58884048461914 -25.305177688598633 -1
vertex 21.58884048461914 -25.305177688598633 -1
vertex 19.58884048461914 -4.805178165435791 -1
endloop
endfacet
facet normal 1 0 0
outer loop
vertex 19.58884048461914 -25.305177688598633 -1
vertex 19.58884048461914 -4.805178165435791 -1
vertex 19.58884048461914 -25.305177688598633 -0.5
endloop
endfacet
facet normal -1 0 0
outer loop
vertex 22.58884048461914 -4.805178165435791 -1
vertex 22.58884048461914 -5.064603805541992 -1
vertex 22.58884048461914 -4.805178165435791 -0.7670908570289612
endloop
endfacet
facet normal 0 0 1
outer loop
vertex 19.58884048461914 -4.805178165435791 -1
vertex 21.58884048461914 -25.305177688598633 -1
vertex 21.58884048461914 -5.555178165435791 -1
endloop
endfacet
facet normal 0 0 1
outer loop
vertex 22.58884048461914 -4.805178165435791 -1
vertex 19.58884048461914 -4.805178165435791 -1
vertex 22.58884048461914 -5.064603805541992 -1
endloop
endfacet
facet normal 0 -1 0
outer loop
vertex 19.58884048461914 -4.805178165435791 -1
vertex 22.58884048461914 -4.805178165435791 -1
vertex 19.58884048461914 -4.805178165435791 -0.5
endloop
endfacet
facet normal 0 0 1
outer loop
vertex 22.58884048461914 -5.064603805541992 -1
vertex 19.58884048461914 -4.805178165435791 -1
vertex 21.58884048461914 -5.555178165435791 -1
endloop
endfacet
facet normal 1 0 0
outer loop
vertex 19.58884048461914 -25.305177688598633 -0.5
vertex 19.58884048461914 -4.805178165435791 -1
vertex 19.58884048461914 -4.805178165435791 -0.5
endloop
endfacet
facet normal 1 0 0
outer loop
vertex 19.58884048461914 -40.71359634399414 -0.5
vertex 19.58884048461914 -25.305177688598633 -1
vertex 19.58884048461914 -25.305177688598633 -0.5
endloop
endfacet
facet normal 0 0 1
outer loop
vertex 19.58884048461914 -25.305177688598633 -1
vertex 21.58884048461914 -40.71359634399414 -1
vertex 21.58884048461914 -25.305177688598633 -1
endloop
endfacet
facet normal 0 0 1
outer loop
vertex 19.58884048461914 -40.71359634399414 -1
vertex 21.58884048461914 -40.71359634399414 -1
vertex 19.58884048461914 -25.305177688598633 -1
endloop
endfacet
facet normal 1 0 0
outer loop
vertex 19.58884048461914 -40.71359634399414 -1
vertex 19.58884048461914 -25.305177688598633 -1
vertex 19.58884048461914 -40.71359634399414 -0.5
endloop
endfacet
facet normal 0 0 1
outer loop
vertex -84.8111572265625 9.13941478729248 -1
vertex -82.8111572265625 -11.36058521270752 -1
vertex -82.8111572265625 9.13941478729248 -1
endloop
endfacet
facet normal -1 0 0
outer loop
vertex -82.8111572265625 -11.36058521270752 -1
vertex -82.8111572265625 9.13941478729248 -0.5
vertex -82.8111572265625 9.13941478729248 -1
endloop
endfacet
facet normal 0 -1 0
outer loop
vertex -84.3111572265625 9.13941478729248 -0.5
vertex -84.8111572265625 9.13941478729248 -1
vertex -82.8111572265625 9.13941478729248 -1
endloop
endfacet
facet normal 0 -1 0
outer loop
vertex -82.8111572265625 9.13941478729248 -0.5
vertex -84.3111572265625 9.13941478729248 -0.5
vertex -82.8111572265625 9.13941478729248 -1
endloop
endfacet
facet normal -1 0 0
outer loop
vertex -82.8111572265625 -11.36058521270752 -1
vertex -82.8111572265625 -11.36058521270752 -0.5
vertex -82.8111572265625 9.13941478729248 -0.5
endloop
endfacet
facet normal 0 0 1
outer loop
vertex -84.8111572265625 9.13941478729248 -1
vertex -84.8111572265625 -11.36058521270752 -1
vertex -82.8111572265625 -11.36058521270752 -1
endloop
endfacet
facet normal 0 1 0
outer loop
vertex -84.8111572265625 -11.36058521270752 -1
vertex -82.8111572265625 -11.36058521270752 -0.5
vertex -82.8111572265625 -11.36058521270752 -1
endloop
endfacet
facet normal 0 1 0
outer loop
vertex -82.8111572265625 -11.36058521270752 -0.5
vertex -84.8111572265625 -11.36058521270752 -1
vertex -84.3111572265625 -11.36058521270752 -0.5
endloop
endfacet
facet normal 0 -1 0
outer loop
vertex -82.8111572265625 -15.787091255187988 -0.5
vertex -84.3111572265625 -15.787091255187988 -0.5
vertex -82.8111572265625 -15.787091255187988 -1
endloop
endfacet
facet normal -1 0 0
outer loop
vertex -82.8111572265625 -36.28709030151367 -1
vertex -82.8111572265625 -36.28709030151367 -0.5
vertex -82.8111572265625 -15.787091255187988 -0.5
endloop
endfacet
facet normal 0 0 1
outer loop
vertex -84.8111572265625 -15.787091255187988 -1
vertex -82.8111572265625 -36.28709030151367 -1
vertex -82.8111572265625 -15.787091255187988 -1
endloop
endfacet
facet normal -1 0 0
outer loop
vertex -82.8111572265625 -15.787091255187988 -0.5
vertex -82.8111572265625 -15.787091255187988 -1
vertex -82.8111572265625 -36.28709030151367 -1
endloop
endfacet
facet normal 0 -1 0
outer loop
vertex -84.8111572265625 -15.787091255187988 -1
vertex -82.8111572265625 -15.787091255187988 -1
vertex -84.3111572265625 -15.787091255187988 -0.5
endloop
endfacet
facet normal 0 0 1
outer loop
vertex -84.8111572265625 -15.787091255187988 -1
vertex -84.8111572265625 -36.28709030151367 -1
vertex -82.8111572265625 -36.28709030151367 -1
endloop
endfacet
facet normal 0 1 0
outer loop
vertex -84.8111572265625 -36.28709030151367 -1
vertex -82.8111572265625 -36.28709030151367 -0.5
vertex -82.8111572265625 -36.28709030151367 -1
endloop
endfacet
facet normal 0 1 0
outer loop
vertex -82.8111572265625 -36.28709030151367 -0.5
vertex -84.8111572265625 -36.28709030151367 -1
vertex -84.3111572265625 -36.28709030151367 -0.5
endloop
endfacet
facet normal -0.4544789747210108 -0.8907574650464445 -7.55722148472742e-7
outer loop
vertex -23.46094512939453 51.66310119628906 -1
vertex -24.470829010009766 52.17835998535156 -0.5
vertex -24.95554542541504 52.4256706237793 -1
endloop
endfacet
facet normal 0 0 1
outer loop
vertex -25.58332061767578 51.90399169921875 -1
vertex -23.46094512939453 51.66310119628906 -1
vertex -24.95554542541504 52.4256706237793 -1
endloop
endfacet
facet normal -0.4544786778419434 -0.8907576165192408 0
outer loop
vertex -23.46094512939453 51.66310119628906 -0.5
vertex -24.470829010009766 52.17835998535156 -0.5
vertex -23.46094512939453 51.66310119628906 -1
endloop
endfacet
facet normal -0.8907573713310379 0.45447915839939174 0
outer loop
vertex -23.46094512939453 51.66310119628906 -1
vertex -32.777767181396484 33.4025764465332 -1
vertex -23.46094512939453 51.66310119628906 -0.5
endloop
endfacet
facet normal 0.4544787425652204 0.8907575834963943 0
outer loop
vertex -32.777767181396484 33.4025764465332 -1
vertex -34.55928421020508 34.3115348815918 -1
vertex -32.777767181396484 33.4025764465332 -0.5
endloop
endfacet
facet normal 0.4544782484094897 0.8907578356196021 0.000002219032731171226
outer loop
vertex -34.1139030456543 34.084293365478516 -0.5
vertex -32.777767181396484 33.4025764465332 -0.5
vertex -34.55928421020508 34.3115348815918 -1
endloop
endfacet
facet normal -0.8907573713310379 0.45447915839939174 0
outer loop
vertex -32.777767181396484 33.4025764465332 -0.5
vertex -23.46094512939453 51.66310119628906 -0.5
vertex -32.777767181396484 33.4025764465332 -1
endloop
endfacet
facet normal 0 0 1
outer loop
vertex -34.55928421020508 34.3115348815918 -1
vertex -32.777767181396484 33.4025764465332 -1
vertex -25.58332061767578 51.90399169921875 -1
endloop
endfacet
facet normal 0 0 1
outer loop
vertex -23.46094512939453 51.66310119628906 -1
vertex -25.58332061767578 51.90399169921875 -1
vertex -32.777767181396484 33.4025764465332 -1
endloop
endfacet
endsolid auto-kdk-case
