solid auto-kdk-case
facet normal 0 1 0
outer loop
vertex 76.65599060058594 -3.793297290802002 0
vertex 72.10599517822266 -3.793297290802002 0
vertex 72.10599517822266 -3.793297290802002 3.549999952316284
endloop
endfacet
facet normal 0 -1 0
outer loop
vertex 10.10599136352539 -34.81829833984375 0
vertex 10.10599136352539 -34.81829833984375 3.549999952316284
vertex 5.5559916496276855 -34.81829833984375 0
endloop
endfacet
facet normal 0 1 0
outer loop
vertex 38.65599060058594 -29.918296813964844 5
vertex 29.10599136352539 -29.918296813964844 3.549999952316284
vertex 24.555992126464844 -29.918296813964844 5
endloop
endfacet
facet normal 1 0 0
outer loop
vertex -13.444007873535156 -3.793297290802002 5
vertex -13.444007873535156 -3.793297290802002 0
vertex -13.444007873535156 10.306702613830566 0
endloop
endfacet
facet normal 0 -1 0
outer loop
vertex 57.65599060058594 3.1817028522491455 0
vertex 53.10599136352539 3.1817028522491455 3.549999952316284
vertex 53.10599136352539 3.1817028522491455 0
endloop
endfacet
facet normal 0 -1 0
outer loop
vertex 72.10599517822266 29.306703567504883 3.549999952316284
vertex 76.65599060058594 29.306703567504883 0
vertex 76.65599060058594 29.306703567504883 5
endloop
endfacet
facet normal 0 1 0
outer loop
vertex 67.10599517822266 -22.793296813964844 0
vertex 62.555992126464844 -22.793296813964844 0
vertex 67.10599517822266 -22.793296813964844 3.549999952316284
endloop
endfacet
facet normal 0 1 0
outer loop
vertex 76.65599060058594 15.206703186035156 5
vertex 72.10599517822266 15.206703186035156 3.549999952316284
vertex 67.10599517822266 15.206703186035156 3.549999952316284
endloop
endfacet
facet normal 0 -1 0
outer loop
vertex 62.555992126464844 10.306702613830566 5
vertex 72.10599517822266 10.306702613830566 3.549999952316284
vertex 76.65599060058594 10.306702613830566 5
endloop
endfacet
facet normal 0 -1 0
outer loop
vertex 62.555992126464844 10.306702613830566 5
vertex 67.10599517822266 10.306702613830566 3.549999952316284
vertex 72.10599517822266 10.306702613830566 3.549999952316284
endloop
endfacet
facet normal 0 -1 0
outer loop
vertex 43.555992126464844 22.181703567504883 5
vertex 53.10599136352539 22.181703567504883 3.549999952316284
vertex 57.65599060058594 22.181703567504883 5
endloop
endfacet
facet normal 0 -1 0
outer loop
vertex 43.555992126464844 22.181703567504883 5
vertex 48.10599136352539 22.181703567504883 3.549999952316284
vertex 53.10599136352539 22.181703567504883 3.549999952316284
endloop
endfacet
facet normal 0 1 0
outer loop
vertex 57.65599060058594 8.081703186035156 5
vertex 48.10599136352539 8.081703186035156 3.549999952316284
vertex 43.555992126464844 8.081703186035156 5
endloop
endfacet
facet normal 0 -1 0
outer loop
vertex 43.555992126464844 3.1817028522491455 5
vertex 53.10599136352539 3.1817028522491455 3.549999952316284
vertex 57.65599060058594 3.1817028522491455 5
endloop
endfacet
facet normal 0 1 0
outer loop
vertex 57.65599060058594 8.081703186035156 5
vertex 53.10599136352539 8.081703186035156 3.549999952316284
vertex 48.10599136352539 8.081703186035156 3.549999952316284
endloop
endfacet
facet normal 0 -1 0
outer loop
vertex 43.555992126464844 3.1817028522491455 5
vertex 48.10599136352539 3.1817028522491455 3.549999952316284
vertex 53.10599136352539 3.1817028522491455 3.549999952316284
endloop
endfacet
facet normal -1 0 0
outer loop
vertex 76.65599060058594 29.306703567504883 5
vertex 76.65599060058594 15.206703186035156 0
vertex 76.65599060058594 15.206703186035156 5
endloop
endfacet
facet normal 0 1 0
outer loop
vertex 76.65599060058594 15.206703186035156 0
vertex 72.10599517822266 15.206703186035156 3.549999952316284
vertex 76.65599060058594 15.206703186035156 5
endloop
endfacet
facet normal 0 1 0
outer loop
vertex 67.10599517822266 15.206703186035156 3.549999952316284
vertex 62.555992126464844 15.206703186035156 0
vertex 62.555992126464844 15.206703186035156 5
endloop
endfacet
facet normal 0 -1 0
outer loop
vertex 19.65599250793457 -34.81829833984375 0
vertex 15.10599136352539 -34.81829833984375 3.549999952316284
vertex 15.10599136352539 -34.81829833984375 0
endloop
endfacet
facet normal -1 0 0
outer loop
vertex 76.65599060058594 10.306702613830566 5
vertex 76.65599060058594 -3.793297290802002 0
vertex 76.65599060058594 -3.793297290802002 5
endloop
endfacet
facet normal -1 0 0
outer loop
vertex 19.65599250793457 -34.81829833984375 0
vertex 19.65599250793457 -48.918296813964844 0
vertex 19.65599250793457 -34.81829833984375 5
endloop
endfacet
facet normal 0 -1 0
outer loop
vertex 38.65599060058594 -34.81829833984375 0
vertex 34.10599136352539 -34.81829833984375 3.549999952316284
vertex 34.10599136352539 -34.81829833984375 0
endloop
endfacet
facet normal 0 1 0
outer loop
vertex -8.89400863647461 -41.793296813964844 0
vertex -13.444007873535156 -41.793296813964844 0
vertex -8.89400863647461 -41.793296813964844 3.549999952316284
endloop
endfacet
facet normal 0 1 0
outer loop
vertex 0.6559918522834778 -41.793296813964844 0
vertex -3.894008159637451 -41.793296813964844 0
vertex -3.894008159637451 -41.793296813964844 3.549999952316284
endloop
endfacet
facet normal 0 -1 0
outer loop
vertex 72.10599517822266 10.306702613830566 3.549999952316284
vertex 76.65599060058594 10.306702613830566 0
vertex 76.65599060058594 10.306702613830566 5
endloop
endfacet
facet normal 0 -1 0
outer loop
vertex 62.555992126464844 10.306702613830566 5
vertex 62.555992126464844 10.306702613830566 0
vertex 67.10599517822266 10.306702613830566 3.549999952316284
endloop
endfacet
facet normal 1 0 0
outer loop
vertex 62.555992126464844 15.206703186035156 5
vertex 62.555992126464844 29.306703567504883 0
vertex 62.555992126464844 29.306703567504883 5
endloop
endfacet
facet normal -1 0 0
outer loop
vertex 57.65599060058594 22.181703567504883 5
vertex 57.65599060058594 8.081703186035156 0
vertex 57.65599060058594 14.052396774291992 5
endloop
endfacet
facet normal 0 -1 0
outer loop
vertex 29.10599136352539 -34.81829833984375 0
vertex 29.10599136352539 -34.81829833984375 3.549999952316284
vertex 24.555992126464844 -34.81829833984375 0
endloop
endfacet
facet normal 0 1 0
outer loop
vertex 38.65599060058594 -48.918296813964844 0
vertex 34.10599136352539 -48.918296813964844 0
vertex 34.10599136352539 -48.918296813964844 3.549999952316284
endloop
endfacet
facet normal 1 0 0
outer loop
vertex 43.555992126464844 8.081703186035156 5
vertex 43.555992126464844 22.181703567504883 0
vertex 43.555992126464844 22.181703567504883 5
endloop
endfacet
facet normal 0 -1 0
outer loop
vertex 53.10599136352539 22.181703567504883 3.549999952316284
vertex 57.65599060058594 22.181703567504883 0
vertex 57.65599060058594 22.181703567504883 5
endloop
endfacet
facet normal 1 0 0
outer loop
vertex -13.444007873535156 -41.793296813964844 0
vertex -13.444007873535156 -27.693296432495117 0
vertex -13.444007873535156 -41.793296813964844 5
endloop
endfacet
facet normal 0 -1 0
outer loop
vertex 43.555992126464844 22.181703567504883 0
vertex 48.10599136352539 22.181703567504883 3.549999952316284
vertex 43.555992126464844 22.181703567504883 5
endloop
endfacet
facet normal 1 0 0
outer loop
vertex 62.555992126464844 -3.793297290802002 5
vertex 62.555992126464844 10.306702613830566 0
vertex 62.555992126464844 10.306702613830566 5
endloop
endfacet
facet normal -1 0 0
outer loop
vertex 57.65599060058594 8.081703186035156 0
vertex 57.65599060058594 8.081703186035156 5
vertex 57.65599060058594 14.052396774291992 5
endloop
endfacet
facet normal 0 1 0
outer loop
vertex 29.10599136352539 -48.918296813964844 0
vertex 24.555992126464844 -48.918296813964844 0
vertex 29.10599136352539 -48.918296813964844 3.549999952316284
endloop
endfacet
facet normal 1 0 0
outer loop
vertex 5.5559916496276855 -34.81829833984375 0
vertex 5.5559916496276855 -48.918296813964844 5
vertex 5.5559916496276855 -48.918296813964844 0
endloop
endfacet
facet normal 1 0 0
outer loop
vertex 24.555992126464844 -34.81829833984375 0
vertex 24.555992126464844 -48.918296813964844 5
vertex 24.555992126464844 -48.918296813964844 0
endloop
endfacet
facet normal -1 0 0
outer loop
vertex 38.65599060058594 -34.81829833984375 0
vertex 38.65599060058594 -48.918296813964844 0
vertex 38.65599060058594 -34.81829833984375 5
endloop
endfacet
facet normal 1 0 0
outer loop
vertex 43.555992126464844 3.1817028522491455 5
vertex 43.555992126464844 -10.918296813964844 5
vertex 43.555992126464844 3.1817028522491455 0
endloop
endfacet
facet normal 0 1 0
outer loop
vertex 57.65599060058594 8.081703186035156 0
vertex 53.10599136352539 8.081703186035156 3.549999952316284
vertex 57.65599060058594 8.081703186035156 5
endloop
endfacet
facet normal 0 -1 0
outer loop
vertex 53.10599136352539 3.1817028522491455 3.549999952316284
vertex 57.65599060058594 3.1817028522491455 0
vertex 57.65599060058594 3.1817028522491455 5
endloop
endfacet
facet normal 0 1 0
outer loop
vertex 48.10599136352539 8.081703186035156 3.549999952316284
vertex 43.555992126464844 8.081703186035156 0
vertex 43.555992126464844 8.081703186035156 5
endloop
endfacet
facet normal 0 -1 0
outer loop
vertex 43.555992126464844 3.1817028522491455 0
vertex 48.10599136352539 3.1817028522491455 3.549999952316284
vertex 43.555992126464844 3.1817028522491455 5
endloop
endfacet
facet normal 0 -1 0
outer loop
vertex 24.555992126464844 22.181703567504883 5
vertex 34.10599136352539 22.181703567504883 3.549999952316284
vertex 38.65599060058594 22.181703567504883 5
endloop
endfacet
facet normal 0 -1 0
outer loop
vertex 24.555992126464844 22.181703567504883 5
vertex 29.10599136352539 22.181703567504883 3.549999952316284
vertex 34.10599136352539 22.181703567504883 3.549999952316284
endloop
endfacet
facet normal 0 -1 0
outer loop
vertex 24.555992126464844 3.1817028522491455 5
vertex 34.10599136352539 3.1817028522491455 3.549999952316284
vertex 38.65599060058594 3.1817028522491455 5
endloop
endfacet
facet normal 0 1 0
outer loop
vertex 38.65599060058594 8.081703186035156 5
vertex 29.10599136352539 8.081703186035156 3.549999952316284
vertex 24.555992126464844 8.081703186035156 5
endloop
endfacet
facet normal 0 1 0
outer loop
vertex 38.65599060058594 8.081703186035156 5
vertex 34.10599136352539 8.081703186035156 3.549999952316284
vertex 29.10599136352539 8.081703186035156 3.549999952316284
endloop
endfacet
facet normal 0 1 0
outer loop
vertex 19.65599250793457 -10.918296813964844 5
vertex 10.10599136352539 -10.918296813964844 3.549999952316284
vertex 5.5559916496276855 -10.918296813964844 5
endloop
endfacet
facet normal 0 -1 0
outer loop
vertex 5.5559916496276855 -15.818297386169434 5
vertex 15.10599136352539 -15.818297386169434 3.549999952316284
vertex 19.65599250793457 -15.818297386169434 5
endloop
endfacet
facet normal 0 -1 0
outer loop
vertex 24.555992126464844 -15.818297386169434 5
vertex 29.10599136352539 -15.818297386169434 3.549999952316284
vertex 34.10599136352539 -15.818297386169434 3.549999952316284
endloop
endfacet
facet normal 0 1 0
outer loop
vertex 38.65599060058594 -10.918296813964844 5
vertex 34.10599136352539 -10.918296813964844 3.549999952316284
vertex 29.10599136352539 -10.918296813964844 3.549999952316284
endloop
endfacet
facet normal 0 1 0
outer loop
vertex 38.65599060058594 -10.918296813964844 5
vertex 29.10599136352539 -10.918296813964844 3.549999952316284
vertex 24.555992126464844 -10.918296813964844 5
endloop
endfacet
facet normal 0 -1 0
outer loop
vertex 24.555992126464844 -15.818297386169434 5
vertex 34.10599136352539 -15.818297386169434 3.549999952316284
vertex 38.65599060058594 -15.818297386169434 5
endloop
endfacet
facet normal 0 1 0
outer loop
vertex 48.10599136352539 -48.918296813964844 3.549999952316284
vertex 43.555992126464844 -48.918296813964844 0
vertex 43.555992126464844 -48.918296813964844 5
endloop
endfacet
facet normal 0 1 0
outer loop
vertex 57.65599060058594 -48.918296813964844 0
vertex 53.10599136352539 -48.918296813964844 3.549999952316284
vertex 57.65599060058594 -48.918296813964844 5
endloop
endfacet
facet normal 0 1 0
outer loop
vertex 19.65599250793457 -10.918296813964844 5
vertex 15.10599136352539 -10.918296813964844 3.549999952316284
vertex 10.10599136352539 -10.918296813964844 3.549999952316284
endloop
endfacet
facet normal 0 -1 0
outer loop
vertex -3.894008159637451 10.306702613830566 0
vertex 0.6559918522834778 10.306702613830566 0
vertex -3.894008159637451 10.306702613830566 3.549999952316284
endloop
endfacet
facet normal 0 -1 0
outer loop
vertex 24.555992126464844 3.1817028522491455 5
vertex 29.10599136352539 3.1817028522491455 3.549999952316284
vertex 34.10599136352539 3.1817028522491455 3.549999952316284
endloop
endfacet
facet normal 0 -1 0
outer loop
vertex 5.5559916496276855 3.1817028522491455 5
vertex 15.10599136352539 3.1817028522491455 3.549999952316284
vertex 19.65599250793457 3.1817028522491455 5
endloop
endfacet
facet normal 0 -1 0
outer loop
vertex -13.444007873535156 -27.693296432495117 0
vertex -8.89400863647461 -27.693296432495117 0
vertex -8.89400863647461 -27.693296432495117 3.549999952316284
endloop
endfacet
facet normal 0 1 0
outer loop
vertex -8.89400863647461 -22.793296813964844 0
vertex -13.444007873535156 -22.793296813964844 0
vertex -8.89400863647461 -22.793296813964844 3.549999952316284
endloop
endfacet
facet normal 0 -1 0
outer loop
vertex 5.5559916496276855 -15.818297386169434 5
vertex 10.10599136352539 -15.818297386169434 3.549999952316284
vertex 15.10599136352539 -15.818297386169434 3.549999952316284
endloop
endfacet
facet normal 0 1 0
outer loop
vertex 19.65599250793457 -29.918296813964844 5
vertex 10.10599136352539 -29.918296813964844 3.549999952316284
vertex 5.5559916496276855 -29.918296813964844 5
endloop
endfacet
facet normal 0 -1 0
outer loop
vertex -3.894008159637451 -27.693296432495117 0
vertex 0.6559918522834778 -27.693296432495117 0
vertex -3.894008159637451 -27.693296432495117 3.549999952316284
endloop
endfacet
facet normal 0 -1 0
outer loop
vertex -13.444007873535156 10.306702613830566 0
vertex -8.89400863647461 10.306702613830566 0
vertex -8.89400863647461 10.306702613830566 3.549999952316284
endloop
endfacet
facet normal 0 1 0
outer loop
vertex 10.10599136352539 -29.918296813964844 0
vertex 5.5559916496276855 -29.918296813964844 0
vertex 10.10599136352539 -29.918296813964844 3.549999952316284
endloop
endfacet
facet normal 0 1 0
outer loop
vertex 19.65599250793457 -29.918296813964844 0
vertex 15.10599136352539 -29.918296813964844 0
vertex 15.10599136352539 -29.918296813964844 3.549999952316284
endloop
endfacet
facet normal 0 -1 0
outer loop
vertex 10.10599136352539 -15.818297386169434 0
vertex 10.10599136352539 -15.818297386169434 3.549999952316284
vertex 5.5559916496276855 -15.818297386169434 0
endloop
endfacet
facet normal 0 1 0
outer loop
vertex 0.6559918522834778 -22.793296813964844 0
vertex -3.894008159637451 -22.793296813964844 0
vertex -3.894008159637451 -22.793296813964844 3.549999952316284
endloop
endfacet
facet normal 0 -1 0
outer loop
vertex 5.5559916496276855 3.1817028522491455 5
vertex 10.10599136352539 3.1817028522491455 3.549999952316284
vertex 15.10599136352539 3.1817028522491455 3.549999952316284
endloop
endfacet
facet normal 0 1 0
outer loop
vertex 10.10599136352539 -10.918296813964844 0
vertex 5.5559916496276855 -10.918296813964844 0
vertex 10.10599136352539 -10.918296813964844 3.549999952316284
endloop
endfacet
facet normal -1 0 0
outer loop
vertex 38.65599060058594 22.181703567504883 5
vertex 38.65599060058594 8.081703186035156 0
vertex 38.65599060058594 8.081703186035156 5
endloop
endfacet
facet normal 0 -1 0
outer loop
vertex 19.65599250793457 -15.818297386169434 0
vertex 15.10599136352539 -15.818297386169434 3.549999952316284
vertex 15.10599136352539 -15.818297386169434 0
endloop
endfacet
facet normal 1 0 0
outer loop
vertex 24.555992126464844 8.081703186035156 5
vertex 24.555992126464844 22.181703567504883 0
vertex 24.555992126464844 22.181703567504883 5
endloop
endfacet
facet normal 0 -1 0
outer loop
vertex 34.10599136352539 22.181703567504883 3.549999952316284
vertex 38.65599060058594 22.181703567504883 0
vertex 38.65599060058594 22.181703567504883 5
endloop
endfacet
facet normal 0 -1 0
outer loop
vertex 24.555992126464844 22.181703567504883 0
vertex 29.10599136352539 22.181703567504883 3.549999952316284
vertex 24.555992126464844 22.181703567504883 5
endloop
endfacet
facet normal 0 1 0
outer loop
vertex 19.65599250793457 -10.918296813964844 0
vertex 15.10599136352539 -10.918296813964844 0
vertex 15.10599136352539 -10.918296813964844 3.549999952316284
endloop
endfacet
facet normal 0 1 0
outer loop
vertex 29.10599136352539 -29.918296813964844 0
vertex 24.555992126464844 -29.918296813964844 0
vertex 29.10599136352539 -29.918296813964844 3.549999952316284
endloop
endfacet
facet normal 0 1 0
outer loop
vertex 38.65599060058594 -29.918296813964844 0
vertex 34.10599136352539 -29.918296813964844 0
vertex 34.10599136352539 -29.918296813964844 3.549999952316284
endloop
endfacet
facet normal 0 -1 0
outer loop
vertex 29.10599136352539 -15.818297386169434 0
vertex 29.10599136352539 -15.818297386169434 3.549999952316284
vertex 24.555992126464844 -15.818297386169434 0
endloop
endfacet
facet normal 1 0 0
outer loop
vertex 24.555992126464844 3.1817028522491455 5
vertex 24.555992126464844 -10.918296813964844 5
vertex 24.555992126464844 3.1817028522491455 0
endloop
endfacet
facet normal 0 1 0
outer loop
vertex 38.65599060058594 8.081703186035156 0
vertex 34.10599136352539 8.081703186035156 3.549999952316284
vertex 38.65599060058594 8.081703186035156 5
endloop
endfacet
facet normal 0 -1 0
outer loop
vertex 34.10599136352539 3.1817028522491455 3.549999952316284
vertex 38.65599060058594 3.1817028522491455 0
vertex 38.65599060058594 3.1817028522491455 5
endloop
endfacet
facet normal 0 1 0
outer loop
vertex 29.10599136352539 8.081703186035156 3.549999952316284
vertex 24.555992126464844 8.081703186035156 0
vertex 24.555992126464844 8.081703186035156 5
endloop
endfacet
facet normal 0 -1 0
outer loop
vertex 24.555992126464844 3.1817028522491455 0
vertex 29.10599136352539 3.1817028522491455 3.549999952316284
vertex 24.555992126464844 3.1817028522491455 5
endloop
endfacet
facet normal 0 1 0
outer loop
vertex 19.65599250793457 -48.918296813964844 0
vertex 15.10599136352539 -48.918296813964844 0
vertex 15.10599136352539 -48.918296813964844 3.549999952316284
endloop
endfacet
facet normal 0 1 0
outer loop
vertex 10.10599136352539 -48.918296813964844 0
vertex 5.5559916496276855 -48.918296813964844 0
vertex 10.10599136352539 -48.918296813964844 3.549999952316284
endloop
endfacet
facet normal 1 0 0
outer loop
vertex 5.5559916496276855 3.1817028522491455 5
vertex 5.5559916496276855 -10.918296813964844 5
vertex 5.5559916496276855 3.1817028522491455 0
endloop
endfacet
facet normal -1 0 0
outer loop
vertex 0.6559918522834778 10.306702613830566 5
vertex 0.6559918522834778 -3.793297290802002 0
vertex 0.6559918522834778 -3.793297290802002 5
endloop
endfacet
facet normal 0 -1 0
outer loop
vertex -13.444007873535156 -8.693297386169434 0
vertex -8.89400863647461 -8.693297386169434 0
vertex -8.89400863647461 -8.693297386169434 3.549999952316284
endloop
endfacet
facet normal 0 1 0
outer loop
vertex -8.89400863647461 -3.793297290802002 0
vertex -13.444007873535156 -3.793297290802002 0
vertex -8.89400863647461 -3.793297290802002 3.549999952316284
endloop
endfacet
facet normal 0 1 0
outer loop
vertex 29.10599136352539 -10.918296813964844 0
vertex 24.555992126464844 -10.918296813964844 0
vertex 29.10599136352539 -10.918296813964844 3.549999952316284
endloop
endfacet
facet normal 0 -1 0
outer loop
vertex 38.65599060058594 -15.818297386169434 0
vertex 34.10599136352539 -15.818297386169434 3.549999952316284
vertex 34.10599136352539 -15.818297386169434 0
endloop
endfacet
facet normal 0 1 0
outer loop
vertex 38.65599060058594 -10.918296813964844 0
vertex 34.10599136352539 -10.918296813964844 0
vertex 34.10599136352539 -10.918296813964844 3.549999952316284
endloop
endfacet
facet normal -1 0 0
outer loop
vertex 0.6559918522834778 -27.693296432495117 5
vertex 0.6559918522834778 -27.693296432495117 0
vertex 0.6559918522834778 -41.793296813964844 0
endloop
endfacet
facet normal 0 -1 0
outer loop
vertex -3.894008159637451 -8.693297386169434 0
vertex 0.6559918522834778 -8.693297386169434 0
vertex -3.894008159637451 -8.693297386169434 3.549999952316284
endloop
endfacet
facet normal 1 0 0
outer loop
vertex 5.5559916496276855 -15.818297386169434 0
vertex 5.5559916496276855 -29.918296813964844 5
vertex 5.5559916496276855 -29.918296813964844 0
endloop
endfacet
facet normal -1 0 0
outer loop
vertex 19.65599250793457 -15.818297386169434 0
vertex 19.65599250793457 -29.918296813964844 0
vertex 19.65599250793457 -15.818297386169434 5
endloop
endfacet
facet normal 0 1 0
outer loop
vertex 0.6559918522834778 -3.793297290802002 0
vertex -3.894008159637451 -3.793297290802002 0
vertex -3.894008159637451 -3.793297290802002 3.549999952316284
endloop
endfacet
facet normal 0 -1 0
outer loop
vertex 15.10599136352539 3.1817028522491455 3.549999952316284
vertex 19.65599250793457 3.1817028522491455 0
vertex 19.65599250793457 3.1817028522491455 5
endloop
endfacet
facet normal 0 -1 0
outer loop
vertex 5.5559916496276855 3.1817028522491455 0
vertex 10.10599136352539 3.1817028522491455 3.549999952316284
vertex 5.5559916496276855 3.1817028522491455 5
endloop
endfacet
facet normal -1 0 0
outer loop
vertex 0.6559918522834778 -17.59824562072754 0
vertex 0.6559918522834778 -22.793296813964844 0
vertex 0.6559918522834778 -8.693297386169434 5
endloop
endfacet
facet normal -1 0 0
outer loop
vertex 0.6559918522834778 -8.693297386169434 5
vertex 0.6559918522834778 -8.693297386169434 0
vertex 0.6559918522834778 -17.59824562072754 0
endloop
endfacet
facet normal 1 0 0
outer loop
vertex 5.5559916496276855 -10.918296813964844 0
vertex 5.5559916496276855 3.1817028522491455 0
vertex 5.5559916496276855 -10.918296813964844 5
endloop
endfacet
facet normal 0 -1 0
outer loop
vertex 76.65599060058594 29.306703567504883 0
vertex 72.10599517822266 29.306703567504883 3.549999952316284
vertex 72.10599517822266 29.306703567504883 0
endloop
endfacet
facet normal 1 0 0
outer loop
vertex 24.555992126464844 -15.818297386169434 0
vertex 24.555992126464844 -29.918296813964844 5
vertex 24.555992126464844 -29.918296813964844 0
endloop
endfacet
facet normal -1 0 0
outer loop
vertex 38.65599060058594 -15.818297386169434 0
vertex 38.65599060058594 -29.918296813964844 0
vertex 38.65599060058594 -15.818297386169434 5
endloop
endfacet
facet normal 1 0 0
outer loop
vertex 24.555992126464844 -10.918296813964844 0
vertex 24.555992126464844 3.1817028522491455 0
vertex 24.555992126464844 -10.918296813964844 5
endloop
endfacet
facet normal 0 -1 0
outer loop
vertex 62.555992126464844 29.306703567504883 0
vertex 67.10599517822266 29.306703567504883 0
vertex 67.10599517822266 29.306703567504883 3.549999952316284
endloop
endfacet
facet normal 1 0 0
outer loop
vertex -13.444007873535156 -22.793296813964844 0
vertex -13.444007873535156 -8.693297386169434 0
vertex -13.444007873535156 -22.793296813964844 5
endloop
endfacet
facet normal 0 1 0
outer loop
vertex 48.10599136352539 -48.918296813964844 0
vertex 43.555992126464844 -48.918296813964844 0
vertex 48.10599136352539 -48.918296813964844 3.549999952316284
endloop
endfacet
facet normal 0 -1 0
outer loop
vertex 43.555992126464844 -34.81829833984375 0
vertex 48.10599136352539 -34.81829833984375 3.549999952316284
vertex 43.555992126464844 -34.81829833984375 5
endloop
endfacet
facet normal 0 -1 0
outer loop
vertex 53.10599136352539 -34.81829833984375 3.549999952316284
vertex 57.65599060058594 -34.81829833984375 0
vertex 57.65599060058594 -34.81829833984375 5
endloop
endfacet
facet normal 1 0 0
outer loop
vertex 43.555992126464844 -48.918296813964844 5
vertex 43.555992126464844 -34.81829833984375 0
vertex 43.555992126464844 -34.81829833984375 5
endloop
endfacet
facet normal 0 1 0
outer loop
vertex 57.65599060058594 -48.918296813964844 0
vertex 53.10599136352539 -48.918296813964844 0
vertex 53.10599136352539 -48.918296813964844 3.549999952316284
endloop
endfacet
facet normal 0 -1 0
outer loop
vertex 48.10599136352539 -34.81829833984375 0
vertex 48.10599136352539 -34.81829833984375 3.549999952316284
vertex 43.555992126464844 -34.81829833984375 0
endloop
endfacet
facet normal -1 0 0
outer loop
vertex 57.65599060058594 -34.81829833984375 5
vertex 57.65599060058594 -48.918296813964844 0
vertex 57.65599060058594 -48.918296813964844 5
endloop
endfacet
facet normal 0 1 0
outer loop
vertex 19.65599250793457 -29.918296813964844 5
vertex 15.10599136352539 -29.918296813964844 3.549999952316284
vertex 10.10599136352539 -29.918296813964844 3.549999952316284
endloop
endfacet
facet normal -1 0 0
outer loop
vertex 38.65599060058594 -10.918296813964844 5
vertex 38.65599060058594 3.1817028522491455 5
vertex 38.65599060058594 -10.918296813964844 0
endloop
endfacet
facet normal 0 -1 0
outer loop
vertex 53.10599136352539 -34.81829833984375 0
vertex 57.65599060058594 -34.81829833984375 0
vertex 53.10599136352539 -34.81829833984375 3.549999952316284
endloop
endfacet
facet normal 0 1 0
outer loop
vertex 67.10599517822266 -41.793296813964844 0
vertex 62.555992126464844 -41.793296813964844 0
vertex 67.10599517822266 -41.793296813964844 3.549999952316284
endloop
endfacet
facet normal 0 1 0
outer loop
vertex 76.65599060058594 -41.793296813964844 0
vertex 72.10599517822266 -41.793296813964844 0
vertex 72.10599517822266 -41.793296813964844 3.549999952316284
endloop
endfacet
facet normal 0 1 0
outer loop
vertex 38.65599060058594 -10.918296813964844 0
vertex 34.10599136352539 -10.918296813964844 3.549999952316284
vertex 38.65599060058594 -10.918296813964844 5
endloop
endfacet
facet normal 0 -1 0
outer loop
vertex 34.10599136352539 -15.818297386169434 3.549999952316284
vertex 38.65599060058594 -15.818297386169434 0
vertex 38.65599060058594 -15.818297386169434 5
endloop
endfacet
facet normal -1 0 0
outer loop
vertex 57.65599060058594 -34.81829833984375 0
vertex 57.65599060058594 -48.918296813964844 0
vertex 57.65599060058594 -34.81829833984375 5
endloop
endfacet
facet normal -1 0 0
outer loop
vertex 76.65599060058594 29.306703567504883 0
vertex 76.65599060058594 15.206703186035156 0
vertex 76.65599060058594 29.306703567504883 5
endloop
endfacet
facet normal 1 0 0
outer loop
vertex 62.555992126464844 -41.793296813964844 0
vertex 62.555992126464844 -27.693296432495117 0
vertex 62.555992126464844 -41.793296813964844 5
endloop
endfacet
facet normal 0 1 0
outer loop
vertex 29.10599136352539 -10.918296813964844 3.549999952316284
vertex 24.555992126464844 -10.918296813964844 0
vertex 24.555992126464844 -10.918296813964844 5
endloop
endfacet
facet normal 0 -1 0
outer loop
vertex 24.555992126464844 -15.818297386169434 5
vertex 24.555992126464844 -15.818297386169434 0
vertex 29.10599136352539 -15.818297386169434 3.549999952316284
endloop
endfacet
facet normal 0 1 0
outer loop
vertex -8.89400863647461 -41.793296813964844 3.549999952316284
vertex -13.444007873535156 -41.793296813964844 0
vertex -13.444007873535156 -41.793296813964844 5
endloop
endfacet
facet normal 0 1 0
outer loop
vertex 0.6559918522834778 -41.793296813964844 0
vertex -3.894008159637451 -41.793296813964844 3.549999952316284
vertex 0.6559918522834778 -41.793296813964844 5
endloop
endfacet
facet normal -1 0 0
outer loop
vertex 38.65599060058594 -15.818297386169434 5
vertex 38.65599060058594 -29.918296813964844 0
vertex 38.65599060058594 -29.918296813964844 5
endloop
endfacet
facet normal 0 1 0
outer loop
vertex 48.10599136352539 -29.918296813964844 0
vertex 43.555992126464844 -29.918296813964844 0
vertex 48.10599136352539 -29.918296813964844 3.549999952316284
endloop
endfacet
facet normal -1 0 0
outer loop
vertex 76.65599060058594 10.306702613830566 0
vertex 76.65599060058594 -3.793297290802002 0
vertex 76.65599060058594 10.306702613830566 5
endloop
endfacet
facet normal 0 1 0
outer loop
vertex 57.65599060058594 -29.918296813964844 0
vertex 53.10599136352539 -29.918296813964844 0
vertex 53.10599136352539 -29.918296813964844 3.549999952316284
endloop
endfacet
facet normal 0 -1 0
outer loop
vertex 48.10599136352539 -15.818297386169434 0
vertex 48.10599136352539 -15.818297386169434 3.549999952316284
vertex 43.555992126464844 -15.818297386169434 0
endloop
endfacet
facet normal 0 1 0
outer loop
vertex 48.10599136352539 -10.918296813964844 0
vertex 43.555992126464844 -10.918296813964844 0
vertex 48.10599136352539 -10.918296813964844 3.549999952316284
endloop
endfacet
facet normal 1 0 0
outer loop
vertex 62.555992126464844 15.206703186035156 0
vertex 62.555992126464844 29.306703567504883 0
vertex 62.555992126464844 15.206703186035156 5
endloop
endfacet
facet normal -1 0 0
outer loop
vertex 57.65599060058594 22.181703567504883 0
vertex 57.65599060058594 14.052396774291992 0
vertex 57.65599060058594 22.181703567504883 5
endloop
endfacet
facet normal -1 0 0
outer loop
vertex 57.65599060058594 14.052396774291992 0
vertex 57.65599060058594 8.081703186035156 0
vertex 57.65599060058594 22.181703567504883 5
endloop
endfacet
facet normal 1 0 0
outer loop
vertex 43.555992126464844 22.181703567504883 0
vertex 43.555992126464844 8.081703186035156 5
vertex 43.555992126464844 8.081703186035156 0
endloop
endfacet
facet normal 0 -1 0
outer loop
vertex 57.65599060058594 -15.818297386169434 0
vertex 53.10599136352539 -15.818297386169434 3.549999952316284
vertex 53.10599136352539 -15.818297386169434 0
endloop
endfacet
facet normal 0 1 0
outer loop
vertex 57.65599060058594 -10.918296813964844 0
vertex 53.10599136352539 -10.918296813964844 0
vertex 53.10599136352539 -10.918296813964844 3.549999952316284
endloop
endfacet
facet normal 0 -1 0
outer loop
vertex 67.10599517822266 -27.693296432495117 0
vertex 67.10599517822266 -27.693296432495117 3.549999952316284
vertex 62.555992126464844 -27.693296432495117 0
endloop
endfacet
facet normal 0 -1 0
outer loop
vertex 72.10599517822266 -27.693296432495117 0
vertex 76.65599060058594 -27.693296432495117 0
vertex 72.10599517822266 -27.693296432495117 3.549999952316284
endloop
endfacet
facet normal -1 0 0
outer loop
vertex 57.65599060058594 -10.918296813964844 0
vertex 57.65599060058594 -5.205994129180908 5
vertex 57.65599060058594 3.1817028522491455 5
endloop
endfacet
facet normal 0 1 0
outer loop
vertex 76.65599060058594 -22.793296813964844 0
vertex 72.10599517822266 -22.793296813964844 0
vertex 72.10599517822266 -22.793296813964844 3.549999952316284
endloop
endfacet
facet normal 1 0 0
outer loop
vertex 62.555992126464844 -3.793297290802002 5
vertex 62.555992126464844 -3.793297290802002 0
vertex 62.555992126464844 10.306702613830566 0
endloop
endfacet
facet normal 0 1 0
outer loop
vertex 0.6559918522834778 -41.793296813964844 5
vertex -3.894008159637451 -41.793296813964844 3.549999952316284
vertex -8.89400863647461 -41.793296813964844 3.549999952316284
endloop
endfacet
facet normal -1 0 0
outer loop
vertex 57.65599060058594 3.1817028522491455 0
vertex 57.65599060058594 -10.918296813964844 0
vertex 57.65599060058594 3.1817028522491455 5
endloop
endfacet
facet normal 0 1 0
outer loop
vertex 76.65599060058594 15.206703186035156 0
vertex 72.10599517822266 15.206703186035156 0
vertex 72.10599517822266 15.206703186035156 3.549999952316284
endloop
endfacet
facet normal 0 1 0
outer loop
vertex 67.10599517822266 -41.793296813964844 3.549999952316284
vertex 62.555992126464844 -41.793296813964844 0
vertex 62.555992126464844 -41.793296813964844 5
endloop
endfacet
facet normal 0 -1 0
outer loop
vertex 67.10599517822266 -8.693297386169434 0
vertex 67.10599517822266 -8.693297386169434 3.549999952316284
vertex 62.555992126464844 -8.693297386169434 0
endloop
endfacet
facet normal 0 1 0
outer loop
vertex 67.10599517822266 -3.793297290802002 0
vertex 62.555992126464844 -3.793297290802002 0
vertex 67.10599517822266 -3.793297290802002 3.549999952316284
endloop
endfacet
facet normal 0 1 0
outer loop
vertex 67.10599517822266 15.206703186035156 0
vertex 62.555992126464844 15.206703186035156 0
vertex 67.10599517822266 15.206703186035156 3.549999952316284
endloop
endfacet
facet normal 0 1 0
outer loop
vertex 0.6559918522834778 -41.793296813964844 5
vertex -8.89400863647461 -41.793296813964844 3.549999952316284
vertex -13.444007873535156 -41.793296813964844 5
endloop
endfacet
facet normal 0 -1 0
outer loop
vertex -13.444007873535156 10.306702613830566 5
vertex -3.894008159637451 10.306702613830566 3.549999952316284
vertex 0.6559918522834778 10.306702613830566 5
endloop
endfacet
facet normal 0 -1 0
outer loop
vertex 76.65599060058594 10.306702613830566 0
vertex 72.10599517822266 10.306702613830566 3.549999952316284
vertex 72.10599517822266 10.306702613830566 0
endloop
endfacet
facet normal 0 -1 0
outer loop
vertex 76.65599060058594 -8.693297386169434 0
vertex 72.10599517822266 -8.693297386169434 3.549999952316284
vertex 72.10599517822266 -8.693297386169434 0
endloop
endfacet
facet normal 0 -1 0
outer loop
vertex 62.555992126464844 29.306703567504883 5
vertex 72.10599517822266 29.306703567504883 3.549999952316284
vertex 76.65599060058594 29.306703567504883 5
endloop
endfacet
facet normal 0 -1 0
outer loop
vertex 67.10599517822266 10.306702613830566 0
vertex 67.10599517822266 10.306702613830566 3.549999952316284
vertex 62.555992126464844 10.306702613830566 0
endloop
endfacet
facet normal 0 -1 0
outer loop
vertex 57.65599060058594 22.181703567504883 0
vertex 53.10599136352539 22.181703567504883 3.549999952316284
vertex 53.10599136352539 22.181703567504883 0
endloop
endfacet
facet normal 1 0 0
outer loop
vertex 43.555992126464844 -34.81829833984375 0
vertex 43.555992126464844 -48.918296813964844 5
vertex 43.555992126464844 -48.918296813964844 0
endloop
endfacet
facet normal 1 0 0
outer loop
vertex 43.555992126464844 -29.918296813964844 0
vertex 43.555992126464844 -15.818297386169434 0
vertex 43.555992126464844 -29.918296813964844 5
endloop
endfacet
facet normal -1 0 0
outer loop
vertex 57.65599060058594 -15.818297386169434 0
vertex 57.65599060058594 -29.918296813964844 0
vertex 57.65599060058594 -15.818297386169434 5
endloop
endfacet
facet normal 0 -1 0
outer loop
vertex 48.10599136352539 22.181703567504883 0
vertex 48.10599136352539 22.181703567504883 3.549999952316284
vertex 43.555992126464844 22.181703567504883 0
endloop
endfacet
facet normal 0 1 0
outer loop
vertex 57.65599060058594 8.081703186035156 0
vertex 53.10599136352539 8.081703186035156 0
vertex 53.10599136352539 8.081703186035156 3.549999952316284
endloop
endfacet
facet normal 0 -1 0
outer loop
vertex -13.444007873535156 -27.693296432495117 0
vertex -8.89400863647461 -27.693296432495117 3.549999952316284
vertex -13.444007873535156 -27.693296432495117 5
endloop
endfacet
facet normal 0 1 0
outer loop
vertex -8.89400863647461 -22.793296813964844 3.549999952316284
vertex -13.444007873535156 -22.793296813964844 0
vertex -13.444007873535156 -22.793296813964844 5
endloop
endfacet
facet normal 0 -1 0
outer loop
vertex -3.894008159637451 -27.693296432495117 3.549999952316284
vertex 0.6559918522834778 -27.693296432495117 0
vertex 0.6559918522834778 -27.693296432495117 5
endloop
endfacet
facet normal 0 1 0
outer loop
vertex 0.6559918522834778 -22.793296813964844 0
vertex -3.894008159637451 -22.793296813964844 3.549999952316284
vertex 0.6559918522834778 -22.793296813964844 5
endloop
endfacet
facet normal 1 0 0
outer loop
vertex -13.444007873535156 -41.793296813964844 5
vertex -13.444007873535156 -27.693296432495117 0
vertex -13.444007873535156 -27.693296432495117 5
endloop
endfacet
facet normal 1 0 0
outer loop
vertex 62.555992126464844 -22.793296813964844 0
vertex 62.555992126464844 -8.693297386169434 0
vertex 62.555992126464844 -22.793296813964844 5
endloop
endfacet
facet normal 0 -1 0
outer loop
vertex -13.444007873535156 10.306702613830566 5
vertex -8.89400863647461 10.306702613830566 3.549999952316284
vertex -3.894008159637451 10.306702613830566 3.549999952316284
endloop
endfacet
facet normal 1 0 0
outer loop
vertex 43.555992126464844 -10.918296813964844 0
vertex 43.555992126464844 3.1817028522491455 0
vertex 43.555992126464844 -10.918296813964844 5
endloop
endfacet
facet normal 0 1 0
outer loop
vertex 76.65599060058594 -41.793296813964844 0
vertex 72.10599517822266 -41.793296813964844 3.549999952316284
vertex 76.65599060058594 -41.793296813964844 5
endloop
endfacet
facet normal 0 -1 0
outer loop
vertex -13.444007873535156 -8.693297386169434 0
vertex -8.89400863647461 -8.693297386169434 3.549999952316284
vertex -13.444007873535156 -8.693297386169434 5
endloop
endfacet
facet normal 0 1 0
outer loop
vertex -8.89400863647461 -3.793297290802002 3.549999952316284
vertex -13.444007873535156 -3.793297290802002 0
vertex -13.444007873535156 -3.793297290802002 5
endloop
endfacet
facet normal 0 -1 0
outer loop
vertex -3.894008159637451 -8.693297386169434 3.549999952316284
vertex 0.6559918522834778 -8.693297386169434 0
vertex 0.6559918522834778 -8.693297386169434 5
endloop
endfacet
facet normal 0 1 0
outer loop
vertex 0.6559918522834778 -3.793297290802002 0
vertex -3.894008159637451 -3.793297290802002 3.549999952316284
vertex 0.6559918522834778 -3.793297290802002 5
endloop
endfacet
facet normal 1 0 0
outer loop
vertex -13.444007873535156 -22.793296813964844 5
vertex -13.444007873535156 -8.693297386169434 0
vertex -13.444007873535156 -8.693297386169434 5
endloop
endfacet
facet normal 1 0 0
outer loop
vertex 24.555992126464844 -29.918296813964844 5
vertex 24.555992126464844 -15.818297386169434 0
vertex 24.555992126464844 -15.818297386169434 5
endloop
endfacet
facet normal 0 1 0
outer loop
vertex 38.65599060058594 -29.918296813964844 5
vertex 34.10599136352539 -29.918296813964844 3.549999952316284
vertex 29.10599136352539 -29.918296813964844 3.549999952316284
endloop
endfacet
facet normal 0 -1 0
outer loop
vertex 62.555992126464844 29.306703567504883 5
vertex 67.10599517822266 29.306703567504883 3.549999952316284
vertex 72.10599517822266 29.306703567504883 3.549999952316284
endloop
endfacet
facet normal 0 -1 0
outer loop
vertex 62.555992126464844 29.306703567504883 5
vertex 62.555992126464844 29.306703567504883 0
vertex 67.10599517822266 29.306703567504883 3.549999952316284
endloop
endfacet
facet normal 0 1 0
outer loop
vertex 76.65599060058594 15.206703186035156 5
vertex 67.10599517822266 15.206703186035156 3.549999952316284
vertex 62.555992126464844 15.206703186035156 5
endloop
endfacet
facet normal 0 1 0
outer loop
vertex 38.65599060058594 -29.918296813964844 0
vertex 34.10599136352539 -29.918296813964844 3.549999952316284
vertex 38.65599060058594 -29.918296813964844 5
endloop
endfacet
facet normal 0 -1 0
outer loop
vertex -13.444007873535156 -27.693296432495117 5
vertex -8.89400863647461 -27.693296432495117 3.549999952316284
vertex -3.894008159637451 -27.693296432495117 3.549999952316284
endloop
endfacet
facet normal 0 1 0
outer loop
vertex 0.6559918522834778 -22.793296813964844 5
vertex -3.894008159637451 -22.793296813964844 3.549999952316284
vertex -8.89400863647461 -22.793296813964844 3.549999952316284
endloop
endfacet
facet normal -1 0 0
outer loop
vertex 76.65599060058594 -27.693296432495117 0
vertex 76.65599060058594 -41.793296813964844 0
vertex 76.65599060058594 -27.693296432495117 5
endloop
endfacet
facet normal 1 0 0
outer loop
vertex -13.444007873535156 -3.793297290802002 5
vertex -13.444007873535156 10.306702613830566 0
vertex -13.444007873535156 10.306702613830566 5
endloop
endfacet
facet normal 0 1 0
outer loop
vertex 48.10599136352539 8.081703186035156 0
vertex 43.555992126464844 8.081703186035156 0
vertex 48.10599136352539 8.081703186035156 3.549999952316284
endloop
endfacet
facet normal 0 -1 0
outer loop
vertex -3.894008159637451 10.306702613830566 3.549999952316284
vertex 0.6559918522834778 10.306702613830566 0
vertex 0.6559918522834778 10.306702613830566 5
endloop
endfacet
facet normal 0 -1 0
outer loop
vertex -13.444007873535156 10.306702613830566 0
vertex -8.89400863647461 10.306702613830566 3.549999952316284
vertex -13.444007873535156 10.306702613830566 5
endloop
endfacet
facet normal -1 0 0
outer loop
vertex 76.65599060058594 -27.693296432495117 5
vertex 76.65599060058594 -41.793296813964844 0
vertex 76.65599060058594 -41.793296813964844 5
endloop
endfacet
facet normal 0 -1 0
outer loop
vertex -13.444007873535156 -27.693296432495117 5
vertex -3.894008159637451 -27.693296432495117 3.549999952316284
vertex 0.6559918522834778 -27.693296432495117 5
endloop
endfacet
facet normal 0 -1 0
outer loop
vertex 48.10599136352539 3.1817028522491455 0
vertex 48.10599136352539 3.1817028522491455 3.549999952316284
vertex 43.555992126464844 3.1817028522491455 0
endloop
endfacet
facet normal 0 1 0
outer loop
vertex 0.6559918522834778 -22.793296813964844 5
vertex -8.89400863647461 -22.793296813964844 3.549999952316284
vertex -13.444007873535156 -22.793296813964844 5
endloop
endfacet
facet normal 0 1 0
outer loop
vertex 57.65599060058594 -48.918296813964844 5
vertex 53.10599136352539 -48.918296813964844 3.549999952316284
vertex 48.10599136352539 -48.918296813964844 3.549999952316284
endloop
endfacet
facet normal 0 -1 0
outer loop
vertex -13.444007873535156 -8.693297386169434 5
vertex -8.89400863647461 -8.693297386169434 3.549999952316284
vertex -3.894008159637451 -8.693297386169434 3.549999952316284
endloop
endfacet
facet normal 0 1 0
outer loop
vertex 0.6559918522834778 -3.793297290802002 5
vertex -3.894008159637451 -3.793297290802002 3.549999952316284
vertex -8.89400863647461 -3.793297290802002 3.549999952316284
endloop
endfacet
facet normal 0 1 0
outer loop
vertex 57.65599060058594 -48.918296813964844 5
vertex 48.10599136352539 -48.918296813964844 3.549999952316284
vertex 43.555992126464844 -48.918296813964844 5
endloop
endfacet
facet normal 0 -1 0
outer loop
vertex 43.555992126464844 -34.81829833984375 5
vertex 48.10599136352539 -34.81829833984375 3.549999952316284
vertex 53.10599136352539 -34.81829833984375 3.549999952316284
endloop
endfacet
facet normal -1 0 0
outer loop
vertex 38.65599060058594 22.181703567504883 0
vertex 38.65599060058594 8.081703186035156 0
vertex 38.65599060058594 22.181703567504883 5
endloop
endfacet
facet normal 1 0 0
outer loop
vertex 24.555992126464844 8.081703186035156 0
vertex 24.555992126464844 22.181703567504883 0
vertex 24.555992126464844 8.081703186035156 5
endloop
endfacet
facet normal 0 -1 0
outer loop
vertex 43.555992126464844 -34.81829833984375 5
vertex 53.10599136352539 -34.81829833984375 3.549999952316284
vertex 57.65599060058594 -34.81829833984375 5
endloop
endfacet
facet normal 0 1 0
outer loop
vertex 76.65599060058594 -41.793296813964844 5
vertex 72.10599517822266 -41.793296813964844 3.549999952316284
vertex 67.10599517822266 -41.793296813964844 3.549999952316284
endloop
endfacet
facet normal 0 1 0
outer loop
vertex 76.65599060058594 -41.793296813964844 5
vertex 67.10599517822266 -41.793296813964844 3.549999952316284
vertex 62.555992126464844 -41.793296813964844 5
endloop
endfacet
facet normal -1 0 0
outer loop
vertex 76.65599060058594 -8.693297386169434 0
vertex 76.65599060058594 -22.793296813964844 0
vertex 76.65599060058594 -8.693297386169434 5
endloop
endfacet
facet normal 0 -1 0
outer loop
vertex -13.444007873535156 -8.693297386169434 5
vertex -3.894008159637451 -8.693297386169434 3.549999952316284
vertex 0.6559918522834778 -8.693297386169434 5
endloop
endfacet
facet normal 0 1 0
outer loop
vertex 0.6559918522834778 -3.793297290802002 5
vertex -8.89400863647461 -3.793297290802002 3.549999952316284
vertex -13.444007873535156 -3.793297290802002 5
endloop
endfacet
facet normal 0 1 0
outer loop
vertex 10.10599136352539 -48.918296813964844 3.549999952316284
vertex 5.5559916496276855 -48.918296813964844 0
vertex 5.5559916496276855 -48.918296813964844 5
endloop
endfacet
facet normal 0 1 0
outer loop
vertex 48.10599136352539 -29.918296813964844 3.549999952316284
vertex 43.555992126464844 -29.918296813964844 0
vertex 43.555992126464844 -29.918296813964844 5
endloop
endfacet
facet normal -1 0 0
outer loop
vertex 38.65599060058594 3.1817028522491455 0
vertex 38.65599060058594 -10.918296813964844 0
vertex 38.65599060058594 3.1817028522491455 5
endloop
endfacet
facet normal 0 1 0
outer loop
vertex 29.10599136352539 -29.918296813964844 3.549999952316284
vertex 24.555992126464844 -29.918296813964844 0
vertex 24.555992126464844 -29.918296813964844 5
endloop
endfacet
facet normal -1 0 0
outer loop
vertex 19.65599250793457 -10.918296813964844 0
vertex 19.65599250793457 -10.918296813964844 5
vertex 19.65599250793457 3.1817028522491455 5
endloop
endfacet
facet normal 0 1 0
outer loop
vertex 57.65599060058594 -29.918296813964844 0
vertex 53.10599136352539 -29.918296813964844 3.549999952316284
vertex 57.65599060058594 -29.918296813964844 5
endloop
endfacet
facet normal -1 0 0
outer loop
vertex 19.65599250793457 3.1817028522491455 0
vertex 19.65599250793457 -10.918296813964844 0
vertex 19.65599250793457 3.1817028522491455 5
endloop
endfacet
facet normal -1 0 0
outer loop
vertex 0.6559918522834778 10.306702613830566 5
vertex 0.6559918522834778 10.306702613830566 0
vertex 0.6559918522834778 -3.793297290802002 0
endloop
endfacet
facet normal 0 -1 0
outer loop
vertex 34.10599136352539 22.181703567504883 0
vertex 38.65599060058594 22.181703567504883 0
vertex 34.10599136352539 22.181703567504883 3.549999952316284
endloop
endfacet
facet normal 0 1 0
outer loop
vertex 19.65599250793457 -48.918296813964844 0
vertex 15.10599136352539 -48.918296813964844 3.549999952316284
vertex 19.65599250793457 -48.918296813964844 5
endloop
endfacet
facet normal 0 -1 0
outer loop
vertex 5.5559916496276855 -34.81829833984375 0
vertex 10.10599136352539 -34.81829833984375 3.549999952316284
vertex 5.5559916496276855 -34.81829833984375 5
endloop
endfacet
facet normal 0 -1 0
outer loop
vertex 15.10599136352539 -34.81829833984375 3.549999952316284
vertex 19.65599250793457 -34.81829833984375 0
vertex 19.65599250793457 -34.81829833984375 5
endloop
endfacet
facet normal 0 -1 0
outer loop
vertex 29.10599136352539 22.181703567504883 0
vertex 29.10599136352539 22.181703567504883 3.549999952316284
vertex 24.555992126464844 22.181703567504883 0
endloop
endfacet
facet normal 1 0 0
outer loop
vertex 43.555992126464844 -29.918296813964844 5
vertex 43.555992126464844 -15.818297386169434 0
vertex 43.555992126464844 -15.818297386169434 5
endloop
endfacet
facet normal 1 0 0
outer loop
vertex 62.555992126464844 -41.793296813964844 5
vertex 62.555992126464844 -27.693296432495117 0
vertex 62.555992126464844 -27.693296432495117 5
endloop
endfacet
facet normal 0 1 0
outer loop
vertex 38.65599060058594 8.081703186035156 0
vertex 34.10599136352539 8.081703186035156 0
vertex 34.10599136352539 8.081703186035156 3.549999952316284
endloop
endfacet
facet normal -1 0 0
outer loop
vertex 0.6559918522834778 -27.693296432495117 5
vertex 0.6559918522834778 -41.793296813964844 0
vertex 0.6559918522834778 -41.793296813964844 5
endloop
endfacet
facet normal -1 0 0
outer loop
vertex 57.65599060058594 -15.818297386169434 5
vertex 57.65599060058594 -29.918296813964844 0
vertex 57.65599060058594 -29.918296813964844 5
endloop
endfacet
facet normal 1 0 0
outer loop
vertex 5.5559916496276855 -48.918296813964844 5
vertex 5.5559916496276855 -34.81829833984375 0
vertex 5.5559916496276855 -34.81829833984375 5
endloop
endfacet
facet normal 0 -1 0
outer loop
vertex 38.65599060058594 3.1817028522491455 0
vertex 34.10599136352539 3.1817028522491455 3.549999952316284
vertex 34.10599136352539 3.1817028522491455 0
endloop
endfacet
facet normal -1 0 0
outer loop
vertex 19.65599250793457 -34.81829833984375 5
vertex 19.65599250793457 -48.918296813964844 0
vertex 19.65599250793457 -48.918296813964844 5
endloop
endfacet
facet normal 0 1 0
outer loop
vertex 29.10599136352539 -48.918296813964844 3.549999952316284
vertex 24.555992126464844 -48.918296813964844 0
vertex 24.555992126464844 -48.918296813964844 5
endloop
endfacet
facet normal 0 1 0
outer loop
vertex 38.65599060058594 -48.918296813964844 0
vertex 34.10599136352539 -48.918296813964844 3.549999952316284
vertex 38.65599060058594 -48.918296813964844 5
endloop
endfacet
facet normal 0 -1 0
outer loop
vertex 43.555992126464844 -15.818297386169434 5
vertex 43.555992126464844 -15.818297386169434 0
vertex 48.10599136352539 -15.818297386169434 3.549999952316284
endloop
endfacet
facet normal 0 1 0
outer loop
vertex 29.10599136352539 8.081703186035156 0
vertex 24.555992126464844 8.081703186035156 0
vertex 29.10599136352539 8.081703186035156 3.549999952316284
endloop
endfacet
facet normal 0 1 0
outer loop
vertex 48.10599136352539 -10.918296813964844 3.549999952316284
vertex 43.555992126464844 -10.918296813964844 0
vertex 43.555992126464844 -10.918296813964844 5
endloop
endfacet
facet normal 0 -1 0
outer loop
vertex 24.555992126464844 3.1817028522491455 0
vertex 29.10599136352539 3.1817028522491455 0
vertex 29.10599136352539 3.1817028522491455 3.549999952316284
endloop
endfacet
facet normal 0 -1 0
outer loop
vertex 19.65599250793457 3.1817028522491455 0
vertex 15.10599136352539 3.1817028522491455 3.549999952316284
vertex 15.10599136352539 3.1817028522491455 0
endloop
endfacet
facet normal 0 -1 0
outer loop
vertex 53.10599136352539 -15.818297386169434 3.549999952316284
vertex 57.65599060058594 -15.818297386169434 0
vertex 57.65599060058594 -15.818297386169434 5
endloop
endfacet
facet normal 0 1 0
outer loop
vertex 19.65599250793457 -10.918296813964844 0
vertex 15.10599136352539 -10.918296813964844 3.549999952316284
vertex 19.65599250793457 -10.918296813964844 5
endloop
endfacet
facet normal 0 -1 0
outer loop
vertex 24.555992126464844 -34.81829833984375 0
vertex 29.10599136352539 -34.81829833984375 3.549999952316284
vertex 24.555992126464844 -34.81829833984375 5
endloop
endfacet
facet normal 0 -1 0
outer loop
vertex 34.10599136352539 -34.81829833984375 3.549999952316284
vertex 38.65599060058594 -34.81829833984375 0
vertex 38.65599060058594 -34.81829833984375 5
endloop
endfacet
facet normal 1 0 0
outer loop
vertex 24.555992126464844 -48.918296813964844 5
vertex 24.555992126464844 -34.81829833984375 0
vertex 24.555992126464844 -34.81829833984375 5
endloop
endfacet
facet normal 0 -1 0
outer loop
vertex 15.10599136352539 -15.818297386169434 3.549999952316284
vertex 19.65599250793457 -15.818297386169434 0
vertex 19.65599250793457 -15.818297386169434 5
endloop
endfacet
facet normal -1 0 0
outer loop
vertex 38.65599060058594 -34.81829833984375 5
vertex 38.65599060058594 -48.918296813964844 0
vertex 38.65599060058594 -48.918296813964844 5
endloop
endfacet
facet normal 0 -1 0
outer loop
vertex 5.5559916496276855 3.1817028522491455 0
vertex 10.10599136352539 3.1817028522491455 0
vertex 10.10599136352539 3.1817028522491455 3.549999952316284
endloop
endfacet
facet normal 0 -1 0
outer loop
vertex 62.555992126464844 -8.693297386169434 5
vertex 72.10599517822266 -8.693297386169434 3.549999952316284
vertex 76.65599060058594 -8.693297386169434 5
endloop
endfacet
facet normal 0 1 0
outer loop
vertex 76.65599060058594 -3.793297290802002 5
vertex 67.10599517822266 -3.793297290802002 3.549999952316284
vertex 62.555992126464844 -3.793297290802002 5
endloop
endfacet
facet normal 0 1 0
outer loop
vertex 76.65599060058594 -3.793297290802002 5
vertex 72.10599517822266 -3.793297290802002 3.549999952316284
vertex 67.10599517822266 -3.793297290802002 3.549999952316284
endloop
endfacet
facet normal 0 -1 0
outer loop
vertex 62.555992126464844 -8.693297386169434 5
vertex 67.10599517822266 -8.693297386169434 3.549999952316284
vertex 72.10599517822266 -8.693297386169434 3.549999952316284
endloop
endfacet
facet normal 0 1 0
outer loop
vertex 76.65599060058594 -22.793296813964844 5
vertex 67.10599517822266 -22.793296813964844 3.549999952316284
vertex 62.555992126464844 -22.793296813964844 5
endloop
endfacet
facet normal 0 -1 0
outer loop
vertex 62.555992126464844 -27.693296432495117 5
vertex 72.10599517822266 -27.693296432495117 3.549999952316284
vertex 76.65599060058594 -27.693296432495117 5
endloop
endfacet
facet normal 0 1 0
outer loop
vertex 76.65599060058594 -22.793296813964844 5
vertex 72.10599517822266 -22.793296813964844 3.549999952316284
vertex 67.10599517822266 -22.793296813964844 3.549999952316284
endloop
endfacet
facet normal 0 -1 0
outer loop
vertex 62.555992126464844 -27.693296432495117 5
vertex 67.10599517822266 -27.693296432495117 3.549999952316284
vertex 72.10599517822266 -27.693296432495117 3.549999952316284
endloop
endfacet
facet normal 0 1 0
outer loop
vertex 57.65599060058594 -10.918296813964844 5
vertex 48.10599136352539 -10.918296813964844 3.549999952316284
vertex 43.555992126464844 -10.918296813964844 5
endloop
endfacet
facet normal 0 -1 0
outer loop
vertex 43.555992126464844 -15.818297386169434 5
vertex 53.10599136352539 -15.818297386169434 3.549999952316284
vertex 57.65599060058594 -15.818297386169434 5
endloop
endfacet
facet normal 0 1 0
outer loop
vertex 57.65599060058594 -10.918296813964844 5
vertex 53.10599136352539 -10.918296813964844 3.549999952316284
vertex 48.10599136352539 -10.918296813964844 3.549999952316284
endloop
endfacet
facet normal 0 -1 0
outer loop
vertex 43.555992126464844 -15.818297386169434 5
vertex 48.10599136352539 -15.818297386169434 3.549999952316284
vertex 53.10599136352539 -15.818297386169434 3.549999952316284
endloop
endfacet
facet normal 0 1 0
outer loop
vertex 57.65599060058594 -29.918296813964844 5
vertex 48.10599136352539 -29.918296813964844 3.549999952316284
vertex 43.555992126464844 -29.918296813964844 5
endloop
endfacet
facet normal 0 1 0
outer loop
vertex 57.65599060058594 -29.918296813964844 5
vertex 53.10599136352539 -29.918296813964844 3.549999952316284
vertex 48.10599136352539 -29.918296813964844 3.549999952316284
endloop
endfacet
facet normal 0 1 0
outer loop
vertex 10.10599136352539 -10.918296813964844 3.549999952316284
vertex 5.5559916496276855 -10.918296813964844 0
vertex 5.5559916496276855 -10.918296813964844 5
endloop
endfacet
facet normal 0 -1 0
outer loop
vertex 5.5559916496276855 -15.818297386169434 5
vertex 5.5559916496276855 -15.818297386169434 0
vertex 10.10599136352539 -15.818297386169434 3.549999952316284
endloop
endfacet
facet normal 0 1 0
outer loop
vertex 19.65599250793457 -48.918296813964844 5
vertex 15.10599136352539 -48.918296813964844 3.549999952316284
vertex 10.10599136352539 -48.918296813964844 3.549999952316284
endloop
endfacet
facet normal 0 1 0
outer loop
vertex 57.65599060058594 -10.918296813964844 0
vertex 53.10599136352539 -10.918296813964844 3.549999952316284
vertex 57.65599060058594 -10.918296813964844 5
endloop
endfacet
facet normal 0 1 0
outer loop
vertex 19.65599250793457 -48.918296813964844 5
vertex 10.10599136352539 -48.918296813964844 3.549999952316284
vertex 5.5559916496276855 -48.918296813964844 5
endloop
endfacet
facet normal 0 1 0
outer loop
vertex 76.65599060058594 -3.793297290802002 0
vertex 72.10599517822266 -3.793297290802002 3.549999952316284
vertex 76.65599060058594 -3.793297290802002 5
endloop
endfacet
facet normal 0 -1 0
outer loop
vertex 72.10599517822266 -8.693297386169434 3.549999952316284
vertex 76.65599060058594 -8.693297386169434 0
vertex 76.65599060058594 -8.693297386169434 5
endloop
endfacet
facet normal 0 1 0
outer loop
vertex 67.10599517822266 -3.793297290802002 3.549999952316284
vertex 62.555992126464844 -3.793297290802002 0
vertex 62.555992126464844 -3.793297290802002 5
endloop
endfacet
facet normal 0 -1 0
outer loop
vertex 62.555992126464844 -8.693297386169434 5
vertex 62.555992126464844 -8.693297386169434 0
vertex 67.10599517822266 -8.693297386169434 3.549999952316284
endloop
endfacet
facet normal -1 0 0
outer loop
vertex 19.65599250793457 -15.818297386169434 5
vertex 19.65599250793457 -29.918296813964844 0
vertex 19.65599250793457 -29.918296813964844 5
endloop
endfacet
facet normal 1 0 0
outer loop
vertex 5.5559916496276855 -29.918296813964844 5
vertex 5.5559916496276855 -15.818297386169434 0
vertex 5.5559916496276855 -15.818297386169434 5
endloop
endfacet
facet normal -1 0 0
outer loop
vertex 0.6559918522834778 -8.693297386169434 5
vertex 0.6559918522834778 -22.793296813964844 0
vertex 0.6559918522834778 -22.793296813964844 5
endloop
endfacet
facet normal 1 0 0
outer loop
vertex 62.555992126464844 -22.793296813964844 5
vertex 62.555992126464844 -8.693297386169434 0
vertex 62.555992126464844 -8.693297386169434 5
endloop
endfacet
facet normal 0 -1 0
outer loop
vertex 5.5559916496276855 -34.81829833984375 5
vertex 10.10599136352539 -34.81829833984375 3.549999952316284
vertex 15.10599136352539 -34.81829833984375 3.549999952316284
endloop
endfacet
facet normal 0 -1 0
outer loop
vertex 5.5559916496276855 -34.81829833984375 5
vertex 15.10599136352539 -34.81829833984375 3.549999952316284
vertex 19.65599250793457 -34.81829833984375 5
endloop
endfacet
facet normal -1 0 0
outer loop
vertex 57.65599060058594 -10.918296813964844 0
vertex 57.65599060058594 -10.918296813964844 5
vertex 57.65599060058594 -5.205994129180908 5
endloop
endfacet
facet normal 0 1 0
outer loop
vertex 38.65599060058594 -48.918296813964844 5
vertex 34.10599136352539 -48.918296813964844 3.549999952316284
vertex 29.10599136352539 -48.918296813964844 3.549999952316284
endloop
endfacet
facet normal 0 1 0
outer loop
vertex 19.65599250793457 -29.918296813964844 0
vertex 15.10599136352539 -29.918296813964844 3.549999952316284
vertex 19.65599250793457 -29.918296813964844 5
endloop
endfacet
facet normal -1 0 0
outer loop
vertex 76.65599060058594 -8.693297386169434 5
vertex 76.65599060058594 -22.793296813964844 0
vertex 76.65599060058594 -22.793296813964844 5
endloop
endfacet
facet normal 0 1 0
outer loop
vertex 38.65599060058594 -48.918296813964844 5
vertex 29.10599136352539 -48.918296813964844 3.549999952316284
vertex 24.555992126464844 -48.918296813964844 5
endloop
endfacet
facet normal 0 -1 0
outer loop
vertex 24.555992126464844 -34.81829833984375 5
vertex 29.10599136352539 -34.81829833984375 3.549999952316284
vertex 34.10599136352539 -34.81829833984375 3.549999952316284
endloop
endfacet
facet normal 0 -1 0
outer loop
vertex 24.555992126464844 -34.81829833984375 5
vertex 34.10599136352539 -34.81829833984375 3.549999952316284
vertex 38.65599060058594 -34.81829833984375 5
endloop
endfacet
facet normal 0 1 0
outer loop
vertex 10.10599136352539 -29.918296813964844 3.549999952316284
vertex 5.5559916496276855 -29.918296813964844 0
vertex 5.5559916496276855 -29.918296813964844 5
endloop
endfacet
facet normal 0 1 0
outer loop
vertex 76.65599060058594 -22.793296813964844 0
vertex 72.10599517822266 -22.793296813964844 3.549999952316284
vertex 76.65599060058594 -22.793296813964844 5
endloop
endfacet
facet normal 0 -1 0
outer loop
vertex 72.10599517822266 -27.693296432495117 3.549999952316284
vertex 76.65599060058594 -27.693296432495117 0
vertex 76.65599060058594 -27.693296432495117 5
endloop
endfacet
facet normal 0 1 0
outer loop
vertex 67.10599517822266 -22.793296813964844 3.549999952316284
vertex 62.555992126464844 -22.793296813964844 0
vertex 62.555992126464844 -22.793296813964844 5
endloop
endfacet
facet normal 0 -1 0
outer loop
vertex 62.555992126464844 -27.693296432495117 5
vertex 62.555992126464844 -27.693296432495117 0
vertex 67.10599517822266 -27.693296432495117 3.549999952316284
endloop
endfacet
facet normal 0.8660254386410425 -0.49999993962542505 -0.0000010776263611805422
outer loop
vertex -41.408485412597656 12.456223487854004 5
vertex -39.133487701416016 16.396638870239258 3.549999952316284
vertex -36.633487701416016 20.72676658630371 3.549999952316284
endloop
endfacet
facet normal -0.8660256627508376 0.49999955145677116 0
outer loop
vertex -37.48052978515625 29.207181930541992 0
vertex -39.75552749633789 25.266765594482422 0
vertex -39.75552749633789 25.266765594482422 3.549999952316284
endloop
endfacet
facet normal 0.8660261305851917 -0.4999987411420556 0
outer loop
vertex -68.53448486328125 41.892765045166016 3.549999952316284
vertex -66.25949096679688 45.83318328857422 0
vertex -66.25949096679688 45.83318328857422 5
endloop
endfacet
facet normal 0.8660254045146148 -0.49999999873529777 0
outer loop
vertex -51.966487884521484 32.31676483154297 0
vertex -49.69148635864258 36.25718307495117 0
vertex -51.966487884521484 32.31676483154297 3.549999952316284
endloop
endfacet
facet normal 0.5000000091646493 0.8660253984932259 0
outer loop
vertex -61.09852981567383 26.572223663330078 5
vertex -73.30948638916016 33.622222900390625 0
vertex -73.30948638916016 33.622222900390625 5
endloop
endfacet
facet normal -0.8660255579515819 0.4999997329745803 0
outer loop
vertex -54.04853057861328 38.783180236816406 0
vertex -56.32352828979492 34.84276580810547 0
vertex -56.32352828979492 34.84276580810547 3.549999952316284
endloop
endfacet
facet normal -0.8660255579515819 0.4999997329745802 0
outer loop
vertex -54.04853057861328 38.783180236816406 0
vertex -56.32352828979492 34.84276580810547 3.549999952316284
vertex -54.04853057861328 38.783180236816406 5
endloop
endfacet
facet normal 0.8660254045146147 -0.4999999987352977 0
outer loop
vertex -51.966487884521484 32.31676483154297 3.549999952316284
vertex -49.69148635864258 36.25718307495117 0
vertex -49.69148635864258 36.25718307495117 5
endloop
endfacet
facet normal -0.5000000949242376 -0.8660253489798975 0
outer loop
vertex -66.25949096679688 45.83318328857422 5
vertex -54.04853057861328 38.783180236816406 0
vertex -54.04853057861328 38.783180236816406 5
endloop
endfacet
facet normal 0.8660251949157778 -0.5000003617709581 0
outer loop
vertex -73.30948638916016 33.622222900390625 0
vertex -71.03448486328125 37.56263732910156 3.549999952316284
vertex -73.30948638916016 33.622222900390625 5
endloop
endfacet
facet normal -0.8660252997152534 0.500000180253073 0
outer loop
vertex -58.82352828979492 30.51263999938965 0
vertex -61.09852981567383 26.572223663330078 0
vertex -58.82352828979492 30.51263999938965 3.549999952316284
endloop
endfacet
facet normal 0.8660254386405323 -0.49999993962513045 0.0000015295887071284995
outer loop
vertex -73.30948638916016 33.622222900390625 5
vertex -71.03448486328125 37.56263732910156 3.549999952316284
vertex -68.53448486328125 41.892765045166016 3.549999952316284
endloop
endfacet
facet normal -0.5000001106193651 -0.8660253399183091 0
outer loop
vertex -37.48052978515625 29.207181930541992 0
vertex -49.69148635864258 36.25718307495117 5
vertex -49.69148635864258 36.25718307495117 0
endloop
endfacet
facet normal -0.8660253432723602 0.5000001048059596 -0.000002004992338330242
outer loop
vertex -37.48052978515625 29.207181930541992 5
vertex -39.75552749633789 25.266765594482422 3.549999952316284
vertex -42.25552749633789 20.9366397857666 3.549999952316284
endloop
endfacet
facet normal 0.8660261305851917 -0.49999874114205556 0
outer loop
vertex -66.25949096679688 45.83318328857422 0
vertex -68.53448486328125 41.892765045166016 3.549999952316284
vertex -68.53448486328125 41.892765045166016 0
endloop
endfacet
facet normal -0.8660253909578105 0.5000000222163145 -2.3770177457383578e-7
outer loop
vertex -24.422529220581055 13.676766395568848 3.549999952316284
vertex -26.922529220581055 9.346639633178711 3.549999952316284
vertex -22.14752960205078 17.6171817779541 5
endloop
endfacet
facet normal 0.8660251949157779 -0.5000003617709581 0
outer loop
vertex -71.03448486328125 37.56263732910156 0
vertex -71.03448486328125 37.56263732910156 3.549999952316284
vertex -73.30948638916016 33.622222900390625 0
endloop
endfacet
facet normal 0.5000001106193651 0.8660253399183091 0
outer loop
vertex -44.5305290222168 16.99622344970703 5
vertex -56.741485595703125 24.04622459411621 0
vertex -56.741485595703125 24.04622459411621 5
endloop
endfacet
facet normal -0.8660252997152534 0.500000180253073 0
outer loop
vertex -42.25552749633789 20.9366397857666 3.549999952316284
vertex -44.5305290222168 16.99622344970703 0
vertex -44.5305290222168 16.99622344970703 5
endloop
endfacet
facet normal -0.5000000949242376 -0.8660253489798975 0
outer loop
vertex -66.25949096679688 45.83318328857422 0
vertex -54.04853057861328 38.783180236816406 0
vertex -66.25949096679688 45.83318328857422 5
endloop
endfacet
facet normal 0.8660255832743569 -0.4999996891024154 0.000003434819959227104
outer loop
vertex -73.30948638916016 33.622222900390625 5
vertex -68.53448486328125 41.892765045166016 3.549999952316284
vertex -66.25949096679688 45.83318328857422 5
endloop
endfacet
facet normal -0.5000000091646493 -0.8660253984932259 0
outer loop
vertex -34.35848617553711 24.66718101501465 0
vertex -22.14752960205078 17.6171817779541 0
vertex -34.35848617553711 24.66718101501465 5
endloop
endfacet
facet normal 0.5000000345283302 0.866025383849497 0
outer loop
vertex -29.197528839111328 5.406223773956299 0
vertex -41.408485412597656 12.456223487854004 0
vertex -29.197528839111328 5.406223773956299 5
endloop
endfacet
facet normal 0.5000001106193651 0.8660253399183091 0
outer loop
vertex -44.5305290222168 16.99622344970703 0
vertex -56.741485595703125 24.04622459411621 0
vertex -44.5305290222168 16.99622344970703 5
endloop
endfacet
facet normal -0.8660252997152534 0.500000180253073 0
outer loop
vertex -42.25552749633789 20.9366397857666 0
vertex -44.5305290222168 16.99622344970703 0
vertex -42.25552749633789 20.9366397857666 3.549999952316284
endloop
endfacet
facet normal 0.8660255579515819 -0.4999997329745803 0
outer loop
vertex -54.466487884521484 27.98663902282715 0
vertex -54.466487884521484 27.98663902282715 3.549999952316284
vertex -56.741485595703125 24.04622459411621 0
endloop
endfacet
facet normal 0.8660255579515819 -0.4999997329745802 0
outer loop
vertex -56.741485595703125 24.04622459411621 0
vertex -54.466487884521484 27.98663902282715 3.549999952316284
vertex -56.741485595703125 24.04622459411621 5
endloop
endfacet
facet normal -0.8660252997152534 0.500000180253073 0
outer loop
vertex -58.82352828979492 30.51263999938965 3.549999952316284
vertex -61.09852981567383 26.572223663330078 0
vertex -61.09852981567383 26.572223663330078 5
endloop
endfacet
facet normal 0.8660253432733149 -0.5000001048065108 -0.0000013472857969897535
outer loop
vertex -56.741485595703125 24.04622459411621 5
vertex -54.466487884521484 27.98663902282715 3.549999952316284
vertex -51.966487884521484 32.31676483154297 3.549999952316284
endloop
endfacet
facet normal -0.8660254550332338 0.4999999112344724 0
outer loop
vertex -26.922529220581055 9.346639633178711 0
vertex -29.197528839111328 5.406223773956299 0
vertex -26.922529220581055 9.346639633178711 3.549999952316284
endloop
endfacet
facet normal -0.8660253432733149 0.5000001048065108 -0.0000013472857969897535
outer loop
vertex -54.04853057861328 38.783180236816406 5
vertex -56.32352828979492 34.84276580810547 3.549999952316284
vertex -58.82352828979492 30.51263999938965 3.549999952316284
endloop
endfacet
facet normal -0.8660253984930594 0.5000000091645532 -6.199169849845922e-7
outer loop
vertex -58.82352828979492 30.51263999938965 3.549999952316284
vertex -61.09852981567383 26.572223663330078 5
vertex -54.04853057861328 38.783180236816406 5
endloop
endfacet
facet normal 0.8660254323114503 -0.4999999505897325 -1.7444930941750702e-7
outer loop
vertex -56.741485595703125 24.04622459411621 5
vertex -51.966487884521484 32.31676483154297 3.549999952316284
vertex -49.69148635864258 36.25718307495117 5
endloop
endfacet
facet normal -0.8660254550332338 0.4999999112344724 0
outer loop
vertex -26.922529220581055 9.346639633178711 3.549999952316284
vertex -29.197528839111328 5.406223773956299 0
vertex -29.197528839111328 5.406223773956299 5
endloop
endfacet
facet normal 0.5000000345283302 0.866025383849497 0
outer loop
vertex -29.197528839111328 5.406223773956299 5
vertex -41.408485412597656 12.456223487854004 0
vertex -41.408485412597656 12.456223487854004 5
endloop
endfacet
facet normal 0.866025610351224 -0.499999642215662 0
outer loop
vertex -41.408485412597656 12.456223487854004 5
vertex -41.408485412597656 12.456223487854004 0
vertex -39.133487701416016 16.396638870239258 3.549999952316284
endloop
endfacet
facet normal -0.8660256627508376 0.4999995514567712 0
outer loop
vertex -37.48052978515625 29.207181930541992 0
vertex -39.75552749633789 25.266765594482422 3.549999952316284
vertex -37.48052978515625 29.207181930541992 5
endloop
endfacet
facet normal 0.8660251949157778 -0.5000003617709581 0
outer loop
vertex -36.633487701416016 20.72676658630371 3.549999952316284
vertex -34.35848617553711 24.66718101501465 0
vertex -34.35848617553711 24.66718101501465 5
endloop
endfacet
facet normal -0.866025428833396 0.49999995661393076 0
outer loop
vertex -22.14752960205078 17.6171817779541 0
vertex -24.422529220581055 13.676766395568848 3.549999952316284
vertex -22.14752960205078 17.6171817779541 5
endloop
endfacet
facet normal -0.5000000091646493 -0.8660253984932259 0
outer loop
vertex -34.35848617553711 24.66718101501465 5
vertex -22.14752960205078 17.6171817779541 0
vertex -22.14752960205078 17.6171817779541 5
endloop
endfacet
facet normal -0.8660254238568887 0.4999999652334568 1.9565835742150044e-7
outer loop
vertex -29.197528839111328 5.406223773956299 5
vertex -22.14752960205078 17.6171817779541 5
vertex -26.922529220581055 9.346639633178711 3.549999952316284
endloop
endfacet
facet normal 0.8660254154015171 -0.4999999798767146 -0.000001383742699666783
outer loop
vertex -41.408485412597656 12.456223487854004 5
vertex -36.633487701416016 20.72676658630371 3.549999952316284
vertex -34.35848617553711 24.66718101501465 5
endloop
endfacet
facet normal -0.8660254323111637 0.499999950589567 -8.321556479012051e-7
outer loop
vertex -37.48052978515625 29.207181930541992 5
vertex -42.25552749633789 20.9366397857666 3.549999952316284
vertex -44.5305290222168 16.99622344970703 5
endloop
endfacet
facet normal -0.5000001106193651 -0.8660253399183091 0
outer loop
vertex -49.69148635864258 36.25718307495117 5
vertex -37.48052978515625 29.207181930541992 0
vertex -37.48052978515625 29.207181930541992 5
endloop
endfacet
facet normal 0.8660256103512239 -0.499999642215662 0
outer loop
vertex -41.408485412597656 12.456223487854004 0
vertex -39.133487701416016 16.396638870239258 0
vertex -39.133487701416016 16.396638870239258 3.549999952316284
endloop
endfacet
facet normal -0.866025428833396 0.4999999566139307 0
outer loop
vertex -22.14752960205078 17.6171817779541 0
vertex -24.422529220581055 13.676766395568848 0
vertex -24.422529220581055 13.676766395568848 3.549999952316284
endloop
endfacet
facet normal 0.8660251949157779 -0.5000003617709581 0
outer loop
vertex -36.633487701416016 20.72676658630371 0
vertex -34.35848617553711 24.66718101501465 0
vertex -36.633487701416016 20.72676658630371 3.549999952316284
endloop
endfacet
facet normal 0.5000000091646493 0.8660253984932259 0
outer loop
vertex -61.09852981567383 26.572223663330078 0
vertex -73.30948638916016 33.622222900390625 0
vertex -61.09852981567383 26.572223663330078 5
endloop
endfacet
facet normal -1 0 0
outer loop
vertex 53.10599136352539 -48.918296813964844 3.549999952316284
vertex 53.10599136352539 -49.6182975769043 0
vertex 53.10599136352539 -49.6182975769043 3.549999952316284
endloop
endfacet
facet normal 1 0 0
outer loop
vertex 48.10599136352539 -49.6182975769043 3.549999952316284
vertex 48.10599136352539 -48.918296813964844 0
vertex 48.10599136352539 -48.918296813964844 3.549999952316284
endloop
endfacet
facet normal -1 0 0
outer loop
vertex 53.10599136352539 -34.1182975769043 0
vertex 53.10599136352539 -34.81829833984375 0
vertex 53.10599136352539 -34.1182975769043 3.549999952316284
endloop
endfacet
facet normal 1 0 0
outer loop
vertex 48.10599136352539 -34.81829833984375 3.549999952316284
vertex 48.10599136352539 -34.1182975769043 0
vertex 48.10599136352539 -34.1182975769043 3.549999952316284
endloop
endfacet
facet normal 0 -1 0
outer loop
vertex 48.10599136352539 -34.1182975769043 3.549999952316284
vertex 48.10599136352539 -34.1182975769043 0
vertex 53.10599136352539 -34.1182975769043 3.549999952316284
endloop
endfacet
facet normal 0 -1 0
outer loop
vertex 53.10599136352539 -34.1182975769043 0
vertex 53.10599136352539 -34.1182975769043 3.549999952316284
vertex 48.10599136352539 -34.1182975769043 0
endloop
endfacet
facet normal -1 0 0
outer loop
vertex 53.10599136352539 -34.1182975769043 3.549999952316284
vertex 53.10599136352539 -34.81829833984375 0
vertex 53.10599136352539 -34.81829833984375 3.549999952316284
endloop
endfacet
facet normal 1 0 0
outer loop
vertex 48.10599136352539 -34.81829833984375 3.549999952316284
vertex 48.10599136352539 -34.81829833984375 0
vertex 48.10599136352539 -34.1182975769043 0
endloop
endfacet
facet normal 0 0 -1
outer loop
vertex 53.10599136352539 -34.1182975769043 3.549999952316284
vertex 53.10599136352539 -34.81829833984375 3.549999952316284
vertex 48.10599136352539 -34.1182975769043 3.549999952316284
endloop
endfacet
facet normal 0 0 -1
outer loop
vertex 48.10599136352539 -34.1182975769043 3.549999952316284
vertex 53.10599136352539 -34.81829833984375 3.549999952316284
vertex 48.10599136352539 -34.81829833984375 3.549999952316284
endloop
endfacet
facet normal -1 0 0
outer loop
vertex 53.10599136352539 -48.918296813964844 0
vertex 53.10599136352539 -49.6182975769043 0
vertex 53.10599136352539 -48.918296813964844 3.549999952316284
endloop
endfacet
facet normal 0 1 0
outer loop
vertex 53.10599136352539 -49.6182975769043 0
vertex 48.10599136352539 -49.6182975769043 0
vertex 48.10599136352539 -49.6182975769043 3.549999952316284
endloop
endfacet
facet normal 1 0 0
outer loop
vertex 48.10599136352539 -48.918296813964844 0
vertex 48.10599136352539 -49.6182975769043 3.549999952316284
vertex 48.10599136352539 -49.6182975769043 0
endloop
endfacet
facet normal 0 0 -1
outer loop
vertex 53.10599136352539 -48.918296813964844 3.549999952316284
vertex 53.10599136352539 -49.6182975769043 3.549999952316284
vertex 48.10599136352539 -48.918296813964844 3.549999952316284
endloop
endfacet
facet normal 0 1 0
outer loop
vertex 53.10599136352539 -49.6182975769043 0
vertex 48.10599136352539 -49.6182975769043 3.549999952316284
vertex 53.10599136352539 -49.6182975769043 3.549999952316284
endloop
endfacet
facet normal 0 0 -1
outer loop
vertex 53.10599136352539 -49.6182975769043 3.549999952316284
vertex 48.10599136352539 -49.6182975769043 3.549999952316284
vertex 48.10599136352539 -48.918296813964844 3.549999952316284
endloop
endfacet
facet normal 1 0 0
outer loop
vertex 29.10599136352539 -34.81829833984375 3.549999952316284
vertex 29.10599136352539 -34.1182975769043 0
vertex 29.10599136352539 -34.1182975769043 3.549999952316284
endloop
endfacet
facet normal 1 0 0
outer loop
vertex 29.10599136352539 -48.918296813964844 0
vertex 29.10599136352539 -49.6182975769043 3.549999952316284
vertex 29.10599136352539 -49.6182975769043 0
endloop
endfacet
facet normal 0 1 0
outer loop
vertex 29.10599136352539 -49.6182975769043 0
vertex 29.10599136352539 -49.6182975769043 3.549999952316284
vertex 34.10599136352539 -49.6182975769043 0
endloop
endfacet
facet normal 0 -1 0
outer loop
vertex 29.10599136352539 -34.1182975769043 3.549999952316284
vertex 29.10599136352539 -34.1182975769043 0
vertex 34.10599136352539 -34.1182975769043 3.549999952316284
endloop
endfacet
facet normal -1 0 0
outer loop
vertex 34.10599136352539 -48.918296813964844 0
vertex 34.10599136352539 -49.6182975769043 0
vertex 34.10599136352539 -48.918296813964844 3.549999952316284
endloop
endfacet
facet normal 1 0 0
outer loop
vertex 29.10599136352539 -34.81829833984375 3.549999952316284
vertex 29.10599136352539 -34.81829833984375 0
vertex 29.10599136352539 -34.1182975769043 0
endloop
endfacet
facet normal 0 -1 0
outer loop
vertex 34.10599136352539 -34.1182975769043 0
vertex 34.10599136352539 -34.1182975769043 3.549999952316284
vertex 29.10599136352539 -34.1182975769043 0
endloop
endfacet
facet normal -1 0 0
outer loop
vertex 34.10599136352539 -34.1182975769043 0
vertex 34.10599136352539 -34.81829833984375 0
vertex 34.10599136352539 -34.1182975769043 3.549999952316284
endloop
endfacet
facet normal -1 0 0
outer loop
vertex 34.10599136352539 -48.918296813964844 3.549999952316284
vertex 34.10599136352539 -49.6182975769043 0
vertex 34.10599136352539 -49.6182975769043 3.549999952316284
endloop
endfacet
facet normal 0 1 0
outer loop
vertex 34.10599136352539 -49.6182975769043 0
vertex 29.10599136352539 -49.6182975769043 3.549999952316284
vertex 34.10599136352539 -49.6182975769043 3.549999952316284
endloop
endfacet
facet normal 0 0 -1
outer loop
vertex 34.10599136352539 -49.6182975769043 3.549999952316284
vertex 29.10599136352539 -49.6182975769043 3.549999952316284
vertex 29.10599136352539 -48.918296813964844 3.549999952316284
endloop
endfacet
facet normal 1 0 0
outer loop
vertex 29.10599136352539 -49.6182975769043 3.549999952316284
vertex 29.10599136352539 -48.918296813964844 0
vertex 29.10599136352539 -48.918296813964844 3.549999952316284
endloop
endfacet
facet normal -1 0 0
outer loop
vertex 34.10599136352539 -34.1182975769043 3.549999952316284
vertex 34.10599136352539 -34.81829833984375 0
vertex 34.10599136352539 -34.81829833984375 3.549999952316284
endloop
endfacet
facet normal 0 0 -1
outer loop
vertex 34.10599136352539 -48.918296813964844 3.549999952316284
vertex 34.10599136352539 -49.6182975769043 3.549999952316284
vertex 29.10599136352539 -48.918296813964844 3.549999952316284
endloop
endfacet
facet normal 0 0 -1
outer loop
vertex 29.10599136352539 -34.1182975769043 3.549999952316284
vertex 34.10599136352539 -34.81829833984375 3.549999952316284
vertex 29.10599136352539 -34.81829833984375 3.549999952316284
endloop
endfacet
facet normal 0 0 -1
outer loop
vertex 34.10599136352539 -34.1182975769043 3.549999952316284
vertex 34.10599136352539 -34.81829833984375 3.549999952316284
vertex 29.10599136352539 -34.1182975769043 3.549999952316284
endloop
endfacet
facet normal -1 0 0
outer loop
vertex 15.10599136352539 -34.1182975769043 0
vertex 15.10599136352539 -34.81829833984375 0
vertex 15.10599136352539 -34.1182975769043 3.549999952316284
endloop
endfacet
facet normal 1 0 0
outer loop
vertex 10.10599136352539 -34.81829833984375 3.549999952316284
vertex 10.10599136352539 -34.1182975769043 0
vertex 10.10599136352539 -34.1182975769043 3.549999952316284
endloop
endfacet
facet normal 0 -1 0
outer loop
vertex 15.10599136352539 -34.1182975769043 0
vertex 15.10599136352539 -34.1182975769043 3.549999952316284
vertex 10.10599136352539 -34.1182975769043 0
endloop
endfacet
facet normal 0 0 -1
outer loop
vertex 15.10599136352539 -34.1182975769043 3.549999952316284
vertex 15.10599136352539 -34.81829833984375 3.549999952316284
vertex 10.10599136352539 -34.1182975769043 3.549999952316284
endloop
endfacet
facet normal -1 0 0
outer loop
vertex 15.10599136352539 -48.918296813964844 3.549999952316284
vertex 15.10599136352539 -49.6182975769043 0
vertex 15.10599136352539 -49.6182975769043 3.549999952316284
endloop
endfacet
facet normal -1 0 0
outer loop
vertex 15.10599136352539 -48.918296813964844 0
vertex 15.10599136352539 -49.6182975769043 0
vertex 15.10599136352539 -48.918296813964844 3.549999952316284
endloop
endfacet
facet normal 0 0 -1
outer loop
vertex 10.10599136352539 -34.81829833984375 3.549999952316284
vertex 10.10599136352539 -34.1182975769043 3.549999952316284
vertex 15.10599136352539 -34.81829833984375 3.549999952316284
endloop
endfacet
facet normal 1 0 0
outer loop
vertex 10.10599136352539 -34.81829833984375 3.549999952316284
vertex 10.10599136352539 -34.81829833984375 0
vertex 10.10599136352539 -34.1182975769043 0
endloop
endfacet
facet normal 0 1 0
outer loop
vertex 15.10599136352539 -49.6182975769043 0
vertex 10.10599136352539 -49.6182975769043 3.549999952316284
vertex 15.10599136352539 -49.6182975769043 3.549999952316284
endloop
endfacet
facet normal 1 0 0
outer loop
vertex 10.10599136352539 -49.6182975769043 3.549999952316284
vertex 10.10599136352539 -48.918296813964844 0
vertex 10.10599136352539 -48.918296813964844 3.549999952316284
endloop
endfacet
facet normal -1 0 0
outer loop
vertex 15.10599136352539 -34.1182975769043 3.549999952316284
vertex 15.10599136352539 -34.81829833984375 0
vertex 15.10599136352539 -34.81829833984375 3.549999952316284
endloop
endfacet
facet normal 0 -1 0
outer loop
vertex 10.10599136352539 -34.1182975769043 3.549999952316284
vertex 10.10599136352539 -34.1182975769043 0
vertex 15.10599136352539 -34.1182975769043 3.549999952316284
endloop
endfacet
facet normal 0 0 -1
outer loop
vertex 15.10599136352539 -48.918296813964844 3.549999952316284
vertex 15.10599136352539 -49.6182975769043 3.549999952316284
vertex 10.10599136352539 -48.918296813964844 3.549999952316284
endloop
endfacet
facet normal 0 0 -1
outer loop
vertex 15.10599136352539 -49.6182975769043 3.549999952316284
vertex 10.10599136352539 -49.6182975769043 3.549999952316284
vertex 10.10599136352539 -48.918296813964844 3.549999952316284
endloop
endfacet
facet normal 0 1 0
outer loop
vertex 15.10599136352539 -49.6182975769043 0
vertex 10.10599136352539 -49.6182975769043 0
vertex 10.10599136352539 -49.6182975769043 3.549999952316284
endloop
endfacet
facet normal 1 0 0
outer loop
vertex 10.10599136352539 -48.918296813964844 0
vertex 10.10599136352539 -49.6182975769043 3.549999952316284
vertex 10.10599136352539 -49.6182975769043 0
endloop
endfacet
facet normal -1 0 0
outer loop
vertex 72.10599517822266 -26.993297576904297 3.549999952316284
vertex 72.10599517822266 -27.693296432495117 0
vertex 72.10599517822266 -27.693296432495117 3.549999952316284
endloop
endfacet
facet normal 0 1 0
outer loop
vertex 72.10599517822266 -42.4932975769043 0
vertex 67.10599517822266 -42.4932975769043 3.549999952316284
vertex 72.10599517822266 -42.4932975769043 3.549999952316284
endloop
endfacet
facet normal 1 0 0
outer loop
vertex 67.10599517822266 -41.793296813964844 0
vertex 67.10599517822266 -42.4932975769043 3.549999952316284
vertex 67.10599517822266 -42.4932975769043 0
endloop
endfacet
facet normal -1 0 0
outer loop
vertex 72.10599517822266 -41.793296813964844 3.549999952316284
vertex 72.10599517822266 -42.4932975769043 0
vertex 72.10599517822266 -42.4932975769043 3.549999952316284
endloop
endfacet
facet normal 0 1 0
outer loop
vertex 72.10599517822266 -42.4932975769043 0
vertex 67.10599517822266 -42.4932975769043 0
vertex 67.10599517822266 -42.4932975769043 3.549999952316284
endloop
endfacet
facet normal -1 0 0
outer loop
vertex 72.10599517822266 -41.793296813964844 0
vertex 72.10599517822266 -42.4932975769043 0
vertex 72.10599517822266 -41.793296813964844 3.549999952316284
endloop
endfacet
facet normal -1 0 0
outer loop
vertex 72.10599517822266 -26.993297576904297 0
vertex 72.10599517822266 -27.693296432495117 0
vertex 72.10599517822266 -26.993297576904297 3.549999952316284
endloop
endfacet
facet normal 0 -1 0
outer loop
vertex 72.10599517822266 -26.993297576904297 0
vertex 72.10599517822266 -26.993297576904297 3.549999952316284
vertex 67.10599517822266 -26.993297576904297 0
endloop
endfacet
facet normal 1 0 0
outer loop
vertex 67.10599517822266 -27.693296432495117 3.549999952316284
vertex 67.10599517822266 -27.693296432495117 0
vertex 67.10599517822266 -26.993297576904297 0
endloop
endfacet
facet normal 0 0 -1
outer loop
vertex 72.10599517822266 -26.993297576904297 3.549999952316284
vertex 72.10599517822266 -27.693296432495117 3.549999952316284
vertex 67.10599517822266 -26.993297576904297 3.549999952316284
endloop
endfacet
facet normal 0 0 -1
outer loop
vertex 67.10599517822266 -26.993297576904297 3.549999952316284
vertex 72.10599517822266 -27.693296432495117 3.549999952316284
vertex 67.10599517822266 -27.693296432495117 3.549999952316284
endloop
endfacet
facet normal 0 0 -1
outer loop
vertex 72.10599517822266 -42.4932975769043 3.549999952316284
vertex 67.10599517822266 -42.4932975769043 3.549999952316284
vertex 67.10599517822266 -41.793296813964844 3.549999952316284
endloop
endfacet
facet normal 1 0 0
outer loop
vertex 67.10599517822266 -27.693296432495117 3.549999952316284
vertex 67.10599517822266 -26.993297576904297 0
vertex 67.10599517822266 -26.993297576904297 3.549999952316284
endloop
endfacet
facet normal 0 0 -1
outer loop
vertex 72.10599517822266 -41.793296813964844 3.549999952316284
vertex 72.10599517822266 -42.4932975769043 3.549999952316284
vertex 67.10599517822266 -41.793296813964844 3.549999952316284
endloop
endfacet
facet normal 1 0 0
outer loop
vertex 67.10599517822266 -42.4932975769043 3.549999952316284
vertex 67.10599517822266 -41.793296813964844 0
vertex 67.10599517822266 -41.793296813964844 3.549999952316284
endloop
endfacet
facet normal 0 -1 0
outer loop
vertex 67.10599517822266 -26.993297576904297 3.549999952316284
vertex 67.10599517822266 -26.993297576904297 0
vertex 72.10599517822266 -26.993297576904297 3.549999952316284
endloop
endfacet
facet normal 1 0 0
outer loop
vertex -8.89400863647461 -27.693296432495117 3.549999952316284
vertex -8.89400863647461 -27.693296432495117 0
vertex -8.89400863647461 -26.993297576904297 0
endloop
endfacet
facet normal 0 1 0
outer loop
vertex -3.894008159637451 -42.4932975769043 0
vertex -8.89400863647461 -42.4932975769043 3.549999952316284
vertex -3.894008159637451 -42.4932975769043 3.549999952316284
endloop
endfacet
facet normal 0 0 -1
outer loop
vertex -3.894008159637451 -41.793296813964844 3.549999952316284
vertex -3.894008159637451 -42.4932975769043 3.549999952316284
vertex -8.89400863647461 -41.793296813964844 3.549999952316284
endloop
endfacet
facet normal 0 0 -1
outer loop
vertex -8.89400863647461 -26.993297576904297 3.549999952316284
vertex -3.894008159637451 -27.693296432495117 3.549999952316284
vertex -8.89400863647461 -27.693296432495117 3.549999952316284
endloop
endfacet
facet normal -1 0 0
outer loop
vertex -3.894008159637451 -26.993297576904297 3.549999952316284
vertex -3.894008159637451 -27.693296432495117 0
vertex -3.894008159637451 -27.693296432495117 3.549999952316284
endloop
endfacet
facet normal 0 0 -1
outer loop
vertex -3.894008159637451 -26.993297576904297 3.549999952316284
vertex -3.894008159637451 -27.693296432495117 3.549999952316284
vertex -8.89400863647461 -26.993297576904297 3.549999952316284
endloop
endfacet
facet normal 1 0 0
outer loop
vertex -8.89400863647461 -41.793296813964844 0
vertex -8.89400863647461 -42.4932975769043 3.549999952316284
vertex -8.89400863647461 -42.4932975769043 0
endloop
endfacet
facet normal 0 1 0
outer loop
vertex -3.894008159637451 -42.4932975769043 0
vertex -8.89400863647461 -42.4932975769043 0
vertex -8.89400863647461 -42.4932975769043 3.549999952316284
endloop
endfacet
facet normal 0 0 -1
outer loop
vertex -3.894008159637451 -42.4932975769043 3.549999952316284
vertex -8.89400863647461 -42.4932975769043 3.549999952316284
vertex -8.89400863647461 -41.793296813964844 3.549999952316284
endloop
endfacet
facet normal 0 -1 0
outer loop
vertex -8.89400863647461 -26.993297576904297 0
vertex -3.894008159637451 -26.993297576904297 0
vertex -3.894008159637451 -26.993297576904297 3.549999952316284
endloop
endfacet
facet normal -1 0 0
outer loop
vertex -3.894008159637451 -26.993297576904297 0
vertex -3.894008159637451 -27.693296432495117 0
vertex -3.894008159637451 -26.993297576904297 3.549999952316284
endloop
endfacet
facet normal 0 -1 0
outer loop
vertex -8.89400863647461 -26.993297576904297 3.549999952316284
vertex -8.89400863647461 -26.993297576904297 0
vertex -3.894008159637451 -26.993297576904297 3.549999952316284
endloop
endfacet
facet normal 1 0 0
outer loop
vertex -8.89400863647461 -27.693296432495117 3.549999952316284
vertex -8.89400863647461 -26.993297576904297 0
vertex -8.89400863647461 -26.993297576904297 3.549999952316284
endloop
endfacet
facet normal -1 0 0
outer loop
vertex -3.894008159637451 -41.793296813964844 0
vertex -3.894008159637451 -42.4932975769043 0
vertex -3.894008159637451 -41.793296813964844 3.549999952316284
endloop
endfacet
facet normal -1 0 0
outer loop
vertex -3.894008159637451 -41.793296813964844 3.549999952316284
vertex -3.894008159637451 -42.4932975769043 0
vertex -3.894008159637451 -42.4932975769043 3.549999952316284
endloop
endfacet
facet normal 1 0 0
outer loop
vertex -8.89400863647461 -42.4932975769043 3.549999952316284
vertex -8.89400863647461 -41.793296813964844 0
vertex -8.89400863647461 -41.793296813964844 3.549999952316284
endloop
endfacet
facet normal 0 0 -1
outer loop
vertex 53.10599136352539 -30.618297576904297 3.549999952316284
vertex 48.10599136352539 -30.618297576904297 3.549999952316284
vertex 48.10599136352539 -29.918296813964844 3.549999952316284
endloop
endfacet
facet normal -1 0 0
outer loop
vertex 53.10599136352539 -15.118297576904297 0
vertex 53.10599136352539 -15.818297386169434 0
vertex 53.10599136352539 -15.118297576904297 3.549999952316284
endloop
endfacet
facet normal 0 0 -1
outer loop
vertex 53.10599136352539 -29.918296813964844 3.549999952316284
vertex 53.10599136352539 -30.618297576904297 3.549999952316284
vertex 48.10599136352539 -29.918296813964844 3.549999952316284
endloop
endfacet
facet normal -1 0 0
outer loop
vertex 53.10599136352539 -15.118297576904297 3.549999952316284
vertex 53.10599136352539 -15.818297386169434 0
vertex 53.10599136352539 -15.818297386169434 3.549999952316284
endloop
endfacet
facet normal 0 -1 0
outer loop
vertex 48.10599136352539 -15.118297576904297 3.549999952316284
vertex 48.10599136352539 -15.118297576904297 0
vertex 53.10599136352539 -15.118297576904297 3.549999952316284
endloop
endfacet
facet normal 0 1 0
outer loop
vertex 53.10599136352539 -30.618297576904297 0
vertex 48.10599136352539 -30.618297576904297 0
vertex 48.10599136352539 -30.618297576904297 3.549999952316284
endloop
endfacet
facet normal 1 0 0
outer loop
vertex 48.10599136352539 -30.618297576904297 3.549999952316284
vertex 48.10599136352539 -29.918296813964844 0
vertex 48.10599136352539 -29.918296813964844 3.549999952316284
endloop
endfacet
facet normal -1 0 0
outer loop
vertex 53.10599136352539 -29.918296813964844 0
vertex 53.10599136352539 -30.618297576904297 0
vertex 53.10599136352539 -29.918296813964844 3.549999952316284
endloop
endfacet
facet normal 0 0 -1
outer loop
vertex 53.10599136352539 -15.118297576904297 3.549999952316284
vertex 53.10599136352539 -15.818297386169434 3.549999952316284
vertex 48.10599136352539 -15.118297576904297 3.549999952316284
endloop
endfacet
facet normal 1 0 0
outer loop
vertex 48.10599136352539 -15.818297386169434 3.549999952316284
vertex 48.10599136352539 -15.118297576904297 0
vertex 48.10599136352539 -15.118297576904297 3.549999952316284
endloop
endfacet
facet normal -1 0 0
outer loop
vertex 53.10599136352539 -29.918296813964844 3.549999952316284
vertex 53.10599136352539 -30.618297576904297 0
vertex 53.10599136352539 -30.618297576904297 3.549999952316284
endloop
endfacet
facet normal 0 1 0
outer loop
vertex 53.10599136352539 -30.618297576904297 0
vertex 48.10599136352539 -30.618297576904297 3.549999952316284
vertex 53.10599136352539 -30.618297576904297 3.549999952316284
endloop
endfacet
facet normal 1 0 0
outer loop
vertex 48.10599136352539 -29.918296813964844 0
vertex 48.10599136352539 -30.618297576904297 3.549999952316284
vertex 48.10599136352539 -30.618297576904297 0
endloop
endfacet
facet normal 0 0 -1
outer loop
vertex 48.10599136352539 -15.118297576904297 3.549999952316284
vertex 53.10599136352539 -15.818297386169434 3.549999952316284
vertex 48.10599136352539 -15.818297386169434 3.549999952316284
endloop
endfacet
facet normal 1 0 0
outer loop
vertex 48.10599136352539 -15.818297386169434 3.549999952316284
vertex 48.10599136352539 -15.818297386169434 0
vertex 48.10599136352539 -15.118297576904297 0
endloop
endfacet
facet normal 0 -1 0
outer loop
vertex 53.10599136352539 -15.118297576904297 0
vertex 53.10599136352539 -15.118297576904297 3.549999952316284
vertex 48.10599136352539 -15.118297576904297 0
endloop
endfacet
facet normal 0 -1 0
outer loop
vertex 34.10599136352539 -15.118297576904297 0
vertex 34.10599136352539 -15.118297576904297 3.549999952316284
vertex 29.10599136352539 -15.118297576904297 0
endloop
endfacet
facet normal -1 0 0
outer loop
vertex 34.10599136352539 -15.118297576904297 3.549999952316284
vertex 34.10599136352539 -15.818297386169434 0
vertex 34.10599136352539 -15.818297386169434 3.549999952316284
endloop
endfacet
facet normal 1 0 0
outer loop
vertex 29.10599136352539 -29.918296813964844 0
vertex 29.10599136352539 -30.618297576904297 3.549999952316284
vertex 29.10599136352539 -30.618297576904297 0
endloop
endfacet
facet normal 0 1 0
outer loop
vertex 34.10599136352539 -30.618297576904297 0
vertex 29.10599136352539 -30.618297576904297 0
vertex 29.10599136352539 -30.618297576904297 3.549999952316284
endloop
endfacet
facet normal -1 0 0
outer loop
vertex 34.10599136352539 -29.918296813964844 0
vertex 34.10599136352539 -30.618297576904297 0
vertex 34.10599136352539 -29.918296813964844 3.549999952316284
endloop
endfacet
facet normal 1 0 0
outer loop
vertex 29.10599136352539 -15.818297386169434 3.549999952316284
vertex 29.10599136352539 -15.818297386169434 0
vertex 29.10599136352539 -15.118297576904297 0
endloop
endfacet
facet normal 0 0 -1
outer loop
vertex 34.10599136352539 -29.918296813964844 3.549999952316284
vertex 34.10599136352539 -30.618297576904297 3.549999952316284
vertex 29.10599136352539 -29.918296813964844 3.549999952316284
endloop
endfacet
facet normal 1 0 0
outer loop
vertex 29.10599136352539 -15.818297386169434 3.549999952316284
vertex 29.10599136352539 -15.118297576904297 0
vertex 29.10599136352539 -15.118297576904297 3.549999952316284
endloop
endfacet
facet normal 0 -1 0
outer loop
vertex 29.10599136352539 -15.118297576904297 3.549999952316284
vertex 29.10599136352539 -15.118297576904297 0
vertex 34.10599136352539 -15.118297576904297 3.549999952316284
endloop
endfacet
facet normal -1 0 0
outer loop
vertex 34.10599136352539 -29.918296813964844 3.549999952316284
vertex 34.10599136352539 -30.618297576904297 0
vertex 34.10599136352539 -30.618297576904297 3.549999952316284
endloop
endfacet
facet normal 0 1 0
outer loop
vertex 34.10599136352539 -30.618297576904297 0
vertex 29.10599136352539 -30.618297576904297 3.549999952316284
vertex 34.10599136352539 -30.618297576904297 3.549999952316284
endloop
endfacet
facet normal 0 0 -1
outer loop
vertex 34.10599136352539 -30.618297576904297 3.549999952316284
vertex 29.10599136352539 -30.618297576904297 3.549999952316284
vertex 29.10599136352539 -29.918296813964844 3.549999952316284
endloop
endfacet
facet normal 1 0 0
outer loop
vertex 29.10599136352539 -30.618297576904297 3.549999952316284
vertex 29.10599136352539 -29.918296813964844 0
vertex 29.10599136352539 -29.918296813964844 3.549999952316284
endloop
endfacet
facet normal 0 0 -1
outer loop
vertex 29.10599136352539 -15.118297576904297 3.549999952316284
vertex 34.10599136352539 -15.818297386169434 3.549999952316284
vertex 29.10599136352539 -15.818297386169434 3.549999952316284
endloop
endfacet
facet normal 0 0 -1
outer loop
vertex 34.10599136352539 -15.118297576904297 3.549999952316284
vertex 34.10599136352539 -15.818297386169434 3.549999952316284
vertex 29.10599136352539 -15.118297576904297 3.549999952316284
endloop
endfacet
facet normal -1 0 0
outer loop
vertex 34.10599136352539 -15.118297576904297 0
vertex 34.10599136352539 -15.818297386169434 0
vertex 34.10599136352539 -15.118297576904297 3.549999952316284
endloop
endfacet
facet normal 1 0 0
outer loop
vertex 10.10599136352539 -30.618297576904297 3.549999952316284
vertex 10.10599136352539 -29.918296813964844 0
vertex 10.10599136352539 -29.918296813964844 3.549999952316284
endloop
endfacet
facet normal -1 0 0
outer loop
vertex 15.10599136352539 -29.918296813964844 0
vertex 15.10599136352539 -30.618297576904297 0
vertex 15.10599136352539 -29.918296813964844 3.549999952316284
endloop
endfacet
facet normal -1 0 0
outer loop
vertex 15.10599136352539 -15.118297576904297 3.549999952316284
vertex 15.10599136352539 -15.818297386169434 0
vertex 15.10599136352539 -15.818297386169434 3.549999952316284
endloop
endfacet
facet normal -1 0 0
outer loop
vertex 15.10599136352539 -29.918296813964844 3.549999952316284
vertex 15.10599136352539 -30.618297576904297 0
vertex 15.10599136352539 -30.618297576904297 3.549999952316284
endloop
endfacet
facet normal 1 0 0
outer loop
vertex 10.10599136352539 -15.818297386169434 3.549999952316284
vertex 10.10599136352539 -15.118297576904297 0
vertex 10.10599136352539 -15.118297576904297 3.549999952316284
endloop
endfacet
facet normal 0 0 -1
outer loop
vertex 15.10599136352539 -15.118297576904297 3.549999952316284
vertex 15.10599136352539 -15.818297386169434 3.549999952316284
vertex 10.10599136352539 -15.118297576904297 3.549999952316284
endloop
endfacet
facet normal 0 0 -1
outer loop
vertex 10.10599136352539 -15.818297386169434 3.549999952316284
vertex 10.10599136352539 -15.118297576904297 3.549999952316284
vertex 15.10599136352539 -15.818297386169434 3.549999952316284
endloop
endfacet
facet normal 0 0 -1
outer loop
vertex 15.10599136352539 -29.918296813964844 3.549999952316284
vertex 15.10599136352539 -30.618297576904297 3.549999952316284
vertex 10.10599136352539 -29.918296813964844 3.549999952316284
endloop
endfacet
facet normal 0 0 -1
outer loop
vertex 15.10599136352539 -30.618297576904297 3.549999952316284
vertex 10.10599136352539 -30.618297576904297 3.549999952316284
vertex 10.10599136352539 -29.918296813964844 3.549999952316284
endloop
endfacet
facet normal 1 0 0
outer loop
vertex 10.10599136352539 -29.918296813964844 0
vertex 10.10599136352539 -30.618297576904297 3.549999952316284
vertex 10.10599136352539 -30.618297576904297 0
endloop
endfacet
facet normal -1 0 0
outer loop
vertex 15.10599136352539 -15.118297576904297 0
vertex 15.10599136352539 -15.818297386169434 0
vertex 15.10599136352539 -15.118297576904297 3.549999952316284
endloop
endfacet
facet normal 0 -1 0
outer loop
vertex 15.10599136352539 -15.118297576904297 0
vertex 15.10599136352539 -15.118297576904297 3.549999952316284
vertex 10.10599136352539 -15.118297576904297 0
endloop
endfacet
facet normal 1 0 0
outer loop
vertex 10.10599136352539 -15.818297386169434 3.549999952316284
vertex 10.10599136352539 -15.818297386169434 0
vertex 10.10599136352539 -15.118297576904297 0
endloop
endfacet
facet normal 0 1 0
outer loop
vertex 15.10599136352539 -30.618297576904297 0
vertex 10.10599136352539 -30.618297576904297 0
vertex 10.10599136352539 -30.618297576904297 3.549999952316284
endloop
endfacet
facet normal 0 -1 0
outer loop
vertex 10.10599136352539 -15.118297576904297 3.549999952316284
vertex 10.10599136352539 -15.118297576904297 0
vertex 15.10599136352539 -15.118297576904297 3.549999952316284
endloop
endfacet
facet normal 0 1 0
outer loop
vertex 15.10599136352539 -30.618297576904297 0
vertex 10.10599136352539 -30.618297576904297 3.549999952316284
vertex 15.10599136352539 -30.618297576904297 3.549999952316284
endloop
endfacet
facet normal 0 0 -1
outer loop
vertex 72.10599517822266 -23.493297576904297 3.549999952316284
vertex 67.10599517822266 -23.493297576904297 3.549999952316284
vertex 67.10599517822266 -22.793296813964844 3.549999952316284
endloop
endfacet
facet normal 0 0 -1
outer loop
vertex 72.10599517822266 -22.793296813964844 3.549999952316284
vertex 72.10599517822266 -23.493297576904297 3.549999952316284
vertex 67.10599517822266 -22.793296813964844 3.549999952316284
endloop
endfacet
facet normal 1 0 0
outer loop
vertex 67.10599517822266 -22.793296813964844 0
vertex 67.10599517822266 -23.493297576904297 3.549999952316284
vertex 67.10599517822266 -23.493297576904297 0
endloop
endfacet
facet normal 0 0 -1
outer loop
vertex 67.10599517822266 -7.993297100067139 3.549999952316284
vertex 72.10599517822266 -8.693297386169434 3.549999952316284
vertex 67.10599517822266 -8.693297386169434 3.549999952316284
endloop
endfacet
facet normal -1 0 0
outer loop
vertex 72.10599517822266 -7.993297100067139 3.549999952316284
vertex 72.10599517822266 -8.693297386169434 0
vertex 72.10599517822266 -8.693297386169434 3.549999952316284
endloop
endfacet
facet normal 0 1 0
outer loop
vertex 72.10599517822266 -23.493297576904297 0
vertex 67.10599517822266 -23.493297576904297 0
vertex 67.10599517822266 -23.493297576904297 3.549999952316284
endloop
endfacet
facet normal 0 -1 0
outer loop
vertex 67.10599517822266 -7.993297100067139 3.549999952316284
vertex 67.10599517822266 -7.993297100067139 0
vertex 72.10599517822266 -7.993297100067139 3.549999952316284
endloop
endfacet
facet normal 1 0 0
outer loop
vertex 67.10599517822266 -8.693297386169434 3.549999952316284
vertex 67.10599517822266 -7.993297100067139 0
vertex 67.10599517822266 -7.993297100067139 3.549999952316284
endloop
endfacet
facet normal 1 0 0
outer loop
vertex 67.10599517822266 -23.493297576904297 3.549999952316284
vertex 67.10599517822266 -22.793296813964844 0
vertex 67.10599517822266 -22.793296813964844 3.549999952316284
endloop
endfacet
facet normal 0 1 0
outer loop
vertex 72.10599517822266 -23.493297576904297 0
vertex 67.10599517822266 -23.493297576904297 3.549999952316284
vertex 72.10599517822266 -23.493297576904297 3.549999952316284
endloop
endfacet
facet normal 0 0 -1
outer loop
vertex 72.10599517822266 -7.993297100067139 3.549999952316284
vertex 72.10599517822266 -8.693297386169434 3.549999952316284
vertex 67.10599517822266 -7.993297100067139 3.549999952316284
endloop
endfacet
facet normal -1 0 0
outer loop
vertex 72.10599517822266 -22.793296813964844 0
vertex 72.10599517822266 -23.493297576904297 0
vertex 72.10599517822266 -22.793296813964844 3.549999952316284
endloop
endfacet
facet normal -1 0 0
outer loop
vertex 72.10599517822266 -22.793296813964844 3.549999952316284
vertex 72.10599517822266 -23.493297576904297 0
vertex 72.10599517822266 -23.493297576904297 3.549999952316284
endloop
endfacet
facet normal 1 0 0
outer loop
vertex 67.10599517822266 -8.693297386169434 3.549999952316284
vertex 67.10599517822266 -8.693297386169434 0
vertex 67.10599517822266 -7.993297100067139 0
endloop
endfacet
facet normal 0 -1 0
outer loop
vertex 72.10599517822266 -7.993297100067139 0
vertex 72.10599517822266 -7.993297100067139 3.549999952316284
vertex 67.10599517822266 -7.993297100067139 0
endloop
endfacet
facet normal -1 0 0
outer loop
vertex 72.10599517822266 -7.993297100067139 0
vertex 72.10599517822266 -8.693297386169434 0
vertex 72.10599517822266 -7.993297100067139 3.549999952316284
endloop
endfacet
facet normal 1 0 0
outer loop
vertex -8.89400863647461 -8.693297386169434 3.549999952316284
vertex -8.89400863647461 -7.993297100067139 0
vertex -8.89400863647461 -7.993297100067139 3.549999952316284
endloop
endfacet
facet normal 1 0 0
outer loop
vertex -8.89400863647461 -8.693297386169434 3.549999952316284
vertex -8.89400863647461 -8.693297386169434 0
vertex -8.89400863647461 -7.993297100067139 0
endloop
endfacet
facet normal -1 0 0
outer loop
vertex -3.894008159637451 -7.993297100067139 0
vertex -3.894008159637451 -8.693297386169434 0
vertex -3.894008159637451 -7.993297100067139 3.549999952316284
endloop
endfacet
facet normal 0 -1 0
outer loop
vertex -8.89400863647461 -7.993297100067139 3.549999952316284
vertex -8.89400863647461 -7.993297100067139 0
vertex -3.894008159637451 -7.993297100067139 3.549999952316284
endloop
endfacet
facet normal -1 0 0
outer loop
vertex -3.894008159637451 -7.993297100067139 3.549999952316284
vertex -3.894008159637451 -8.693297386169434 0
vertex -3.894008159637451 -8.693297386169434 3.549999952316284
endloop
endfacet
facet normal 0 0 -1
outer loop
vertex -3.894008159637451 -23.493297576904297 3.549999952316284
vertex -8.89400863647461 -23.493297576904297 3.549999952316284
vertex -8.89400863647461 -22.793296813964844 3.549999952316284
endloop
endfacet
facet normal 0 0 -1
outer loop
vertex -3.894008159637451 -22.793296813964844 3.549999952316284
vertex -3.894008159637451 -23.493297576904297 3.549999952316284
vertex -8.89400863647461 -22.793296813964844 3.549999952316284
endloop
endfacet
facet normal 0 0 -1
outer loop
vertex -8.89400863647461 -7.993297100067139 3.549999952316284
vertex -3.894008159637451 -8.693297386169434 3.549999952316284
vertex -8.89400863647461 -8.693297386169434 3.549999952316284
endloop
endfacet
facet normal 0 0 -1
outer loop
vertex -3.894008159637451 -7.993297100067139 3.549999952316284
vertex -3.894008159637451 -8.693297386169434 3.549999952316284
vertex -8.89400863647461 -7.993297100067139 3.549999952316284
endloop
endfacet
facet normal 1 0 0
outer loop
vertex -8.89400863647461 -22.793296813964844 0
vertex -8.89400863647461 -23.493297576904297 3.549999952316284
vertex -8.89400863647461 -23.493297576904297 0
endloop
endfacet
facet normal 0 1 0
outer loop
vertex -3.894008159637451 -23.493297576904297 0
vertex -8.89400863647461 -23.493297576904297 3.549999952316284
vertex -3.894008159637451 -23.493297576904297 3.549999952316284
endloop
endfacet
facet normal 0 -1 0
outer loop
vertex -8.89400863647461 -7.993297100067139 0
vertex -3.894008159637451 -7.993297100067139 0
vertex -3.894008159637451 -7.993297100067139 3.549999952316284
endloop
endfacet
facet normal 1 0 0
outer loop
vertex -8.89400863647461 -23.493297576904297 3.549999952316284
vertex -8.89400863647461 -22.793296813964844 0
vertex -8.89400863647461 -22.793296813964844 3.549999952316284
endloop
endfacet
facet normal -1 0 0
outer loop
vertex -3.894008159637451 -22.793296813964844 3.549999952316284
vertex -3.894008159637451 -23.493297576904297 0
vertex -3.894008159637451 -23.493297576904297 3.549999952316284
endloop
endfacet
facet normal 0 1 0
outer loop
vertex -3.894008159637451 -23.493297576904297 0
vertex -8.89400863647461 -23.493297576904297 0
vertex -8.89400863647461 -23.493297576904297 3.549999952316284
endloop
endfacet
facet normal -1 0 0
outer loop
vertex -3.894008159637451 -22.793296813964844 0
vertex -3.894008159637451 -23.493297576904297 0
vertex -3.894008159637451 -22.793296813964844 3.549999952316284
endloop
endfacet
facet normal 0 0 -1
outer loop
vertex 53.10599136352539 3.8817026615142822 3.549999952316284
vertex 53.10599136352539 3.1817028522491455 3.549999952316284
vertex 48.10599136352539 3.8817026615142822 3.549999952316284
endloop
endfacet
facet normal 0 0 -1
outer loop
vertex 48.10599136352539 3.8817026615142822 3.549999952316284
vertex 53.10599136352539 3.1817028522491455 3.549999952316284
vertex 48.10599136352539 3.1817028522491455 3.549999952316284
endloop
endfacet
facet normal -1 0 0
outer loop
vertex 53.10599136352539 -10.918296813964844 3.549999952316284
vertex 53.10599136352539 -11.618297576904297 0
vertex 53.10599136352539 -11.618297576904297 3.549999952316284
endloop
endfacet
facet normal 0 1 0
outer loop
vertex 53.10599136352539 -11.618297576904297 0
vertex 48.10599136352539 -11.618297576904297 3.549999952316284
vertex 53.10599136352539 -11.618297576904297 3.549999952316284
endloop
endfacet
facet normal 1 0 0
outer loop
vertex 48.10599136352539 -11.618297576904297 3.549999952316284
vertex 48.10599136352539 -10.918296813964844 0
vertex 48.10599136352539 -10.918296813964844 3.549999952316284
endloop
endfacet
facet normal -1 0 0
outer loop
vertex 53.10599136352539 3.8817026615142822 3.549999952316284
vertex 53.10599136352539 3.1817028522491455 0
vertex 53.10599136352539 3.1817028522491455 3.549999952316284
endloop
endfacet
facet normal -1 0 0
outer loop
vertex 53.10599136352539 -10.918296813964844 0
vertex 53.10599136352539 -11.618297576904297 0
vertex 53.10599136352539 -10.918296813964844 3.549999952316284
endloop
endfacet
facet normal 0 1 0
outer loop
vertex 53.10599136352539 -11.618297576904297 0
vertex 48.10599136352539 -11.618297576904297 0
vertex 48.10599136352539 -11.618297576904297 3.549999952316284
endloop
endfacet
facet normal 1 0 0
outer loop
vertex 48.10599136352539 -10.918296813964844 0
vertex 48.10599136352539 -11.618297576904297 3.549999952316284
vertex 48.10599136352539 -11.618297576904297 0
endloop
endfacet
facet normal 0 -1 0
outer loop
vertex 48.10599136352539 3.8817026615142822 3.549999952316284
vertex 48.10599136352539 3.8817026615142822 0
vertex 53.10599136352539 3.8817026615142822 3.549999952316284
endloop
endfacet
facet normal 1 0 0
outer loop
vertex 48.10599136352539 3.1817028522491455 3.549999952316284
vertex 48.10599136352539 3.8817026615142822 0
vertex 48.10599136352539 3.8817026615142822 3.549999952316284
endloop
endfacet
facet normal -1 0 0
outer loop
vertex 53.10599136352539 3.8817026615142822 0
vertex 53.10599136352539 3.1817028522491455 0
vertex 53.10599136352539 3.8817026615142822 3.549999952316284
endloop
endfacet
facet normal 0 0 -1
outer loop
vertex 53.10599136352539 -11.618297576904297 3.549999952316284
vertex 48.10599136352539 -11.618297576904297 3.549999952316284
vertex 48.10599136352539 -10.918296813964844 3.549999952316284
endloop
endfacet
facet normal 0 -1 0
outer loop
vertex 53.10599136352539 3.8817026615142822 0
vertex 53.10599136352539 3.8817026615142822 3.549999952316284
vertex 48.10599136352539 3.8817026615142822 0
endloop
endfacet
facet normal 1 0 0
outer loop
vertex 48.10599136352539 3.1817028522491455 3.549999952316284
vertex 48.10599136352539 3.1817028522491455 0
vertex 48.10599136352539 3.8817026615142822 0
endloop
endfacet
facet normal 0 0 -1
outer loop
vertex 53.10599136352539 -10.918296813964844 3.549999952316284
vertex 53.10599136352539 -11.618297576904297 3.549999952316284
vertex 48.10599136352539 -10.918296813964844 3.549999952316284
endloop
endfacet
facet normal 0 1 0
outer loop
vertex 34.10599136352539 -11.618297576904297 0
vertex 29.10599136352539 -11.618297576904297 0
vertex 29.10599136352539 -11.618297576904297 3.549999952316284
endloop
endfacet
facet normal 1 0 0
outer loop
vertex 29.10599136352539 -10.918296813964844 0
vertex 29.10599136352539 -11.618297576904297 3.549999952316284
vertex 29.10599136352539 -11.618297576904297 0
endloop
endfacet
facet normal 0 1 0
outer loop
vertex 34.10599136352539 -11.618297576904297 0
vertex 29.10599136352539 -11.618297576904297 3.549999952316284
vertex 34.10599136352539 -11.618297576904297 3.549999952316284
endloop
endfacet
facet normal -1 0 0
outer loop
vertex 34.10599136352539 3.8817026615142822 0
vertex 34.10599136352539 3.1817028522491455 0
vertex 34.10599136352539 3.8817026615142822 3.549999952316284
endloop
endfacet
facet normal 0 -1 0
outer loop
vertex 34.10599136352539 3.8817026615142822 0
vertex 34.10599136352539 3.8817026615142822 3.549999952316284
vertex 29.10599136352539 3.8817026615142822 0
endloop
endfacet
facet normal -1 0 0
outer loop
vertex 34.10599136352539 -10.918296813964844 3.549999952316284
vertex 34.10599136352539 -11.618297576904297 0
vertex 34.10599136352539 -11.618297576904297 3.549999952316284
endloop
endfacet
facet normal 1 0 0
outer loop
vertex 29.10599136352539 3.1817028522491455 3.549999952316284
vertex 29.10599136352539 3.8817026615142822 0
vertex 29.10599136352539 3.8817026615142822 3.549999952316284
endloop
endfacet
facet normal 1 0 0
outer loop
vertex 29.10599136352539 -11.618297576904297 3.549999952316284
vertex 29.10599136352539 -10.918296813964844 0
vertex 29.10599136352539 -10.918296813964844 3.549999952316284
endloop
endfacet
facet normal 1 0 0
outer loop
vertex 29.10599136352539 3.1817028522491455 3.549999952316284
vertex 29.10599136352539 3.1817028522491455 0
vertex 29.10599136352539 3.8817026615142822 0
endloop
endfacet
facet normal 0 -1 0
outer loop
vertex 29.10599136352539 3.8817026615142822 3.549999952316284
vertex 29.10599136352539 3.8817026615142822 0
vertex 34.10599136352539 3.8817026615142822 3.549999952316284
endloop
endfacet
facet normal 0 0 -1
outer loop
vertex 34.10599136352539 -11.618297576904297 3.549999952316284
vertex 29.10599136352539 -11.618297576904297 3.549999952316284
vertex 29.10599136352539 -10.918296813964844 3.549999952316284
endloop
endfacet
facet normal 0 0 -1
outer loop
vertex 34.10599136352539 -10.918296813964844 3.549999952316284
vertex 34.10599136352539 -11.618297576904297 3.549999952316284
vertex 29.10599136352539 -10.918296813964844 3.549999952316284
endloop
endfacet
facet normal -1 0 0
outer loop
vertex 34.10599136352539 3.8817026615142822 3.549999952316284
vertex 34.10599136352539 3.1817028522491455 0
vertex 34.10599136352539 3.1817028522491455 3.549999952316284
endloop
endfacet
facet normal 0 0 -1
outer loop
vertex 34.10599136352539 3.8817026615142822 3.549999952316284
vertex 34.10599136352539 3.1817028522491455 3.549999952316284
vertex 29.10599136352539 3.8817026615142822 3.549999952316284
endloop
endfacet
facet normal -1 0 0
outer loop
vertex 34.10599136352539 -10.918296813964844 0
vertex 34.10599136352539 -11.618297576904297 0
vertex 34.10599136352539 -10.918296813964844 3.549999952316284
endloop
endfacet
facet normal 0 0 -1
outer loop
vertex 29.10599136352539 3.8817026615142822 3.549999952316284
vertex 34.10599136352539 3.1817028522491455 3.549999952316284
vertex 29.10599136352539 3.1817028522491455 3.549999952316284
endloop
endfacet
facet normal 0 -1 0
outer loop
vertex 10.10599136352539 3.8817026615142822 0
vertex 15.10599136352539 3.8817026615142822 0
vertex 15.10599136352539 3.8817026615142822 3.549999952316284
endloop
endfacet
facet normal 0 0 -1
outer loop
vertex 10.10599136352539 3.1817028522491455 3.549999952316284
vertex 10.10599136352539 3.8817026615142822 3.549999952316284
vertex 15.10599136352539 3.1817028522491455 3.549999952316284
endloop
endfacet
facet normal 0 0 -1
outer loop
vertex 15.10599136352539 3.8817026615142822 3.549999952316284
vertex 15.10599136352539 3.1817028522491455 3.549999952316284
vertex 10.10599136352539 3.8817026615142822 3.549999952316284
endloop
endfacet
facet normal 0 0 -1
outer loop
vertex 15.10599136352539 -10.918296813964844 3.549999952316284
vertex 15.10599136352539 -11.618297576904297 3.549999952316284
vertex 10.10599136352539 -10.918296813964844 3.549999952316284
endloop
endfacet
facet normal 1 0 0
outer loop
vertex 10.10599136352539 3.1817028522491455 3.549999952316284
vertex 10.10599136352539 3.1817028522491455 0
vertex 10.10599136352539 3.8817026615142822 0
endloop
endfacet
facet normal 1 0 0
outer loop
vertex 10.10599136352539 -11.618297576904297 3.549999952316284
vertex 10.10599136352539 -10.918296813964844 0
vertex 10.10599136352539 -10.918296813964844 3.549999952316284
endloop
endfacet
facet normal -1 0 0
outer loop
vertex 15.10599136352539 3.8817026615142822 3.549999952316284
vertex 15.10599136352539 3.1817028522491455 0
vertex 15.10599136352539 3.1817028522491455 3.549999952316284
endloop
endfacet
facet normal -1 0 0
outer loop
vertex 15.10599136352539 -10.918296813964844 0
vertex 15.10599136352539 -11.618297576904297 0
vertex 15.10599136352539 -10.918296813964844 3.549999952316284
endloop
endfacet
facet normal -1 0 0
outer loop
vertex 15.10599136352539 3.8817026615142822 0
vertex 15.10599136352539 3.1817028522491455 0
vertex 15.10599136352539 3.8817026615142822 3.549999952316284
endloop
endfacet
facet normal 0 1 0
outer loop
vertex 15.10599136352539 -11.618297576904297 0
vertex 10.10599136352539 -11.618297576904297 0
vertex 10.10599136352539 -11.618297576904297 3.549999952316284
endloop
endfacet
facet normal 1 0 0
outer loop
vertex 10.10599136352539 -10.918296813964844 0
vertex 10.10599136352539 -11.618297576904297 3.549999952316284
vertex 10.10599136352539 -11.618297576904297 0
endloop
endfacet
facet normal 0 0 -1
outer loop
vertex 15.10599136352539 -11.618297576904297 3.549999952316284
vertex 10.10599136352539 -11.618297576904297 3.549999952316284
vertex 10.10599136352539 -10.918296813964844 3.549999952316284
endloop
endfacet
facet normal 0 -1 0
outer loop
vertex 10.10599136352539 3.8817026615142822 3.549999952316284
vertex 10.10599136352539 3.8817026615142822 0
vertex 15.10599136352539 3.8817026615142822 3.549999952316284
endloop
endfacet
facet normal 1 0 0
outer loop
vertex 10.10599136352539 3.1817028522491455 3.549999952316284
vertex 10.10599136352539 3.8817026615142822 0
vertex 10.10599136352539 3.8817026615142822 3.549999952316284
endloop
endfacet
facet normal -1 0 0
outer loop
vertex 15.10599136352539 -10.918296813964844 3.549999952316284
vertex 15.10599136352539 -11.618297576904297 0
vertex 15.10599136352539 -11.618297576904297 3.549999952316284
endloop
endfacet
facet normal 0 1 0
outer loop
vertex 15.10599136352539 -11.618297576904297 0
vertex 10.10599136352539 -11.618297576904297 3.549999952316284
vertex 15.10599136352539 -11.618297576904297 3.549999952316284
endloop
endfacet
facet normal -1 0 0
outer loop
vertex 72.10599517822266 -3.793297290802002 3.549999952316284
vertex 72.10599517822266 -4.493297100067139 0
vertex 72.10599517822266 -4.493297100067139 3.549999952316284
endloop
endfacet
facet normal 1 0 0
outer loop
vertex 67.10599517822266 10.306702613830566 3.549999952316284
vertex 67.10599517822266 11.006702423095703 0
vertex 67.10599517822266 11.006702423095703 3.549999952316284
endloop
endfacet
facet normal 0 -1 0
outer loop
vertex 72.10599517822266 11.006702423095703 0
vertex 72.10599517822266 11.006702423095703 3.549999952316284
vertex 67.10599517822266 11.006702423095703 0
endloop
endfacet
facet normal -1 0 0
outer loop
vertex 72.10599517822266 -3.793297290802002 0
vertex 72.10599517822266 -4.493297100067139 0
vertex 72.10599517822266 -3.793297290802002 3.549999952316284
endloop
endfacet
facet normal -1 0 0
outer loop
vertex 72.10599517822266 11.006702423095703 0
vertex 72.10599517822266 10.306702613830566 0
vertex 72.10599517822266 11.006702423095703 3.549999952316284
endloop
endfacet
facet normal -1 0 0
outer loop
vertex 72.10599517822266 11.006702423095703 3.549999952316284
vertex 72.10599517822266 10.306702613830566 0
vertex 72.10599517822266 10.306702613830566 3.549999952316284
endloop
endfacet
facet normal 0 1 0
outer loop
vertex 72.10599517822266 -4.493297100067139 0
vertex 67.10599517822266 -4.493297100067139 0
vertex 67.10599517822266 -4.493297100067139 3.549999952316284
endloop
endfacet
facet normal 1 0 0
outer loop
vertex 67.10599517822266 -3.793297290802002 0
vertex 67.10599517822266 -4.493297100067139 3.549999952316284
vertex 67.10599517822266 -4.493297100067139 0
endloop
endfacet
facet normal 0 0 -1
outer loop
vertex 72.10599517822266 -4.493297100067139 3.549999952316284
vertex 67.10599517822266 -4.493297100067139 3.549999952316284
vertex 67.10599517822266 -3.793297290802002 3.549999952316284
endloop
endfacet
facet normal 0 0 -1
outer loop
vertex 72.10599517822266 -3.793297290802002 3.549999952316284
vertex 72.10599517822266 -4.493297100067139 3.549999952316284
vertex 67.10599517822266 -3.793297290802002 3.549999952316284
endloop
endfacet
facet normal 0 0 -1
outer loop
vertex 67.10599517822266 11.006702423095703 3.549999952316284
vertex 72.10599517822266 10.306702613830566 3.549999952316284
vertex 67.10599517822266 10.306702613830566 3.549999952316284
endloop
endfacet
facet normal 0 1 0
outer loop
vertex 72.10599517822266 -4.493297100067139 0
vertex 67.10599517822266 -4.493297100067139 3.549999952316284
vertex 72.10599517822266 -4.493297100067139 3.549999952316284
endloop
endfacet
facet normal 1 0 0
outer loop
vertex 67.10599517822266 -4.493297100067139 3.549999952316284
vertex 67.10599517822266 -3.793297290802002 0
vertex 67.10599517822266 -3.793297290802002 3.549999952316284
endloop
endfacet
facet normal 0 0 -1
outer loop
vertex 72.10599517822266 11.006702423095703 3.549999952316284
vertex 72.10599517822266 10.306702613830566 3.549999952316284
vertex 67.10599517822266 11.006702423095703 3.549999952316284
endloop
endfacet
facet normal 0 -1 0
outer loop
vertex 67.10599517822266 11.006702423095703 3.549999952316284
vertex 67.10599517822266 11.006702423095703 0
vertex 72.10599517822266 11.006702423095703 3.549999952316284
endloop
endfacet
facet normal 1 0 0
outer loop
vertex 67.10599517822266 10.306702613830566 3.549999952316284
vertex 67.10599517822266 10.306702613830566 0
vertex 67.10599517822266 11.006702423095703 0
endloop
endfacet
facet normal 1 0 0
outer loop
vertex -8.89400863647461 10.306702613830566 3.549999952316284
vertex -8.89400863647461 10.306702613830566 0
vertex -8.89400863647461 11.006702423095703 0
endloop
endfacet
facet normal 0 0 -1
outer loop
vertex -3.894008159637451 -3.793297290802002 3.549999952316284
vertex -3.894008159637451 -4.493297100067139 3.549999952316284
vertex -8.89400863647461 -3.793297290802002 3.549999952316284
endloop
endfacet
facet normal 0 -1 0
outer loop
vertex -3.894008159637451 11.006702423095703 0
vertex -3.894008159637451 11.006702423095703 3.549999952316284
vertex -8.89400863647461 11.006702423095703 0
endloop
endfacet
facet normal -1 0 0
outer loop
vertex -3.894008159637451 11.006702423095703 3.549999952316284
vertex -3.894008159637451 11.006702423095703 0
vertex -3.894008159637451 10.306702613830566 0
endloop
endfacet
facet normal -1 0 0
outer loop
vertex -3.894008159637451 11.006702423095703 3.549999952316284
vertex -3.894008159637451 10.306702613830566 0
vertex -3.894008159637451 10.306702613830566 3.549999952316284
endloop
endfacet
facet normal 0 0 -1
outer loop
vertex -3.894008159637451 -4.493297100067139 3.549999952316284
vertex -8.89400863647461 -4.493297100067139 3.549999952316284
vertex -8.89400863647461 -3.793297290802002 3.549999952316284
endloop
endfacet
facet normal 0 0 -1
outer loop
vertex -3.894008159637451 11.006702423095703 3.549999952316284
vertex -3.894008159637451 10.306702613830566 3.549999952316284
vertex -8.89400863647461 11.006702423095703 3.549999952316284
endloop
endfacet
facet normal -1 0 0
outer loop
vertex -3.894008159637451 -3.793297290802002 3.549999952316284
vertex -3.894008159637451 -4.493297100067139 0
vertex -3.894008159637451 -4.493297100067139 3.549999952316284
endloop
endfacet
facet normal 0 -1 0
outer loop
vertex -8.89400863647461 11.006702423095703 3.549999952316284
vertex -8.89400863647461 11.006702423095703 0
vertex -3.894008159637451 11.006702423095703 3.549999952316284
endloop
endfacet
facet normal 1 0 0
outer loop
vertex -8.89400863647461 10.306702613830566 3.549999952316284
vertex -8.89400863647461 11.006702423095703 0
vertex -8.89400863647461 11.006702423095703 3.549999952316284
endloop
endfacet
facet normal 0 0 -1
outer loop
vertex -8.89400863647461 11.006702423095703 3.549999952316284
vertex -3.894008159637451 10.306702613830566 3.549999952316284
vertex -8.89400863647461 10.306702613830566 3.549999952316284
endloop
endfacet
facet normal 1 0 0
outer loop
vertex -8.89400863647461 -3.793297290802002 0
vertex -8.89400863647461 -4.493297100067139 3.549999952316284
vertex -8.89400863647461 -4.493297100067139 0
endloop
endfacet
facet normal 0 1 0
outer loop
vertex -3.894008159637451 -4.493297100067139 0
vertex -8.89400863647461 -4.493297100067139 3.549999952316284
vertex -3.894008159637451 -4.493297100067139 3.549999952316284
endloop
endfacet
facet normal 1 0 0
outer loop
vertex -8.89400863647461 -4.493297100067139 3.549999952316284
vertex -8.89400863647461 -3.793297290802002 0
vertex -8.89400863647461 -3.793297290802002 3.549999952316284
endloop
endfacet
facet normal 0 1 0
outer loop
vertex -3.894008159637451 -4.493297100067139 0
vertex -8.89400863647461 -4.493297100067139 0
vertex -8.89400863647461 -4.493297100067139 3.549999952316284
endloop
endfacet
facet normal -1 0 0
outer loop
vertex -3.894008159637451 -3.793297290802002 0
vertex -3.894008159637451 -4.493297100067139 0
vertex -3.894008159637451 -3.793297290802002 3.549999952316284
endloop
endfacet
facet normal -0.5000000651753747 -0.8660253661554153 0
outer loop
vertex -24.422529220581055 13.676766395568848 3.549999952316284
vertex -23.81631088256836 13.326766014099121 0
vertex -23.81631088256836 13.326766014099121 3.549999952316284
endloop
endfacet
facet normal -0.5000012450426438 -0.8660246849575399 0
outer loop
vertex -37.23970413208008 21.076766967773438 3.549999952316284
vertex -36.633487701416016 20.72676658630371 0
vertex -36.633487701416016 20.72676658630371 3.549999952316284
endloop
endfacet
facet normal 0.8660254386415455 -0.49999993962571543 0
outer loop
vertex -37.23970413208008 21.076766967773438 0
vertex -37.23970413208008 21.076766967773438 3.549999952316284
vertex -39.73970413208008 16.746639251708984 0
endloop
endfacet
facet normal -0.5000012450426438 -0.8660246849575399 0
outer loop
vertex -37.23970413208008 21.076766967773438 3.549999952316284
vertex -37.23970413208008 21.076766967773438 0
vertex -36.633487701416016 20.72676658630371 0
endloop
endfacet
facet normal -0.5000000651753747 -0.8660253661554153 0
outer loop
vertex -24.422529220581055 13.676766395568848 0
vertex -23.81631088256836 13.326766014099121 0
vertex -24.422529220581055 13.676766395568848 3.549999952316284
endloop
endfacet
facet normal 0 0 -1
outer loop
vertex -36.633487701416016 20.72676658630371 3.549999952316284
vertex -39.73970413208008 16.746639251708984 3.549999952316284
vertex -37.23970413208008 21.076766967773438 3.549999952316284
endloop
endfacet
facet normal 0 0 -1
outer loop
vertex -39.73970413208008 16.746639251708984 3.549999952316284
vertex -36.633487701416016 20.72676658630371 3.549999952316284
vertex -39.133487701416016 16.396638870239258 3.549999952316284
endloop
endfacet
facet normal 0 0 -1
outer loop
vertex -24.422529220581055 13.676766395568848 3.549999952316284
vertex -23.81631088256836 13.326766014099121 3.549999952316284
vertex -26.922529220581055 9.346639633178711 3.549999952316284
endloop
endfacet
facet normal 0 0 -1
outer loop
vertex -26.31631088256836 8.996639251708984 3.549999952316284
vertex -26.922529220581055 9.346639633178711 3.549999952316284
vertex -23.81631088256836 13.326766014099121 3.549999952316284
endloop
endfacet
facet normal 0.5000000651753747 0.8660253661554153 0
outer loop
vertex -26.31631088256836 8.996639251708984 3.549999952316284
vertex -26.922529220581055 9.346639633178711 0
vertex -26.922529220581055 9.346639633178711 3.549999952316284
endloop
endfacet
facet normal -0.866025390957835 0.5000000222163287 0
outer loop
vertex -23.81631088256836 13.326766014099121 0
vertex -26.31631088256836 8.996639251708984 3.549999952316284
vertex -23.81631088256836 13.326766014099121 3.549999952316284
endloop
endfacet
facet normal 0.5000012450426438 0.8660246849575399 0
outer loop
vertex -39.133487701416016 16.396638870239258 3.549999952316284
vertex -39.133487701416016 16.396638870239258 0
vertex -39.73970413208008 16.746639251708984 0
endloop
endfacet
facet normal 0.5000012450426438 0.8660246849575399 0
outer loop
vertex -39.133487701416016 16.396638870239258 3.549999952316284
vertex -39.73970413208008 16.746639251708984 0
vertex -39.73970413208008 16.746639251708984 3.549999952316284
endloop
endfacet
facet normal 0.8660254386415455 -0.49999993962571543 0
outer loop
vertex -39.73970413208008 16.746639251708984 3.549999952316284
vertex -39.73970413208008 16.746639251708984 0
vertex -37.23970413208008 21.076766967773438 3.549999952316284
endloop
endfacet
facet normal -0.866025390957835 0.5000000222163287 0
outer loop
vertex -23.81631088256836 13.326766014099121 0
vertex -26.31631088256836 8.996639251708984 0
vertex -26.31631088256836 8.996639251708984 3.549999952316284
endloop
endfacet
facet normal 0.5000000651753747 0.8660253661554153 0
outer loop
vertex -26.31631088256836 8.996639251708984 0
vertex -26.922529220581055 9.346639633178711 0
vertex -26.31631088256836 8.996639251708984 3.549999952316284
endloop
endfacet
facet normal 0 -1 0
outer loop
vertex 53.10599136352539 22.881702423095703 0
vertex 53.10599136352539 22.881702423095703 3.549999952316284
vertex 48.10599136352539 22.881702423095703 0
endloop
endfacet
facet normal 0 0 -1
outer loop
vertex 48.10599136352539 22.881702423095703 3.549999952316284
vertex 53.10599136352539 22.181703567504883 3.549999952316284
vertex 48.10599136352539 22.181703567504883 3.549999952316284
endloop
endfacet
facet normal 0 -1 0
outer loop
vertex 48.10599136352539 22.881702423095703 3.549999952316284
vertex 48.10599136352539 22.881702423095703 0
vertex 53.10599136352539 22.881702423095703 3.549999952316284
endloop
endfacet
facet normal 1 0 0
outer loop
vertex 48.10599136352539 22.181703567504883 3.549999952316284
vertex 48.10599136352539 22.881702423095703 0
vertex 48.10599136352539 22.881702423095703 3.549999952316284
endloop
endfacet
facet normal -1 0 0
outer loop
vertex 53.10599136352539 22.881702423095703 0
vertex 53.10599136352539 22.181703567504883 0
vertex 53.10599136352539 22.881702423095703 3.549999952316284
endloop
endfacet
facet normal -1 0 0
outer loop
vertex 53.10599136352539 8.081703186035156 3.549999952316284
vertex 53.10599136352539 7.381702899932861 0
vertex 53.10599136352539 7.381702899932861 3.549999952316284
endloop
endfacet
facet normal 0 1 0
outer loop
vertex 53.10599136352539 7.381702899932861 0
vertex 48.10599136352539 7.381702899932861 3.549999952316284
vertex 53.10599136352539 7.381702899932861 3.549999952316284
endloop
endfacet
facet normal 0 0 -1
outer loop
vertex 53.10599136352539 22.881702423095703 3.549999952316284
vertex 53.10599136352539 22.181703567504883 3.549999952316284
vertex 48.10599136352539 22.881702423095703 3.549999952316284
endloop
endfacet
facet normal -1 0 0
outer loop
vertex 53.10599136352539 22.881702423095703 3.549999952316284
vertex 53.10599136352539 22.181703567504883 0
vertex 53.10599136352539 22.181703567504883 3.549999952316284
endloop
endfacet
facet normal 0 0 -1
outer loop
vertex 53.10599136352539 7.381702899932861 3.549999952316284
vertex 48.10599136352539 7.381702899932861 3.549999952316284
vertex 48.10599136352539 8.081703186035156 3.549999952316284
endloop
endfacet
facet normal 0 0 -1
outer loop
vertex 53.10599136352539 8.081703186035156 3.549999952316284
vertex 53.10599136352539 7.381702899932861 3.549999952316284
vertex 48.10599136352539 8.081703186035156 3.549999952316284
endloop
endfacet
facet normal 1 0 0
outer loop
vertex 48.10599136352539 22.181703567504883 3.549999952316284
vertex 48.10599136352539 22.181703567504883 0
vertex 48.10599136352539 22.881702423095703 0
endloop
endfacet
facet normal -1 0 0
outer loop
vertex 53.10599136352539 8.081703186035156 0
vertex 53.10599136352539 7.381702899932861 0
vertex 53.10599136352539 8.081703186035156 3.549999952316284
endloop
endfacet
facet normal 0 1 0
outer loop
vertex 53.10599136352539 7.381702899932861 0
vertex 48.10599136352539 7.381702899932861 0
vertex 48.10599136352539 7.381702899932861 3.549999952316284
endloop
endfacet
facet normal 1 0 0
outer loop
vertex 48.10599136352539 8.081703186035156 0
vertex 48.10599136352539 7.381702899932861 3.549999952316284
vertex 48.10599136352539 7.381702899932861 0
endloop
endfacet
facet normal 1 0 0
outer loop
vertex 48.10599136352539 7.381702899932861 3.549999952316284
vertex 48.10599136352539 8.081703186035156 0
vertex 48.10599136352539 8.081703186035156 3.549999952316284
endloop
endfacet
facet normal 0 -1 0
outer loop
vertex 29.10599136352539 22.881702423095703 3.549999952316284
vertex 29.10599136352539 22.881702423095703 0
vertex 34.10599136352539 22.881702423095703 3.549999952316284
endloop
endfacet
facet normal 1 0 0
outer loop
vertex 29.10599136352539 22.181703567504883 3.549999952316284
vertex 29.10599136352539 22.181703567504883 0
vertex 29.10599136352539 22.881702423095703 0
endloop
endfacet
facet normal 0 -1 0
outer loop
vertex 34.10599136352539 22.881702423095703 0
vertex 34.10599136352539 22.881702423095703 3.549999952316284
vertex 29.10599136352539 22.881702423095703 0
endloop
endfacet
facet normal -1 0 0
outer loop
vertex 34.10599136352539 22.881702423095703 0
vertex 34.10599136352539 22.181703567504883 0
vertex 34.10599136352539 22.881702423095703 3.549999952316284
endloop
endfacet
facet normal 0 0 -1
outer loop
vertex 34.10599136352539 7.381702899932861 3.549999952316284
vertex 29.10599136352539 7.381702899932861 3.549999952316284
vertex 29.10599136352539 8.081703186035156 3.549999952316284
endloop
endfacet
facet normal 0 0 -1
outer loop
vertex 34.10599136352539 22.881702423095703 3.549999952316284
vertex 34.10599136352539 22.181703567504883 3.549999952316284
vertex 29.10599136352539 22.881702423095703 3.549999952316284
endloop
endfacet
facet normal -1 0 0
outer loop
vertex 34.10599136352539 8.081703186035156 0
vertex 34.10599136352539 7.381702899932861 0
vertex 34.10599136352539 8.081703186035156 3.549999952316284
endloop
endfacet
facet normal 0 0 -1
outer loop
vertex 29.10599136352539 22.881702423095703 3.549999952316284
vertex 34.10599136352539 22.181703567504883 3.549999952316284
vertex 29.10599136352539 22.181703567504883 3.549999952316284
endloop
endfacet
facet normal 0 0 -1
outer loop
vertex 34.10599136352539 8.081703186035156 3.549999952316284
vertex 34.10599136352539 7.381702899932861 3.549999952316284
vertex 29.10599136352539 8.081703186035156 3.549999952316284
endloop
endfacet
facet normal -1 0 0
outer loop
vertex 34.10599136352539 22.881702423095703 3.549999952316284
vertex 34.10599136352539 22.181703567504883 0
vertex 34.10599136352539 22.181703567504883 3.549999952316284
endloop
endfacet
facet normal 1 0 0
outer loop
vertex 29.10599136352539 7.381702899932861 3.549999952316284
vertex 29.10599136352539 8.081703186035156 0
vertex 29.10599136352539 8.081703186035156 3.549999952316284
endloop
endfacet
facet normal 0 1 0
outer loop
vertex 34.10599136352539 7.381702899932861 0
vertex 29.10599136352539 7.381702899932861 3.549999952316284
vertex 34.10599136352539 7.381702899932861 3.549999952316284
endloop
endfacet
facet normal 0 1 0
outer loop
vertex 34.10599136352539 7.381702899932861 0
vertex 29.10599136352539 7.381702899932861 0
vertex 29.10599136352539 7.381702899932861 3.549999952316284
endloop
endfacet
facet normal 1 0 0
outer loop
vertex 29.10599136352539 8.081703186035156 0
vertex 29.10599136352539 7.381702899932861 3.549999952316284
vertex 29.10599136352539 7.381702899932861 0
endloop
endfacet
facet normal -1 0 0
outer loop
vertex 34.10599136352539 8.081703186035156 3.549999952316284
vertex 34.10599136352539 7.381702899932861 0
vertex 34.10599136352539 7.381702899932861 3.549999952316284
endloop
endfacet
facet normal 1 0 0
outer loop
vertex 29.10599136352539 22.181703567504883 3.549999952316284
vertex 29.10599136352539 22.881702423095703 0
vertex 29.10599136352539 22.881702423095703 3.549999952316284
endloop
endfacet
facet normal 0 0 -1
outer loop
vertex 72.10599517822266 14.506702423095703 3.549999952316284
vertex 67.10599517822266 14.506702423095703 3.549999952316284
vertex 67.10599517822266 15.206703186035156 3.549999952316284
endloop
endfacet
facet normal -1 0 0
outer loop
vertex 72.10599517822266 15.206703186035156 3.549999952316284
vertex 72.10599517822266 14.506702423095703 0
vertex 72.10599517822266 14.506702423095703 3.549999952316284
endloop
endfacet
facet normal 0 0 -1
outer loop
vertex 72.10599517822266 15.206703186035156 3.549999952316284
vertex 72.10599517822266 14.506702423095703 3.549999952316284
vertex 67.10599517822266 15.206703186035156 3.549999952316284
endloop
endfacet
facet normal 1 0 0
outer loop
vertex 67.10599517822266 14.506702423095703 3.549999952316284
vertex 67.10599517822266 15.206703186035156 0
vertex 67.10599517822266 15.206703186035156 3.549999952316284
endloop
endfacet
facet normal 0 0 -1
outer loop
vertex 67.10599517822266 29.306703567504883 3.549999952316284
vertex 67.10599517822266 30.006702423095703 3.549999952316284
vertex 72.10599517822266 29.306703567504883 3.549999952316284
endloop
endfacet
facet normal -1 0 0
outer loop
vertex 72.10599517822266 30.006702423095703 3.549999952316284
vertex 72.10599517822266 29.306703567504883 0
vertex 72.10599517822266 29.306703567504883 3.549999952316284
endloop
endfacet
facet normal 0 -1 0
outer loop
vertex 67.10599517822266 30.006702423095703 3.549999952316284
vertex 67.10599517822266 30.006702423095703 0
vertex 72.10599517822266 30.006702423095703 3.549999952316284
endloop
endfacet
facet normal 1 0 0
outer loop
vertex 67.10599517822266 29.306703567504883 3.549999952316284
vertex 67.10599517822266 30.006702423095703 0
vertex 67.10599517822266 30.006702423095703 3.549999952316284
endloop
endfacet
facet normal 1 0 0
outer loop
vertex 67.10599517822266 29.306703567504883 3.549999952316284
vertex 67.10599517822266 29.306703567504883 0
vertex 67.10599517822266 30.006702423095703 0
endloop
endfacet
facet normal -1 0 0
outer loop
vertex 72.10599517822266 15.206703186035156 0
vertex 72.10599517822266 14.506702423095703 0
vertex 72.10599517822266 15.206703186035156 3.549999952316284
endloop
endfacet
facet normal 0 1 0
outer loop
vertex 72.10599517822266 14.506702423095703 0
vertex 67.10599517822266 14.506702423095703 3.549999952316284
vertex 72.10599517822266 14.506702423095703 3.549999952316284
endloop
endfacet
facet normal 1 0 0
outer loop
vertex 67.10599517822266 14.506702423095703 3.549999952316284
vertex 67.10599517822266 14.506702423095703 0
vertex 67.10599517822266 15.206703186035156 0
endloop
endfacet
facet normal 0 1 0
outer loop
vertex 72.10599517822266 14.506702423095703 0
vertex 67.10599517822266 14.506702423095703 0
vertex 67.10599517822266 14.506702423095703 3.549999952316284
endloop
endfacet
facet normal 0 0 -1
outer loop
vertex 72.10599517822266 30.006702423095703 3.549999952316284
vertex 72.10599517822266 29.306703567504883 3.549999952316284
vertex 67.10599517822266 30.006702423095703 3.549999952316284
endloop
endfacet
facet normal 0 -1 0
outer loop
vertex 72.10599517822266 30.006702423095703 0
vertex 72.10599517822266 30.006702423095703 3.549999952316284
vertex 67.10599517822266 30.006702423095703 0
endloop
endfacet
facet normal -1 0 0
outer loop
vertex 72.10599517822266 30.006702423095703 0
vertex 72.10599517822266 29.306703567504883 0
vertex 72.10599517822266 30.006702423095703 3.549999952316284
endloop
endfacet
facet normal 0 0 -1
outer loop
vertex -54.466487884521484 27.98663902282715 3.549999952316284
vertex -55.07270431518555 28.336639404296875 3.549999952316284
vertex -51.966487884521484 32.31676483154297 3.549999952316284
endloop
endfacet
facet normal 0.5000012450426438 0.8660246849575399 0
outer loop
vertex -41.64931106567383 20.586639404296875 0
vertex -42.25552749633789 20.9366397857666 0
vertex -41.64931106567383 20.586639404296875 3.549999952316284
endloop
endfacet
facet normal -0.8660254386415455 0.49999993962571543 0
outer loop
vertex -39.14931106567383 24.916767120361328 0
vertex -41.64931106567383 20.586639404296875 0
vertex -41.64931106567383 20.586639404296875 3.549999952316284
endloop
endfacet
facet normal -0.8660254386415455 0.49999993962571543 0
outer loop
vertex -39.14931106567383 24.916767120361328 0
vertex -41.64931106567383 20.586639404296875 3.549999952316284
vertex -39.14931106567383 24.916767120361328 3.549999952316284
endloop
endfacet
facet normal 0.5000012450426438 0.8660246849575399 0
outer loop
vertex -42.25552749633789 20.9366397857666 0
vertex -42.25552749633789 20.9366397857666 3.549999952316284
vertex -41.64931106567383 20.586639404296875 3.549999952316284
endloop
endfacet
facet normal -0.4999992014511777 -0.8660258648263254 0
outer loop
vertex -39.75552749633789 25.266765594482422 3.549999952316284
vertex -39.14931106567383 24.916767120361328 0
vertex -39.14931106567383 24.916767120361328 3.549999952316284
endloop
endfacet
facet normal 0.5000012450426438 0.8660246849575399 0
outer loop
vertex -54.466487884521484 27.98663902282715 0
vertex -55.07270431518555 28.336639404296875 0
vertex -54.466487884521484 27.98663902282715 3.549999952316284
endloop
endfacet
facet normal -0.4999992014511777 -0.8660258648263254 0
outer loop
vertex -39.14931106567383 24.916767120361328 0
vertex -39.75552749633789 25.266765594482422 3.549999952316284
vertex -39.75552749633789 25.266765594482422 0
endloop
endfacet
facet normal 0 0 -1
outer loop
vertex -39.14931106567383 24.916767120361328 3.549999952316284
vertex -42.25552749633789 20.9366397857666 3.549999952316284
vertex -39.75552749633789 25.266765594482422 3.549999952316284
endloop
endfacet
facet normal 0 0 -1
outer loop
vertex -41.64931106567383 20.586639404296875 3.549999952316284
vertex -42.25552749633789 20.9366397857666 3.549999952316284
vertex -39.14931106567383 24.916767120361328 3.549999952316284
endloop
endfacet
facet normal 0.8660254386415455 -0.49999993962571543 0
outer loop
vertex -55.07270431518555 28.336639404296875 0
vertex -52.57270431518555 32.66676712036133 0
vertex -52.57270431518555 32.66676712036133 3.549999952316284
endloop
endfacet
facet normal -0.5000032886257572 -0.8660235050871471 0
outer loop
vertex -52.57270431518555 32.66676712036133 3.549999952316284
vertex -52.57270431518555 32.66676712036133 0
vertex -51.966487884521484 32.31676483154297 0
endloop
endfacet
facet normal 0.5000012450426438 0.8660246849575399 0
outer loop
vertex -54.466487884521484 27.98663902282715 3.549999952316284
vertex -55.07270431518555 28.336639404296875 0
vertex -55.07270431518555 28.336639404296875 3.549999952316284
endloop
endfacet
facet normal 0.8660254386415455 -0.49999993962571543 0
outer loop
vertex -55.07270431518555 28.336639404296875 3.549999952316284
vertex -55.07270431518555 28.336639404296875 0
vertex -52.57270431518555 32.66676712036133 3.549999952316284
endloop
endfacet
facet normal -0.5000032886257572 -0.8660235050871471 0
outer loop
vertex -52.57270431518555 32.66676712036133 3.549999952316284
vertex -51.966487884521484 32.31676483154297 0
vertex -51.966487884521484 32.31676483154297 3.549999952316284
endloop
endfacet
facet normal 0 0 -1
outer loop
vertex -51.966487884521484 32.31676483154297 3.549999952316284
vertex -55.07270431518555 28.336639404296875 3.549999952316284
vertex -52.57270431518555 32.66676712036133 3.549999952316284
endloop
endfacet
facet normal -0.4999992014511777 -0.8660258648263254 0
outer loop
vertex -56.32352828979492 34.84276580810547 3.549999952316284
vertex -55.71731185913086 34.492767333984375 0
vertex -55.71731185913086 34.492767333984375 3.549999952316284
endloop
endfacet
facet normal 0 0 -1
outer loop
vertex -56.32352828979492 34.84276580810547 3.549999952316284
vertex -55.71731185913086 34.492767333984375 3.549999952316284
vertex -58.82352828979492 30.51263999938965 3.549999952316284
endloop
endfacet
facet normal 0.5000012450426438 0.8660246849575399 0
outer loop
vertex -58.21731185913086 30.162639617919922 0
vertex -58.82352828979492 30.51263999938965 0
vertex -58.21731185913086 30.162639617919922 3.549999952316284
endloop
endfacet
facet normal -0.5000032886257572 -0.8660235050871471 0
outer loop
vertex -69.14070129394531 42.242767333984375 3.549999952316284
vertex -69.14070129394531 42.242767333984375 0
vertex -68.53448486328125 41.892765045166016 0
endloop
endfacet
facet normal 0.8660254386415455 -0.49999993962571543 0
outer loop
vertex -69.14070129394531 42.242767333984375 0
vertex -69.14070129394531 42.242767333984375 3.549999952316284
vertex -71.64070129394531 37.91263961791992 0
endloop
endfacet
facet normal 0.5000032886257572 0.8660235050871471 0
outer loop
vertex -71.03448486328125 37.56263732910156 0
vertex -71.64070129394531 37.91263961791992 0
vertex -71.03448486328125 37.56263732910156 3.549999952316284
endloop
endfacet
facet normal 0 0 -1
outer loop
vertex -58.21731185913086 30.162639617919922 3.549999952316284
vertex -58.82352828979492 30.51263999938965 3.549999952316284
vertex -55.71731185913086 34.492767333984375 3.549999952316284
endloop
endfacet
facet normal -0.8660254386415455 0.49999993962571543 0
outer loop
vertex -55.71731185913086 34.492767333984375 0
vertex -58.21731185913086 30.162639617919922 0
vertex -58.21731185913086 30.162639617919922 3.549999952316284
endloop
endfacet
facet normal -0.4999992014511777 -0.8660258648263254 0
outer loop
vertex -56.32352828979492 34.84276580810547 0
vertex -55.71731185913086 34.492767333984375 0
vertex -56.32352828979492 34.84276580810547 3.549999952316284
endloop
endfacet
facet normal 0.5000032886257572 0.8660235050871471 0
outer loop
vertex -71.03448486328125 37.56263732910156 3.549999952316284
vertex -71.64070129394531 37.91263961791992 0
vertex -71.64070129394531 37.91263961791992 3.549999952316284
endloop
endfacet
facet normal 0.8660254386415455 -0.49999993962571543 0
outer loop
vertex -71.64070129394531 37.91263961791992 3.549999952316284
vertex -71.64070129394531 37.91263961791992 0
vertex -69.14070129394531 42.242767333984375 3.549999952316284
endloop
endfacet
facet normal 0 0 -1
outer loop
vertex -69.14070129394531 42.242767333984375 3.549999952316284
vertex -68.53448486328125 41.892765045166016 3.549999952316284
vertex -71.64070129394531 37.91263961791992 3.549999952316284
endloop
endfacet
facet normal 0 0 -1
outer loop
vertex -71.03448486328125 37.56263732910156 3.549999952316284
vertex -71.64070129394531 37.91263961791992 3.549999952316284
vertex -68.53448486328125 41.892765045166016 3.549999952316284
endloop
endfacet
facet normal -0.5000032886257572 -0.8660235050871471 0
outer loop
vertex -69.14070129394531 42.242767333984375 3.549999952316284
vertex -68.53448486328125 41.892765045166016 0
vertex -68.53448486328125 41.892765045166016 3.549999952316284
endloop
endfacet
facet normal 0.5000012450426438 0.8660246849575399 0
outer loop
vertex -58.21731185913086 30.162639617919922 3.549999952316284
vertex -58.82352828979492 30.51263999938965 0
vertex -58.82352828979492 30.51263999938965 3.549999952316284
endloop
endfacet
facet normal -0.8660254386415455 0.49999993962571543 0
outer loop
vertex -55.71731185913086 34.492767333984375 0
vertex -58.21731185913086 30.162639617919922 3.549999952316284
vertex -55.71731185913086 34.492767333984375 3.549999952316284
endloop
endfacet
facet normal 0 0 -1
outer loop
vertex 3.705991744995117 -50.918296813964844 1.7000000476837158
vertex 3.5337843894958496 -51.78404235839844 1.7000000476837158
vertex 3.5337843894958496 -50.952552795410156 1.7000000476837158
endloop
endfacet
facet normal -0.9807847649190312 -0.1950929135123066 0
outer loop
vertex 4.121737480163574 -51.19609069824219 1.7000000476837158
vertex 4.121737480163574 -51.19609069824219 0
vertex 4.155992031097412 -51.3682975769043 1.7000000476837158
endloop
endfacet
facet normal 0.19510023104767313 -0.9807833093222704 0
outer loop
vertex 3.5337843894958496 -50.952552795410156 1.7000000476837158
vertex 3.5337843894958496 -50.952552795410156 0
vertex 3.705991744995117 -50.918296813964844 1.7000000476837158
endloop
endfacet
facet normal -0.19509997121620473 -0.9807833610086563 0
outer loop
vertex 3.878199338912964 -50.952552795410156 0
vertex 3.878199338912964 -50.952552795410156 1.7000000476837158
vertex 3.705991744995117 -50.918296813964844 0
endloop
endfacet
facet normal -0.19509997121620473 -0.9807833610086563 0
outer loop
vertex 3.705991744995117 -50.918296813964844 1.7000000476837158
vertex 3.705991744995117 -50.918296813964844 0
vertex 3.878199338912964 -50.952552795410156 1.7000000476837158
endloop
endfacet
facet normal -0.5555616365427825 -0.8314753562204387 0
outer loop
vertex 3.878199338912964 -50.952552795410156 1.7000000476837158
vertex 3.878199338912964 -50.952552795410156 0
vertex 4.0241899490356445 -51.05009841918945 1.7000000476837158
endloop
endfacet
facet normal -0.8314732719568675 -0.5555647559208026 0
outer loop
vertex 4.0241899490356445 -51.05009841918945 1.7000000476837158
vertex 4.0241899490356445 -51.05009841918945 0
vertex 4.121737480163574 -51.19609069824219 1.7000000476837158
endloop
endfacet
facet normal 0 0 -1
outer loop
vertex 3.5337843894958496 -50.952552795410156 1.7000000476837158
vertex 3.387793779373169 -51.68649673461914 1.7000000476837158
vertex 3.387793779373169 -51.05009841918945 1.7000000476837158
endloop
endfacet
facet normal 0.19510023104767313 -0.9807833093222704 0
outer loop
vertex 3.705991744995117 -50.918296813964844 0
vertex 3.705991744995117 -50.918296813964844 1.7000000476837158
vertex 3.5337843894958496 -50.952552795410156 0
endloop
endfacet
facet normal 0.5555616365427825 -0.8314753562204387 0
outer loop
vertex 3.5337843894958496 -50.952552795410156 0
vertex 3.5337843894958496 -50.952552795410156 1.7000000476837158
vertex 3.387793779373169 -51.05009841918945 0
endloop
endfacet
facet normal 0.83147264470564 -0.5555656946808436 0
outer loop
vertex 3.387793779373169 -51.05009841918945 0
vertex 3.387793779373169 -51.05009841918945 1.7000000476837158
vertex 3.29024600982666 -51.19609069824219 0
endloop
endfacet
facet normal 0.9807852845629332 -0.19509030110388895 0
outer loop
vertex 3.29024600982666 -51.19609069824219 0
vertex 3.29024600982666 -51.19609069824219 1.7000000476837158
vertex 3.2559919357299805 -51.3682975769043 0
endloop
endfacet
facet normal -0.9807847649190312 0.1950929135123066 0
outer loop
vertex 4.155992031097412 -51.3682975769043 0
vertex 4.121737480163574 -51.540504455566406 0
vertex 4.121737480163574 -51.540504455566406 1.7000000476837158
endloop
endfacet
facet normal 0 0 -1
outer loop
vertex 3.387793779373169 -51.05009841918945 1.7000000476837158
vertex 3.29024600982666 -51.540504455566406 1.7000000476837158
vertex 3.29024600982666 -51.19609069824219 1.7000000476837158
endloop
endfacet
facet normal 0.83147264470564 -0.5555656946808436 0
outer loop
vertex 3.29024600982666 -51.19609069824219 1.7000000476837158
vertex 3.29024600982666 -51.19609069824219 0
vertex 3.387793779373169 -51.05009841918945 1.7000000476837158
endloop
endfacet
facet normal 0.9807852845629332 -0.19509030110388895 0
outer loop
vertex 3.2559919357299805 -51.3682975769043 1.7000000476837158
vertex 3.2559919357299805 -51.3682975769043 0
vertex 3.29024600982666 -51.19609069824219 1.7000000476837158
endloop
endfacet
facet normal 0 0 -1
outer loop
vertex 4.155992031097412 -51.3682975769043 1.7000000476837158
vertex 4.121737480163574 -51.540504455566406 1.7000000476837158
vertex 4.121737480163574 -51.19609069824219 1.7000000476837158
endloop
endfacet
facet normal 0 0 -1
outer loop
vertex 4.121737480163574 -51.540504455566406 1.7000000476837158
vertex 4.0241899490356445 -51.68649673461914 1.7000000476837158
vertex 4.121737480163574 -51.19609069824219 1.7000000476837158
endloop
endfacet
facet normal -0.9807847649190312 0.1950929135123066 0
outer loop
vertex 4.155992031097412 -51.3682975769043 1.7000000476837158
vertex 4.155992031097412 -51.3682975769043 0
vertex 4.121737480163574 -51.540504455566406 1.7000000476837158
endloop
endfacet
facet normal -0.8314732719568675 0.5555647559208026 0
outer loop
vertex 4.121737480163574 -51.540504455566406 1.7000000476837158
vertex 4.121737480163574 -51.540504455566406 0
vertex 4.0241899490356445 -51.68649673461914 1.7000000476837158
endloop
endfacet
facet normal -0.5555616365427825 0.8314753562204387 0
outer loop
vertex 4.0241899490356445 -51.68649673461914 1.7000000476837158
vertex 4.0241899490356445 -51.68649673461914 0
vertex 3.878199338912964 -51.78404235839844 1.7000000476837158
endloop
endfacet
facet normal -0.19509997121620473 0.9807833610086563 0
outer loop
vertex 3.878199338912964 -51.78404235839844 1.7000000476837158
vertex 3.878199338912964 -51.78404235839844 0
vertex 3.705991744995117 -51.81829833984375 1.7000000476837158
endloop
endfacet
facet normal 0.19510023104767313 0.9807833093222704 0
outer loop
vertex 3.705991744995117 -51.81829833984375 1.7000000476837158
vertex 3.705991744995117 -51.81829833984375 0
vertex 3.5337843894958496 -51.78404235839844 1.7000000476837158
endloop
endfacet
facet normal 0.9807852845629332 0.19509030110388895 0
outer loop
vertex 3.29024600982666 -51.540504455566406 1.7000000476837158
vertex 3.29024600982666 -51.540504455566406 0
vertex 3.2559919357299805 -51.3682975769043 1.7000000476837158
endloop
endfacet
facet normal 0 0 -1
outer loop
vertex 4.0241899490356445 -51.68649673461914 1.7000000476837158
vertex 3.878199338912964 -51.78404235839844 1.7000000476837158
vertex 4.0241899490356445 -51.05009841918945 1.7000000476837158
endloop
endfacet
facet normal -0.8314732719568675 0.5555647559208026 0
outer loop
vertex 4.121737480163574 -51.540504455566406 0
vertex 4.0241899490356445 -51.68649673461914 0
vertex 4.0241899490356445 -51.68649673461914 1.7000000476837158
endloop
endfacet
facet normal 0.5555616365427825 0.8314753562204387 0
outer loop
vertex 3.5337843894958496 -51.78404235839844 1.7000000476837158
vertex 3.5337843894958496 -51.78404235839844 0
vertex 3.387793779373169 -51.68649673461914 1.7000000476837158
endloop
endfacet
facet normal 0 0 -1
outer loop
vertex 3.878199338912964 -51.78404235839844 1.7000000476837158
vertex 3.705991744995117 -51.81829833984375 1.7000000476837158
vertex 3.878199338912964 -50.952552795410156 1.7000000476837158
endloop
endfacet
facet normal 0 0 -1
outer loop
vertex 3.705991744995117 -51.81829833984375 1.7000000476837158
vertex 3.5337843894958496 -51.78404235839844 1.7000000476837158
vertex 3.705991744995117 -50.918296813964844 1.7000000476837158
endloop
endfacet
facet normal 0.83147264470564 0.5555656946808436 0
outer loop
vertex 3.387793779373169 -51.68649673461914 1.7000000476837158
vertex 3.387793779373169 -51.68649673461914 0
vertex 3.29024600982666 -51.540504455566406 1.7000000476837158
endloop
endfacet
facet normal -0.8314732719568675 -0.5555647559208026 0
outer loop
vertex 4.0241899490356445 -51.05009841918945 0
vertex 4.121737480163574 -51.19609069824219 0
vertex 4.121737480163574 -51.19609069824219 1.7000000476837158
endloop
endfacet
facet normal -0.5555616365427825 0.8314753562204387 0
outer loop
vertex 4.0241899490356445 -51.68649673461914 0
vertex 3.878199338912964 -51.78404235839844 0
vertex 3.878199338912964 -51.78404235839844 1.7000000476837158
endloop
endfacet
facet normal -0.19509997121620473 0.9807833610086563 0
outer loop
vertex 3.878199338912964 -51.78404235839844 0
vertex 3.705991744995117 -51.81829833984375 0
vertex 3.705991744995117 -51.81829833984375 1.7000000476837158
endloop
endfacet
facet normal 0 0 -1
outer loop
vertex 3.5337843894958496 -51.78404235839844 1.7000000476837158
vertex 3.387793779373169 -51.68649673461914 1.7000000476837158
vertex 3.5337843894958496 -50.952552795410156 1.7000000476837158
endloop
endfacet
facet normal 0.19510023104767313 0.9807833093222704 0
outer loop
vertex 3.705991744995117 -51.81829833984375 0
vertex 3.5337843894958496 -51.78404235839844 0
vertex 3.5337843894958496 -51.78404235839844 1.7000000476837158
endloop
endfacet
facet normal 0.83147264470564 0.5555656946808436 0
outer loop
vertex 3.387793779373169 -51.68649673461914 0
vertex 3.29024600982666 -51.540504455566406 0
vertex 3.29024600982666 -51.540504455566406 1.7000000476837158
endloop
endfacet
facet normal 0 0 -1
outer loop
vertex 3.29024600982666 -51.540504455566406 1.7000000476837158
vertex 3.2559919357299805 -51.3682975769043 1.7000000476837158
vertex 3.29024600982666 -51.19609069824219 1.7000000476837158
endloop
endfacet
facet normal 0.5555616365427825 0.8314753562204387 0
outer loop
vertex 3.5337843894958496 -51.78404235839844 0
vertex 3.387793779373169 -51.68649673461914 0
vertex 3.387793779373169 -51.68649673461914 1.7000000476837158
endloop
endfacet
facet normal 0.9807852845629332 0.19509030110388895 0
outer loop
vertex 3.29024600982666 -51.540504455566406 0
vertex 3.2559919357299805 -51.3682975769043 0
vertex 3.2559919357299805 -51.3682975769043 1.7000000476837158
endloop
endfacet
facet normal -0.9807847649190312 -0.1950929135123066 0
outer loop
vertex 4.121737480163574 -51.19609069824219 0
vertex 4.155992031097412 -51.3682975769043 0
vertex 4.155992031097412 -51.3682975769043 1.7000000476837158
endloop
endfacet
facet normal -0.5555616365427825 -0.8314753562204387 0
outer loop
vertex 4.0241899490356445 -51.05009841918945 0
vertex 4.0241899490356445 -51.05009841918945 1.7000000476837158
vertex 3.878199338912964 -50.952552795410156 0
endloop
endfacet
facet normal 0 0 -1
outer loop
vertex 4.0241899490356445 -51.05009841918945 1.7000000476837158
vertex 4.121737480163574 -51.19609069824219 1.7000000476837158
vertex 4.0241899490356445 -51.68649673461914 1.7000000476837158
endloop
endfacet
facet normal 0 0 -1
outer loop
vertex 3.387793779373169 -51.68649673461914 1.7000000476837158
vertex 3.29024600982666 -51.540504455566406 1.7000000476837158
vertex 3.387793779373169 -51.05009841918945 1.7000000476837158
endloop
endfacet
facet normal 0 0 -1
outer loop
vertex 4.0241899490356445 -51.05009841918945 1.7000000476837158
vertex 3.878199338912964 -51.78404235839844 1.7000000476837158
vertex 3.878199338912964 -50.952552795410156 1.7000000476837158
endloop
endfacet
facet normal 0 0 -1
outer loop
vertex 3.878199338912964 -50.952552795410156 1.7000000476837158
vertex 3.705991744995117 -51.81829833984375 1.7000000476837158
vertex 3.705991744995117 -50.918296813964844 1.7000000476837158
endloop
endfacet
facet normal 0.5555616365427825 -0.8314753562204387 0
outer loop
vertex 3.387793779373169 -51.05009841918945 1.7000000476837158
vertex 3.387793779373169 -51.05009841918945 0
vertex 3.5337843894958496 -50.952552795410156 1.7000000476837158
endloop
endfacet
facet normal 0 0 -1
outer loop
vertex 3.878199338912964 -50.514041900634766 1.7000000476837158
vertex 3.705991744995117 -50.54829788208008 1.7000000476837158
vertex 3.878199338912964 -49.682552337646484 1.7000000476837158
endloop
endfacet
facet normal -0.8314732719568675 -0.5555647559208026 0
outer loop
vertex 4.0241899490356445 -49.78009796142578 0
vertex 4.121737480163574 -49.926090240478516 0
vertex 4.121737480163574 -49.926090240478516 1.7000000476837158
endloop
endfacet
facet normal 0 0 -1
outer loop
vertex 3.5337843894958496 -50.514041900634766 1.7000000476837158
vertex 3.5337843894958496 -49.682552337646484 1.7000000476837158
vertex 3.705991744995117 -49.64829635620117 1.7000000476837158
endloop
endfacet
facet normal 0.5555616365427825 0.8314753562204387 0
outer loop
vertex 3.5337843894958496 -50.514041900634766 0
vertex 3.387793779373169 -50.41649627685547 0
vertex 3.387793779373169 -50.41649627685547 1.7000000476837158
endloop
endfacet
facet normal 0.19510023104767313 0.9807833093222704 0
outer loop
vertex 3.705991744995117 -50.54829788208008 0
vertex 3.5337843894958496 -50.514041900634766 0
vertex 3.5337843894958496 -50.514041900634766 1.7000000476837158
endloop
endfacet
facet normal -0.19509997121620473 0.9807833610086563 0
outer loop
vertex 3.878199338912964 -50.514041900634766 0
vertex 3.705991744995117 -50.54829788208008 0
vertex 3.705991744995117 -50.54829788208008 1.7000000476837158
endloop
endfacet
facet normal -0.5555616365427825 0.8314753562204387 0
outer loop
vertex 4.0241899490356445 -50.41649627685547 0
vertex 3.878199338912964 -50.514041900634766 0
vertex 3.878199338912964 -50.514041900634766 1.7000000476837158
endloop
endfacet
facet normal 0.9807852845629332 0.19509030110388895 0
outer loop
vertex 3.29024600982666 -50.270503997802734 0
vertex 3.2559919357299805 -50.098297119140625 0
vertex 3.2559919357299805 -50.098297119140625 1.7000000476837158
endloop
endfacet
facet normal 0.83147264470564 0.5555656946808436 0
outer loop
vertex 3.29024600982666 -50.270503997802734 0
vertex 3.29024600982666 -50.270503997802734 1.7000000476837158
vertex 3.387793779373169 -50.41649627685547 0
endloop
endfacet
facet normal 0.9807852845629332 -0.19509030110388895 0
outer loop
vertex 3.29024600982666 -49.926090240478516 0
vertex 3.29024600982666 -49.926090240478516 1.7000000476837158
vertex 3.2559919357299805 -50.098297119140625 0
endloop
endfacet
facet normal 0 0 -1
outer loop
vertex 4.155992031097412 -50.098297119140625 1.7000000476837158
vertex 4.121737480163574 -50.270503997802734 1.7000000476837158
vertex 4.121737480163574 -49.926090240478516 1.7000000476837158
endloop
endfacet
facet normal -0.8314732719568675 -0.5555647559208026 0
outer loop
vertex 4.0241899490356445 -49.78009796142578 1.7000000476837158
vertex 4.0241899490356445 -49.78009796142578 0
vertex 4.121737480163574 -49.926090240478516 1.7000000476837158
endloop
endfacet
facet normal -0.19509997121620473 -0.9807833610086563 0
outer loop
vertex 3.705991744995117 -49.64829635620117 1.7000000476837158
vertex 3.705991744995117 -49.64829635620117 0
vertex 3.878199338912964 -49.682552337646484 1.7000000476837158
endloop
endfacet
facet normal -0.5555616365427825 -0.8314753562204387 0
outer loop
vertex 3.878199338912964 -49.682552337646484 1.7000000476837158
vertex 3.878199338912964 -49.682552337646484 0
vertex 4.0241899490356445 -49.78009796142578 1.7000000476837158
endloop
endfacet
facet normal -0.9807847649190312 -0.1950929135123066 0
outer loop
vertex 4.121737480163574 -49.926090240478516 1.7000000476837158
vertex 4.121737480163574 -49.926090240478516 0
vertex 4.155992031097412 -50.098297119140625 1.7000000476837158
endloop
endfacet
facet normal -0.9807847649190312 0.1950929135123066 0
outer loop
vertex 4.155992031097412 -50.098297119140625 1.7000000476837158
vertex 4.155992031097412 -50.098297119140625 0
vertex 4.121737480163574 -50.270503997802734 1.7000000476837158
endloop
endfacet
facet normal -0.8314732719568675 0.5555647559208026 0
outer loop
vertex 4.121737480163574 -50.270503997802734 1.7000000476837158
vertex 4.121737480163574 -50.270503997802734 0
vertex 4.0241899490356445 -50.41649627685547 1.7000000476837158
endloop
endfacet
facet normal 0.19510023104767313 -0.9807833093222704 0
outer loop
vertex 3.5337843894958496 -49.682552337646484 1.7000000476837158
vertex 3.5337843894958496 -49.682552337646484 0
vertex 3.705991744995117 -49.64829635620117 1.7000000476837158
endloop
endfacet
facet normal 0.5555616365427825 -0.8314753562204387 0
outer loop
vertex 3.387793779373169 -49.78009796142578 1.7000000476837158
vertex 3.387793779373169 -49.78009796142578 0
vertex 3.5337843894958496 -49.682552337646484 1.7000000476837158
endloop
endfacet
facet normal 0.83147264470564 -0.5555656946808436 0
outer loop
vertex 3.29024600982666 -49.926090240478516 1.7000000476837158
vertex 3.29024600982666 -49.926090240478516 0
vertex 3.387793779373169 -49.78009796142578 1.7000000476837158
endloop
endfacet
facet normal 0.9807852845629332 0.19509030110388895 0
outer loop
vertex 3.29024600982666 -50.270503997802734 1.7000000476837158
vertex 3.29024600982666 -50.270503997802734 0
vertex 3.2559919357299805 -50.098297119140625 1.7000000476837158
endloop
endfacet
facet normal 0 0 -1
outer loop
vertex 4.0241899490356445 -49.78009796142578 1.7000000476837158
vertex 4.121737480163574 -49.926090240478516 1.7000000476837158
vertex 4.0241899490356445 -50.41649627685547 1.7000000476837158
endloop
endfacet
facet normal 0 0 -1
outer loop
vertex 4.121737480163574 -50.270503997802734 1.7000000476837158
vertex 4.0241899490356445 -50.41649627685547 1.7000000476837158
vertex 4.121737480163574 -49.926090240478516 1.7000000476837158
endloop
endfacet
facet normal 0 0 -1
outer loop
vertex 4.0241899490356445 -50.41649627685547 1.7000000476837158
vertex 3.878199338912964 -50.514041900634766 1.7000000476837158
vertex 4.0241899490356445 -49.78009796142578 1.7000000476837158
endloop
endfacet
facet normal 0 0 -1
outer loop
vertex 3.878199338912964 -50.514041900634766 1.7000000476837158
vertex 3.878199338912964 -49.682552337646484 1.7000000476837158
vertex 4.0241899490356445 -49.78009796142578 1.7000000476837158
endloop
endfacet
facet normal 0 0 -1
outer loop
vertex 3.705991744995117 -49.64829635620117 1.7000000476837158
vertex 3.878199338912964 -49.682552337646484 1.7000000476837158
vertex 3.705991744995117 -50.54829788208008 1.7000000476837158
endloop
endfacet
facet normal 0.83147264470564 -0.5555656946808436 0
outer loop
vertex 3.387793779373169 -49.78009796142578 0
vertex 3.387793779373169 -49.78009796142578 1.7000000476837158
vertex 3.29024600982666 -49.926090240478516 0
endloop
endfacet
facet normal 0 0 -1
outer loop
vertex 3.705991744995117 -50.54829788208008 1.7000000476837158
vertex 3.5337843894958496 -50.514041900634766 1.7000000476837158
vertex 3.705991744995117 -49.64829635620117 1.7000000476837158
endloop
endfacet
facet normal 0 0 -1
outer loop
vertex 3.5337843894958496 -49.682552337646484 1.7000000476837158
vertex 3.387793779373169 -50.41649627685547 1.7000000476837158
vertex 3.387793779373169 -49.78009796142578 1.7000000476837158
endloop
endfacet
facet normal 0 0 -1
outer loop
vertex 3.387793779373169 -49.78009796142578 1.7000000476837158
vertex 3.29024600982666 -50.270503997802734 1.7000000476837158
vertex 3.29024600982666 -49.926090240478516 1.7000000476837158
endloop
endfacet
facet normal 0 0 -1
outer loop
vertex 3.29024600982666 -50.270503997802734 1.7000000476837158
vertex 3.2559919357299805 -50.098297119140625 1.7000000476837158
vertex 3.29024600982666 -49.926090240478516 1.7000000476837158
endloop
endfacet
facet normal 0 0 -1
outer loop
vertex 3.5337843894958496 -50.514041900634766 1.7000000476837158
vertex 3.387793779373169 -50.41649627685547 1.7000000476837158
vertex 3.5337843894958496 -49.682552337646484 1.7000000476837158
endloop
endfacet
facet normal 0 0 -1
outer loop
vertex 3.387793779373169 -50.41649627685547 1.7000000476837158
vertex 3.29024600982666 -50.270503997802734 1.7000000476837158
vertex 3.387793779373169 -49.78009796142578 1.7000000476837158
endloop
endfacet
facet normal 0.83147264470564 0.5555656946808436 0
outer loop
vertex 3.387793779373169 -50.41649627685547 1.7000000476837158
vertex 3.387793779373169 -50.41649627685547 0
vertex 3.29024600982666 -50.270503997802734 1.7000000476837158
endloop
endfacet
facet normal 0.5555616365427825 -0.8314753562204387 0
outer loop
vertex 3.5337843894958496 -49.682552337646484 0
vertex 3.5337843894958496 -49.682552337646484 1.7000000476837158
vertex 3.387793779373169 -49.78009796142578 0
endloop
endfacet
facet normal -0.8314732719568675 0.5555647559208026 0
outer loop
vertex 4.121737480163574 -50.270503997802734 0
vertex 4.0241899490356445 -50.41649627685547 0
vertex 4.0241899490356445 -50.41649627685547 1.7000000476837158
endloop
endfacet
facet normal -0.9807847649190312 0.1950929135123066 0
outer loop
vertex 4.155992031097412 -50.098297119140625 0
vertex 4.121737480163574 -50.270503997802734 0
vertex 4.121737480163574 -50.270503997802734 1.7000000476837158
endloop
endfacet
facet normal 0.9807852845629332 -0.19509030110388895 0
outer loop
vertex 3.2559919357299805 -50.098297119140625 1.7000000476837158
vertex 3.2559919357299805 -50.098297119140625 0
vertex 3.29024600982666 -49.926090240478516 1.7000000476837158
endloop
endfacet
facet normal -0.5555616365427825 0.8314753562204387 0
outer loop
vertex 4.0241899490356445 -50.41649627685547 1.7000000476837158
vertex 4.0241899490356445 -50.41649627685547 0
vertex 3.878199338912964 -50.514041900634766 1.7000000476837158
endloop
endfacet
facet normal -0.19509997121620473 0.9807833610086563 0
outer loop
vertex 3.878199338912964 -50.514041900634766 1.7000000476837158
vertex 3.878199338912964 -50.514041900634766 0
vertex 3.705991744995117 -50.54829788208008 1.7000000476837158
endloop
endfacet
facet normal 0.19510023104767313 0.9807833093222704 0
outer loop
vertex 3.705991744995117 -50.54829788208008 1.7000000476837158
vertex 3.705991744995117 -50.54829788208008 0
vertex 3.5337843894958496 -50.514041900634766 1.7000000476837158
endloop
endfacet
facet normal 0.5555616365427825 0.8314753562204387 0
outer loop
vertex 3.5337843894958496 -50.514041900634766 1.7000000476837158
vertex 3.5337843894958496 -50.514041900634766 0
vertex 3.387793779373169 -50.41649627685547 1.7000000476837158
endloop
endfacet
facet normal -0.9807847649190312 -0.1950929135123066 0
outer loop
vertex 4.121737480163574 -49.926090240478516 0
vertex 4.155992031097412 -50.098297119140625 0
vertex 4.155992031097412 -50.098297119140625 1.7000000476837158
endloop
endfacet
facet normal -0.19509997121620473 -0.9807833610086563 0
outer loop
vertex 3.705991744995117 -49.64829635620117 0
vertex 3.878199338912964 -49.682552337646484 0
vertex 3.878199338912964 -49.682552337646484 1.7000000476837158
endloop
endfacet
facet normal 0.19510023104767313 -0.9807833093222704 0
outer loop
vertex 3.705991744995117 -49.64829635620117 0
vertex 3.705991744995117 -49.64829635620117 1.7000000476837158
vertex 3.5337843894958496 -49.682552337646484 0
endloop
endfacet
facet normal -0.5555616365427825 -0.8314753562204387 0
outer loop
vertex 4.0241899490356445 -49.78009796142578 0
vertex 4.0241899490356445 -49.78009796142578 1.7000000476837158
vertex 3.878199338912964 -49.682552337646484 0
endloop
endfacet
facet normal -0.9807847649190312 0.1950929135123066 0
outer loop
vertex 4.155992031097412 -48.82829666137695 1.7000000476837158
vertex 4.155992031097412 -48.82829666137695 0
vertex 4.121737480163574 -49.00050354003906 1.7000000476837158
endloop
endfacet
facet normal -0.5555616365427825 0.8314753562204387 0
outer loop
vertex 4.0241899490356445 -49.1464958190918 1.7000000476837158
vertex 4.0241899490356445 -49.1464958190918 0
vertex 3.878199338912964 -49.244041442871094 1.7000000476837158
endloop
endfacet
facet normal -0.9807847649190312 -0.1950929135123066 0
outer loop
vertex 4.121737480163574 -48.656089782714844 1.7000000476837158
vertex 4.121737480163574 -48.656089782714844 0
vertex 4.155992031097412 -48.82829666137695 1.7000000476837158
endloop
endfacet
facet normal 0.19510023104767313 -0.9807833093222704 0
outer loop
vertex 3.5337843894958496 -48.41255187988281 1.7000000476837158
vertex 3.5337843894958496 -48.41255187988281 0
vertex 3.705991744995117 -48.3782958984375 1.7000000476837158
endloop
endfacet
facet normal -0.19509997121620473 -0.9807833610086563 0
outer loop
vertex 3.705991744995117 -48.3782958984375 1.7000000476837158
vertex 3.705991744995117 -48.3782958984375 0
vertex 3.878199338912964 -48.41255187988281 1.7000000476837158
endloop
endfacet
facet normal -0.19509997121620473 0.9807833610086563 0
outer loop
vertex 3.878199338912964 -49.244041442871094 1.7000000476837158
vertex 3.878199338912964 -49.244041442871094 0
vertex 3.705991744995117 -49.278297424316406 1.7000000476837158
endloop
endfacet
facet normal -0.5555616365427825 -0.8314753562204387 0
outer loop
vertex 4.0241899490356445 -48.51009750366211 0
vertex 4.0241899490356445 -48.51009750366211 1.7000000476837158
vertex 3.878199338912964 -48.41255187988281 0
endloop
endfacet
facet normal -0.8314732719568675 -0.5555647559208026 0
outer loop
vertex 4.121737480163574 -48.656089782714844 0
vertex 4.121737480163574 -48.656089782714844 1.7000000476837158
vertex 4.0241899490356445 -48.51009750366211 0
endloop
endfacet
facet normal -0.9807847649190312 -0.1950929135123066 0
outer loop
vertex 4.121737480163574 -48.656089782714844 0
vertex 4.155992031097412 -48.82829666137695 0
vertex 4.155992031097412 -48.82829666137695 1.7000000476837158
endloop
endfacet
facet normal -0.9807847649190312 0.1950929135123066 0
outer loop
vertex 4.155992031097412 -48.82829666137695 0
vertex 4.121737480163574 -49.00050354003906 0
vertex 4.121737480163574 -49.00050354003906 1.7000000476837158
endloop
endfacet
facet normal -0.8314732719568675 0.5555647559208026 0
outer loop
vertex 4.121737480163574 -49.00050354003906 0
vertex 4.0241899490356445 -49.1464958190918 0
vertex 4.0241899490356445 -49.1464958190918 1.7000000476837158
endloop
endfacet
facet normal -0.5555616365427825 0.8314753562204387 0
outer loop
vertex 4.0241899490356445 -49.1464958190918 0
vertex 3.878199338912964 -49.244041442871094 0
vertex 3.878199338912964 -49.244041442871094 1.7000000476837158
endloop
endfacet
facet normal -0.19509997121620473 0.9807833610086563 0
outer loop
vertex 3.878199338912964 -49.244041442871094 0
vertex 3.705991744995117 -49.278297424316406 0
vertex 3.705991744995117 -49.278297424316406 1.7000000476837158
endloop
endfacet
facet normal 0.83147264470564 -0.5555656946808436 0
outer loop
vertex 3.387793779373169 -48.51009750366211 0
vertex 3.387793779373169 -48.51009750366211 1.7000000476837158
vertex 3.29024600982666 -48.656089782714844 0
endloop
endfacet
facet normal 0.9807852845629332 -0.19509030110388895 0
outer loop
vertex 3.29024600982666 -48.656089782714844 0
vertex 3.29024600982666 -48.656089782714844 1.7000000476837158
vertex 3.2559919357299805 -48.82829666137695 0
endloop
endfacet
facet normal 0.19510023104767313 0.9807833093222704 0
outer loop
vertex 3.705991744995117 -49.278297424316406 1.7000000476837158
vertex 3.705991744995117 -49.278297424316406 0
vertex 3.5337843894958496 -49.244041442871094 1.7000000476837158
endloop
endfacet
facet normal 0 0 -1
outer loop
vertex 4.155992031097412 -48.82829666137695 1.7000000476837158
vertex 4.121737480163574 -49.00050354003906 1.7000000476837158
vertex 4.121737480163574 -48.656089782714844 1.7000000476837158
endloop
endfacet
facet normal 0 0 -1
outer loop
vertex 4.121737480163574 -48.656089782714844 1.7000000476837158
vertex 4.0241899490356445 -49.1464958190918 1.7000000476837158
vertex 4.0241899490356445 -48.51009750366211 1.7000000476837158
endloop
endfacet
facet normal 0 0 -1
outer loop
vertex 4.121737480163574 -49.00050354003906 1.7000000476837158
vertex 4.0241899490356445 -49.1464958190918 1.7000000476837158
vertex 4.121737480163574 -48.656089782714844 1.7000000476837158
endloop
endfacet
facet normal 0 0 -1
outer loop
vertex 3.878199338912964 -48.41255187988281 1.7000000476837158
vertex 3.705991744995117 -49.278297424316406 1.7000000476837158
vertex 3.705991744995117 -48.3782958984375 1.7000000476837158
endloop
endfacet
facet normal 0 0 -1
outer loop
vertex 3.878199338912964 -48.41255187988281 1.7000000476837158
vertex 4.0241899490356445 -48.51009750366211 1.7000000476837158
vertex 3.878199338912964 -49.244041442871094 1.7000000476837158
endloop
endfacet
facet normal 0 0 -1
outer loop
vertex 4.0241899490356445 -49.1464958190918 1.7000000476837158
vertex 3.878199338912964 -49.244041442871094 1.7000000476837158
vertex 4.0241899490356445 -48.51009750366211 1.7000000476837158
endloop
endfacet
facet normal 0 0 -1
outer loop
vertex 3.878199338912964 -49.244041442871094 1.7000000476837158
vertex 3.705991744995117 -49.278297424316406 1.7000000476837158
vertex 3.878199338912964 -48.41255187988281 1.7000000476837158
endloop
endfacet
facet normal 0.5555616365427825 -0.8314753562204387 0
outer loop
vertex 3.387793779373169 -48.51009750366211 1.7000000476837158
vertex 3.387793779373169 -48.51009750366211 0
vertex 3.5337843894958496 -48.41255187988281 1.7000000476837158
endloop
endfacet
facet normal 0.83147264470564 -0.5555656946808436 0
outer loop
vertex 3.29024600982666 -48.656089782714844 1.7000000476837158
vertex 3.29024600982666 -48.656089782714844 0
vertex 3.387793779373169 -48.51009750366211 1.7000000476837158
endloop
endfacet
facet normal 0.9807852845629332 0.19509030110388895 0
outer loop
vertex 3.29024600982666 -49.00050354003906 1.7000000476837158
vertex 3.29024600982666 -49.00050354003906 0
vertex 3.2559919357299805 -48.82829666137695 1.7000000476837158
endloop
endfacet
facet normal 0.9807852845629332 0.19509030110388895 0
outer loop
vertex 3.2559919357299805 -48.82829666137695 0
vertex 3.2559919357299805 -48.82829666137695 1.7000000476837158
vertex 3.29024600982666 -49.00050354003906 0
endloop
endfacet
facet normal 0.83147264470564 0.5555656946808436 0
outer loop
vertex 3.29024600982666 -49.00050354003906 0
vertex 3.29024600982666 -49.00050354003906 1.7000000476837158
vertex 3.387793779373169 -49.1464958190918 0
endloop
endfacet
facet normal 0.5555616365427825 0.8314753562204387 0
outer loop
vertex 3.387793779373169 -49.1464958190918 0
vertex 3.387793779373169 -49.1464958190918 1.7000000476837158
vertex 3.5337843894958496 -49.244041442871094 0
endloop
endfacet
facet normal 0.19510023104767313 0.9807833093222704 0
outer loop
vertex 3.705991744995117 -49.278297424316406 0
vertex 3.5337843894958496 -49.244041442871094 0
vertex 3.5337843894958496 -49.244041442871094 1.7000000476837158
endloop
endfacet
facet normal 0.9807852845629332 -0.19509030110388895 0
outer loop
vertex 3.2559919357299805 -48.82829666137695 1.7000000476837158
vertex 3.2559919357299805 -48.82829666137695 0
vertex 3.29024600982666 -48.656089782714844 1.7000000476837158
endloop
endfacet
facet normal -0.5555616365427825 -0.8314753562204387 0
outer loop
vertex 3.878199338912964 -48.41255187988281 1.7000000476837158
vertex 3.878199338912964 -48.41255187988281 0
vertex 4.0241899490356445 -48.51009750366211 1.7000000476837158
endloop
endfacet
facet normal -0.8314732719568675 -0.5555647559208026 0
outer loop
vertex 4.0241899490356445 -48.51009750366211 1.7000000476837158
vertex 4.0241899490356445 -48.51009750366211 0
vertex 4.121737480163574 -48.656089782714844 1.7000000476837158
endloop
endfacet
facet normal -0.8314732719568675 0.5555647559208026 0
outer loop
vertex 4.121737480163574 -49.00050354003906 1.7000000476837158
vertex 4.121737480163574 -49.00050354003906 0
vertex 4.0241899490356445 -49.1464958190918 1.7000000476837158
endloop
endfacet
facet normal -0.19509997121620473 -0.9807833610086563 0
outer loop
vertex 3.878199338912964 -48.41255187988281 0
vertex 3.878199338912964 -48.41255187988281 1.7000000476837158
vertex 3.705991744995117 -48.3782958984375 0
endloop
endfacet
facet normal 0.19510023104767313 -0.9807833093222704 0
outer loop
vertex 3.705991744995117 -48.3782958984375 0
vertex 3.705991744995117 -48.3782958984375 1.7000000476837158
vertex 3.5337843894958496 -48.41255187988281 0
endloop
endfacet
facet normal 0.5555616365427825 -0.8314753562204387 0
outer loop
vertex 3.5337843894958496 -48.41255187988281 1.7000000476837158
vertex 3.387793779373169 -48.51009750366211 0
vertex 3.5337843894958496 -48.41255187988281 0
endloop
endfacet
facet normal 0.83147264470564 0.5555656946808436 0
outer loop
vertex 3.387793779373169 -49.1464958190918 1.7000000476837158
vertex 3.387793779373169 -49.1464958190918 0
vertex 3.29024600982666 -49.00050354003906 1.7000000476837158
endloop
endfacet
facet normal 0 0 -1
outer loop
vertex 3.705991744995117 -49.278297424316406 1.7000000476837158
vertex 3.5337843894958496 -49.244041442871094 1.7000000476837158
vertex 3.705991744995117 -48.3782958984375 1.7000000476837158
endloop
endfacet
facet normal 0 0 -1
outer loop
vertex 3.5337843894958496 -49.244041442871094 1.7000000476837158
vertex 3.5337843894958496 -48.41255187988281 1.7000000476837158
vertex 3.705991744995117 -48.3782958984375 1.7000000476837158
endloop
endfacet
facet normal 0 0 -1
outer loop
vertex 3.5337843894958496 -48.41255187988281 1.7000000476837158
vertex 3.387793779373169 -49.1464958190918 1.7000000476837158
vertex 3.387793779373169 -48.51009750366211 1.7000000476837158
endloop
endfacet
facet normal 0 0 -1
outer loop
vertex 3.5337843894958496 -49.244041442871094 1.7000000476837158
vertex 3.387793779373169 -49.1464958190918 1.7000000476837158
vertex 3.5337843894958496 -48.41255187988281 1.7000000476837158
endloop
endfacet
facet normal 0 0 -1
outer loop
vertex 3.387793779373169 -48.51009750366211 1.7000000476837158
vertex 3.29024600982666 -49.00050354003906 1.7000000476837158
vertex 3.29024600982666 -48.656089782714844 1.7000000476837158
endloop
endfacet
facet normal 0 0 -1
outer loop
vertex 3.29024600982666 -49.00050354003906 1.7000000476837158
vertex 3.2559919357299805 -48.82829666137695 1.7000000476837158
vertex 3.29024600982666 -48.656089782714844 1.7000000476837158
endloop
endfacet
facet normal 0 0 -1
outer loop
vertex 3.387793779373169 -49.1464958190918 1.7000000476837158
vertex 3.29024600982666 -49.00050354003906 1.7000000476837158
vertex 3.387793779373169 -48.51009750366211 1.7000000476837158
endloop
endfacet
facet normal 0.5555616365427825 0.8314753562204387 0
outer loop
vertex 3.5337843894958496 -49.244041442871094 1.7000000476837158
vertex 3.5337843894958496 -49.244041442871094 0
vertex 3.387793779373169 -49.1464958190918 1.7000000476837158
endloop
endfacet
facet normal 0.5555766567331487 0.8314653200784847 0
outer loop
vertex 3.5337843894958496 -47.97404479980469 1.7000000476837158
vertex 3.5337843894958496 -47.97404479980469 0
vertex 3.387793779373169 -47.876495361328125 1.7000000476837158
endloop
endfacet
facet normal 0.83147264470564 0.5555656946808436 0
outer loop
vertex 3.387793779373169 -47.876495361328125 1.7000000476837158
vertex 3.387793779373169 -47.876495361328125 0
vertex 3.29024600982666 -47.73050308227539 1.7000000476837158
endloop
endfacet
facet normal 0 0 -1
outer loop
vertex 3.5337843894958496 -47.14255142211914 1.7000000476837158
vertex 3.387793779373169 -47.876495361328125 1.7000000476837158
vertex 3.387793779373169 -47.2401008605957 1.7000000476837158
endloop
endfacet
facet normal 0 0 -1
outer loop
vertex 3.387793779373169 -47.2401008605957 1.7000000476837158
vertex 3.29024600982666 -47.73050308227539 1.7000000476837158
vertex 3.29024600982666 -47.38608932495117 1.7000000476837158
endloop
endfacet
facet normal 0 0 -1
outer loop
vertex 4.155992031097412 -47.55829620361328 1.7000000476837158
vertex 4.121737480163574 -47.73050308227539 1.7000000476837158
vertex 4.121737480163574 -47.38608932495117 1.7000000476837158
endloop
endfacet
facet normal 0 0 -1
outer loop
vertex 4.121737480163574 -47.73050308227539 1.7000000476837158
vertex 4.0241899490356445 -47.876495361328125 1.7000000476837158
vertex 4.121737480163574 -47.38608932495117 1.7000000476837158
endloop
endfacet
facet normal 0 0 -1
outer loop
vertex 4.0241899490356445 -47.876495361328125 1.7000000476837158
vertex 3.878199338912964 -47.97404479980469 1.7000000476837158
vertex 4.0241899490356445 -47.2401008605957 1.7000000476837158
endloop
endfacet
facet normal 0 0 -1
outer loop
vertex 3.878199338912964 -47.97404479980469 1.7000000476837158
vertex 3.705991744995117 -48.008296966552734 1.7000000476837158
vertex 3.878199338912964 -47.14255142211914 1.7000000476837158
endloop
endfacet
facet normal 0 0 -1
outer loop
vertex 3.705991744995117 -48.008296966552734 1.7000000476837158
vertex 3.5337843894958496 -47.97404479980469 1.7000000476837158
vertex 3.705991744995117 -47.10829544067383 1.7000000476837158
endloop
endfacet
facet normal 0 0 -1
outer loop
vertex 3.5337843894958496 -47.97404479980469 1.7000000476837158
vertex 3.387793779373169 -47.876495361328125 1.7000000476837158
vertex 3.5337843894958496 -47.14255142211914 1.7000000476837158
endloop
endfacet
facet normal 0 0 -1
outer loop
vertex 3.29024600982666 -47.73050308227539 1.7000000476837158
vertex 3.2559919357299805 -47.55829620361328 1.7000000476837158
vertex 3.29024600982666 -47.38608932495117 1.7000000476837158
endloop
endfacet
facet normal 0 0 -1
outer loop
vertex 3.387793779373169 -47.876495361328125 1.7000000476837158
vertex 3.29024600982666 -47.73050308227539 1.7000000476837158
vertex 3.387793779373169 -47.2401008605957 1.7000000476837158
endloop
endfacet
facet normal 0 0 -1
outer loop
vertex 3.878199338912964 -47.14255142211914 1.7000000476837158
vertex 3.705991744995117 -48.008296966552734 1.7000000476837158
vertex 3.705991744995117 -47.10829544067383 1.7000000476837158
endloop
endfacet
facet normal 0 0 -1
outer loop
vertex 4.0241899490356445 -47.2401008605957 1.7000000476837158
vertex 3.878199338912964 -47.97404479980469 1.7000000476837158
vertex 3.878199338912964 -47.14255142211914 1.7000000476837158
endloop
endfacet
facet normal 0 0 -1
outer loop
vertex 4.0241899490356445 -47.2401008605957 1.7000000476837158
vertex 4.121737480163574 -47.38608932495117 1.7000000476837158
vertex 4.0241899490356445 -47.876495361328125 1.7000000476837158
endloop
endfacet
facet normal 0.9807852845629332 0.19509030110388895 0
outer loop
vertex 3.29024600982666 -47.73050308227539 0
vertex 3.2559919357299805 -47.55829620361328 0
vertex 3.2559919357299805 -47.55829620361328 1.7000000476837158
endloop
endfacet
facet normal 0.5555766567331487 0.8314653200784847 0
outer loop
vertex 3.5337843894958496 -47.97404479980469 0
vertex 3.387793779373169 -47.876495361328125 0
vertex 3.387793779373169 -47.876495361328125 1.7000000476837158
endloop
endfacet
facet normal 0.83147264470564 0.5555656946808436 0
outer loop
vertex 3.29024600982666 -47.73050308227539 0
vertex 3.29024600982666 -47.73050308227539 1.7000000476837158
vertex 3.387793779373169 -47.876495361328125 0
endloop
endfacet
facet normal 0.19507933181498546 0.9807874664261461 0
outer loop
vertex 3.705991744995117 -48.008296966552734 0
vertex 3.5337843894958496 -47.97404479980469 0
vertex 3.5337843894958496 -47.97404479980469 1.7000000476837158
endloop
endfacet
facet normal 0.19507933181498546 0.9807874664261461 0
outer loop
vertex 3.705991744995117 -48.008296966552734 1.7000000476837158
vertex 3.705991744995117 -48.008296966552734 0
vertex 3.5337843894958496 -47.97404479980469 1.7000000476837158
endloop
endfacet
facet normal -0.19507907200914795 0.9807875181016781 0
outer loop
vertex 3.878199338912964 -47.97404479980469 1.7000000476837158
vertex 3.878199338912964 -47.97404479980469 0
vertex 3.705991744995117 -48.008296966552734 1.7000000476837158
endloop
endfacet
facet normal -0.19507907200914795 0.9807875181016781 0
outer loop
vertex 3.878199338912964 -47.97404479980469 0
vertex 3.705991744995117 -48.008296966552734 0
vertex 3.705991744995117 -48.008296966552734 1.7000000476837158
endloop
endfacet
facet normal -0.5555766567331487 0.8314653200784847 0
outer loop
vertex 4.0241899490356445 -47.876495361328125 0
vertex 3.878199338912964 -47.97404479980469 0
vertex 3.878199338912964 -47.97404479980469 1.7000000476837158
endloop
endfacet
facet normal -0.8314732719568675 0.5555647559208026 0
outer loop
vertex 4.121737480163574 -47.73050308227539 0
vertex 4.0241899490356445 -47.876495361328125 0
vertex 4.0241899490356445 -47.876495361328125 1.7000000476837158
endloop
endfacet
facet normal -0.9807847649190312 0.1950929135123066 0
outer loop
vertex 4.155992031097412 -47.55829620361328 0
vertex 4.121737480163574 -47.73050308227539 0
vertex 4.121737480163574 -47.73050308227539 1.7000000476837158
endloop
endfacet
facet normal 0.9807852845629332 -0.19509030110388895 0
outer loop
vertex 3.29024600982666 -47.38608932495117 0
vertex 3.29024600982666 -47.38608932495117 1.7000000476837158
vertex 3.2559919357299805 -47.55829620361328 0
endloop
endfacet
facet normal 0.8314659387486268 -0.555575730842218 0
outer loop
vertex 3.387793779373169 -47.2401008605957 0
vertex 3.387793779373169 -47.2401008605957 1.7000000476837158
vertex 3.29024600982666 -47.38608932495117 0
endloop
endfacet
facet normal 0.5555766567331487 -0.8314653200784847 0
outer loop
vertex 3.5337843894958496 -47.14255142211914 0
vertex 3.5337843894958496 -47.14255142211914 1.7000000476837158
vertex 3.387793779373169 -47.2401008605957 0
endloop
endfacet
facet normal -0.5555766567331487 0.8314653200784847 0
outer loop
vertex 4.0241899490356445 -47.876495361328125 1.7000000476837158
vertex 4.0241899490356445 -47.876495361328125 0
vertex 3.878199338912964 -47.97404479980469 1.7000000476837158
endloop
endfacet
facet normal -0.8314732719568675 0.5555647559208026 0
outer loop
vertex 4.121737480163574 -47.73050308227539 1.7000000476837158
vertex 4.121737480163574 -47.73050308227539 0
vertex 4.0241899490356445 -47.876495361328125 1.7000000476837158
endloop
endfacet
facet normal 0.19510023104767313 -0.9807833093222704 0
outer loop
vertex 3.705991744995117 -47.10829544067383 0
vertex 3.705991744995117 -47.10829544067383 1.7000000476837158
vertex 3.5337843894958496 -47.14255142211914 0
endloop
endfacet
facet normal -0.19509997121620473 -0.9807833610086563 0
outer loop
vertex 3.878199338912964 -47.14255142211914 0
vertex 3.878199338912964 -47.14255142211914 1.7000000476837158
vertex 3.705991744995117 -47.10829544067383 0
endloop
endfacet
facet normal -0.8314665660174577 -0.5555747920803612 0
outer loop
vertex 4.0241899490356445 -47.2401008605957 0
vertex 4.121737480163574 -47.38608932495117 0
vertex 4.121737480163574 -47.38608932495117 1.7000000476837158
endloop
endfacet
facet normal -0.9807847649190312 -0.1950929135123066 0
outer loop
vertex 4.121737480163574 -47.38608932495117 0
vertex 4.155992031097412 -47.55829620361328 0
vertex 4.155992031097412 -47.55829620361328 1.7000000476837158
endloop
endfacet
facet normal -0.5555766567331487 -0.8314653200784847 0
outer loop
vertex 4.0241899490356445 -47.2401008605957 0
vertex 4.0241899490356445 -47.2401008605957 1.7000000476837158
vertex 3.878199338912964 -47.14255142211914 0
endloop
endfacet
facet normal -0.9807847649190312 0.1950929135123066 0
outer loop
vertex 4.155992031097412 -47.55829620361328 1.7000000476837158
vertex 4.155992031097412 -47.55829620361328 0
vertex 4.121737480163574 -47.73050308227539 1.7000000476837158
endloop
endfacet
facet normal 0.9807852845629332 -0.19509030110388895 0
outer loop
vertex 3.2559919357299805 -47.55829620361328 1.7000000476837158
vertex 3.2559919357299805 -47.55829620361328 0
vertex 3.29024600982666 -47.38608932495117 1.7000000476837158
endloop
endfacet
facet normal 0.8314659387486268 -0.555575730842218 0
outer loop
vertex 3.29024600982666 -47.38608932495117 1.7000000476837158
vertex 3.29024600982666 -47.38608932495117 0
vertex 3.387793779373169 -47.2401008605957 1.7000000476837158
endloop
endfacet
facet normal 0.5555766567331487 -0.8314653200784847 0
outer loop
vertex 3.387793779373169 -47.2401008605957 1.7000000476837158
vertex 3.387793779373169 -47.2401008605957 0
vertex 3.5337843894958496 -47.14255142211914 1.7000000476837158
endloop
endfacet
facet normal 0.19510023104767313 -0.9807833093222704 0
outer loop
vertex 3.5337843894958496 -47.14255142211914 1.7000000476837158
vertex 3.5337843894958496 -47.14255142211914 0
vertex 3.705991744995117 -47.10829544067383 1.7000000476837158
endloop
endfacet
facet normal -0.19509997121620473 -0.9807833610086563 0
outer loop
vertex 3.705991744995117 -47.10829544067383 1.7000000476837158
vertex 3.705991744995117 -47.10829544067383 0
vertex 3.878199338912964 -47.14255142211914 1.7000000476837158
endloop
endfacet
facet normal -0.5555766567331487 -0.8314653200784847 0
outer loop
vertex 3.878199338912964 -47.14255142211914 1.7000000476837158
vertex 3.878199338912964 -47.14255142211914 0
vertex 4.0241899490356445 -47.2401008605957 1.7000000476837158
endloop
endfacet
facet normal -0.8314665660174577 -0.5555747920803612 0
outer loop
vertex 4.0241899490356445 -47.2401008605957 1.7000000476837158
vertex 4.0241899490356445 -47.2401008605957 0
vertex 4.121737480163574 -47.38608932495117 1.7000000476837158
endloop
endfacet
facet normal -0.9807847649190312 -0.1950929135123066 0
outer loop
vertex 4.121737480163574 -47.38608932495117 1.7000000476837158
vertex 4.121737480163574 -47.38608932495117 0
vertex 4.155992031097412 -47.55829620361328 1.7000000476837158
endloop
endfacet
facet normal 0 0 -1
outer loop
vertex 3.705991744995117 -47.10829544067383 1.7000000476837158
vertex 3.5337843894958496 -47.97404479980469 1.7000000476837158
vertex 3.5337843894958496 -47.14255142211914 1.7000000476837158
endloop
endfacet
facet normal 0.9807852845629332 0.19509030110388895 0
outer loop
vertex 3.29024600982666 -47.73050308227539 1.7000000476837158
vertex 3.29024600982666 -47.73050308227539 0
vertex 3.2559919357299805 -47.55829620361328 1.7000000476837158
endloop
endfacet
facet normal -0.19507907200914795 -0.9807875181016781 0
outer loop
vertex 3.705991744995117 -45.83829879760742 0
vertex 3.878199338912964 -45.87255096435547 0
vertex 3.878199338912964 -45.87255096435547 1.7000000476837158
endloop
endfacet
facet normal -0.19507907200914795 0.9807875181016781 0
outer loop
vertex 3.878199338912964 -46.704044342041016 0
vertex 3.705991744995117 -46.73829650878906 0
vertex 3.705991744995117 -46.73829650878906 1.7000000476837158
endloop
endfacet
facet normal -0.5555766567331487 -0.8314653200784847 0
outer loop
vertex 4.0241899490356445 -45.97010040283203 0
vertex 4.0241899490356445 -45.97010040283203 1.7000000476837158
vertex 3.878199338912964 -45.87255096435547 0
endloop
endfacet
facet normal 0 0 -1
outer loop
vertex 3.387793779373169 -45.97010040283203 1.7000000476837158
vertex 3.29024600982666 -46.460506439208984 1.7000000476837158
vertex 3.29024600982666 -46.1160888671875 1.7000000476837158
endloop
endfacet
facet normal -0.8314665660174577 -0.5555747920803612 0
outer loop
vertex 4.0241899490356445 -45.97010040283203 0
vertex 4.121737480163574 -46.1160888671875 0
vertex 4.121737480163574 -46.1160888671875 1.7000000476837158
endloop
endfacet
facet normal 0 0 -1
outer loop
vertex 3.5337843894958496 -45.87255096435547 1.7000000476837158
vertex 3.387793779373169 -46.60649490356445 1.7000000476837158
vertex 3.387793779373169 -45.97010040283203 1.7000000476837158
endloop
endfacet
facet normal 0 0 -1
outer loop
vertex 3.5337843894958496 -46.704044342041016 1.7000000476837158
vertex 3.5337843894958496 -45.87255096435547 1.7000000476837158
vertex 3.705991744995117 -45.83829879760742 1.7000000476837158
endloop
endfacet
facet normal 0 0 -1
outer loop
vertex 3.705991744995117 -46.73829650878906 1.7000000476837158
vertex 3.5337843894958496 -46.704044342041016 1.7000000476837158
vertex 3.705991744995117 -45.83829879760742 1.7000000476837158
endloop
endfacet
facet normal 0 0 -1
outer loop
vertex 3.878199338912964 -46.704044342041016 1.7000000476837158
vertex 3.705991744995117 -46.73829650878906 1.7000000476837158
vertex 3.878199338912964 -45.87255096435547 1.7000000476837158
endloop
endfacet
facet normal 0 0 -1
outer loop
vertex 3.705991744995117 -45.83829879760742 1.7000000476837158
vertex 3.878199338912964 -45.87255096435547 1.7000000476837158
vertex 3.705991744995117 -46.73829650878906 1.7000000476837158
endloop
endfacet
facet normal 0 0 -1
outer loop
vertex 3.878199338912964 -46.704044342041016 1.7000000476837158
vertex 3.878199338912964 -45.87255096435547 1.7000000476837158
vertex 4.0241899490356445 -45.97010040283203 1.7000000476837158
endloop
endfacet
facet normal 0 0 -1
outer loop
vertex 4.0241899490356445 -46.60649490356445 1.7000000476837158
vertex 3.878199338912964 -46.704044342041016 1.7000000476837158
vertex 4.0241899490356445 -45.97010040283203 1.7000000476837158
endloop
endfacet
facet normal 0 0 -1
outer loop
vertex 4.121737480163574 -46.460506439208984 1.7000000476837158
vertex 4.0241899490356445 -46.60649490356445 1.7000000476837158
vertex 4.121737480163574 -46.1160888671875 1.7000000476837158
endloop
endfacet
facet normal 0 0 -1
outer loop
vertex 4.0241899490356445 -45.97010040283203 1.7000000476837158
vertex 4.121737480163574 -46.1160888671875 1.7000000476837158
vertex 4.0241899490356445 -46.60649490356445 1.7000000476837158
endloop
endfacet
facet normal 0 0 -1
outer loop
vertex 4.155992031097412 -46.28829574584961 1.7000000476837158
vertex 4.121737480163574 -46.460506439208984 1.7000000476837158
vertex 4.121737480163574 -46.1160888671875 1.7000000476837158
endloop
endfacet
facet normal 0 0 -1
outer loop
vertex 3.387793779373169 -46.60649490356445 1.7000000476837158
vertex 3.29024600982666 -46.460506439208984 1.7000000476837158
vertex 3.387793779373169 -45.97010040283203 1.7000000476837158
endloop
endfacet
facet normal 0 0 -1
outer loop
vertex 3.5337843894958496 -46.704044342041016 1.7000000476837158
vertex 3.387793779373169 -46.60649490356445 1.7000000476837158
vertex 3.5337843894958496 -45.87255096435547 1.7000000476837158
endloop
endfacet
facet normal -0.8314665660174577 -0.5555747920803612 0
outer loop
vertex 4.0241899490356445 -45.97010040283203 1.7000000476837158
vertex 4.0241899490356445 -45.97010040283203 0
vertex 4.121737480163574 -46.1160888671875 1.7000000476837158
endloop
endfacet
facet normal -0.5555766567331487 -0.8314653200784847 0
outer loop
vertex 3.878199338912964 -45.87255096435547 1.7000000476837158
vertex 3.878199338912964 -45.87255096435547 0
vertex 4.0241899490356445 -45.97010040283203 1.7000000476837158
endloop
endfacet
facet normal -0.19507907200914795 -0.9807875181016781 0
outer loop
vertex 3.705991744995117 -45.83829879760742 1.7000000476837158
vertex 3.705991744995117 -45.83829879760742 0
vertex 3.878199338912964 -45.87255096435547 1.7000000476837158
endloop
endfacet
facet normal -0.9807847649190312 -0.1950929135123066 0
outer loop
vertex 4.121737480163574 -46.1160888671875 1.7000000476837158
vertex 4.121737480163574 -46.1160888671875 0
vertex 4.155992031097412 -46.28829574584961 1.7000000476837158
endloop
endfacet
facet normal 0.5555766567331487 0.8314653200784847 0
outer loop
vertex 3.5337843894958496 -46.704044342041016 0
vertex 3.387793779373169 -46.60649490356445 0
vertex 3.387793779373169 -46.60649490356445 1.7000000476837158
endloop
endfacet
facet normal 0.19507933181498546 -0.9807874664261461 0
outer loop
vertex 3.705991744995117 -45.83829879760742 0
vertex 3.705991744995117 -45.83829879760742 1.7000000476837158
vertex 3.5337843894958496 -45.87255096435547 0
endloop
endfacet
facet normal 0 0 -1
outer loop
vertex 3.29024600982666 -46.460506439208984 1.7000000476837158
vertex 3.2559919357299805 -46.28829574584961 1.7000000476837158
vertex 3.29024600982666 -46.1160888671875 1.7000000476837158
endloop
endfacet
facet normal 0.19507933181498546 0.9807874664261461 0
outer loop
vertex 3.705991744995117 -46.73829650878906 0
vertex 3.5337843894958496 -46.704044342041016 0
vertex 3.5337843894958496 -46.704044342041016 1.7000000476837158
endloop
endfacet
facet normal -0.9807855918179081 0.1950887564222905 0
outer loop
vertex 4.155992031097412 -46.28829574584961 1.7000000476837158
vertex 4.155992031097412 -46.28829574584961 0
vertex 4.121737480163574 -46.460506439208984 1.7000000476837158
endloop
endfacet
facet normal -0.8314665660174577 0.5555747920803612 0
outer loop
vertex 4.121737480163574 -46.460506439208984 1.7000000476837158
vertex 4.121737480163574 -46.460506439208984 0
vertex 4.0241899490356445 -46.60649490356445 1.7000000476837158
endloop
endfacet
facet normal 0.19507933181498546 -0.9807874664261461 0
outer loop
vertex 3.5337843894958496 -45.87255096435547 1.7000000476837158
vertex 3.5337843894958496 -45.87255096435547 0
vertex 3.705991744995117 -45.83829879760742 1.7000000476837158
endloop
endfacet
facet normal 0.5555766567331487 -0.8314653200784847 0
outer loop
vertex 3.387793779373169 -45.97010040283203 1.7000000476837158
vertex 3.387793779373169 -45.97010040283203 0
vertex 3.5337843894958496 -45.87255096435547 1.7000000476837158
endloop
endfacet
facet normal 0.8314659387486268 -0.555575730842218 0
outer loop
vertex 3.29024600982666 -46.1160888671875 1.7000000476837158
vertex 3.29024600982666 -46.1160888671875 0
vertex 3.387793779373169 -45.97010040283203 1.7000000476837158
endloop
endfacet
facet normal 0.9807861114401027 0.19508614406513386 0
outer loop
vertex 3.29024600982666 -46.460506439208984 1.7000000476837158
vertex 3.29024600982666 -46.460506439208984 0
vertex 3.2559919357299805 -46.28829574584961 1.7000000476837158
endloop
endfacet
facet normal 0.8314659387486268 0.555575730842218 0
outer loop
vertex 3.387793779373169 -46.60649490356445 1.7000000476837158
vertex 3.387793779373169 -46.60649490356445 0
vertex 3.29024600982666 -46.460506439208984 1.7000000476837158
endloop
endfacet
facet normal 0.9807852845629332 -0.19509030110388895 0
outer loop
vertex 3.2559919357299805 -46.28829574584961 1.7000000476837158
vertex 3.2559919357299805 -46.28829574584961 0
vertex 3.29024600982666 -46.1160888671875 1.7000000476837158
endloop
endfacet
facet normal -0.5555766567331487 0.8314653200784847 0
outer loop
vertex 4.0241899490356445 -46.60649490356445 1.7000000476837158
vertex 4.0241899490356445 -46.60649490356445 0
vertex 3.878199338912964 -46.704044342041016 1.7000000476837158
endloop
endfacet
facet normal -0.19507907200914795 0.9807875181016781 0
outer loop
vertex 3.878199338912964 -46.704044342041016 1.7000000476837158
vertex 3.878199338912964 -46.704044342041016 0
vertex 3.705991744995117 -46.73829650878906 1.7000000476837158
endloop
endfacet
facet normal 0.19507933181498546 0.9807874664261461 0
outer loop
vertex 3.705991744995117 -46.73829650878906 1.7000000476837158
vertex 3.705991744995117 -46.73829650878906 0
vertex 3.5337843894958496 -46.704044342041016 1.7000000476837158
endloop
endfacet
facet normal -0.9807855918179081 0.1950887564222905 0
outer loop
vertex 4.155992031097412 -46.28829574584961 0
vertex 4.121737480163574 -46.460506439208984 0
vertex 4.121737480163574 -46.460506439208984 1.7000000476837158
endloop
endfacet
facet normal -0.8314665660174577 0.5555747920803612 0
outer loop
vertex 4.121737480163574 -46.460506439208984 0
vertex 4.0241899490356445 -46.60649490356445 0
vertex 4.0241899490356445 -46.60649490356445 1.7000000476837158
endloop
endfacet
facet normal 0.5555766567331487 -0.8314653200784847 0
outer loop
vertex 3.5337843894958496 -45.87255096435547 0
vertex 3.5337843894958496 -45.87255096435547 1.7000000476837158
vertex 3.387793779373169 -45.97010040283203 0
endloop
endfacet
facet normal 0.8314659387486268 -0.555575730842218 0
outer loop
vertex 3.387793779373169 -45.97010040283203 0
vertex 3.387793779373169 -45.97010040283203 1.7000000476837158
vertex 3.29024600982666 -46.1160888671875 0
endloop
endfacet
facet normal 0.5555766567331487 0.8314653200784847 0
outer loop
vertex 3.5337843894958496 -46.704044342041016 1.7000000476837158
vertex 3.5337843894958496 -46.704044342041016 0
vertex 3.387793779373169 -46.60649490356445 1.7000000476837158
endloop
endfacet
facet normal 0.9807852845629332 -0.19509030110388895 0
outer loop
vertex 3.29024600982666 -46.1160888671875 0
vertex 3.29024600982666 -46.1160888671875 1.7000000476837158
vertex 3.2559919357299805 -46.28829574584961 0
endloop
endfacet
facet normal 0.8314659387486268 0.555575730842218 0
outer loop
vertex 3.29024600982666 -46.460506439208984 0
vertex 3.29024600982666 -46.460506439208984 1.7000000476837158
vertex 3.387793779373169 -46.60649490356445 0
endloop
endfacet
facet normal 0.9807861114401027 0.19508614406513386 0
outer loop
vertex 3.29024600982666 -46.460506439208984 0
vertex 3.2559919357299805 -46.28829574584961 0
vertex 3.2559919357299805 -46.28829574584961 1.7000000476837158
endloop
endfacet
facet normal -0.5555766567331487 0.8314653200784847 0
outer loop
vertex 4.0241899490356445 -46.60649490356445 0
vertex 3.878199338912964 -46.704044342041016 0
vertex 3.878199338912964 -46.704044342041016 1.7000000476837158
endloop
endfacet
facet normal -0.9807847649190312 -0.1950929135123066 0
outer loop
vertex 4.121737480163574 -46.1160888671875 0
vertex 4.155992031097412 -46.28829574584961 0
vertex 4.155992031097412 -46.28829574584961 1.7000000476837158
endloop
endfacet
facet normal 0.8314659387486268 0.555575730842218 0
outer loop
vertex 3.387793779373169 -45.33649444580078 1.7000000476837158
vertex 3.387793779373169 -45.33649444580078 0
vertex 3.29024600982666 -45.19050598144531 1.7000000476837158
endloop
endfacet
facet normal 0.19507933181498546 -0.9807874664261461 0
outer loop
vertex 3.705991744995117 -44.56829833984375 0
vertex 3.705991744995117 -44.56829833984375 1.7000000476837158
vertex 3.5337843894958496 -44.6025505065918 0
endloop
endfacet
facet normal -0.5555766567331487 -0.8314653200784847 0
outer loop
vertex 3.878199338912964 -44.6025505065918 1.7000000476837158
vertex 3.878199338912964 -44.6025505065918 0
vertex 4.0241899490356445 -44.70009994506836 1.7000000476837158
endloop
endfacet
facet normal -0.19507907200914795 -0.9807875181016781 0
outer loop
vertex 3.705991744995117 -44.56829833984375 1.7000000476837158
vertex 3.705991744995117 -44.56829833984375 0
vertex 3.878199338912964 -44.6025505065918 1.7000000476837158
endloop
endfacet
facet normal 0.5555766567331487 -0.8314653200784847 0
outer loop
vertex 3.5337843894958496 -44.6025505065918 0
vertex 3.5337843894958496 -44.6025505065918 1.7000000476837158
vertex 3.387793779373169 -44.70009994506836 0
endloop
endfacet
facet normal -0.5555766567331487 -0.8314653200784847 0
outer loop
vertex 3.878199338912964 -44.6025505065918 0
vertex 4.0241899490356445 -44.70009994506836 0
vertex 4.0241899490356445 -44.70009994506836 1.7000000476837158
endloop
endfacet
facet normal 0 0 -1
outer loop
vertex 3.5337843894958496 -44.6025505065918 1.7000000476837158
vertex 3.387793779373169 -45.33649444580078 1.7000000476837158
vertex 3.387793779373169 -44.70009994506836 1.7000000476837158
endloop
endfacet
facet normal 0 0 -1
outer loop
vertex 3.5337843894958496 -45.434043884277344 1.7000000476837158
vertex 3.387793779373169 -45.33649444580078 1.7000000476837158
vertex 3.5337843894958496 -44.6025505065918 1.7000000476837158
endloop
endfacet
facet normal 0 0 -1
outer loop
vertex 3.387793779373169 -44.70009994506836 1.7000000476837158
vertex 3.29024600982666 -45.19050598144531 1.7000000476837158
vertex 3.29024600982666 -44.84608840942383 1.7000000476837158
endloop
endfacet
facet normal 0 0 -1
outer loop
vertex 3.29024600982666 -45.19050598144531 1.7000000476837158
vertex 3.2559919357299805 -45.0182991027832 1.7000000476837158
vertex 3.29024600982666 -44.84608840942383 1.7000000476837158
endloop
endfacet
facet normal 0 0 -1
outer loop
vertex 3.387793779373169 -45.33649444580078 1.7000000476837158
vertex 3.29024600982666 -45.19050598144531 1.7000000476837158
vertex 3.387793779373169 -44.70009994506836 1.7000000476837158
endloop
endfacet
facet normal -0.8314665660174577 -0.5555747920803612 0
outer loop
vertex 4.121737480163574 -44.84608840942383 0
vertex 4.121737480163574 -44.84608840942383 1.7000000476837158
vertex 4.0241899490356445 -44.70009994506836 0
endloop
endfacet
facet normal -0.9807855918179081 -0.1950887564222905 0
outer loop
vertex 4.121737480163574 -44.84608840942383 0
vertex 4.155992031097412 -45.0182991027832 0
vertex 4.155992031097412 -45.0182991027832 1.7000000476837158
endloop
endfacet
facet normal -0.9807847649190312 0.1950929135123066 0
outer loop
vertex 4.155992031097412 -45.0182991027832 0
vertex 4.121737480163574 -45.19050598144531 0
vertex 4.121737480163574 -45.19050598144531 1.7000000476837158
endloop
endfacet
facet normal -0.8314665660174577 0.5555747920803612 0
outer loop
vertex 4.121737480163574 -45.19050598144531 0
vertex 4.0241899490356445 -45.33649444580078 0
vertex 4.0241899490356445 -45.33649444580078 1.7000000476837158
endloop
endfacet
facet normal -0.5555766567331487 0.8314653200784847 0
outer loop
vertex 4.0241899490356445 -45.33649444580078 0
vertex 3.878199338912964 -45.434043884277344 0
vertex 3.878199338912964 -45.434043884277344 1.7000000476837158
endloop
endfacet
facet normal -0.19507907200914795 0.9807875181016781 0
outer loop
vertex 3.878199338912964 -45.434043884277344 0
vertex 3.705991744995117 -45.46829605102539 0
vertex 3.705991744995117 -45.46829605102539 1.7000000476837158
endloop
endfacet
facet normal 0.8314659387486268 -0.555575730842218 0
outer loop
vertex 3.387793779373169 -44.70009994506836 0
vertex 3.387793779373169 -44.70009994506836 1.7000000476837158
vertex 3.29024600982666 -44.84608840942383 0
endloop
endfacet
facet normal 0 0 -1
outer loop
vertex 3.5337843894958496 -45.434043884277344 1.7000000476837158
vertex 3.5337843894958496 -44.6025505065918 1.7000000476837158
vertex 3.705991744995117 -44.56829833984375 1.7000000476837158
endloop
endfacet
facet normal 0 0 -1
outer loop
vertex 3.705991744995117 -45.46829605102539 1.7000000476837158
vertex 3.5337843894958496 -45.434043884277344 1.7000000476837158
vertex 3.705991744995117 -44.56829833984375 1.7000000476837158
endloop
endfacet
facet normal 0 0 -1
outer loop
vertex 3.878199338912964 -45.434043884277344 1.7000000476837158
vertex 3.705991744995117 -45.46829605102539 1.7000000476837158
vertex 3.878199338912964 -44.6025505065918 1.7000000476837158
endloop
endfacet
facet normal 0 0 -1
outer loop
vertex 4.0241899490356445 -45.33649444580078 1.7000000476837158
vertex 3.878199338912964 -45.434043884277344 1.7000000476837158
vertex 4.0241899490356445 -44.70009994506836 1.7000000476837158
endloop
endfacet
facet normal 0 0 -1
outer loop
vertex 3.878199338912964 -44.6025505065918 1.7000000476837158
vertex 4.0241899490356445 -44.70009994506836 1.7000000476837158
vertex 3.878199338912964 -45.434043884277344 1.7000000476837158
endloop
endfacet
facet normal 0 0 -1
outer loop
vertex 3.878199338912964 -44.6025505065918 1.7000000476837158
vertex 3.705991744995117 -45.46829605102539 1.7000000476837158
vertex 3.705991744995117 -44.56829833984375 1.7000000476837158
endloop
endfacet
facet normal 0 0 -1
outer loop
vertex 4.121737480163574 -45.19050598144531 1.7000000476837158
vertex 4.0241899490356445 -45.33649444580078 1.7000000476837158
vertex 4.121737480163574 -44.84608840942383 1.7000000476837158
endloop
endfacet
facet normal 0 0 -1
outer loop
vertex 4.121737480163574 -44.84608840942383 1.7000000476837158
vertex 4.0241899490356445 -45.33649444580078 1.7000000476837158
vertex 4.0241899490356445 -44.70009994506836 1.7000000476837158
endloop
endfacet
facet normal 0 0 -1
outer loop
vertex 4.155992031097412 -45.0182991027832 1.7000000476837158
vertex 4.121737480163574 -45.19050598144531 1.7000000476837158
vertex 4.121737480163574 -44.84608840942383 1.7000000476837158
endloop
endfacet
facet normal 0.19507933181498546 -0.9807874664261461 0
outer loop
vertex 3.5337843894958496 -44.6025505065918 1.7000000476837158
vertex 3.5337843894958496 -44.6025505065918 0
vertex 3.705991744995117 -44.56829833984375 1.7000000476837158
endloop
endfacet
facet normal 0.9807861114401027 -0.19508614406513386 0
outer loop
vertex 3.29024600982666 -44.84608840942383 0
vertex 3.29024600982666 -44.84608840942383 1.7000000476837158
vertex 3.2559919357299805 -45.0182991027832 0
endloop
endfacet
facet normal 0.9807852845629332 0.19509030110388895 0
outer loop
vertex 3.2559919357299805 -45.0182991027832 0
vertex 3.2559919357299805 -45.0182991027832 1.7000000476837158
vertex 3.29024600982666 -45.19050598144531 0
endloop
endfacet
facet normal 0.8314659387486268 0.555575730842218 0
outer loop
vertex 3.29024600982666 -45.19050598144531 0
vertex 3.29024600982666 -45.19050598144531 1.7000000476837158
vertex 3.387793779373169 -45.33649444580078 0
endloop
endfacet
facet normal -0.8314665660174577 -0.5555747920803612 0
outer loop
vertex 4.0241899490356445 -44.70009994506836 1.7000000476837158
vertex 4.0241899490356445 -44.70009994506836 0
vertex 4.121737480163574 -44.84608840942383 1.7000000476837158
endloop
endfacet
facet normal -0.9807855918179081 -0.1950887564222905 0
outer loop
vertex 4.121737480163574 -44.84608840942383 1.7000000476837158
vertex 4.121737480163574 -44.84608840942383 0
vertex 4.155992031097412 -45.0182991027832 1.7000000476837158
endloop
endfacet
facet normal -0.9807847649190312 0.1950929135123066 0
outer loop
vertex 4.155992031097412 -45.0182991027832 1.7000000476837158
vertex 4.155992031097412 -45.0182991027832 0
vertex 4.121737480163574 -45.19050598144531 1.7000000476837158
endloop
endfacet
facet normal -0.8314665660174577 0.5555747920803612 0
outer loop
vertex 4.121737480163574 -45.19050598144531 1.7000000476837158
vertex 4.121737480163574 -45.19050598144531 0
vertex 4.0241899490356445 -45.33649444580078 1.7000000476837158
endloop
endfacet
facet normal -0.5555766567331487 0.8314653200784847 0
outer loop
vertex 4.0241899490356445 -45.33649444580078 1.7000000476837158
vertex 4.0241899490356445 -45.33649444580078 0
vertex 3.878199338912964 -45.434043884277344 1.7000000476837158
endloop
endfacet
facet normal -0.19507907200914795 0.9807875181016781 0
outer loop
vertex 3.878199338912964 -45.434043884277344 1.7000000476837158
vertex 3.878199338912964 -45.434043884277344 0
vertex 3.705991744995117 -45.46829605102539 1.7000000476837158
endloop
endfacet
facet normal 0.19507933181498546 0.9807874664261461 0
outer loop
vertex 3.705991744995117 -45.46829605102539 1.7000000476837158
vertex 3.705991744995117 -45.46829605102539 0
vertex 3.5337843894958496 -45.434043884277344 1.7000000476837158
endloop
endfacet
facet normal 0.5555766567331487 -0.8314653200784847 0
outer loop
vertex 3.387793779373169 -44.70009994506836 1.7000000476837158
vertex 3.387793779373169 -44.70009994506836 0
vertex 3.5337843894958496 -44.6025505065918 1.7000000476837158
endloop
endfacet
facet normal 0.8314659387486268 -0.555575730842218 0
outer loop
vertex 3.29024600982666 -44.84608840942383 1.7000000476837158
vertex 3.29024600982666 -44.84608840942383 0
vertex 3.387793779373169 -44.70009994506836 1.7000000476837158
endloop
endfacet
facet normal 0.5555766567331487 0.8314653200784847 0
outer loop
vertex 3.5337843894958496 -45.434043884277344 1.7000000476837158
vertex 3.5337843894958496 -45.434043884277344 0
vertex 3.387793779373169 -45.33649444580078 1.7000000476837158
endloop
endfacet
facet normal 0.19507933181498546 0.9807874664261461 0
outer loop
vertex 3.705991744995117 -45.46829605102539 0
vertex 3.5337843894958496 -45.434043884277344 0
vertex 3.5337843894958496 -45.434043884277344 1.7000000476837158
endloop
endfacet
facet normal 0.5555766567331487 0.8314653200784847 0
outer loop
vertex 3.387793779373169 -45.33649444580078 0
vertex 3.387793779373169 -45.33649444580078 1.7000000476837158
vertex 3.5337843894958496 -45.434043884277344 0
endloop
endfacet
facet normal -0.19507907200914795 -0.9807875181016781 0
outer loop
vertex 3.878199338912964 -44.6025505065918 0
vertex 3.878199338912964 -44.6025505065918 1.7000000476837158
vertex 3.705991744995117 -44.56829833984375 0
endloop
endfacet
facet normal 0.9807852845629332 0.19509030110388895 0
outer loop
vertex 3.29024600982666 -45.19050598144531 1.7000000476837158
vertex 3.29024600982666 -45.19050598144531 0
vertex 3.2559919357299805 -45.0182991027832 1.7000000476837158
endloop
endfacet
facet normal 0.9807861114401027 -0.19508614406513386 0
outer loop
vertex 3.2559919357299805 -45.0182991027832 1.7000000476837158
vertex 3.2559919357299805 -45.0182991027832 0
vertex 3.29024600982666 -44.84608840942383 1.7000000476837158
endloop
endfacet
facet normal -0.5555766567331487 0.8314653200784847 0
outer loop
vertex 4.0241899490356445 -44.06649398803711 0
vertex 3.878199338912964 -44.16404342651367 0
vertex 3.878199338912964 -44.16404342651367 1.7000000476837158
endloop
endfacet
facet normal 0 0 -1
outer loop
vertex 4.0241899490356445 -43.43009948730469 1.7000000476837158
vertex 3.878199338912964 -44.16404342651367 1.7000000476837158
vertex 3.878199338912964 -43.332550048828125 1.7000000476837158
endloop
endfacet
facet normal 0 0 -1
outer loop
vertex 3.878199338912964 -44.16404342651367 1.7000000476837158
vertex 3.705991744995117 -44.19829559326172 1.7000000476837158
vertex 3.878199338912964 -43.332550048828125 1.7000000476837158
endloop
endfacet
facet normal 0 0 -1
outer loop
vertex 3.705991744995117 -44.19829559326172 1.7000000476837158
vertex 3.5337843894958496 -44.16404342651367 1.7000000476837158
vertex 3.705991744995117 -43.29829788208008 1.7000000476837158
endloop
endfacet
facet normal 0 0 -1
outer loop
vertex 3.5337843894958496 -44.16404342651367 1.7000000476837158
vertex 3.387793779373169 -44.06649398803711 1.7000000476837158
vertex 3.5337843894958496 -43.332550048828125 1.7000000476837158
endloop
endfacet
facet normal 0 0 -1
outer loop
vertex 3.29024600982666 -43.92050552368164 1.7000000476837158
vertex 3.2559919357299805 -43.74829864501953 1.7000000476837158
vertex 3.29024600982666 -43.576087951660156 1.7000000476837158
endloop
endfacet
facet normal 0 0 -1
outer loop
vertex 4.0241899490356445 -44.06649398803711 1.7000000476837158
vertex 3.878199338912964 -44.16404342651367 1.7000000476837158
vertex 4.0241899490356445 -43.43009948730469 1.7000000476837158
endloop
endfacet
facet normal -0.19507907200914795 0.9807875181016781 0
outer loop
vertex 3.878199338912964 -44.16404342651367 0
vertex 3.705991744995117 -44.19829559326172 0
vertex 3.705991744995117 -44.19829559326172 1.7000000476837158
endloop
endfacet
facet normal 0 0 -1
outer loop
vertex 3.387793779373169 -44.06649398803711 1.7000000476837158
vertex 3.29024600982666 -43.92050552368164 1.7000000476837158
vertex 3.387793779373169 -43.43009948730469 1.7000000476837158
endloop
endfacet
facet normal 0 0 -1
outer loop
vertex 4.121737480163574 -43.92050552368164 1.7000000476837158
vertex 4.0241899490356445 -44.06649398803711 1.7000000476837158
vertex 4.121737480163574 -43.576087951660156 1.7000000476837158
endloop
endfacet
facet normal 0 0 -1
outer loop
vertex 4.155992031097412 -43.74829864501953 1.7000000476837158
vertex 4.121737480163574 -43.92050552368164 1.7000000476837158
vertex 4.121737480163574 -43.576087951660156 1.7000000476837158
endloop
endfacet
facet normal 0 0 -1
outer loop
vertex 3.387793779373169 -43.43009948730469 1.7000000476837158
vertex 3.29024600982666 -43.92050552368164 1.7000000476837158
vertex 3.29024600982666 -43.576087951660156 1.7000000476837158
endloop
endfacet
facet normal 0 0 -1
outer loop
vertex 3.5337843894958496 -43.332550048828125 1.7000000476837158
vertex 3.387793779373169 -44.06649398803711 1.7000000476837158
vertex 3.387793779373169 -43.43009948730469 1.7000000476837158
endloop
endfacet
facet normal -0.9807855918179081 -0.1950887564222905 0
outer loop
vertex 4.121737480163574 -43.576087951660156 1.7000000476837158
vertex 4.121737480163574 -43.576087951660156 0
vertex 4.155992031097412 -43.74829864501953 1.7000000476837158
endloop
endfacet
facet normal -0.8314665660174577 -0.5555747920803612 0
outer loop
vertex 4.0241899490356445 -43.43009948730469 1.7000000476837158
vertex 4.0241899490356445 -43.43009948730469 0
vertex 4.121737480163574 -43.576087951660156 1.7000000476837158
endloop
endfacet
facet normal -0.5555766567331487 -0.8314653200784847 0
outer loop
vertex 3.878199338912964 -43.332550048828125 1.7000000476837158
vertex 3.878199338912964 -43.332550048828125 0
vertex 4.0241899490356445 -43.43009948730469 1.7000000476837158
endloop
endfacet
facet normal -0.5555766567331487 -0.8314653200784847 0
outer loop
vertex 4.0241899490356445 -43.43009948730469 0
vertex 4.0241899490356445 -43.43009948730469 1.7000000476837158
vertex 3.878199338912964 -43.332550048828125 0
endloop
endfacet
facet normal -0.9807855918179081 -0.1950887564222905 0
outer loop
vertex 4.121737480163574 -43.576087951660156 0
vertex 4.155992031097412 -43.74829864501953 0
vertex 4.155992031097412 -43.74829864501953 1.7000000476837158
endloop
endfacet
facet normal -0.8314665660174577 -0.5555747920803612 0
outer loop
vertex 4.0241899490356445 -43.43009948730469 0
vertex 4.121737480163574 -43.576087951660156 0
vertex 4.121737480163574 -43.576087951660156 1.7000000476837158
endloop
endfacet
facet normal -0.19507907200914795 -0.9807875181016781 0
outer loop
vertex 3.878199338912964 -43.332550048828125 0
vertex 3.878199338912964 -43.332550048828125 1.7000000476837158
vertex 3.705991744995117 -43.29829788208008 0
endloop
endfacet
facet normal 0.19507933181498546 -0.9807874664261461 0
outer loop
vertex 3.705991744995117 -43.29829788208008 0
vertex 3.705991744995117 -43.29829788208008 1.7000000476837158
vertex 3.5337843894958496 -43.332550048828125 0
endloop
endfacet
facet normal -0.19507907200914795 -0.9807875181016781 0
outer loop
vertex 3.705991744995117 -43.29829788208008 1.7000000476837158
vertex 3.705991744995117 -43.29829788208008 0
vertex 3.878199338912964 -43.332550048828125 1.7000000476837158
endloop
endfacet
facet normal 0.19507933181498546 -0.9807874664261461 0
outer loop
vertex 3.5337843894958496 -43.332550048828125 1.7000000476837158
vertex 3.5337843894958496 -43.332550048828125 0
vertex 3.705991744995117 -43.29829788208008 1.7000000476837158
endloop
endfacet
facet normal 0.5555766567331487 -0.8314653200784847 0
outer loop
vertex 3.5337843894958496 -43.332550048828125 0
vertex 3.5337843894958496 -43.332550048828125 1.7000000476837158
vertex 3.387793779373169 -43.43009948730469 0
endloop
endfacet
facet normal 0.8314659387486268 -0.555575730842218 0
outer loop
vertex 3.387793779373169 -43.43009948730469 0
vertex 3.387793779373169 -43.43009948730469 1.7000000476837158
vertex 3.29024600982666 -43.576087951660156 0
endloop
endfacet
facet normal 0.9807861114401027 -0.19508614406513386 0
outer loop
vertex 3.29024600982666 -43.576087951660156 0
vertex 3.29024600982666 -43.576087951660156 1.7000000476837158
vertex 3.2559919357299805 -43.74829864501953 0
endloop
endfacet
facet normal -0.9807847649190312 0.1950929135123066 0
outer loop
vertex 4.155992031097412 -43.74829864501953 0
vertex 4.121737480163574 -43.92050552368164 0
vertex 4.121737480163574 -43.92050552368164 1.7000000476837158
endloop
endfacet
facet normal -0.8314665660174577 0.5555747920803612 0
outer loop
vertex 4.121737480163574 -43.92050552368164 0
vertex 4.0241899490356445 -44.06649398803711 0
vertex 4.0241899490356445 -44.06649398803711 1.7000000476837158
endloop
endfacet
facet normal 0.8314659387486268 0.555575730842218 0
outer loop
vertex 3.29024600982666 -43.92050552368164 0
vertex 3.29024600982666 -43.92050552368164 1.7000000476837158
vertex 3.387793779373169 -44.06649398803711 0
endloop
endfacet
facet normal 0.5555766567331487 0.8314653200784847 0
outer loop
vertex 3.5337843894958496 -44.16404342651367 0
vertex 3.387793779373169 -44.06649398803711 0
vertex 3.387793779373169 -44.06649398803711 1.7000000476837158
endloop
endfacet
facet normal 0.9807852845629332 0.19509030110388895 0
outer loop
vertex 3.29024600982666 -43.92050552368164 0
vertex 3.2559919357299805 -43.74829864501953 0
vertex 3.2559919357299805 -43.74829864501953 1.7000000476837158
endloop
endfacet
facet normal 0.19507933181498546 0.9807874664261461 0
outer loop
vertex 3.705991744995117 -44.19829559326172 0
vertex 3.5337843894958496 -44.16404342651367 0
vertex 3.5337843894958496 -44.16404342651367 1.7000000476837158
endloop
endfacet
facet normal 0.5555766567331487 -0.8314653200784847 0
outer loop
vertex 3.387793779373169 -43.43009948730469 1.7000000476837158
vertex 3.387793779373169 -43.43009948730469 0
vertex 3.5337843894958496 -43.332550048828125 1.7000000476837158
endloop
endfacet
facet normal 0.8314659387486268 -0.555575730842218 0
outer loop
vertex 3.29024600982666 -43.576087951660156 1.7000000476837158
vertex 3.29024600982666 -43.576087951660156 0
vertex 3.387793779373169 -43.43009948730469 1.7000000476837158
endloop
endfacet
facet normal 0.9807861114401027 -0.19508614406513386 0
outer loop
vertex 3.2559919357299805 -43.74829864501953 1.7000000476837158
vertex 3.2559919357299805 -43.74829864501953 0
vertex 3.29024600982666 -43.576087951660156 1.7000000476837158
endloop
endfacet
facet normal -0.9807847649190312 0.1950929135123066 0
outer loop
vertex 4.155992031097412 -43.74829864501953 1.7000000476837158
vertex 4.155992031097412 -43.74829864501953 0
vertex 4.121737480163574 -43.92050552368164 1.7000000476837158
endloop
endfacet
facet normal -0.8314665660174577 0.5555747920803612 0
outer loop
vertex 4.121737480163574 -43.92050552368164 1.7000000476837158
vertex 4.121737480163574 -43.92050552368164 0
vertex 4.0241899490356445 -44.06649398803711 1.7000000476837158
endloop
endfacet
facet normal -0.5555766567331487 0.8314653200784847 0
outer loop
vertex 4.0241899490356445 -44.06649398803711 1.7000000476837158
vertex 4.0241899490356445 -44.06649398803711 0
vertex 3.878199338912964 -44.16404342651367 1.7000000476837158
endloop
endfacet
facet normal -0.19507907200914795 0.9807875181016781 0
outer loop
vertex 3.878199338912964 -44.16404342651367 1.7000000476837158
vertex 3.878199338912964 -44.16404342651367 0
vertex 3.705991744995117 -44.19829559326172 1.7000000476837158
endloop
endfacet
facet normal 0.19507933181498546 0.9807874664261461 0
outer loop
vertex 3.705991744995117 -44.19829559326172 1.7000000476837158
vertex 3.705991744995117 -44.19829559326172 0
vertex 3.5337843894958496 -44.16404342651367 1.7000000476837158
endloop
endfacet
facet normal 0 0 -1
outer loop
vertex 3.705991744995117 -43.29829788208008 1.7000000476837158
vertex 3.5337843894958496 -44.16404342651367 1.7000000476837158
vertex 3.5337843894958496 -43.332550048828125 1.7000000476837158
endloop
endfacet
facet normal 0 0 -1
outer loop
vertex 3.878199338912964 -43.332550048828125 1.7000000476837158
vertex 3.705991744995117 -44.19829559326172 1.7000000476837158
vertex 3.705991744995117 -43.29829788208008 1.7000000476837158
endloop
endfacet
facet normal 0.9807852845629332 0.19509030110388895 0
outer loop
vertex 3.29024600982666 -43.92050552368164 1.7000000476837158
vertex 3.29024600982666 -43.92050552368164 0
vertex 3.2559919357299805 -43.74829864501953 1.7000000476837158
endloop
endfacet
facet normal 0.5555766567331487 0.8314653200784847 0
outer loop
vertex 3.5337843894958496 -44.16404342651367 1.7000000476837158
vertex 3.5337843894958496 -44.16404342651367 0
vertex 3.387793779373169 -44.06649398803711 1.7000000476837158
endloop
endfacet
facet normal 0 0 -1
outer loop
vertex 4.0241899490356445 -43.43009948730469 1.7000000476837158
vertex 4.121737480163574 -43.576087951660156 1.7000000476837158
vertex 4.0241899490356445 -44.06649398803711 1.7000000476837158
endloop
endfacet
facet normal 0.8314659387486268 0.555575730842218 0
outer loop
vertex 3.387793779373169 -44.06649398803711 1.7000000476837158
vertex 3.387793779373169 -44.06649398803711 0
vertex 3.29024600982666 -43.92050552368164 1.7000000476837158
endloop
endfacet
facet normal 0 0 -1
outer loop
vertex 4.155992031097412 -42.47829818725586 1.7000000476837158
vertex 4.121737480163574 -42.65050506591797 1.7000000476837158
vertex 4.121737480163574 -42.30609130859375 1.7000000476837158
endloop
endfacet
facet normal -0.9807847649190312 -0.1950929135123066 0
outer loop
vertex 4.121737480163574 -42.30609130859375 0
vertex 4.155992031097412 -42.47829818725586 0
vertex 4.155992031097412 -42.47829818725586 1.7000000476837158
endloop
endfacet
facet normal 0 0 -1
outer loop
vertex 3.5337843894958496 -42.89404296875 1.7000000476837158
vertex 3.387793779373169 -42.79649353027344 1.7000000476837158
vertex 3.5337843894958496 -42.06254959106445 1.7000000476837158
endloop
endfacet
facet normal 0 0 -1
outer loop
vertex 3.29024600982666 -42.65050506591797 1.7000000476837158
vertex 3.2559919357299805 -42.47829818725586 1.7000000476837158
vertex 3.29024600982666 -42.30609130859375 1.7000000476837158
endloop
endfacet
facet normal 0 0 -1
outer loop
vertex 3.387793779373169 -42.160099029541016 1.7000000476837158
vertex 3.29024600982666 -42.65050506591797 1.7000000476837158
vertex 3.29024600982666 -42.30609130859375 1.7000000476837158
endloop
endfacet
facet normal 0 0 -1
outer loop
vertex 3.5337843894958496 -42.06254959106445 1.7000000476837158
vertex 3.387793779373169 -42.79649353027344 1.7000000476837158
vertex 3.387793779373169 -42.160099029541016 1.7000000476837158
endloop
endfacet
facet normal 0 0 -1
outer loop
vertex 3.5337843894958496 -42.89404296875 1.7000000476837158
vertex 3.5337843894958496 -42.06254959106445 1.7000000476837158
vertex 3.705991744995117 -42.028297424316406 1.7000000476837158
endloop
endfacet
facet normal 0 0 -1
outer loop
vertex 3.705991744995117 -42.92829895019531 1.7000000476837158
vertex 3.5337843894958496 -42.89404296875 1.7000000476837158
vertex 3.705991744995117 -42.028297424316406 1.7000000476837158
endloop
endfacet
facet normal 0 0 -1
outer loop
vertex 3.878199338912964 -42.89404296875 1.7000000476837158
vertex 3.705991744995117 -42.92829895019531 1.7000000476837158
vertex 3.878199338912964 -42.06254959106445 1.7000000476837158
endloop
endfacet
facet normal 0 0 -1
outer loop
vertex 3.878199338912964 -42.06254959106445 1.7000000476837158
vertex 3.705991744995117 -42.92829895019531 1.7000000476837158
vertex 3.705991744995117 -42.028297424316406 1.7000000476837158
endloop
endfacet
facet normal 0 0 -1
outer loop
vertex 3.878199338912964 -42.89404296875 1.7000000476837158
vertex 3.878199338912964 -42.06254959106445 1.7000000476837158
vertex 4.0241899490356445 -42.160099029541016 1.7000000476837158
endloop
endfacet
facet normal 0 0 -1
outer loop
vertex 4.0241899490356445 -42.79649353027344 1.7000000476837158
vertex 3.878199338912964 -42.89404296875 1.7000000476837158
vertex 4.0241899490356445 -42.160099029541016 1.7000000476837158
endloop
endfacet
facet normal 0 0 -1
outer loop
vertex 4.121737480163574 -42.65050506591797 1.7000000476837158
vertex 4.0241899490356445 -42.79649353027344 1.7000000476837158
vertex 4.121737480163574 -42.30609130859375 1.7000000476837158
endloop
endfacet
facet normal 0.5555766567331487 0.8314653200784847 0
outer loop
vertex 3.5337843894958496 -42.89404296875 0
vertex 3.387793779373169 -42.79649353027344 0
vertex 3.387793779373169 -42.79649353027344 1.7000000476837158
endloop
endfacet
facet normal 0.8314659387486268 0.555575730842218 0
outer loop
vertex 3.387793779373169 -42.79649353027344 1.7000000476837158
vertex 3.387793779373169 -42.79649353027344 0
vertex 3.29024600982666 -42.65050506591797 1.7000000476837158
endloop
endfacet
facet normal 0.5555766567331487 0.8314653200784847 0
outer loop
vertex 3.5337843894958496 -42.89404296875 1.7000000476837158
vertex 3.5337843894958496 -42.89404296875 0
vertex 3.387793779373169 -42.79649353027344 1.7000000476837158
endloop
endfacet
facet normal 0.19510023104767313 0.9807833093222704 0
outer loop
vertex 3.705991744995117 -42.92829895019531 0
vertex 3.5337843894958496 -42.89404296875 0
vertex 3.5337843894958496 -42.89404296875 1.7000000476837158
endloop
endfacet
facet normal -0.19509997121620473 0.9807833610086563 0
outer loop
vertex 3.878199338912964 -42.89404296875 0
vertex 3.705991744995117 -42.92829895019531 0
vertex 3.705991744995117 -42.92829895019531 1.7000000476837158
endloop
endfacet
facet normal -0.5555766567331487 0.8314653200784847 0
outer loop
vertex 4.0241899490356445 -42.79649353027344 0
vertex 3.878199338912964 -42.89404296875 0
vertex 3.878199338912964 -42.89404296875 1.7000000476837158
endloop
endfacet
facet normal -0.8314665660174577 0.5555747920803612 0
outer loop
vertex 4.121737480163574 -42.65050506591797 0
vertex 4.0241899490356445 -42.79649353027344 0
vertex 4.0241899490356445 -42.79649353027344 1.7000000476837158
endloop
endfacet
facet normal 0.19510023104767313 0.9807833093222704 0
outer loop
vertex 3.705991744995117 -42.92829895019531 1.7000000476837158
vertex 3.705991744995117 -42.92829895019531 0
vertex 3.5337843894958496 -42.89404296875 1.7000000476837158
endloop
endfacet
facet normal -0.19509997121620473 0.9807833610086563 0
outer loop
vertex 3.878199338912964 -42.89404296875 1.7000000476837158
vertex 3.878199338912964 -42.89404296875 0
vertex 3.705991744995117 -42.92829895019531 1.7000000476837158
endloop
endfacet
facet normal -0.5555766567331487 0.8314653200784847 0
outer loop
vertex 4.0241899490356445 -42.79649353027344 1.7000000476837158
vertex 4.0241899490356445 -42.79649353027344 0
vertex 3.878199338912964 -42.89404296875 1.7000000476837158
endloop
endfacet
facet normal 0.9807852845629332 -0.19509030110388895 0
outer loop
vertex 3.2559919357299805 -42.47829818725586 1.7000000476837158
vertex 3.2559919357299805 -42.47829818725586 0
vertex 3.29024600982666 -42.30609130859375 1.7000000476837158
endloop
endfacet
facet normal 0.9807852845629332 0.19509030110388895 0
outer loop
vertex 3.29024600982666 -42.65050506591797 1.7000000476837158
vertex 3.29024600982666 -42.65050506591797 0
vertex 3.2559919357299805 -42.47829818725586 1.7000000476837158
endloop
endfacet
facet normal 0.83147264470564 -0.5555656946808436 0
outer loop
vertex 3.29024600982666 -42.30609130859375 1.7000000476837158
vertex 3.29024600982666 -42.30609130859375 0
vertex 3.387793779373169 -42.160099029541016 1.7000000476837158
endloop
endfacet
facet normal 0.5555766567331487 -0.8314653200784847 0
outer loop
vertex 3.387793779373169 -42.160099029541016 1.7000000476837158
vertex 3.387793779373169 -42.160099029541016 0
vertex 3.5337843894958496 -42.06254959106445 1.7000000476837158
endloop
endfacet
facet normal 0.19507933181498546 -0.9807874664261461 0
outer loop
vertex 3.5337843894958496 -42.06254959106445 1.7000000476837158
vertex 3.5337843894958496 -42.06254959106445 0
vertex 3.705991744995117 -42.028297424316406 1.7000000476837158
endloop
endfacet
facet normal -0.8314665660174577 0.5555747920803612 0
outer loop
vertex 4.121737480163574 -42.65050506591797 1.7000000476837158
vertex 4.121737480163574 -42.65050506591797 0
vertex 4.0241899490356445 -42.79649353027344 1.7000000476837158
endloop
endfacet
facet normal -0.9807847649190312 0.1950929135123066 0
outer loop
vertex 4.155992031097412 -42.47829818725586 1.7000000476837158
vertex 4.155992031097412 -42.47829818725586 0
vertex 4.121737480163574 -42.65050506591797 1.7000000476837158
endloop
endfacet
facet normal -0.9807847649190312 -0.1950929135123066 0
outer loop
vertex 4.121737480163574 -42.30609130859375 1.7000000476837158
vertex 4.121737480163574 -42.30609130859375 0
vertex 4.155992031097412 -42.47829818725586 1.7000000476837158
endloop
endfacet
facet normal -0.19507907200914795 -0.9807875181016781 0
outer loop
vertex 3.705991744995117 -42.028297424316406 1.7000000476837158
vertex 3.705991744995117 -42.028297424316406 0
vertex 3.878199338912964 -42.06254959106445 1.7000000476837158
endloop
endfacet
facet normal -0.5555766567331487 -0.8314653200784847 0
outer loop
vertex 3.878199338912964 -42.06254959106445 1.7000000476837158
vertex 3.878199338912964 -42.06254959106445 0
vertex 4.0241899490356445 -42.160099029541016 1.7000000476837158
endloop
endfacet
facet normal -0.8314732719568675 -0.5555647559208026 0
outer loop
vertex 4.0241899490356445 -42.160099029541016 1.7000000476837158
vertex 4.0241899490356445 -42.160099029541016 0
vertex 4.121737480163574 -42.30609130859375 1.7000000476837158
endloop
endfacet
facet normal 0.9807852845629332 0.19509030110388895 0
outer loop
vertex 3.29024600982666 -42.65050506591797 0
vertex 3.2559919357299805 -42.47829818725586 0
vertex 3.2559919357299805 -42.47829818725586 1.7000000476837158
endloop
endfacet
facet normal 0.8314659387486268 0.555575730842218 0
outer loop
vertex 3.29024600982666 -42.65050506591797 0
vertex 3.29024600982666 -42.65050506591797 1.7000000476837158
vertex 3.387793779373169 -42.79649353027344 0
endloop
endfacet
facet normal 0.9807852845629332 -0.19509030110388895 0
outer loop
vertex 3.29024600982666 -42.30609130859375 0
vertex 3.29024600982666 -42.30609130859375 1.7000000476837158
vertex 3.2559919357299805 -42.47829818725586 0
endloop
endfacet
facet normal 0.83147264470564 -0.5555656946808436 0
outer loop
vertex 3.387793779373169 -42.160099029541016 0
vertex 3.387793779373169 -42.160099029541016 1.7000000476837158
vertex 3.29024600982666 -42.30609130859375 0
endloop
endfacet
facet normal 0.5555766567331487 -0.8314653200784847 0
outer loop
vertex 3.5337843894958496 -42.06254959106445 0
vertex 3.5337843894958496 -42.06254959106445 1.7000000476837158
vertex 3.387793779373169 -42.160099029541016 0
endloop
endfacet
facet normal -0.9807847649190312 0.1950929135123066 0
outer loop
vertex 4.155992031097412 -42.47829818725586 0
vertex 4.121737480163574 -42.65050506591797 0
vertex 4.121737480163574 -42.65050506591797 1.7000000476837158
endloop
endfacet
facet normal -0.19507907200914795 -0.9807875181016781 0
outer loop
vertex 3.878199338912964 -42.06254959106445 0
vertex 3.878199338912964 -42.06254959106445 1.7000000476837158
vertex 3.705991744995117 -42.028297424316406 0
endloop
endfacet
facet normal -0.8314732719568675 -0.5555647559208026 0
outer loop
vertex 4.0241899490356445 -42.160099029541016 0
vertex 4.121737480163574 -42.30609130859375 0
vertex 4.121737480163574 -42.30609130859375 1.7000000476837158
endloop
endfacet
facet normal -0.5555766567331487 -0.8314653200784847 0
outer loop
vertex 4.0241899490356445 -42.160099029541016 0
vertex 4.0241899490356445 -42.160099029541016 1.7000000476837158
vertex 3.878199338912964 -42.06254959106445 0
endloop
endfacet
facet normal 0.19507933181498546 -0.9807874664261461 0
outer loop
vertex 3.705991744995117 -42.028297424316406 0
vertex 3.705991744995117 -42.028297424316406 1.7000000476837158
vertex 3.5337843894958496 -42.06254959106445 0
endloop
endfacet
facet normal 0 0 -1
outer loop
vertex 4.0241899490356445 -42.160099029541016 1.7000000476837158
vertex 4.121737480163574 -42.30609130859375 1.7000000476837158
vertex 4.0241899490356445 -42.79649353027344 1.7000000476837158
endloop
endfacet
facet normal 0 0 -1
outer loop
vertex 3.387793779373169 -42.79649353027344 1.7000000476837158
vertex 3.29024600982666 -42.65050506591797 1.7000000476837158
vertex 3.387793779373169 -42.160099029541016 1.7000000476837158
endloop
endfacet
facet normal 0 0 -1
outer loop
vertex 3.387793779373169 -41.52649688720703 1.7000000476837158
vertex 3.29024600982666 -41.3805046081543 1.7000000476837158
vertex 3.387793779373169 -40.890098571777344 1.7000000476837158
endloop
endfacet
facet normal 0.19510023104767313 -0.9807833093222704 0
outer loop
vertex 3.5337843894958496 -40.79255294799805 1.7000000476837158
vertex 3.5337843894958496 -40.79255294799805 0
vertex 3.705991744995117 -40.758296966552734 1.7000000476837158
endloop
endfacet
facet normal -0.19509997121620473 -0.9807833610086563 0
outer loop
vertex 3.705991744995117 -40.758296966552734 1.7000000476837158
vertex 3.705991744995117 -40.758296966552734 0
vertex 3.878199338912964 -40.79255294799805 1.7000000476837158
endloop
endfacet
facet normal -0.5555616365427825 -0.8314753562204387 0
outer loop
vertex 3.878199338912964 -40.79255294799805 1.7000000476837158
vertex 3.878199338912964 -40.79255294799805 0
vertex 4.0241899490356445 -40.890098571777344 1.7000000476837158
endloop
endfacet
facet normal -0.8314732719568675 -0.5555647559208026 0
outer loop
vertex 4.0241899490356445 -40.890098571777344 1.7000000476837158
vertex 4.0241899490356445 -40.890098571777344 0
vertex 4.121737480163574 -41.03609085083008 1.7000000476837158
endloop
endfacet
facet normal -0.9807847649190312 -0.1950929135123066 0
outer loop
vertex 4.121737480163574 -41.03609085083008 1.7000000476837158
vertex 4.121737480163574 -41.03609085083008 0
vertex 4.155992031097412 -41.20829772949219 1.7000000476837158
endloop
endfacet
facet normal -0.9807847649190312 0.1950929135123066 0
outer loop
vertex 4.155992031097412 -41.20829772949219 1.7000000476837158
vertex 4.155992031097412 -41.20829772949219 0
vertex 4.121737480163574 -41.3805046081543 1.7000000476837158
endloop
endfacet
facet normal -0.8314732719568675 0.5555647559208026 0
outer loop
vertex 4.121737480163574 -41.3805046081543 1.7000000476837158
vertex 4.121737480163574 -41.3805046081543 0
vertex 4.0241899490356445 -41.52649688720703 1.7000000476837158
endloop
endfacet
facet normal -0.5555616365427825 0.8314753562204387 0
outer loop
vertex 4.0241899490356445 -41.52649688720703 1.7000000476837158
vertex 4.0241899490356445 -41.52649688720703 0
vertex 3.878199338912964 -41.62404251098633 1.7000000476837158
endloop
endfacet
facet normal -0.19509997121620473 0.9807833610086563 0
outer loop
vertex 3.878199338912964 -41.62404251098633 1.7000000476837158
vertex 3.878199338912964 -41.62404251098633 0
vertex 3.705991744995117 -41.65829849243164 1.7000000476837158
endloop
endfacet
facet normal 0.19510023104767313 0.9807833093222704 0
outer loop
vertex 3.705991744995117 -41.65829849243164 1.7000000476837158
vertex 3.705991744995117 -41.65829849243164 0
vertex 3.5337843894958496 -41.62404251098633 1.7000000476837158
endloop
endfacet
facet normal 0.5555616365427825 -0.8314753562204387 0
outer loop
vertex 3.387793779373169 -40.890098571777344 1.7000000476837158
vertex 3.387793779373169 -40.890098571777344 0
vertex 3.5337843894958496 -40.79255294799805 1.7000000476837158
endloop
endfacet
facet normal 0.83147264470564 -0.5555656946808436 0
outer loop
vertex 3.29024600982666 -41.03609085083008 1.7000000476837158
vertex 3.29024600982666 -41.03609085083008 0
vertex 3.387793779373169 -40.890098571777344 1.7000000476837158
endloop
endfacet
facet normal 0.9807852845629332 -0.19509030110388895 0
outer loop
vertex 3.2559919357299805 -41.20829772949219 1.7000000476837158
vertex 3.2559919357299805 -41.20829772949219 0
vertex 3.29024600982666 -41.03609085083008 1.7000000476837158
endloop
endfacet
facet normal 0.9807852845629332 0.19509030110388895 0
outer loop
vertex 3.29024600982666 -41.3805046081543 1.7000000476837158
vertex 3.29024600982666 -41.3805046081543 0
vertex 3.2559919357299805 -41.20829772949219 1.7000000476837158
endloop
endfacet
facet normal 0.83147264470564 0.5555656946808436 0
outer loop
vertex 3.387793779373169 -41.52649688720703 1.7000000476837158
vertex 3.387793779373169 -41.52649688720703 0
vertex 3.29024600982666 -41.3805046081543 1.7000000476837158
endloop
endfacet
facet normal 0.5555616365427825 0.8314753562204387 0
outer loop
vertex 3.5337843894958496 -41.62404251098633 1.7000000476837158
vertex 3.5337843894958496 -41.62404251098633 0
vertex 3.387793779373169 -41.52649688720703 1.7000000476837158
endloop
endfacet
facet normal -0.19509997121620473 -0.9807833610086563 0
outer loop
vertex 3.878199338912964 -40.79255294799805 0
vertex 3.878199338912964 -40.79255294799805 1.7000000476837158
vertex 3.705991744995117 -40.758296966552734 0
endloop
endfacet
facet normal 0.19510023104767313 -0.9807833093222704 0
outer loop
vertex 3.705991744995117 -40.758296966552734 0
vertex 3.705991744995117 -40.758296966552734 1.7000000476837158
vertex 3.5337843894958496 -40.79255294799805 0
endloop
endfacet
facet normal 0.5555616365427825 -0.8314753562204387 0
outer loop
vertex 3.5337843894958496 -40.79255294799805 0
vertex 3.5337843894958496 -40.79255294799805 1.7000000476837158
vertex 3.387793779373169 -40.890098571777344 0
endloop
endfacet
facet normal -0.5555616365427825 -0.8314753562204387 0
outer loop
vertex 4.0241899490356445 -40.890098571777344 0
vertex 4.0241899490356445 -40.890098571777344 1.7000000476837158
vertex 3.878199338912964 -40.79255294799805 0
endloop
endfacet
facet normal -0.8314732719568675 -0.5555647559208026 0
outer loop
vertex 4.121737480163574 -41.03609085083008 0
vertex 4.121737480163574 -41.03609085083008 1.7000000476837158
vertex 4.0241899490356445 -40.890098571777344 0
endloop
endfacet
facet normal -0.9807847649190312 -0.1950929135123066 0
outer loop
vertex 4.155992031097412 -41.20829772949219 0
vertex 4.155992031097412 -41.20829772949219 1.7000000476837158
vertex 4.121737480163574 -41.03609085083008 0
endloop
endfacet
facet normal -0.9807847649190312 0.1950929135123066 0
outer loop
vertex 4.155992031097412 -41.20829772949219 0
vertex 4.121737480163574 -41.3805046081543 0
vertex 4.121737480163574 -41.3805046081543 1.7000000476837158
endloop
endfacet
facet normal -0.8314732719568675 0.5555647559208026 0
outer loop
vertex 4.121737480163574 -41.3805046081543 0
vertex 4.0241899490356445 -41.52649688720703 0
vertex 4.0241899490356445 -41.52649688720703 1.7000000476837158
endloop
endfacet
facet normal -0.5555616365427825 0.8314753562204387 0
outer loop
vertex 4.0241899490356445 -41.52649688720703 0
vertex 3.878199338912964 -41.62404251098633 0
vertex 3.878199338912964 -41.62404251098633 1.7000000476837158
endloop
endfacet
facet normal -0.19509997121620473 0.9807833610086563 0
outer loop
vertex 3.878199338912964 -41.62404251098633 0
vertex 3.705991744995117 -41.65829849243164 0
vertex 3.705991744995117 -41.65829849243164 1.7000000476837158
endloop
endfacet
facet normal 0.83147264470564 -0.5555656946808436 0
outer loop
vertex 3.387793779373169 -40.890098571777344 0
vertex 3.387793779373169 -40.890098571777344 1.7000000476837158
vertex 3.29024600982666 -41.03609085083008 0
endloop
endfacet
facet normal 0.9807852845629332 -0.19509030110388895 0
outer loop
vertex 3.29024600982666 -41.03609085083008 0
vertex 3.29024600982666 -41.03609085083008 1.7000000476837158
vertex 3.2559919357299805 -41.20829772949219 0
endloop
endfacet
facet normal 0.9807852845629332 0.19509030110388895 0
outer loop
vertex 3.2559919357299805 -41.20829772949219 0
vertex 3.2559919357299805 -41.20829772949219 1.7000000476837158
vertex 3.29024600982666 -41.3805046081543 0
endloop
endfacet
facet normal 0.83147264470564 0.5555656946808436 0
outer loop
vertex 3.29024600982666 -41.3805046081543 0
vertex 3.29024600982666 -41.3805046081543 1.7000000476837158
vertex 3.387793779373169 -41.52649688720703 0
endloop
endfacet
facet normal 0.19510023104767313 0.9807833093222704 0
outer loop
vertex 3.705991744995117 -41.65829849243164 0
vertex 3.5337843894958496 -41.62404251098633 0
vertex 3.5337843894958496 -41.62404251098633 1.7000000476837158
endloop
endfacet
facet normal 0.5555616365427825 0.8314753562204387 0
outer loop
vertex 3.387793779373169 -41.52649688720703 0
vertex 3.387793779373169 -41.52649688720703 1.7000000476837158
vertex 3.5337843894958496 -41.62404251098633 0
endloop
endfacet
facet normal 0 0 -1
outer loop
vertex 3.5337843894958496 -41.62404251098633 1.7000000476837158
vertex 3.5337843894958496 -40.79255294799805 1.7000000476837158
vertex 3.705991744995117 -40.758296966552734 1.7000000476837158
endloop
endfacet
facet normal 0 0 -1
outer loop
vertex 3.705991744995117 -41.65829849243164 1.7000000476837158
vertex 3.5337843894958496 -41.62404251098633 1.7000000476837158
vertex 3.705991744995117 -40.758296966552734 1.7000000476837158
endloop
endfacet
facet normal 0 0 -1
outer loop
vertex 4.155992031097412 -41.20829772949219 1.7000000476837158
vertex 4.121737480163574 -41.3805046081543 1.7000000476837158
vertex 4.121737480163574 -41.03609085083008 1.7000000476837158
endloop
endfacet
facet normal 0 0 -1
outer loop
vertex 4.121737480163574 -41.03609085083008 1.7000000476837158
vertex 4.0241899490356445 -41.52649688720703 1.7000000476837158
vertex 4.0241899490356445 -40.890098571777344 1.7000000476837158
endloop
endfacet
facet normal 0 0 -1
outer loop
vertex 3.878199338912964 -40.79255294799805 1.7000000476837158
vertex 3.705991744995117 -41.65829849243164 1.7000000476837158
vertex 3.705991744995117 -40.758296966552734 1.7000000476837158
endloop
endfacet
facet normal 0 0 -1
outer loop
vertex 3.878199338912964 -40.79255294799805 1.7000000476837158
vertex 4.0241899490356445 -40.890098571777344 1.7000000476837158
vertex 3.878199338912964 -41.62404251098633 1.7000000476837158
endloop
endfacet
facet normal 0 0 -1
outer loop
vertex 4.121737480163574 -41.3805046081543 1.7000000476837158
vertex 4.0241899490356445 -41.52649688720703 1.7000000476837158
vertex 4.121737480163574 -41.03609085083008 1.7000000476837158
endloop
endfacet
facet normal 0 0 -1
outer loop
vertex 4.0241899490356445 -41.52649688720703 1.7000000476837158
vertex 3.878199338912964 -41.62404251098633 1.7000000476837158
vertex 4.0241899490356445 -40.890098571777344 1.7000000476837158
endloop
endfacet
facet normal 0 0 -1
outer loop
vertex 3.878199338912964 -41.62404251098633 1.7000000476837158
vertex 3.705991744995117 -41.65829849243164 1.7000000476837158
vertex 3.878199338912964 -40.79255294799805 1.7000000476837158
endloop
endfacet
facet normal 0 0 -1
outer loop
vertex 3.5337843894958496 -41.62404251098633 1.7000000476837158
vertex 3.387793779373169 -41.52649688720703 1.7000000476837158
vertex 3.5337843894958496 -40.79255294799805 1.7000000476837158
endloop
endfacet
facet normal 0 0 -1
outer loop
vertex 3.387793779373169 -40.890098571777344 1.7000000476837158
vertex 3.29024600982666 -41.3805046081543 1.7000000476837158
vertex 3.29024600982666 -41.03609085083008 1.7000000476837158
endloop
endfacet
facet normal 0 0 -1
outer loop
vertex 3.5337843894958496 -40.79255294799805 1.7000000476837158
vertex 3.387793779373169 -41.52649688720703 1.7000000476837158
vertex 3.387793779373169 -40.890098571777344 1.7000000476837158
endloop
endfacet
facet normal 0 0 -1
outer loop
vertex 3.29024600982666 -41.3805046081543 1.7000000476837158
vertex 3.2559919357299805 -41.20829772949219 1.7000000476837158
vertex 3.29024600982666 -41.03609085083008 1.7000000476837158
endloop
endfacet
facet normal 0.8314682539438699 -0.5555722659416437 0
outer loop
vertex 22.387502670288086 -40.890098571777344 0
vertex 22.387502670288086 -40.890098571777344 1.7000000476837158
vertex 22.289953231811523 -41.03609085083008 0
endloop
endfacet
facet normal -0.5555622638012966 0.8314749371087372 0
outer loop
vertex 23.023897171020508 -41.52649688720703 0
vertex 22.877906799316406 -41.62404251098633 0
vertex 22.877906799316406 -41.62404251098633 1.7000000476837158
endloop
endfacet
facet normal -0.8314732719568675 0.5555647559208026 0
outer loop
vertex 23.121444702148438 -41.3805046081543 0
vertex 23.023897171020508 -41.52649688720703 0
vertex 23.023897171020508 -41.52649688720703 1.7000000476837158
endloop
endfacet
facet normal -0.9807832059488795 0.1951007507126451 0
outer loop
vertex 23.15570068359375 -41.20829772949219 0
vertex 23.121444702148438 -41.3805046081543 0
vertex 23.121444702148438 -41.3805046081543 1.7000000476837158
endloop
endfacet
facet normal -0.5555622638012966 -0.8314749371087372 0
outer loop
vertex 23.023897171020508 -40.890098571777344 0
vertex 23.023897171020508 -40.890098571777344 1.7000000476837158
vertex 22.877906799316406 -40.79255294799805 0
endloop
endfacet
facet normal -0.9807832059488795 -0.1951007507126451 0
outer loop
vertex 23.15570068359375 -41.20829772949219 0
vertex 23.15570068359375 -41.20829772949219 1.7000000476837158
vertex 23.121444702148438 -41.03609085083008 0
endloop
endfacet
facet normal -0.8314732719568675 -0.5555647559208026 0
outer loop
vertex 23.121444702148438 -41.03609085083008 0
vertex 23.121444702148438 -41.03609085083008 1.7000000476837158
vertex 23.023897171020508 -40.890098571777344 0
endloop
endfacet
facet normal -0.5555622638012966 -0.8314749371087372 0
outer loop
vertex 22.877906799316406 -40.79255294799805 1.7000000476837158
vertex 22.877906799316406 -40.79255294799805 0
vertex 23.023897171020508 -40.890098571777344 1.7000000476837158
endloop
endfacet
facet normal -0.1951007507126451 -0.9807832059488795 0
outer loop
vertex 22.705699920654297 -40.758296966552734 1.7000000476837158
vertex 22.705699920654297 -40.758296966552734 0
vertex 22.877906799316406 -40.79255294799805 1.7000000476837158
endloop
endfacet
facet normal 0.1951007507126451 -0.9807832059488795 0
outer loop
vertex 22.533493041992188 -40.79255294799805 1.7000000476837158
vertex 22.533493041992188 -40.79255294799805 0
vertex 22.705699920654297 -40.758296966552734 1.7000000476837158
endloop
endfacet
facet normal 0.5555622638012966 -0.8314749371087372 0
outer loop
vertex 22.533493041992188 -40.79255294799805 0
vertex 22.533493041992188 -40.79255294799805 1.7000000476837158
vertex 22.387502670288086 -40.890098571777344 0
endloop
endfacet
facet normal 0.1951007507126451 -0.9807832059488795 0
outer loop
vertex 22.705699920654297 -40.758296966552734 0
vertex 22.705699920654297 -40.758296966552734 1.7000000476837158
vertex 22.533493041992188 -40.79255294799805 0
endloop
endfacet
facet normal -0.1951007507126451 -0.9807832059488795 0
outer loop
vertex 22.877906799316406 -40.79255294799805 0
vertex 22.877906799316406 -40.79255294799805 1.7000000476837158
vertex 22.705699920654297 -40.758296966552734 0
endloop
endfacet
facet normal -0.9807832059488795 -0.1951007507126451 0
outer loop
vertex 23.121444702148438 -41.03609085083008 1.7000000476837158
vertex 23.121444702148438 -41.03609085083008 0
vertex 23.15570068359375 -41.20829772949219 1.7000000476837158
endloop
endfacet
facet normal -0.9807832059488795 0.1951007507126451 0
outer loop
vertex 23.15570068359375 -41.20829772949219 1.7000000476837158
vertex 23.15570068359375 -41.20829772949219 0
vertex 23.121444702148438 -41.3805046081543 1.7000000476837158
endloop
endfacet
facet normal -0.8314732719568675 -0.5555647559208026 0
outer loop
vertex 23.023897171020508 -40.890098571777344 1.7000000476837158
vertex 23.023897171020508 -40.890098571777344 0
vertex 23.121444702148438 -41.03609085083008 1.7000000476837158
endloop
endfacet
facet normal -0.8314732719568675 0.5555647559208026 0
outer loop
vertex 23.121444702148438 -41.3805046081543 1.7000000476837158
vertex 23.121444702148438 -41.3805046081543 0
vertex 23.023897171020508 -41.52649688720703 1.7000000476837158
endloop
endfacet
facet normal 0 0 -1
outer loop
vertex 22.533493041992188 -41.62404251098633 1.7000000476837158
vertex 22.387502670288086 -41.52649688720703 1.7000000476837158
vertex 22.533493041992188 -40.79255294799805 1.7000000476837158
endloop
endfacet
facet normal 0 0 -1
outer loop
vertex 22.705699920654297 -41.65829849243164 1.7000000476837158
vertex 22.533493041992188 -41.62404251098633 1.7000000476837158
vertex 22.705699920654297 -40.758296966552734 1.7000000476837158
endloop
endfacet
facet normal 0 0 -1
outer loop
vertex 22.387502670288086 -41.52649688720703 1.7000000476837158
vertex 22.289953231811523 -41.3805046081543 1.7000000476837158
vertex 22.387502670288086 -40.890098571777344 1.7000000476837158
endloop
endfacet
facet normal 0 0 -1
outer loop
vertex 22.289953231811523 -41.3805046081543 1.7000000476837158
vertex 22.255699157714844 -41.20829772949219 1.7000000476837158
vertex 22.289953231811523 -41.03609085083008 1.7000000476837158
endloop
endfacet
facet normal 0 0 -1
outer loop
vertex 22.387502670288086 -40.890098571777344 1.7000000476837158
vertex 22.289953231811523 -41.3805046081543 1.7000000476837158
vertex 22.289953231811523 -41.03609085083008 1.7000000476837158
endloop
endfacet
facet normal 0 0 -1
outer loop
vertex 22.533493041992188 -40.79255294799805 1.7000000476837158
vertex 22.387502670288086 -41.52649688720703 1.7000000476837158
vertex 22.387502670288086 -40.890098571777344 1.7000000476837158
endloop
endfacet
facet normal 0 0 -1
outer loop
vertex 22.705699920654297 -40.758296966552734 1.7000000476837158
vertex 22.533493041992188 -41.62404251098633 1.7000000476837158
vertex 22.533493041992188 -40.79255294799805 1.7000000476837158
endloop
endfacet
facet normal -0.5555622638012966 0.8314749371087372 0
outer loop
vertex 23.023897171020508 -41.52649688720703 1.7000000476837158
vertex 23.023897171020508 -41.52649688720703 0
vertex 22.877906799316406 -41.62404251098633 1.7000000476837158
endloop
endfacet
facet normal 0.8314682539438699 0.5555722659416437 0
outer loop
vertex 22.387502670288086 -41.52649688720703 1.7000000476837158
vertex 22.387502670288086 -41.52649688720703 0
vertex 22.289953231811523 -41.3805046081543 1.7000000476837158
endloop
endfacet
facet normal 0.9807852845629332 0.19509030110388895 0
outer loop
vertex 22.289953231811523 -41.3805046081543 1.7000000476837158
vertex 22.289953231811523 -41.3805046081543 0
vertex 22.255699157714844 -41.20829772949219 1.7000000476837158
endloop
endfacet
facet normal 0.5555622638012966 0.8314749371087372 0
outer loop
vertex 22.533493041992188 -41.62404251098633 1.7000000476837158
vertex 22.533493041992188 -41.62404251098633 0
vertex 22.387502670288086 -41.52649688720703 1.7000000476837158
endloop
endfacet
facet normal -0.1951007507126451 0.9807832059488795 0
outer loop
vertex 22.877906799316406 -41.62404251098633 1.7000000476837158
vertex 22.877906799316406 -41.62404251098633 0
vertex 22.705699920654297 -41.65829849243164 1.7000000476837158
endloop
endfacet
facet normal 0.1951007507126451 0.9807832059488795 0
outer loop
vertex 22.705699920654297 -41.65829849243164 1.7000000476837158
vertex 22.705699920654297 -41.65829849243164 0
vertex 22.533493041992188 -41.62404251098633 1.7000000476837158
endloop
endfacet
facet normal 0.9807852845629332 -0.19509030110388895 0
outer loop
vertex 22.255699157714844 -41.20829772949219 1.7000000476837158
vertex 22.255699157714844 -41.20829772949219 0
vertex 22.289953231811523 -41.03609085083008 1.7000000476837158
endloop
endfacet
facet normal 0 0 -1
outer loop
vertex 22.877906799316406 -41.62404251098633 1.7000000476837158
vertex 22.705699920654297 -41.65829849243164 1.7000000476837158
vertex 22.877906799316406 -40.79255294799805 1.7000000476837158
endloop
endfacet
facet normal 0 0 -1
outer loop
vertex 23.023897171020508 -41.52649688720703 1.7000000476837158
vertex 22.877906799316406 -41.62404251098633 1.7000000476837158
vertex 23.023897171020508 -40.890098571777344 1.7000000476837158
endloop
endfacet
facet normal 0 0 -1
outer loop
vertex 23.121444702148438 -41.3805046081543 1.7000000476837158
vertex 23.023897171020508 -41.52649688720703 1.7000000476837158
vertex 23.121444702148438 -41.03609085083008 1.7000000476837158
endloop
endfacet
facet normal 0 0 -1
outer loop
vertex 23.121444702148438 -41.03609085083008 1.7000000476837158
vertex 23.023897171020508 -41.52649688720703 1.7000000476837158
vertex 23.023897171020508 -40.890098571777344 1.7000000476837158
endloop
endfacet
facet normal 0 0 -1
outer loop
vertex 22.877906799316406 -40.79255294799805 1.7000000476837158
vertex 23.023897171020508 -40.890098571777344 1.7000000476837158
vertex 22.877906799316406 -41.62404251098633 1.7000000476837158
endloop
endfacet
facet normal 0 0 -1
outer loop
vertex 22.877906799316406 -40.79255294799805 1.7000000476837158
vertex 22.705699920654297 -41.65829849243164 1.7000000476837158
vertex 22.705699920654297 -40.758296966552734 1.7000000476837158
endloop
endfacet
facet normal 0 0 -1
outer loop
vertex 23.15570068359375 -41.20829772949219 1.7000000476837158
vertex 23.121444702148438 -41.3805046081543 1.7000000476837158
vertex 23.121444702148438 -41.03609085083008 1.7000000476837158
endloop
endfacet
facet normal 0.9807852845629332 -0.19509030110388895 0
outer loop
vertex 22.289953231811523 -41.03609085083008 0
vertex 22.289953231811523 -41.03609085083008 1.7000000476837158
vertex 22.255699157714844 -41.20829772949219 0
endloop
endfacet
facet normal 0.9807852845629332 0.19509030110388895 0
outer loop
vertex 22.255699157714844 -41.20829772949219 0
vertex 22.255699157714844 -41.20829772949219 1.7000000476837158
vertex 22.289953231811523 -41.3805046081543 0
endloop
endfacet
facet normal 0.1951007507126451 0.9807832059488795 0
outer loop
vertex 22.705699920654297 -41.65829849243164 0
vertex 22.533493041992188 -41.62404251098633 0
vertex 22.533493041992188 -41.62404251098633 1.7000000476837158
endloop
endfacet
facet normal 0.5555622638012966 0.8314749371087372 0
outer loop
vertex 22.533493041992188 -41.62404251098633 0
vertex 22.387502670288086 -41.52649688720703 0
vertex 22.387502670288086 -41.52649688720703 1.7000000476837158
endloop
endfacet
facet normal 0.8314682539438699 0.5555722659416437 0
outer loop
vertex 22.289953231811523 -41.3805046081543 0
vertex 22.289953231811523 -41.3805046081543 1.7000000476837158
vertex 22.387502670288086 -41.52649688720703 0
endloop
endfacet
facet normal 0.8314682539438699 -0.5555722659416437 0
outer loop
vertex 22.289953231811523 -41.03609085083008 1.7000000476837158
vertex 22.289953231811523 -41.03609085083008 0
vertex 22.387502670288086 -40.890098571777344 1.7000000476837158
endloop
endfacet
facet normal 0.5555622638012966 -0.8314749371087372 0
outer loop
vertex 22.387502670288086 -40.890098571777344 1.7000000476837158
vertex 22.387502670288086 -40.890098571777344 0
vertex 22.533493041992188 -40.79255294799805 1.7000000476837158
endloop
endfacet
facet normal -0.1951007507126451 0.9807832059488795 0
outer loop
vertex 22.877906799316406 -41.62404251098633 0
vertex 22.705699920654297 -41.65829849243164 0
vertex 22.705699920654297 -41.65829849243164 1.7000000476837158
endloop
endfacet
facet normal 0 0 -1
outer loop
vertex 23.023897171020508 -42.160099029541016 1.7000000476837158
vertex 22.877906799316406 -42.89404296875 1.7000000476837158
vertex 22.877906799316406 -42.06254959106445 1.7000000476837158
endloop
endfacet
facet normal 0.5555772839934787 0.8314649009491799 0
outer loop
vertex 22.533493041992188 -42.89404296875 0
vertex 22.387502670288086 -42.79649353027344 0
vertex 22.387502670288086 -42.79649353027344 1.7000000476837158
endloop
endfacet
facet normal 0 0 -1
outer loop
vertex 22.387502670288086 -42.79649353027344 1.7000000476837158
vertex 22.289953231811523 -42.65050506591797 1.7000000476837158
vertex 22.387502670288086 -42.160099029541016 1.7000000476837158
endloop
endfacet
facet normal -0.1950798514286955 -0.9807873630744628 0
outer loop
vertex 22.705699920654297 -42.028297424316406 1.7000000476837158
vertex 22.705699920654297 -42.028297424316406 0
vertex 22.877906799316406 -42.06254959106445 1.7000000476837158
endloop
endfacet
facet normal -0.9807832059488795 -0.1951007507126451 0
outer loop
vertex 23.121444702148438 -42.30609130859375 1.7000000476837158
vertex 23.121444702148438 -42.30609130859375 0
vertex 23.15570068359375 -42.47829818725586 1.7000000476837158
endloop
endfacet
facet normal -0.9807832059488795 0.1951007507126451 0
outer loop
vertex 23.15570068359375 -42.47829818725586 1.7000000476837158
vertex 23.15570068359375 -42.47829818725586 0
vertex 23.121444702148438 -42.65050506591797 1.7000000476837158
endloop
endfacet
facet normal -0.8314665660174577 0.5555747920803612 0
outer loop
vertex 23.121444702148438 -42.65050506591797 1.7000000476837158
vertex 23.121444702148438 -42.65050506591797 0
vertex 23.023897171020508 -42.79649353027344 1.7000000476837158
endloop
endfacet
facet normal 0 0 -1
outer loop
vertex 23.121444702148438 -42.65050506591797 1.7000000476837158
vertex 23.023897171020508 -42.79649353027344 1.7000000476837158
vertex 23.121444702148438 -42.30609130859375 1.7000000476837158
endloop
endfacet
facet normal -0.5555772839934787 0.8314649009491799 0
outer loop
vertex 23.023897171020508 -42.79649353027344 1.7000000476837158
vertex 23.023897171020508 -42.79649353027344 0
vertex 22.877906799316406 -42.89404296875 1.7000000476837158
endloop
endfacet
facet normal 0 0 -1
outer loop
vertex 23.15570068359375 -42.47829818725586 1.7000000476837158
vertex 23.121444702148438 -42.65050506591797 1.7000000476837158
vertex 23.121444702148438 -42.30609130859375 1.7000000476837158
endloop
endfacet
facet normal -0.8314732719568675 -0.5555647559208026 0
outer loop
vertex 23.023897171020508 -42.160099029541016 1.7000000476837158
vertex 23.023897171020508 -42.160099029541016 0
vertex 23.121444702148438 -42.30609130859375 1.7000000476837158
endloop
endfacet
facet normal 0 0 -1
outer loop
vertex 23.023897171020508 -42.160099029541016 1.7000000476837158
vertex 23.121444702148438 -42.30609130859375 1.7000000476837158
vertex 23.023897171020508 -42.79649353027344 1.7000000476837158
endloop
endfacet
facet normal 0 0 -1
outer loop
vertex 22.877906799316406 -42.06254959106445 1.7000000476837158
vertex 22.705699920654297 -42.92829895019531 1.7000000476837158
vertex 22.705699920654297 -42.028297424316406 1.7000000476837158
endloop
endfacet
facet normal 0 0 -1
outer loop
vertex 23.023897171020508 -42.79649353027344 1.7000000476837158
vertex 22.877906799316406 -42.89404296875 1.7000000476837158
vertex 23.023897171020508 -42.160099029541016 1.7000000476837158
endloop
endfacet
facet normal 0.1950798514286955 -0.9807873630744628 0
outer loop
vertex 22.533493041992188 -42.06254959106445 1.7000000476837158
vertex 22.533493041992188 -42.06254959106445 0
vertex 22.705699920654297 -42.028297424316406 1.7000000476837158
endloop
endfacet
facet normal 0.5555772839934787 -0.8314649009491799 0
outer loop
vertex 22.387502670288086 -42.160099029541016 1.7000000476837158
vertex 22.387502670288086 -42.160099029541016 0
vertex 22.533493041992188 -42.06254959106445 1.7000000476837158
endloop
endfacet
facet normal 0.8314682539438699 -0.5555722659416437 0
outer loop
vertex 22.289953231811523 -42.30609130859375 1.7000000476837158
vertex 22.289953231811523 -42.30609130859375 0
vertex 22.387502670288086 -42.160099029541016 1.7000000476837158
endloop
endfacet
facet normal 0.9807852845629332 -0.19509030110388895 0
outer loop
vertex 22.255699157714844 -42.47829818725586 1.7000000476837158
vertex 22.255699157714844 -42.47829818725586 0
vertex 22.289953231811523 -42.30609130859375 1.7000000476837158
endloop
endfacet
facet normal 0.9807852845629332 0.19509030110388895 0
outer loop
vertex 22.289953231811523 -42.65050506591797 1.7000000476837158
vertex 22.289953231811523 -42.65050506591797 0
vertex 22.255699157714844 -42.47829818725586 1.7000000476837158
endloop
endfacet
facet normal 0 0 -1
outer loop
vertex 22.877906799316406 -42.89404296875 1.7000000476837158
vertex 22.705699920654297 -42.92829895019531 1.7000000476837158
vertex 22.877906799316406 -42.06254959106445 1.7000000476837158
endloop
endfacet
facet normal -0.1951007507126451 0.9807832059488795 0
outer loop
vertex 22.877906799316406 -42.89404296875 1.7000000476837158
vertex 22.877906799316406 -42.89404296875 0
vertex 22.705699920654297 -42.92829895019531 1.7000000476837158
endloop
endfacet
facet normal 0 0 -1
outer loop
vertex 22.705699920654297 -42.028297424316406 1.7000000476837158
vertex 22.533493041992188 -42.89404296875 1.7000000476837158
vertex 22.533493041992188 -42.06254959106445 1.7000000476837158
endloop
endfacet
facet normal 0 0 -1
outer loop
vertex 22.289953231811523 -42.65050506591797 1.7000000476837158
vertex 22.255699157714844 -42.47829818725586 1.7000000476837158
vertex 22.289953231811523 -42.30609130859375 1.7000000476837158
endloop
endfacet
facet normal 0 0 -1
outer loop
vertex 22.387502670288086 -42.160099029541016 1.7000000476837158
vertex 22.289953231811523 -42.65050506591797 1.7000000476837158
vertex 22.289953231811523 -42.30609130859375 1.7000000476837158
endloop
endfacet
facet normal 0 0 -1
outer loop
vertex 22.533493041992188 -42.89404296875 1.7000000476837158
vertex 22.387502670288086 -42.79649353027344 1.7000000476837158
vertex 22.533493041992188 -42.06254959106445 1.7000000476837158
endloop
endfacet
facet normal 0 0 -1
outer loop
vertex 22.705699920654297 -42.92829895019531 1.7000000476837158
vertex 22.533493041992188 -42.89404296875 1.7000000476837158
vertex 22.705699920654297 -42.028297424316406 1.7000000476837158
endloop
endfacet
facet normal 0 0 -1
outer loop
vertex 22.533493041992188 -42.06254959106445 1.7000000476837158
vertex 22.387502670288086 -42.79649353027344 1.7000000476837158
vertex 22.387502670288086 -42.160099029541016 1.7000000476837158
endloop
endfacet
facet normal -0.8314732719568675 -0.5555647559208026 0
outer loop
vertex 23.023897171020508 -42.160099029541016 0
vertex 23.121444702148438 -42.30609130859375 0
vertex 23.121444702148438 -42.30609130859375 1.7000000476837158
endloop
endfacet
facet normal -0.5555772839934787 -0.8314649009491799 0
outer loop
vertex 23.023897171020508 -42.160099029541016 0
vertex 23.023897171020508 -42.160099029541016 1.7000000476837158
vertex 22.877906799316406 -42.06254959106445 0
endloop
endfacet
facet normal -0.1950798514286955 -0.9807873630744628 0
outer loop
vertex 22.877906799316406 -42.06254959106445 0
vertex 22.877906799316406 -42.06254959106445 1.7000000476837158
vertex 22.705699920654297 -42.028297424316406 0
endloop
endfacet
facet normal -0.9807832059488795 -0.1951007507126451 0
outer loop
vertex 23.121444702148438 -42.30609130859375 0
vertex 23.15570068359375 -42.47829818725586 0
vertex 23.15570068359375 -42.47829818725586 1.7000000476837158
endloop
endfacet
facet normal 0.1951007507126451 0.9807832059488795 0
outer loop
vertex 22.705699920654297 -42.92829895019531 1.7000000476837158
vertex 22.705699920654297 -42.92829895019531 0
vertex 22.533493041992188 -42.89404296875 1.7000000476837158
endloop
endfacet
facet normal 0.5555772839934787 0.8314649009491799 0
outer loop
vertex 22.533493041992188 -42.89404296875 1.7000000476837158
vertex 22.533493041992188 -42.89404296875 0
vertex 22.387502670288086 -42.79649353027344 1.7000000476837158
endloop
endfacet
facet normal 0.8314615478636338 0.5555823021157262 0
outer loop
vertex 22.387502670288086 -42.79649353027344 1.7000000476837158
vertex 22.387502670288086 -42.79649353027344 0
vertex 22.289953231811523 -42.65050506591797 1.7000000476837158
endloop
endfacet
facet normal -0.9807832059488795 0.1951007507126451 0
outer loop
vertex 23.15570068359375 -42.47829818725586 0
vertex 23.121444702148438 -42.65050506591797 0
vertex 23.121444702148438 -42.65050506591797 1.7000000476837158
endloop
endfacet
facet normal 0.1950798514286955 -0.9807873630744628 0
outer loop
vertex 22.705699920654297 -42.028297424316406 0
vertex 22.705699920654297 -42.028297424316406 1.7000000476837158
vertex 22.533493041992188 -42.06254959106445 0
endloop
endfacet
facet normal 0.5555772839934787 -0.8314649009491799 0
outer loop
vertex 22.533493041992188 -42.06254959106445 0
vertex 22.533493041992188 -42.06254959106445 1.7000000476837158
vertex 22.387502670288086 -42.160099029541016 0
endloop
endfacet
facet normal 0.8314682539438699 -0.5555722659416437 0
outer loop
vertex 22.387502670288086 -42.160099029541016 0
vertex 22.387502670288086 -42.160099029541016 1.7000000476837158
vertex 22.289953231811523 -42.30609130859375 0
endloop
endfacet
facet normal 0.9807852845629332 -0.19509030110388895 0
outer loop
vertex 22.289953231811523 -42.30609130859375 0
vertex 22.289953231811523 -42.30609130859375 1.7000000476837158
vertex 22.255699157714844 -42.47829818725586 0
endloop
endfacet
facet normal 0.9807852845629332 0.19509030110388895 0
outer loop
vertex 22.255699157714844 -42.47829818725586 0
vertex 22.255699157714844 -42.47829818725586 1.7000000476837158
vertex 22.289953231811523 -42.65050506591797 0
endloop
endfacet
facet normal 0.8314615478636338 0.5555823021157262 0
outer loop
vertex 22.289953231811523 -42.65050506591797 0
vertex 22.289953231811523 -42.65050506591797 1.7000000476837158
vertex 22.387502670288086 -42.79649353027344 0
endloop
endfacet
facet normal -0.8314665660174577 0.5555747920803612 0
outer loop
vertex 23.121444702148438 -42.65050506591797 0
vertex 23.023897171020508 -42.79649353027344 0
vertex 23.023897171020508 -42.79649353027344 1.7000000476837158
endloop
endfacet
facet normal -0.5555772839934787 0.8314649009491799 0
outer loop
vertex 23.023897171020508 -42.79649353027344 0
vertex 22.877906799316406 -42.89404296875 0
vertex 22.877906799316406 -42.89404296875 1.7000000476837158
endloop
endfacet
facet normal -0.1951007507126451 0.9807832059488795 0
outer loop
vertex 22.877906799316406 -42.89404296875 0
vertex 22.705699920654297 -42.92829895019531 0
vertex 22.705699920654297 -42.92829895019531 1.7000000476837158
endloop
endfacet
facet normal 0.1951007507126451 0.9807832059488795 0
outer loop
vertex 22.705699920654297 -42.92829895019531 0
vertex 22.533493041992188 -42.89404296875 0
vertex 22.533493041992188 -42.89404296875 1.7000000476837158
endloop
endfacet
facet normal -0.5555772839934787 -0.8314649009491799 0
outer loop
vertex 22.877906799316406 -42.06254959106445 1.7000000476837158
vertex 22.877906799316406 -42.06254959106445 0
vertex 23.023897171020508 -42.160099029541016 1.7000000476837158
endloop
endfacet
facet normal 0.5555772839934787 -0.8314649009491799 0
outer loop
vertex 22.533493041992188 -43.332550048828125 0
vertex 22.533493041992188 -43.332550048828125 1.7000000476837158
vertex 22.387502670288086 -43.43009948730469 0
endloop
endfacet
facet normal 0 0 -1
outer loop
vertex 22.387502670288086 -44.06649398803711 1.7000000476837158
vertex 22.289953231811523 -43.92050552368164 1.7000000476837158
vertex 22.387502670288086 -43.43009948730469 1.7000000476837158
endloop
endfacet
facet normal 0.8314615478636338 -0.5555823021157262 0
outer loop
vertex 22.387502670288086 -43.43009948730469 0
vertex 22.387502670288086 -43.43009948730469 1.7000000476837158
vertex 22.289953231811523 -43.576087951660156 0
endloop
endfacet
facet normal 0.9807861114401027 -0.19508614406513386 0
outer loop
vertex 22.289953231811523 -43.576087951660156 0
vertex 22.289953231811523 -43.576087951660156 1.7000000476837158
vertex 22.255699157714844 -43.74829864501953 0
endloop
endfacet
facet normal -0.1950798514286955 0.9807873630744628 0
outer loop
vertex 22.877906799316406 -44.16404342651367 0
vertex 22.705699920654297 -44.19829559326172 0
vertex 22.705699920654297 -44.19829559326172 1.7000000476837158
endloop
endfacet
facet normal -0.5555772839934787 0.8314649009491799 0
outer loop
vertex 23.023897171020508 -44.06649398803711 0
vertex 22.877906799316406 -44.16404342651367 0
vertex 22.877906799316406 -44.16404342651367 1.7000000476837158
endloop
endfacet
facet normal -0.8314665660174577 0.5555747920803612 0
outer loop
vertex 23.121444702148438 -43.92050552368164 0
vertex 23.023897171020508 -44.06649398803711 0
vertex 23.023897171020508 -44.06649398803711 1.7000000476837158
endloop
endfacet
facet normal -0.9807832059488795 0.1951007507126451 0
outer loop
vertex 23.15570068359375 -43.74829864501953 0
vertex 23.121444702148438 -43.92050552368164 0
vertex 23.121444702148438 -43.92050552368164 1.7000000476837158
endloop
endfacet
facet normal -0.1950798514286955 -0.9807873630744628 0
outer loop
vertex 22.877906799316406 -43.332550048828125 0
vertex 22.877906799316406 -43.332550048828125 1.7000000476837158
vertex 22.705699920654297 -43.29829788208008 0
endloop
endfacet
facet normal -0.5555772839934787 -0.8314649009491799 0
outer loop
vertex 23.023897171020508 -43.43009948730469 0
vertex 23.023897171020508 -43.43009948730469 1.7000000476837158
vertex 22.877906799316406 -43.332550048828125 0
endloop
endfacet
facet normal -0.9807840329128791 -0.19509659346884756 0
outer loop
vertex 23.121444702148438 -43.576087951660156 0
vertex 23.15570068359375 -43.74829864501953 0
vertex 23.15570068359375 -43.74829864501953 1.7000000476837158
endloop
endfacet
facet normal -0.8314665660174577 -0.5555747920803612 0
outer loop
vertex 23.121444702148438 -43.576087951660156 0
vertex 23.121444702148438 -43.576087951660156 1.7000000476837158
vertex 23.023897171020508 -43.43009948730469 0
endloop
endfacet
facet normal 0.5555772839934787 0.8314649009491799 0
outer loop
vertex 22.533493041992188 -44.16404342651367 0
vertex 22.387502670288086 -44.06649398803711 0
vertex 22.387502670288086 -44.06649398803711 1.7000000476837158
endloop
endfacet
facet normal 0.9807852845629332 0.19509030110388895 0
outer loop
vertex 22.289953231811523 -43.92050552368164 0
vertex 22.255699157714844 -43.74829864501953 0
vertex 22.255699157714844 -43.74829864501953 1.7000000476837158
endloop
endfacet
facet normal 0.1950798514286955 0.9807873630744628 0
outer loop
vertex 22.705699920654297 -44.19829559326172 1.7000000476837158
vertex 22.705699920654297 -44.19829559326172 0
vertex 22.533493041992188 -44.16404342651367 1.7000000476837158
endloop
endfacet
facet normal 0.8314615478636338 0.5555823021157262 0
outer loop
vertex 22.387502670288086 -44.06649398803711 1.7000000476837158
vertex 22.387502670288086 -44.06649398803711 0
vertex 22.289953231811523 -43.92050552368164 1.7000000476837158
endloop
endfacet
facet normal 0.9807852845629332 0.19509030110388895 0
outer loop
vertex 22.289953231811523 -43.92050552368164 1.7000000476837158
vertex 22.289953231811523 -43.92050552368164 0
vertex 22.255699157714844 -43.74829864501953 1.7000000476837158
endloop
endfacet
facet normal 0.5555772839934787 0.8314649009491799 0
outer loop
vertex 22.533493041992188 -44.16404342651367 1.7000000476837158
vertex 22.533493041992188 -44.16404342651367 0
vertex 22.387502670288086 -44.06649398803711 1.7000000476837158
endloop
endfacet
facet normal 0.9807861114401027 -0.19508614406513386 0
outer loop
vertex 22.255699157714844 -43.74829864501953 1.7000000476837158
vertex 22.255699157714844 -43.74829864501953 0
vertex 22.289953231811523 -43.576087951660156 1.7000000476837158
endloop
endfacet
facet normal 0.8314615478636338 -0.5555823021157262 0
outer loop
vertex 22.289953231811523 -43.576087951660156 1.7000000476837158
vertex 22.289953231811523 -43.576087951660156 0
vertex 22.387502670288086 -43.43009948730469 1.7000000476837158
endloop
endfacet
facet normal 0.5555772839934787 -0.8314649009491799 0
outer loop
vertex 22.387502670288086 -43.43009948730469 1.7000000476837158
vertex 22.387502670288086 -43.43009948730469 0
vertex 22.533493041992188 -43.332550048828125 1.7000000476837158
endloop
endfacet
facet normal 0.1950798514286955 -0.9807873630744628 0
outer loop
vertex 22.533493041992188 -43.332550048828125 1.7000000476837158
vertex 22.533493041992188 -43.332550048828125 0
vertex 22.705699920654297 -43.29829788208008 1.7000000476837158
endloop
endfacet
facet normal 0.8314615478636338 0.5555823021157262 0
outer loop
vertex 22.289953231811523 -43.92050552368164 0
vertex 22.289953231811523 -43.92050552368164 1.7000000476837158
vertex 22.387502670288086 -44.06649398803711 0
endloop
endfacet
facet normal 0.1950798514286955 0.9807873630744628 0
outer loop
vertex 22.533493041992188 -44.16404342651367 0
vertex 22.533493041992188 -44.16404342651367 1.7000000476837158
vertex 22.705699920654297 -44.19829559326172 0
endloop
endfacet
facet normal -0.1950798514286955 0.9807873630744628 0
outer loop
vertex 22.877906799316406 -44.16404342651367 1.7000000476837158
vertex 22.877906799316406 -44.16404342651367 0
vertex 22.705699920654297 -44.19829559326172 1.7000000476837158
endloop
endfacet
facet normal -0.5555772839934787 0.8314649009491799 0
outer loop
vertex 23.023897171020508 -44.06649398803711 1.7000000476837158
vertex 23.023897171020508 -44.06649398803711 0
vertex 22.877906799316406 -44.16404342651367 1.7000000476837158
endloop
endfacet
facet normal -0.8314665660174577 0.5555747920803612 0
outer loop
vertex 23.121444702148438 -43.92050552368164 1.7000000476837158
vertex 23.121444702148438 -43.92050552368164 0
vertex 23.023897171020508 -44.06649398803711 1.7000000476837158
endloop
endfacet
facet normal -0.9807832059488795 0.1951007507126451 0
outer loop
vertex 23.15570068359375 -43.74829864501953 1.7000000476837158
vertex 23.15570068359375 -43.74829864501953 0
vertex 23.121444702148438 -43.92050552368164 1.7000000476837158
endloop
endfacet
facet normal -0.8314665660174577 -0.5555747920803612 0
outer loop
vertex 23.023897171020508 -43.43009948730469 1.7000000476837158
vertex 23.023897171020508 -43.43009948730469 0
vertex 23.121444702148438 -43.576087951660156 1.7000000476837158
endloop
endfacet
facet normal -0.1950798514286955 -0.9807873630744628 0
outer loop
vertex 22.705699920654297 -43.29829788208008 1.7000000476837158
vertex 22.705699920654297 -43.29829788208008 0
vertex 22.877906799316406 -43.332550048828125 1.7000000476837158
endloop
endfacet
facet normal -0.5555772839934787 -0.8314649009491799 0
outer loop
vertex 22.877906799316406 -43.332550048828125 1.7000000476837158
vertex 22.877906799316406 -43.332550048828125 0
vertex 23.023897171020508 -43.43009948730469 1.7000000476837158
endloop
endfacet
facet normal -0.9807840329128791 -0.19509659346884756 0
outer loop
vertex 23.121444702148438 -43.576087951660156 1.7000000476837158
vertex 23.121444702148438 -43.576087951660156 0
vertex 23.15570068359375 -43.74829864501953 1.7000000476837158
endloop
endfacet
facet normal 0 0 -1
outer loop
vertex 23.023897171020508 -43.43009948730469 1.7000000476837158
vertex 22.877906799316406 -44.16404342651367 1.7000000476837158
vertex 22.877906799316406 -43.332550048828125 1.7000000476837158
endloop
endfacet
facet normal 0 0 -1
outer loop
vertex 23.121444702148438 -43.576087951660156 1.7000000476837158
vertex 23.023897171020508 -44.06649398803711 1.7000000476837158
vertex 23.023897171020508 -43.43009948730469 1.7000000476837158
endloop
endfacet
facet normal 0 0 -1
outer loop
vertex 22.877906799316406 -43.332550048828125 1.7000000476837158
vertex 22.705699920654297 -44.19829559326172 1.7000000476837158
vertex 22.705699920654297 -43.29829788208008 1.7000000476837158
endloop
endfacet
facet normal 0 0 -1
outer loop
vertex 23.15570068359375 -43.74829864501953 1.7000000476837158
vertex 23.121444702148438 -43.92050552368164 1.7000000476837158
vertex 23.121444702148438 -43.576087951660156 1.7000000476837158
endloop
endfacet
facet normal 0 0 -1
outer loop
vertex 23.121444702148438 -43.92050552368164 1.7000000476837158
vertex 23.023897171020508 -44.06649398803711 1.7000000476837158
vertex 23.121444702148438 -43.576087951660156 1.7000000476837158
endloop
endfacet
facet normal 0 0 -1
outer loop
vertex 23.023897171020508 -44.06649398803711 1.7000000476837158
vertex 22.877906799316406 -44.16404342651367 1.7000000476837158
vertex 23.023897171020508 -43.43009948730469 1.7000000476837158
endloop
endfacet
facet normal 0 0 -1
outer loop
vertex 22.877906799316406 -44.16404342651367 1.7000000476837158
vertex 22.705699920654297 -44.19829559326172 1.7000000476837158
vertex 22.877906799316406 -43.332550048828125 1.7000000476837158
endloop
endfacet
facet normal 0 0 -1
outer loop
vertex 22.705699920654297 -43.29829788208008 1.7000000476837158
vertex 22.533493041992188 -44.16404342651367 1.7000000476837158
vertex 22.533493041992188 -43.332550048828125 1.7000000476837158
endloop
endfacet
facet normal 0 0 -1
outer loop
vertex 22.533493041992188 -43.332550048828125 1.7000000476837158
vertex 22.387502670288086 -44.06649398803711 1.7000000476837158
vertex 22.387502670288086 -43.43009948730469 1.7000000476837158
endloop
endfacet
facet normal 0 0 -1
outer loop
vertex 22.387502670288086 -43.43009948730469 1.7000000476837158
vertex 22.289953231811523 -43.92050552368164 1.7000000476837158
vertex 22.289953231811523 -43.576087951660156 1.7000000476837158
endloop
endfacet
facet normal 0 0 -1
outer loop
vertex 22.705699920654297 -44.19829559326172 1.7000000476837158
vertex 22.533493041992188 -44.16404342651367 1.7000000476837158
vertex 22.705699920654297 -43.29829788208008 1.7000000476837158
endloop
endfacet
facet normal 0 0 -1
outer loop
vertex 22.533493041992188 -44.16404342651367 1.7000000476837158
vertex 22.387502670288086 -44.06649398803711 1.7000000476837158
vertex 22.533493041992188 -43.332550048828125 1.7000000476837158
endloop
endfacet
facet normal 0 0 -1
outer loop
vertex 22.289953231811523 -43.92050552368164 1.7000000476837158
vertex 22.255699157714844 -43.74829864501953 1.7000000476837158
vertex 22.289953231811523 -43.576087951660156 1.7000000476837158
endloop
endfacet
facet normal 0.1950798514286955 -0.9807873630744628 0
outer loop
vertex 22.705699920654297 -43.29829788208008 0
vertex 22.705699920654297 -43.29829788208008 1.7000000476837158
vertex 22.533493041992188 -43.332550048828125 0
endloop
endfacet
facet normal 0 0 -1
outer loop
vertex 23.15570068359375 -45.0182991027832 1.7000000476837158
vertex 23.121444702148438 -45.19050598144531 1.7000000476837158
vertex 23.121444702148438 -44.84608840942383 1.7000000476837158
endloop
endfacet
facet normal 0.5555772839934787 -0.8314649009491799 0
outer loop
vertex 22.533493041992188 -44.6025505065918 0
vertex 22.533493041992188 -44.6025505065918 1.7000000476837158
vertex 22.387502670288086 -44.70009994506836 0
endloop
endfacet
facet normal 0 0 -1
outer loop
vertex 22.877906799316406 -44.6025505065918 1.7000000476837158
vertex 22.705699920654297 -45.46829605102539 1.7000000476837158
vertex 22.705699920654297 -44.56829833984375 1.7000000476837158
endloop
endfacet
facet normal 0 0 -1
outer loop
vertex 23.023897171020508 -44.70009994506836 1.7000000476837158
vertex 23.121444702148438 -44.84608840942383 1.7000000476837158
vertex 23.023897171020508 -45.33649444580078 1.7000000476837158
endloop
endfacet
facet normal 0 0 -1
outer loop
vertex 22.877906799316406 -44.6025505065918 1.7000000476837158
vertex 23.023897171020508 -44.70009994506836 1.7000000476837158
vertex 22.877906799316406 -45.434043884277344 1.7000000476837158
endloop
endfacet
facet normal 0.8314615478636338 0.5555823021157262 0
outer loop
vertex 22.289953231811523 -45.19050598144531 0
vertex 22.289953231811523 -45.19050598144531 1.7000000476837158
vertex 22.387502670288086 -45.33649444580078 0
endloop
endfacet
facet normal 0.5555772839934787 0.8314649009491799 0
outer loop
vertex 22.533493041992188 -45.434043884277344 0
vertex 22.387502670288086 -45.33649444580078 0
vertex 22.387502670288086 -45.33649444580078 1.7000000476837158
endloop
endfacet
facet normal 0.1950798514286955 0.9807873630744628 0
outer loop
vertex 22.705699920654297 -45.46829605102539 0
vertex 22.533493041992188 -45.434043884277344 0
vertex 22.533493041992188 -45.434043884277344 1.7000000476837158
endloop
endfacet
facet normal 0.9807852845629332 0.19509030110388895 0
outer loop
vertex 22.255699157714844 -45.0182991027832 0
vertex 22.255699157714844 -45.0182991027832 1.7000000476837158
vertex 22.289953231811523 -45.19050598144531 0
endloop
endfacet
facet normal 0.9807861114401027 -0.19508614406513386 0
outer loop
vertex 22.289953231811523 -44.84608840942383 0
vertex 22.289953231811523 -44.84608840942383 1.7000000476837158
vertex 22.255699157714844 -45.0182991027832 0
endloop
endfacet
facet normal 0 0 -1
outer loop
vertex 23.023897171020508 -45.33649444580078 1.7000000476837158
vertex 22.877906799316406 -45.434043884277344 1.7000000476837158
vertex 23.023897171020508 -44.70009994506836 1.7000000476837158
endloop
endfacet
facet normal 0 0 -1
outer loop
vertex 22.877906799316406 -45.434043884277344 1.7000000476837158
vertex 22.705699920654297 -45.46829605102539 1.7000000476837158
vertex 22.877906799316406 -44.6025505065918 1.7000000476837158
endloop
endfacet
facet normal 0.8314615478636338 -0.5555823021157262 0
outer loop
vertex 22.387502670288086 -44.70009994506836 0
vertex 22.387502670288086 -44.70009994506836 1.7000000476837158
vertex 22.289953231811523 -44.84608840942383 0
endloop
endfacet
facet normal 0 0 -1
outer loop
vertex 22.705699920654297 -44.56829833984375 1.7000000476837158
vertex 22.533493041992188 -45.434043884277344 1.7000000476837158
vertex 22.533493041992188 -44.6025505065918 1.7000000476837158
endloop
endfacet
facet normal 0 0 -1
outer loop
vertex 22.533493041992188 -44.6025505065918 1.7000000476837158
vertex 22.387502670288086 -45.33649444580078 1.7000000476837158
vertex 22.387502670288086 -44.70009994506836 1.7000000476837158
endloop
endfacet
facet normal 0 0 -1
outer loop
vertex 22.533493041992188 -45.434043884277344 1.7000000476837158
vertex 22.387502670288086 -45.33649444580078 1.7000000476837158
vertex 22.533493041992188 -44.6025505065918 1.7000000476837158
endloop
endfacet
facet normal 0 0 -1
outer loop
vertex 22.387502670288086 -44.70009994506836 1.7000000476837158
vertex 22.289953231811523 -45.19050598144531 1.7000000476837158
vertex 22.289953231811523 -44.84608840942383 1.7000000476837158
endloop
endfacet
facet normal 0 0 -1
outer loop
vertex 22.289953231811523 -45.19050598144531 1.7000000476837158
vertex 22.255699157714844 -45.0182991027832 1.7000000476837158
vertex 22.289953231811523 -44.84608840942383 1.7000000476837158
endloop
endfacet
facet normal 0 0 -1
outer loop
vertex 22.387502670288086 -45.33649444580078 1.7000000476837158
vertex 22.289953231811523 -45.19050598144531 1.7000000476837158
vertex 22.387502670288086 -44.70009994506836 1.7000000476837158
endloop
endfacet
facet normal 0 0 -1
outer loop
vertex 22.705699920654297 -45.46829605102539 1.7000000476837158
vertex 22.533493041992188 -45.434043884277344 1.7000000476837158
vertex 22.705699920654297 -44.56829833984375 1.7000000476837158
endloop
endfacet
facet normal -0.1950798514286955 0.9807873630744628 0
outer loop
vertex 22.877906799316406 -45.434043884277344 0
vertex 22.705699920654297 -45.46829605102539 0
vertex 22.705699920654297 -45.46829605102539 1.7000000476837158
endloop
endfacet
facet normal 0.8314615478636338 0.5555823021157262 0
outer loop
vertex 22.387502670288086 -45.33649444580078 1.7000000476837158
vertex 22.387502670288086 -45.33649444580078 0
vertex 22.289953231811523 -45.19050598144531 1.7000000476837158
endloop
endfacet
facet normal 0.9807852845629332 0.19509030110388895 0
outer loop
vertex 22.289953231811523 -45.19050598144531 1.7000000476837158
vertex 22.289953231811523 -45.19050598144531 0
vertex 22.255699157714844 -45.0182991027832 1.7000000476837158
endloop
endfacet
facet normal 0.5555772839934787 0.8314649009491799 0
outer loop
vertex 22.533493041992188 -45.434043884277344 1.7000000476837158
vertex 22.533493041992188 -45.434043884277344 0
vertex 22.387502670288086 -45.33649444580078 1.7000000476837158
endloop
endfacet
facet normal 0.1950798514286955 0.9807873630744628 0
outer loop
vertex 22.705699920654297 -45.46829605102539 1.7000000476837158
vertex 22.705699920654297 -45.46829605102539 0
vertex 22.533493041992188 -45.434043884277344 1.7000000476837158
endloop
endfacet
facet normal 0.9807861114401027 -0.19508614406513386 0
outer loop
vertex 22.255699157714844 -45.0182991027832 1.7000000476837158
vertex 22.255699157714844 -45.0182991027832 0
vertex 22.289953231811523 -44.84608840942383 1.7000000476837158
endloop
endfacet
facet normal 0.8314615478636338 -0.5555823021157262 0
outer loop
vertex 22.289953231811523 -44.84608840942383 1.7000000476837158
vertex 22.289953231811523 -44.84608840942383 0
vertex 22.387502670288086 -44.70009994506836 1.7000000476837158
endloop
endfacet
facet normal 0.5555772839934787 -0.8314649009491799 0
outer loop
vertex 22.387502670288086 -44.70009994506836 1.7000000476837158
vertex 22.387502670288086 -44.70009994506836 0
vertex 22.533493041992188 -44.6025505065918 1.7000000476837158
endloop
endfacet
facet normal -0.5555772839934787 0.8314649009491799 0
outer loop
vertex 23.023897171020508 -45.33649444580078 0
vertex 22.877906799316406 -45.434043884277344 0
vertex 22.877906799316406 -45.434043884277344 1.7000000476837158
endloop
endfacet
facet normal -0.8314665660174577 0.5555747920803612 0
outer loop
vertex 23.121444702148438 -45.19050598144531 0
vertex 23.023897171020508 -45.33649444580078 0
vertex 23.023897171020508 -45.33649444580078 1.7000000476837158
endloop
endfacet
facet normal -0.9807832059488795 0.1951007507126451 0
outer loop
vertex 23.15570068359375 -45.0182991027832 0
vertex 23.121444702148438 -45.19050598144531 0
vertex 23.121444702148438 -45.19050598144531 1.7000000476837158
endloop
endfacet
facet normal -0.5555772839934787 -0.8314649009491799 0
outer loop
vertex 22.877906799316406 -44.6025505065918 0
vertex 23.023897171020508 -44.70009994506836 0
vertex 23.023897171020508 -44.70009994506836 1.7000000476837158
endloop
endfacet
facet normal -0.9807840329128791 -0.19509659346884756 0
outer loop
vertex 23.121444702148438 -44.84608840942383 0
vertex 23.15570068359375 -45.0182991027832 0
vertex 23.15570068359375 -45.0182991027832 1.7000000476837158
endloop
endfacet
facet normal -0.1950798514286955 -0.9807873630744628 0
outer loop
vertex 22.877906799316406 -44.6025505065918 0
vertex 22.877906799316406 -44.6025505065918 1.7000000476837158
vertex 22.705699920654297 -44.56829833984375 0
endloop
endfacet
facet normal -0.8314665660174577 -0.5555747920803612 0
outer loop
vertex 23.121444702148438 -44.84608840942383 0
vertex 23.121444702148438 -44.84608840942383 1.7000000476837158
vertex 23.023897171020508 -44.70009994506836 0
endloop
endfacet
facet normal -0.1950798514286955 0.9807873630744628 0
outer loop
vertex 22.877906799316406 -45.434043884277344 1.7000000476837158
vertex 22.877906799316406 -45.434043884277344 0
vertex 22.705699920654297 -45.46829605102539 1.7000000476837158
endloop
endfacet
facet normal -0.5555772839934787 0.8314649009491799 0
outer loop
vertex 23.023897171020508 -45.33649444580078 1.7000000476837158
vertex 23.023897171020508 -45.33649444580078 0
vertex 22.877906799316406 -45.434043884277344 1.7000000476837158
endloop
endfacet
facet normal -0.8314665660174577 0.5555747920803612 0
outer loop
vertex 23.121444702148438 -45.19050598144531 1.7000000476837158
vertex 23.121444702148438 -45.19050598144531 0
vertex 23.023897171020508 -45.33649444580078 1.7000000476837158
endloop
endfacet
facet normal -0.8314665660174577 -0.5555747920803612 0
outer loop
vertex 23.023897171020508 -44.70009994506836 1.7000000476837158
vertex 23.023897171020508 -44.70009994506836 0
vertex 23.121444702148438 -44.84608840942383 1.7000000476837158
endloop
endfacet
facet normal -0.9807832059488795 0.1951007507126451 0
outer loop
vertex 23.15570068359375 -45.0182991027832 1.7000000476837158
vertex 23.15570068359375 -45.0182991027832 0
vertex 23.121444702148438 -45.19050598144531 1.7000000476837158
endloop
endfacet
facet normal -0.9807840329128791 -0.19509659346884756 0
outer loop
vertex 23.121444702148438 -44.84608840942383 1.7000000476837158
vertex 23.121444702148438 -44.84608840942383 0
vertex 23.15570068359375 -45.0182991027832 1.7000000476837158
endloop
endfacet
facet normal 0.1950798514286955 -0.9807873630744628 0
outer loop
vertex 22.533493041992188 -44.6025505065918 1.7000000476837158
vertex 22.533493041992188 -44.6025505065918 0
vertex 22.705699920654297 -44.56829833984375 1.7000000476837158
endloop
endfacet
facet normal -0.1950798514286955 -0.9807873630744628 0
outer loop
vertex 22.705699920654297 -44.56829833984375 1.7000000476837158
vertex 22.705699920654297 -44.56829833984375 0
vertex 22.877906799316406 -44.6025505065918 1.7000000476837158
endloop
endfacet
facet normal -0.5555772839934787 -0.8314649009491799 0
outer loop
vertex 22.877906799316406 -44.6025505065918 1.7000000476837158
vertex 22.877906799316406 -44.6025505065918 0
vertex 23.023897171020508 -44.70009994506836 1.7000000476837158
endloop
endfacet
facet normal 0.1950798514286955 -0.9807873630744628 0
outer loop
vertex 22.705699920654297 -44.56829833984375 0
vertex 22.705699920654297 -44.56829833984375 1.7000000476837158
vertex 22.533493041992188 -44.6025505065918 0
endloop
endfacet
facet normal 0 0 -1
outer loop
vertex 23.121444702148438 -45.19050598144531 1.7000000476837158
vertex 23.023897171020508 -45.33649444580078 1.7000000476837158
vertex 23.121444702148438 -44.84608840942383 1.7000000476837158
endloop
endfacet
facet normal -0.5555772839934787 -0.8314649009491799 0
outer loop
vertex 22.877906799316406 -45.87255096435547 1.7000000476837158
vertex 22.877906799316406 -45.87255096435547 0
vertex 23.023897171020508 -45.97010040283203 1.7000000476837158
endloop
endfacet
facet normal -0.8314665660174577 -0.5555747920803612 0
outer loop
vertex 23.023897171020508 -45.97010040283203 1.7000000476837158
vertex 23.023897171020508 -45.97010040283203 0
vertex 23.121444702148438 -46.1160888671875 1.7000000476837158
endloop
endfacet
facet normal -0.1950798514286955 -0.9807873630744628 0
outer loop
vertex 22.705699920654297 -45.83829879760742 1.7000000476837158
vertex 22.705699920654297 -45.83829879760742 0
vertex 22.877906799316406 -45.87255096435547 1.7000000476837158
endloop
endfacet
facet normal -0.9807832059488795 -0.1951007507126451 0
outer loop
vertex 23.121444702148438 -46.1160888671875 1.7000000476837158
vertex 23.121444702148438 -46.1160888671875 0
vertex 23.15570068359375 -46.28829574584961 1.7000000476837158
endloop
endfacet
facet normal -0.9807840329128791 0.19509659346884756 0
outer loop
vertex 23.15570068359375 -46.28829574584961 1.7000000476837158
vertex 23.15570068359375 -46.28829574584961 0
vertex 23.121444702148438 -46.460506439208984 1.7000000476837158
endloop
endfacet
facet normal -0.8314665660174577 0.5555747920803612 0
outer loop
vertex 23.121444702148438 -46.460506439208984 1.7000000476837158
vertex 23.121444702148438 -46.460506439208984 0
vertex 23.023897171020508 -46.60649490356445 1.7000000476837158
endloop
endfacet
facet normal 0.1950798514286955 -0.9807873630744628 0
outer loop
vertex 22.533493041992188 -45.87255096435547 1.7000000476837158
vertex 22.533493041992188 -45.87255096435547 0
vertex 22.705699920654297 -45.83829879760742 1.7000000476837158
endloop
endfacet
facet normal -0.8314665660174577 -0.5555747920803612 0
outer loop
vertex 23.023897171020508 -45.97010040283203 0
vertex 23.121444702148438 -46.1160888671875 0
vertex 23.121444702148438 -46.1160888671875 1.7000000476837158
endloop
endfacet
facet normal -0.5555772839934787 -0.8314649009491799 0
outer loop
vertex 23.023897171020508 -45.97010040283203 0
vertex 23.023897171020508 -45.97010040283203 1.7000000476837158
vertex 22.877906799316406 -45.87255096435547 0
endloop
endfacet
facet normal 0 0 -1
outer loop
vertex 22.387502670288086 -46.60649490356445 1.7000000476837158
vertex 22.289953231811523 -46.460506439208984 1.7000000476837158
vertex 22.387502670288086 -45.97010040283203 1.7000000476837158
endloop
endfacet
facet normal 0 0 -1
outer loop
vertex 22.289953231811523 -46.460506439208984 1.7000000476837158
vertex 22.255699157714844 -46.28829574584961 1.7000000476837158
vertex 22.289953231811523 -46.1160888671875 1.7000000476837158
endloop
endfacet
facet normal 0 0 -1
outer loop
vertex 22.387502670288086 -45.97010040283203 1.7000000476837158
vertex 22.289953231811523 -46.460506439208984 1.7000000476837158
vertex 22.289953231811523 -46.1160888671875 1.7000000476837158
endloop
endfacet
facet normal 0 0 -1
outer loop
vertex 22.533493041992188 -46.704044342041016 1.7000000476837158
vertex 22.387502670288086 -46.60649490356445 1.7000000476837158
vertex 22.533493041992188 -45.87255096435547 1.7000000476837158
endloop
endfacet
facet normal 0 0 -1
outer loop
vertex 22.705699920654297 -46.73829650878906 1.7000000476837158
vertex 22.533493041992188 -46.704044342041016 1.7000000476837158
vertex 22.705699920654297 -45.83829879760742 1.7000000476837158
endloop
endfacet
facet normal 0 0 -1
outer loop
vertex 22.533493041992188 -45.87255096435547 1.7000000476837158
vertex 22.387502670288086 -46.60649490356445 1.7000000476837158
vertex 22.387502670288086 -45.97010040283203 1.7000000476837158
endloop
endfacet
facet normal 0 0 -1
outer loop
vertex 22.705699920654297 -45.83829879760742 1.7000000476837158
vertex 22.533493041992188 -46.704044342041016 1.7000000476837158
vertex 22.533493041992188 -45.87255096435547 1.7000000476837158
endloop
endfacet
facet normal 0.5555772839934787 -0.8314649009491799 0
outer loop
vertex 22.387502670288086 -45.97010040283203 1.7000000476837158
vertex 22.387502670288086 -45.97010040283203 0
vertex 22.533493041992188 -45.87255096435547 1.7000000476837158
endloop
endfacet
facet normal 0.8314615478636338 -0.5555823021157262 0
outer loop
vertex 22.289953231811523 -46.1160888671875 1.7000000476837158
vertex 22.289953231811523 -46.1160888671875 0
vertex 22.387502670288086 -45.97010040283203 1.7000000476837158
endloop
endfacet
facet normal 0.9807852845629332 -0.19509030110388895 0
outer loop
vertex 22.255699157714844 -46.28829574584961 1.7000000476837158
vertex 22.255699157714844 -46.28829574584961 0
vertex 22.289953231811523 -46.1160888671875 1.7000000476837158
endloop
endfacet
facet normal 0.9807861114401027 0.19508614406513386 0
outer loop
vertex 22.289953231811523 -46.460506439208984 1.7000000476837158
vertex 22.289953231811523 -46.460506439208984 0
vertex 22.255699157714844 -46.28829574584961 1.7000000476837158
endloop
endfacet
facet normal 0 0 -1
outer loop
vertex 23.023897171020508 -45.97010040283203 1.7000000476837158
vertex 23.121444702148438 -46.1160888671875 1.7000000476837158
vertex 23.023897171020508 -46.60649490356445 1.7000000476837158
endloop
endfacet
facet normal 0 0 -1
outer loop
vertex 23.023897171020508 -45.97010040283203 1.7000000476837158
vertex 22.877906799316406 -46.704044342041016 1.7000000476837158
vertex 22.877906799316406 -45.87255096435547 1.7000000476837158
endloop
endfacet
facet normal 0 0 -1
outer loop
vertex 23.121444702148438 -46.460506439208984 1.7000000476837158
vertex 23.023897171020508 -46.60649490356445 1.7000000476837158
vertex 23.121444702148438 -46.1160888671875 1.7000000476837158
endloop
endfacet
facet normal 0 0 -1
outer loop
vertex 22.877906799316406 -46.704044342041016 1.7000000476837158
vertex 22.705699920654297 -46.73829650878906 1.7000000476837158
vertex 22.877906799316406 -45.87255096435547 1.7000000476837158
endloop
endfacet
facet normal 0 0 -1
outer loop
vertex 23.023897171020508 -46.60649490356445 1.7000000476837158
vertex 22.877906799316406 -46.704044342041016 1.7000000476837158
vertex 23.023897171020508 -45.97010040283203 1.7000000476837158
endloop
endfacet
facet normal 0 0 -1
outer loop
vertex 22.877906799316406 -45.87255096435547 1.7000000476837158
vertex 22.705699920654297 -46.73829650878906 1.7000000476837158
vertex 22.705699920654297 -45.83829879760742 1.7000000476837158
endloop
endfacet
facet normal -0.1950798514286955 -0.9807873630744628 0
outer loop
vertex 22.877906799316406 -45.87255096435547 0
vertex 22.877906799316406 -45.87255096435547 1.7000000476837158
vertex 22.705699920654297 -45.83829879760742 0
endloop
endfacet
facet normal -0.9807832059488795 -0.1951007507126451 0
outer loop
vertex 23.121444702148438 -46.1160888671875 0
vertex 23.15570068359375 -46.28829574584961 0
vertex 23.15570068359375 -46.28829574584961 1.7000000476837158
endloop
endfacet
facet normal -0.9807840329128791 0.19509659346884756 0
outer loop
vertex 23.15570068359375 -46.28829574584961 0
vertex 23.121444702148438 -46.460506439208984 0
vertex 23.121444702148438 -46.460506439208984 1.7000000476837158
endloop
endfacet
facet normal -0.8314665660174577 0.5555747920803612 0
outer loop
vertex 23.121444702148438 -46.460506439208984 0
vertex 23.023897171020508 -46.60649490356445 0
vertex 23.023897171020508 -46.60649490356445 1.7000000476837158
endloop
endfacet
facet normal 0 0 -1
outer loop
vertex 23.15570068359375 -46.28829574584961 1.7000000476837158
vertex 23.121444702148438 -46.460506439208984 1.7000000476837158
vertex 23.121444702148438 -46.1160888671875 1.7000000476837158
endloop
endfacet
facet normal 0.8314615478636338 0.5555823021157262 0
outer loop
vertex 22.387502670288086 -46.60649490356445 1.7000000476837158
vertex 22.387502670288086 -46.60649490356445 0
vertex 22.289953231811523 -46.460506439208984 1.7000000476837158
endloop
endfacet
facet normal -0.5555772839934787 0.8314649009491799 0
outer loop
vertex 23.023897171020508 -46.60649490356445 1.7000000476837158
vertex 23.023897171020508 -46.60649490356445 0
vertex 22.877906799316406 -46.704044342041016 1.7000000476837158
endloop
endfacet
facet normal -0.1950798514286955 0.9807873630744628 0
outer loop
vertex 22.877906799316406 -46.704044342041016 1.7000000476837158
vertex 22.877906799316406 -46.704044342041016 0
vertex 22.705699920654297 -46.73829650878906 1.7000000476837158
endloop
endfacet
facet normal 0.1950798514286955 0.9807873630744628 0
outer loop
vertex 22.705699920654297 -46.73829650878906 1.7000000476837158
vertex 22.705699920654297 -46.73829650878906 0
vertex 22.533493041992188 -46.704044342041016 1.7000000476837158
endloop
endfacet
facet normal 0.5555772839934787 0.8314649009491799 0
outer loop
vertex 22.533493041992188 -46.704044342041016 1.7000000476837158
vertex 22.533493041992188 -46.704044342041016 0
vertex 22.387502670288086 -46.60649490356445 1.7000000476837158
endloop
endfacet
facet normal 0.5555772839934787 0.8314649009491799 0
outer loop
vertex 22.533493041992188 -46.704044342041016 0
vertex 22.387502670288086 -46.60649490356445 0
vertex 22.387502670288086 -46.60649490356445 1.7000000476837158
endloop
endfacet
facet normal 0.1950798514286955 0.9807873630744628 0
outer loop
vertex 22.705699920654297 -46.73829650878906 0
vertex 22.533493041992188 -46.704044342041016 0
vertex 22.533493041992188 -46.704044342041016 1.7000000476837158
endloop
endfacet
facet normal 0.1950798514286955 -0.9807873630744628 0
outer loop
vertex 22.705699920654297 -45.83829879760742 0
vertex 22.705699920654297 -45.83829879760742 1.7000000476837158
vertex 22.533493041992188 -45.87255096435547 0
endloop
endfacet
facet normal 0.5555772839934787 -0.8314649009491799 0
outer loop
vertex 22.533493041992188 -45.87255096435547 0
vertex 22.533493041992188 -45.87255096435547 1.7000000476837158
vertex 22.387502670288086 -45.97010040283203 0
endloop
endfacet
facet normal 0.8314615478636338 -0.5555823021157262 0
outer loop
vertex 22.387502670288086 -45.97010040283203 0
vertex 22.387502670288086 -45.97010040283203 1.7000000476837158
vertex 22.289953231811523 -46.1160888671875 0
endloop
endfacet
facet normal 0.9807852845629332 -0.19509030110388895 0
outer loop
vertex 22.289953231811523 -46.1160888671875 0
vertex 22.289953231811523 -46.1160888671875 1.7000000476837158
vertex 22.255699157714844 -46.28829574584961 0
endloop
endfacet
facet normal 0.9807861114401027 0.19508614406513386 0
outer loop
vertex 22.255699157714844 -46.28829574584961 0
vertex 22.255699157714844 -46.28829574584961 1.7000000476837158
vertex 22.289953231811523 -46.460506439208984 0
endloop
endfacet
facet normal 0.8314615478636338 0.5555823021157262 0
outer loop
vertex 22.289953231811523 -46.460506439208984 0
vertex 22.289953231811523 -46.460506439208984 1.7000000476837158
vertex 22.387502670288086 -46.60649490356445 0
endloop
endfacet
facet normal -0.5555772839934787 0.8314649009491799 0
outer loop
vertex 23.023897171020508 -46.60649490356445 0
vertex 22.877906799316406 -46.704044342041016 0
vertex 22.877906799316406 -46.704044342041016 1.7000000476837158
endloop
endfacet
facet normal -0.1950798514286955 0.9807873630744628 0
outer loop
vertex 22.877906799316406 -46.704044342041016 0
vertex 22.705699920654297 -46.73829650878906 0
vertex 22.705699920654297 -46.73829650878906 1.7000000476837158
endloop
endfacet
facet normal -0.9807832059488795 -0.1951007507126451 0
outer loop
vertex 23.121444702148438 -47.38608932495117 0
vertex 23.15570068359375 -47.55829620361328 0
vertex 23.15570068359375 -47.55829620361328 1.7000000476837158
endloop
endfacet
facet normal 0.1950798514286955 0.9807873630744628 0
outer loop
vertex 22.705699920654297 -48.008296966552734 1.7000000476837158
vertex 22.705699920654297 -48.008296966552734 0
vertex 22.533493041992188 -47.97404479980469 1.7000000476837158
endloop
endfacet
facet normal -0.5555772839934787 -0.8314649009491799 0
outer loop
vertex 23.023897171020508 -47.2401008605957 0
vertex 23.023897171020508 -47.2401008605957 1.7000000476837158
vertex 22.877906799316406 -47.14255142211914 0
endloop
endfacet
facet normal -0.1951007507126451 -0.9807832059488795 0
outer loop
vertex 22.877906799316406 -47.14255142211914 0
vertex 22.877906799316406 -47.14255142211914 1.7000000476837158
vertex 22.705699920654297 -47.10829544067383 0
endloop
endfacet
facet normal -0.9807832059488795 0.1951007507126451 0
outer loop
vertex 23.15570068359375 -47.55829620361328 0
vertex 23.121444702148438 -47.73050308227539 0
vertex 23.121444702148438 -47.73050308227539 1.7000000476837158
endloop
endfacet
facet normal -0.8314732719568675 0.5555647559208026 0
outer loop
vertex 23.121444702148438 -47.73050308227539 0
vertex 23.023897171020508 -47.876495361328125 0
vertex 23.023897171020508 -47.876495361328125 1.7000000476837158
endloop
endfacet
facet normal -0.5555772839934787 0.8314649009491799 0
outer loop
vertex 23.023897171020508 -47.876495361328125 0
vertex 22.877906799316406 -47.97404479980469 0
vertex 22.877906799316406 -47.97404479980469 1.7000000476837158
endloop
endfacet
facet normal -0.1950798514286955 0.9807873630744628 0
outer loop
vertex 22.877906799316406 -47.97404479980469 0
vertex 22.705699920654297 -48.008296966552734 0
vertex 22.705699920654297 -48.008296966552734 1.7000000476837158
endloop
endfacet
facet normal -0.9807832059488795 -0.1951007507126451 0
outer loop
vertex 23.121444702148438 -47.38608932495117 1.7000000476837158
vertex 23.121444702148438 -47.38608932495117 0
vertex 23.15570068359375 -47.55829620361328 1.7000000476837158
endloop
endfacet
facet normal 0.1951007507126451 -0.9807832059488795 0
outer loop
vertex 22.705699920654297 -47.10829544067383 0
vertex 22.705699920654297 -47.10829544067383 1.7000000476837158
vertex 22.533493041992188 -47.14255142211914 0
endloop
endfacet
facet normal 0.5555772839934787 -0.8314649009491799 0
outer loop
vertex 22.533493041992188 -47.14255142211914 0
vertex 22.533493041992188 -47.14255142211914 1.7000000476837158
vertex 22.387502670288086 -47.2401008605957 0
endloop
endfacet
facet normal 0.8314615478636338 -0.5555823021157262 0
outer loop
vertex 22.387502670288086 -47.2401008605957 0
vertex 22.387502670288086 -47.2401008605957 1.7000000476837158
vertex 22.289953231811523 -47.38608932495117 0
endloop
endfacet
facet normal 0.9807852845629332 -0.19509030110388895 0
outer loop
vertex 22.289953231811523 -47.38608932495117 0
vertex 22.289953231811523 -47.38608932495117 1.7000000476837158
vertex 22.255699157714844 -47.55829620361328 0
endloop
endfacet
facet normal 0.1950798514286955 0.9807873630744628 0
outer loop
vertex 22.533493041992188 -47.97404479980469 0
vertex 22.533493041992188 -47.97404479980469 1.7000000476837158
vertex 22.705699920654297 -48.008296966552734 0
endloop
endfacet
facet normal 0.5555772839934787 0.8314649009491799 0
outer loop
vertex 22.533493041992188 -47.97404479980469 0
vertex 22.387502670288086 -47.876495361328125 0
vertex 22.387502670288086 -47.876495361328125 1.7000000476837158
endloop
endfacet
facet normal 0.9807852845629332 0.19509030110388895 0
outer loop
vertex 22.289953231811523 -47.73050308227539 0
vertex 22.255699157714844 -47.55829620361328 0
vertex 22.255699157714844 -47.55829620361328 1.7000000476837158
endloop
endfacet
facet normal 0.8314682539438699 0.5555722659416437 0
outer loop
vertex 22.289953231811523 -47.73050308227539 0
vertex 22.289953231811523 -47.73050308227539 1.7000000476837158
vertex 22.387502670288086 -47.876495361328125 0
endloop
endfacet
facet normal -0.5555772839934787 -0.8314649009491799 0
outer loop
vertex 22.877906799316406 -47.14255142211914 1.7000000476837158
vertex 22.877906799316406 -47.14255142211914 0
vertex 23.023897171020508 -47.2401008605957 1.7000000476837158
endloop
endfacet
facet normal -0.1951007507126451 -0.9807832059488795 0
outer loop
vertex 22.705699920654297 -47.10829544067383 1.7000000476837158
vertex 22.705699920654297 -47.10829544067383 0
vertex 22.877906799316406 -47.14255142211914 1.7000000476837158
endloop
endfacet
facet normal 0 0 -1
outer loop
vertex 23.023897171020508 -47.2401008605957 1.7000000476837158
vertex 22.877906799316406 -47.97404479980469 1.7000000476837158
vertex 22.877906799316406 -47.14255142211914 1.7000000476837158
endloop
endfacet
facet normal 0 0 -1
outer loop
vertex 23.121444702148438 -47.38608932495117 1.7000000476837158
vertex 23.023897171020508 -47.876495361328125 1.7000000476837158
vertex 23.023897171020508 -47.2401008605957 1.7000000476837158
endloop
endfacet
facet normal 0 0 -1
outer loop
vertex 22.877906799316406 -47.14255142211914 1.7000000476837158
vertex 22.705699920654297 -48.008296966552734 1.7000000476837158
vertex 22.705699920654297 -47.10829544067383 1.7000000476837158
endloop
endfacet
facet normal 0 0 -1
outer loop
vertex 23.15570068359375 -47.55829620361328 1.7000000476837158
vertex 23.121444702148438 -47.73050308227539 1.7000000476837158
vertex 23.121444702148438 -47.38608932495117 1.7000000476837158
endloop
endfacet
facet normal 0 0 -1
outer loop
vertex 23.121444702148438 -47.73050308227539 1.7000000476837158
vertex 23.023897171020508 -47.876495361328125 1.7000000476837158
vertex 23.121444702148438 -47.38608932495117 1.7000000476837158
endloop
endfacet
facet normal 0 0 -1
outer loop
vertex 23.023897171020508 -47.876495361328125 1.7000000476837158
vertex 22.877906799316406 -47.97404479980469 1.7000000476837158
vertex 23.023897171020508 -47.2401008605957 1.7000000476837158
endloop
endfacet
facet normal 0 0 -1
outer loop
vertex 22.877906799316406 -47.97404479980469 1.7000000476837158
vertex 22.705699920654297 -48.008296966552734 1.7000000476837158
vertex 22.877906799316406 -47.14255142211914 1.7000000476837158
endloop
endfacet
facet normal 0 0 -1
outer loop
vertex 22.705699920654297 -47.10829544067383 1.7000000476837158
vertex 22.533493041992188 -47.97404479980469 1.7000000476837158
vertex 22.533493041992188 -47.14255142211914 1.7000000476837158
endloop
endfacet
facet normal 0 0 -1
outer loop
vertex 22.533493041992188 -47.14255142211914 1.7000000476837158
vertex 22.387502670288086 -47.876495361328125 1.7000000476837158
vertex 22.387502670288086 -47.2401008605957 1.7000000476837158
endloop
endfacet
facet normal 0 0 -1
outer loop
vertex 22.387502670288086 -47.2401008605957 1.7000000476837158
vertex 22.289953231811523 -47.73050308227539 1.7000000476837158
vertex 22.289953231811523 -47.38608932495117 1.7000000476837158
endloop
endfacet
facet normal 0 0 -1
outer loop
vertex 22.705699920654297 -48.008296966552734 1.7000000476837158
vertex 22.533493041992188 -47.97404479980469 1.7000000476837158
vertex 22.705699920654297 -47.10829544067383 1.7000000476837158
endloop
endfacet
facet normal 0 0 -1
outer loop
vertex 22.533493041992188 -47.97404479980469 1.7000000476837158
vertex 22.387502670288086 -47.876495361328125 1.7000000476837158
vertex 22.533493041992188 -47.14255142211914 1.7000000476837158
endloop
endfacet
facet normal 0 0 -1
outer loop
vertex 22.289953231811523 -47.73050308227539 1.7000000476837158
vertex 22.255699157714844 -47.55829620361328 1.7000000476837158
vertex 22.289953231811523 -47.38608932495117 1.7000000476837158
endloop
endfacet
facet normal 0 0 -1
outer loop
vertex 22.387502670288086 -47.876495361328125 1.7000000476837158
vertex 22.289953231811523 -47.73050308227539 1.7000000476837158
vertex 22.387502670288086 -47.2401008605957 1.7000000476837158
endloop
endfacet
facet normal -0.8314665660174577 -0.5555747920803612 0
outer loop
vertex 23.023897171020508 -47.2401008605957 1.7000000476837158
vertex 23.023897171020508 -47.2401008605957 0
vertex 23.121444702148438 -47.38608932495117 1.7000000476837158
endloop
endfacet
facet normal -0.9807832059488795 0.1951007507126451 0
outer loop
vertex 23.15570068359375 -47.55829620361328 1.7000000476837158
vertex 23.15570068359375 -47.55829620361328 0
vertex 23.121444702148438 -47.73050308227539 1.7000000476837158
endloop
endfacet
facet normal -0.8314732719568675 0.5555647559208026 0
outer loop
vertex 23.121444702148438 -47.73050308227539 1.7000000476837158
vertex 23.121444702148438 -47.73050308227539 0
vertex 23.023897171020508 -47.876495361328125 1.7000000476837158
endloop
endfacet
facet normal -0.5555772839934787 0.8314649009491799 0
outer loop
vertex 23.023897171020508 -47.876495361328125 1.7000000476837158
vertex 23.023897171020508 -47.876495361328125 0
vertex 22.877906799316406 -47.97404479980469 1.7000000476837158
endloop
endfacet
facet normal -0.1950798514286955 0.9807873630744628 0
outer loop
vertex 22.877906799316406 -47.97404479980469 1.7000000476837158
vertex 22.877906799316406 -47.97404479980469 0
vertex 22.705699920654297 -48.008296966552734 1.7000000476837158
endloop
endfacet
facet normal 0.1951007507126451 -0.9807832059488795 0
outer loop
vertex 22.533493041992188 -47.14255142211914 1.7000000476837158
vertex 22.533493041992188 -47.14255142211914 0
vertex 22.705699920654297 -47.10829544067383 1.7000000476837158
endloop
endfacet
facet normal 0.5555772839934787 -0.8314649009491799 0
outer loop
vertex 22.387502670288086 -47.2401008605957 1.7000000476837158
vertex 22.387502670288086 -47.2401008605957 0
vertex 22.533493041992188 -47.14255142211914 1.7000000476837158
endloop
endfacet
facet normal 0.8314615478636338 -0.5555823021157262 0
outer loop
vertex 22.289953231811523 -47.38608932495117 1.7000000476837158
vertex 22.289953231811523 -47.38608932495117 0
vertex 22.387502670288086 -47.2401008605957 1.7000000476837158
endloop
endfacet
facet normal 0.9807852845629332 -0.19509030110388895 0
outer loop
vertex 22.255699157714844 -47.55829620361328 1.7000000476837158
vertex 22.255699157714844 -47.55829620361328 0
vertex 22.289953231811523 -47.38608932495117 1.7000000476837158
endloop
endfacet
facet normal 0.5555772839934787 0.8314649009491799 0
outer loop
vertex 22.533493041992188 -47.97404479980469 1.7000000476837158
vertex 22.533493041992188 -47.97404479980469 0
vertex 22.387502670288086 -47.876495361328125 1.7000000476837158
endloop
endfacet
facet normal 0.9807852845629332 0.19509030110388895 0
outer loop
vertex 22.289953231811523 -47.73050308227539 1.7000000476837158
vertex 22.289953231811523 -47.73050308227539 0
vertex 22.255699157714844 -47.55829620361328 1.7000000476837158
endloop
endfacet
facet normal 0.8314682539438699 0.5555722659416437 0
outer loop
vertex 22.387502670288086 -47.876495361328125 1.7000000476837158
vertex 22.387502670288086 -47.876495361328125 0
vertex 22.289953231811523 -47.73050308227539 1.7000000476837158
endloop
endfacet
facet normal -0.8314665660174577 -0.5555747920803612 0
outer loop
vertex 23.121444702148438 -47.38608932495117 0
vertex 23.121444702148438 -47.38608932495117 1.7000000476837158
vertex 23.023897171020508 -47.2401008605957 0
endloop
endfacet
facet normal -0.8314732719568675 -0.5555647559208026 0
outer loop
vertex 23.121444702148438 -48.656089782714844 0
vertex 23.121444702148438 -48.656089782714844 1.7000000476837158
vertex 23.023897171020508 -48.51009750366211 0
endloop
endfacet
facet normal -0.9807832059488795 -0.1951007507126451 0
outer loop
vertex 23.121444702148438 -48.656089782714844 0
vertex 23.15570068359375 -48.82829666137695 0
vertex 23.15570068359375 -48.82829666137695 1.7000000476837158
endloop
endfacet
facet normal 0 0 -1
outer loop
vertex 22.533493041992188 -48.41255187988281 1.7000000476837158
vertex 22.387502670288086 -49.1464958190918 1.7000000476837158
vertex 22.387502670288086 -48.51009750366211 1.7000000476837158
endloop
endfacet
facet normal 0 0 -1
outer loop
vertex 22.533493041992188 -49.244041442871094 1.7000000476837158
vertex 22.387502670288086 -49.1464958190918 1.7000000476837158
vertex 22.533493041992188 -48.41255187988281 1.7000000476837158
endloop
endfacet
facet normal 0 0 -1
outer loop
vertex 22.387502670288086 -48.51009750366211 1.7000000476837158
vertex 22.289953231811523 -49.00050354003906 1.7000000476837158
vertex 22.289953231811523 -48.656089782714844 1.7000000476837158
endloop
endfacet
facet normal 0 0 -1
outer loop
vertex 22.289953231811523 -49.00050354003906 1.7000000476837158
vertex 22.255699157714844 -48.82829666137695 1.7000000476837158
vertex 22.289953231811523 -48.656089782714844 1.7000000476837158
endloop
endfacet
facet normal 0 0 -1
outer loop
vertex 22.387502670288086 -49.1464958190918 1.7000000476837158
vertex 22.289953231811523 -49.00050354003906 1.7000000476837158
vertex 22.387502670288086 -48.51009750366211 1.7000000476837158
endloop
endfacet
facet normal 0 0 -1
outer loop
vertex 22.705699920654297 -49.278297424316406 1.7000000476837158
vertex 22.533493041992188 -49.244041442871094 1.7000000476837158
vertex 22.705699920654297 -48.3782958984375 1.7000000476837158
endloop
endfacet
facet normal -0.5555622638012966 -0.8314749371087372 0
outer loop
vertex 23.023897171020508 -48.51009750366211 0
vertex 23.023897171020508 -48.51009750366211 1.7000000476837158
vertex 22.877906799316406 -48.41255187988281 0
endloop
endfacet
facet normal -0.8314732719568675 0.5555647559208026 0
outer loop
vertex 23.121444702148438 -49.00050354003906 0
vertex 23.023897171020508 -49.1464958190918 0
vertex 23.023897171020508 -49.1464958190918 1.7000000476837158
endloop
endfacet
facet normal -0.5555622638012966 0.8314749371087372 0
outer loop
vertex 23.023897171020508 -49.1464958190918 0
vertex 22.877906799316406 -49.244041442871094 0
vertex 22.877906799316406 -49.244041442871094 1.7000000476837158
endloop
endfacet
facet normal -0.1951007507126451 0.9807832059488795 0
outer loop
vertex 22.877906799316406 -49.244041442871094 0
vertex 22.705699920654297 -49.278297424316406 0
vertex 22.705699920654297 -49.278297424316406 1.7000000476837158
endloop
endfacet
facet normal 0.8314682539438699 -0.5555722659416437 0
outer loop
vertex 22.387502670288086 -48.51009750366211 0
vertex 22.387502670288086 -48.51009750366211 1.7000000476837158
vertex 22.289953231811523 -48.656089782714844 0
endloop
endfacet
facet normal 0.9807852845629332 -0.19509030110388895 0
outer loop
vertex 22.289953231811523 -48.656089782714844 0
vertex 22.289953231811523 -48.656089782714844 1.7000000476837158
vertex 22.255699157714844 -48.82829666137695 0
endloop
endfacet
facet normal 0.9807852845629332 0.19509030110388895 0
outer loop
vertex 22.255699157714844 -48.82829666137695 0
vertex 22.255699157714844 -48.82829666137695 1.7000000476837158
vertex 22.289953231811523 -49.00050354003906 0
endloop
endfacet
facet normal 0.5555622638012966 0.8314749371087372 0
outer loop
vertex 22.533493041992188 -49.244041442871094 0
vertex 22.387502670288086 -49.1464958190918 0
vertex 22.387502670288086 -49.1464958190918 1.7000000476837158
endloop
endfacet
facet normal 0.1951007507126451 0.9807832059488795 0
outer loop
vertex 22.705699920654297 -49.278297424316406 0
vertex 22.533493041992188 -49.244041442871094 0
vertex 22.533493041992188 -49.244041442871094 1.7000000476837158
endloop
endfacet
facet normal 0.8314682539438699 0.5555722659416437 0
outer loop
vertex 22.289953231811523 -49.00050354003906 0
vertex 22.289953231811523 -49.00050354003906 1.7000000476837158
vertex 22.387502670288086 -49.1464958190918 0
endloop
endfacet
facet normal 0.8314682539438699 0.5555722659416437 0
outer loop
vertex 22.387502670288086 -49.1464958190918 1.7000000476837158
vertex 22.387502670288086 -49.1464958190918 0
vertex 22.289953231811523 -49.00050354003906 1.7000000476837158
endloop
endfacet
facet normal 0.5555622638012966 0.8314749371087372 0
outer loop
vertex 22.533493041992188 -49.244041442871094 1.7000000476837158
vertex 22.533493041992188 -49.244041442871094 0
vertex 22.387502670288086 -49.1464958190918 1.7000000476837158
endloop
endfacet
facet normal 0.1951007507126451 0.9807832059488795 0
outer loop
vertex 22.705699920654297 -49.278297424316406 1.7000000476837158
vertex 22.705699920654297 -49.278297424316406 0
vertex 22.533493041992188 -49.244041442871094 1.7000000476837158
endloop
endfacet
facet normal 0.9807852845629332 0.19509030110388895 0
outer loop
vertex 22.289953231811523 -49.00050354003906 1.7000000476837158
vertex 22.289953231811523 -49.00050354003906 0
vertex 22.255699157714844 -48.82829666137695 1.7000000476837158
endloop
endfacet
facet normal 0.9807852845629332 -0.19509030110388895 0
outer loop
vertex 22.255699157714844 -48.82829666137695 1.7000000476837158
vertex 22.255699157714844 -48.82829666137695 0
vertex 22.289953231811523 -48.656089782714844 1.7000000476837158
endloop
endfacet
facet normal 0.8314682539438699 -0.5555722659416437 0
outer loop
vertex 22.289953231811523 -48.656089782714844 1.7000000476837158
vertex 22.289953231811523 -48.656089782714844 0
vertex 22.387502670288086 -48.51009750366211 1.7000000476837158
endloop
endfacet
facet normal 0.5555622638012966 -0.8314749371087372 0
outer loop
vertex 22.387502670288086 -48.51009750366211 1.7000000476837158
vertex 22.387502670288086 -48.51009750366211 0
vertex 22.533493041992188 -48.41255187988281 1.7000000476837158
endloop
endfacet
facet normal -0.1951007507126451 0.9807832059488795 0
outer loop
vertex 22.877906799316406 -49.244041442871094 1.7000000476837158
vertex 22.877906799316406 -49.244041442871094 0
vertex 22.705699920654297 -49.278297424316406 1.7000000476837158
endloop
endfacet
facet normal -0.5555622638012966 0.8314749371087372 0
outer loop
vertex 23.023897171020508 -49.1464958190918 1.7000000476837158
vertex 23.023897171020508 -49.1464958190918 0
vertex 22.877906799316406 -49.244041442871094 1.7000000476837158
endloop
endfacet
facet normal -0.8314732719568675 0.5555647559208026 0
outer loop
vertex 23.121444702148438 -49.00050354003906 1.7000000476837158
vertex 23.121444702148438 -49.00050354003906 0
vertex 23.023897171020508 -49.1464958190918 1.7000000476837158
endloop
endfacet
facet normal -0.8314732719568675 -0.5555647559208026 0
outer loop
vertex 23.023897171020508 -48.51009750366211 1.7000000476837158
vertex 23.023897171020508 -48.51009750366211 0
vertex 23.121444702148438 -48.656089782714844 1.7000000476837158
endloop
endfacet
facet normal -0.9807832059488795 0.1951007507126451 0
outer loop
vertex 23.15570068359375 -48.82829666137695 1.7000000476837158
vertex 23.15570068359375 -48.82829666137695 0
vertex 23.121444702148438 -49.00050354003906 1.7000000476837158
endloop
endfacet
facet normal -0.9807832059488795 -0.1951007507126451 0
outer loop
vertex 23.121444702148438 -48.656089782714844 1.7000000476837158
vertex 23.121444702148438 -48.656089782714844 0
vertex 23.15570068359375 -48.82829666137695 1.7000000476837158
endloop
endfacet
facet normal 0 0 -1
outer loop
vertex 22.705699920654297 -48.3782958984375 1.7000000476837158
vertex 22.533493041992188 -49.244041442871094 1.7000000476837158
vertex 22.533493041992188 -48.41255187988281 1.7000000476837158
endloop
endfacet
facet normal -0.1951007507126451 -0.9807832059488795 0
outer loop
vertex 22.877906799316406 -48.41255187988281 0
vertex 22.877906799316406 -48.41255187988281 1.7000000476837158
vertex 22.705699920654297 -48.3782958984375 0
endloop
endfacet
facet normal 0.1951007507126451 -0.9807832059488795 0
outer loop
vertex 22.705699920654297 -48.3782958984375 0
vertex 22.705699920654297 -48.3782958984375 1.7000000476837158
vertex 22.533493041992188 -48.41255187988281 0
endloop
endfacet
facet normal 0.5555622638012966 -0.8314749371087372 0
outer loop
vertex 22.533493041992188 -48.41255187988281 1.7000000476837158
vertex 22.387502670288086 -48.51009750366211 0
vertex 22.533493041992188 -48.41255187988281 0
endloop
endfacet
facet normal 0 0 -1
outer loop
vertex 23.15570068359375 -48.82829666137695 1.7000000476837158
vertex 23.121444702148438 -49.00050354003906 1.7000000476837158
vertex 23.121444702148438 -48.656089782714844 1.7000000476837158
endloop
endfacet
facet normal 0 0 -1
outer loop
vertex 23.121444702148438 -49.00050354003906 1.7000000476837158
vertex 23.023897171020508 -49.1464958190918 1.7000000476837158
vertex 23.121444702148438 -48.656089782714844 1.7000000476837158
endloop
endfacet
facet normal 0 0 -1
outer loop
vertex 22.877906799316406 -48.41255187988281 1.7000000476837158
vertex 22.705699920654297 -49.278297424316406 1.7000000476837158
vertex 22.705699920654297 -48.3782958984375 1.7000000476837158
endloop
endfacet
facet normal 0 0 -1
outer loop
vertex 23.023897171020508 -48.51009750366211 1.7000000476837158
vertex 23.121444702148438 -48.656089782714844 1.7000000476837158
vertex 23.023897171020508 -49.1464958190918 1.7000000476837158
endloop
endfacet
facet normal 0 0 -1
outer loop
vertex 22.877906799316406 -48.41255187988281 1.7000000476837158
vertex 23.023897171020508 -48.51009750366211 1.7000000476837158
vertex 22.877906799316406 -49.244041442871094 1.7000000476837158
endloop
endfacet
facet normal -0.5555622638012966 -0.8314749371087372 0
outer loop
vertex 22.877906799316406 -48.41255187988281 1.7000000476837158
vertex 22.877906799316406 -48.41255187988281 0
vertex 23.023897171020508 -48.51009750366211 1.7000000476837158
endloop
endfacet
facet normal -0.1951007507126451 -0.9807832059488795 0
outer loop
vertex 22.705699920654297 -48.3782958984375 1.7000000476837158
vertex 22.705699920654297 -48.3782958984375 0
vertex 22.877906799316406 -48.41255187988281 1.7000000476837158
endloop
endfacet
facet normal 0 0 -1
outer loop
vertex 23.023897171020508 -49.1464958190918 1.7000000476837158
vertex 22.877906799316406 -49.244041442871094 1.7000000476837158
vertex 23.023897171020508 -48.51009750366211 1.7000000476837158
endloop
endfacet
facet normal 0 0 -1
outer loop
vertex 22.877906799316406 -49.244041442871094 1.7000000476837158
vertex 22.705699920654297 -49.278297424316406 1.7000000476837158
vertex 22.877906799316406 -48.41255187988281 1.7000000476837158
endloop
endfacet
facet normal 0.1951007507126451 -0.9807832059488795 0
outer loop
vertex 22.533493041992188 -48.41255187988281 1.7000000476837158
vertex 22.533493041992188 -48.41255187988281 0
vertex 22.705699920654297 -48.3782958984375 1.7000000476837158
endloop
endfacet
facet normal -0.9807832059488795 0.1951007507126451 0
outer loop
vertex 23.15570068359375 -48.82829666137695 0
vertex 23.121444702148438 -49.00050354003906 0
vertex 23.121444702148438 -49.00050354003906 1.7000000476837158
endloop
endfacet
facet normal 0.9807852845629332 0.19509030110388895 0
outer loop
vertex 22.255699157714844 -50.098297119140625 0
vertex 22.255699157714844 -50.098297119140625 1.7000000476837158
vertex 22.289953231811523 -50.270503997802734 0
endloop
endfacet
facet normal 0.1951007507126451 -0.9807832059488795 0
outer loop
vertex 22.533493041992188 -49.682552337646484 1.7000000476837158
vertex 22.533493041992188 -49.682552337646484 0
vertex 22.705699920654297 -49.64829635620117 1.7000000476837158
endloop
endfacet
facet normal -0.1951007507126451 0.9807832059488795 0
outer loop
vertex 22.877906799316406 -50.514041900634766 0
vertex 22.705699920654297 -50.54829788208008 0
vertex 22.705699920654297 -50.54829788208008 1.7000000476837158
endloop
endfacet
facet normal 0 0 -1
outer loop
vertex 23.023897171020508 -50.41649627685547 1.7000000476837158
vertex 22.877906799316406 -50.514041900634766 1.7000000476837158
vertex 23.023897171020508 -49.78009796142578 1.7000000476837158
endloop
endfacet
facet normal 0 0 -1
outer loop
vertex 22.877906799316406 -49.682552337646484 1.7000000476837158
vertex 22.705699920654297 -50.54829788208008 1.7000000476837158
vertex 22.705699920654297 -49.64829635620117 1.7000000476837158
endloop
endfacet
facet normal 0 0 -1
outer loop
vertex 23.023897171020508 -49.78009796142578 1.7000000476837158
vertex 23.121444702148438 -49.926090240478516 1.7000000476837158
vertex 23.023897171020508 -50.41649627685547 1.7000000476837158
endloop
endfacet
facet normal 0 0 -1
outer loop
vertex 23.023897171020508 -49.78009796142578 1.7000000476837158
vertex 22.877906799316406 -50.514041900634766 1.7000000476837158
vertex 22.877906799316406 -49.682552337646484 1.7000000476837158
endloop
endfacet
facet normal 0 0 -1
outer loop
vertex 23.121444702148438 -50.270503997802734 1.7000000476837158
vertex 23.023897171020508 -50.41649627685547 1.7000000476837158
vertex 23.121444702148438 -49.926090240478516 1.7000000476837158
endloop
endfacet
facet normal 0 0 -1
outer loop
vertex 23.15570068359375 -50.098297119140625 1.7000000476837158
vertex 23.121444702148438 -50.270503997802734 1.7000000476837158
vertex 23.121444702148438 -49.926090240478516 1.7000000476837158
endloop
endfacet
facet normal 0 0 -1
outer loop
vertex 22.705699920654297 -49.64829635620117 1.7000000476837158
vertex 22.533493041992188 -50.514041900634766 1.7000000476837158
vertex 22.533493041992188 -49.682552337646484 1.7000000476837158
endloop
endfacet
facet normal 0 0 -1
outer loop
vertex 22.533493041992188 -49.682552337646484 1.7000000476837158
vertex 22.387502670288086 -50.41649627685547 1.7000000476837158
vertex 22.387502670288086 -49.78009796142578 1.7000000476837158
endloop
endfacet
facet normal -0.5555622638012966 0.8314749371087372 0
outer loop
vertex 23.023897171020508 -50.41649627685547 0
vertex 22.877906799316406 -50.514041900634766 0
vertex 22.877906799316406 -50.514041900634766 1.7000000476837158
endloop
endfacet
facet normal 0.8314682539438699 0.5555722659416437 0
outer loop
vertex 22.289953231811523 -50.270503997802734 0
vertex 22.289953231811523 -50.270503997802734 1.7000000476837158
vertex 22.387502670288086 -50.41649627685547 0
endloop
endfacet
facet normal 0 0 -1
outer loop
vertex 22.705699920654297 -50.54829788208008 1.7000000476837158
vertex 22.533493041992188 -50.514041900634766 1.7000000476837158
vertex 22.705699920654297 -49.64829635620117 1.7000000476837158
endloop
endfacet
facet normal 0 0 -1
outer loop
vertex 22.533493041992188 -50.514041900634766 1.7000000476837158
vertex 22.387502670288086 -50.41649627685547 1.7000000476837158
vertex 22.533493041992188 -49.682552337646484 1.7000000476837158
endloop
endfacet
facet normal -0.8314732719568675 -0.5555647559208026 0
outer loop
vertex 23.121444702148438 -49.926090240478516 0
vertex 23.121444702148438 -49.926090240478516 1.7000000476837158
vertex 23.023897171020508 -49.78009796142578 0
endloop
endfacet
facet normal 0.1951007507126451 0.9807832059488795 0
outer loop
vertex 22.705699920654297 -50.54829788208008 0
vertex 22.533493041992188 -50.514041900634766 0
vertex 22.533493041992188 -50.514041900634766 1.7000000476837158
endloop
endfacet
facet normal 0.5555622638012966 0.8314749371087372 0
outer loop
vertex 22.533493041992188 -50.514041900634766 0
vertex 22.387502670288086 -50.41649627685547 0
vertex 22.387502670288086 -50.41649627685547 1.7000000476837158
endloop
endfacet
facet normal -0.5555622638012966 -0.8314749371087372 0
outer loop
vertex 23.023897171020508 -49.78009796142578 0
vertex 23.023897171020508 -49.78009796142578 1.7000000476837158
vertex 22.877906799316406 -49.682552337646484 0
endloop
endfacet
facet normal -0.1951007507126451 -0.9807832059488795 0
outer loop
vertex 22.877906799316406 -49.682552337646484 0
vertex 22.877906799316406 -49.682552337646484 1.7000000476837158
vertex 22.705699920654297 -49.64829635620117 0
endloop
endfacet
facet normal -0.9807832059488795 -0.1951007507126451 0
outer loop
vertex 23.15570068359375 -50.098297119140625 0
vertex 23.15570068359375 -50.098297119140625 1.7000000476837158
vertex 23.121444702148438 -49.926090240478516 0
endloop
endfacet
facet normal -0.9807832059488795 0.1951007507126451 0
outer loop
vertex 23.121444702148438 -50.270503997802734 0
vertex 23.121444702148438 -50.270503997802734 1.7000000476837158
vertex 23.15570068359375 -50.098297119140625 0
endloop
endfacet
facet normal -0.8314732719568675 0.5555647559208026 0
outer loop
vertex 23.023897171020508 -50.41649627685547 0
vertex 23.023897171020508 -50.41649627685547 1.7000000476837158
vertex 23.121444702148438 -50.270503997802734 0
endloop
endfacet
facet normal 0 0 -1
outer loop
vertex 22.387502670288086 -49.78009796142578 1.7000000476837158
vertex 22.289953231811523 -50.270503997802734 1.7000000476837158
vertex 22.289953231811523 -49.926090240478516 1.7000000476837158
endloop
endfacet
facet normal 0.9807852845629332 -0.19509030110388895 0
outer loop
vertex 22.289953231811523 -49.926090240478516 0
vertex 22.289953231811523 -49.926090240478516 1.7000000476837158
vertex 22.255699157714844 -50.098297119140625 0
endloop
endfacet
facet normal 0.8314682539438699 -0.5555722659416437 0
outer loop
vertex 22.387502670288086 -49.78009796142578 0
vertex 22.387502670288086 -49.78009796142578 1.7000000476837158
vertex 22.289953231811523 -49.926090240478516 0
endloop
endfacet
facet normal 0.5555622638012966 -0.8314749371087372 0
outer loop
vertex 22.533493041992188 -49.682552337646484 0
vertex 22.533493041992188 -49.682552337646484 1.7000000476837158
vertex 22.387502670288086 -49.78009796142578 0
endloop
endfacet
facet normal 0.1951007507126451 -0.9807832059488795 0
outer loop
vertex 22.705699920654297 -49.64829635620117 0
vertex 22.705699920654297 -49.64829635620117 1.7000000476837158
vertex 22.533493041992188 -49.682552337646484 0
endloop
endfacet
facet normal 0 0 -1
outer loop
vertex 22.289953231811523 -50.270503997802734 1.7000000476837158
vertex 22.255699157714844 -50.098297119140625 1.7000000476837158
vertex 22.289953231811523 -49.926090240478516 1.7000000476837158
endloop
endfacet
facet normal 0 0 -1
outer loop
vertex 22.387502670288086 -50.41649627685547 1.7000000476837158
vertex 22.289953231811523 -50.270503997802734 1.7000000476837158
vertex 22.387502670288086 -49.78009796142578 1.7000000476837158
endloop
endfacet
facet normal 0.5555622638012966 0.8314749371087372 0
outer loop
vertex 22.533493041992188 -50.514041900634766 1.7000000476837158
vertex 22.533493041992188 -50.514041900634766 0
vertex 22.387502670288086 -50.41649627685547 1.7000000476837158
endloop
endfacet
facet normal 0.1951007507126451 0.9807832059488795 0
outer loop
vertex 22.705699920654297 -50.54829788208008 1.7000000476837158
vertex 22.705699920654297 -50.54829788208008 0
vertex 22.533493041992188 -50.514041900634766 1.7000000476837158
endloop
endfacet
facet normal -0.1951007507126451 0.9807832059488795 0
outer loop
vertex 22.877906799316406 -50.514041900634766 1.7000000476837158
vertex 22.877906799316406 -50.514041900634766 0
vertex 22.705699920654297 -50.54829788208008 1.7000000476837158
endloop
endfacet
facet normal -0.5555622638012966 0.8314749371087372 0
outer loop
vertex 23.023897171020508 -50.41649627685547 1.7000000476837158
vertex 23.023897171020508 -50.41649627685547 0
vertex 22.877906799316406 -50.514041900634766 1.7000000476837158
endloop
endfacet
facet normal -0.1951007507126451 -0.9807832059488795 0
outer loop
vertex 22.705699920654297 -49.64829635620117 1.7000000476837158
vertex 22.705699920654297 -49.64829635620117 0
vertex 22.877906799316406 -49.682552337646484 1.7000000476837158
endloop
endfacet
facet normal -0.5555622638012966 -0.8314749371087372 0
outer loop
vertex 22.877906799316406 -49.682552337646484 1.7000000476837158
vertex 22.877906799316406 -49.682552337646484 0
vertex 23.023897171020508 -49.78009796142578 1.7000000476837158
endloop
endfacet
facet normal -0.8314732719568675 -0.5555647559208026 0
outer loop
vertex 23.023897171020508 -49.78009796142578 1.7000000476837158
vertex 23.023897171020508 -49.78009796142578 0
vertex 23.121444702148438 -49.926090240478516 1.7000000476837158
endloop
endfacet
facet normal -0.9807832059488795 -0.1951007507126451 0
outer loop
vertex 23.121444702148438 -49.926090240478516 1.7000000476837158
vertex 23.121444702148438 -49.926090240478516 0
vertex 23.15570068359375 -50.098297119140625 1.7000000476837158
endloop
endfacet
facet normal -0.9807832059488795 0.1951007507126451 0
outer loop
vertex 23.15570068359375 -50.098297119140625 1.7000000476837158
vertex 23.15570068359375 -50.098297119140625 0
vertex 23.121444702148438 -50.270503997802734 1.7000000476837158
endloop
endfacet
facet normal -0.8314732719568675 0.5555647559208026 0
outer loop
vertex 23.121444702148438 -50.270503997802734 1.7000000476837158
vertex 23.121444702148438 -50.270503997802734 0
vertex 23.023897171020508 -50.41649627685547 1.7000000476837158
endloop
endfacet
facet normal 0.8314682539438699 0.5555722659416437 0
outer loop
vertex 22.387502670288086 -50.41649627685547 1.7000000476837158
vertex 22.387502670288086 -50.41649627685547 0
vertex 22.289953231811523 -50.270503997802734 1.7000000476837158
endloop
endfacet
facet normal 0.9807852845629332 0.19509030110388895 0
outer loop
vertex 22.289953231811523 -50.270503997802734 1.7000000476837158
vertex 22.289953231811523 -50.270503997802734 0
vertex 22.255699157714844 -50.098297119140625 1.7000000476837158
endloop
endfacet
facet normal 0.9807852845629332 -0.19509030110388895 0
outer loop
vertex 22.255699157714844 -50.098297119140625 1.7000000476837158
vertex 22.255699157714844 -50.098297119140625 0
vertex 22.289953231811523 -49.926090240478516 1.7000000476837158
endloop
endfacet
facet normal 0.8314682539438699 -0.5555722659416437 0
outer loop
vertex 22.289953231811523 -49.926090240478516 1.7000000476837158
vertex 22.289953231811523 -49.926090240478516 0
vertex 22.387502670288086 -49.78009796142578 1.7000000476837158
endloop
endfacet
facet normal 0.5555622638012966 -0.8314749371087372 0
outer loop
vertex 22.387502670288086 -49.78009796142578 1.7000000476837158
vertex 22.387502670288086 -49.78009796142578 0
vertex 22.533493041992188 -49.682552337646484 1.7000000476837158
endloop
endfacet
facet normal 0 0 -1
outer loop
vertex 22.877906799316406 -50.514041900634766 1.7000000476837158
vertex 22.705699920654297 -50.54829788208008 1.7000000476837158
vertex 22.877906799316406 -49.682552337646484 1.7000000476837158
endloop
endfacet
facet normal 0 0 -1
outer loop
vertex 23.15570068359375 -51.3682975769043 1.7000000476837158
vertex 23.121444702148438 -51.540504455566406 1.7000000476837158
vertex 23.121444702148438 -51.19609069824219 1.7000000476837158
endloop
endfacet
facet normal -0.8314732719568675 -0.5555647559208026 0
outer loop
vertex 23.023897171020508 -51.05009841918945 0
vertex 23.121444702148438 -51.19609069824219 0
vertex 23.121444702148438 -51.19609069824219 1.7000000476837158
endloop
endfacet
facet normal 0 0 -1
outer loop
vertex 23.023897171020508 -51.68649673461914 1.7000000476837158
vertex 22.877906799316406 -51.78404235839844 1.7000000476837158
vertex 23.023897171020508 -51.05009841918945 1.7000000476837158
endloop
endfacet
facet normal 0 0 -1
outer loop
vertex 22.877906799316406 -51.78404235839844 1.7000000476837158
vertex 22.705699920654297 -51.81829833984375 1.7000000476837158
vertex 22.877906799316406 -50.952552795410156 1.7000000476837158
endloop
endfacet
facet normal 0 0 -1
outer loop
vertex 22.705699920654297 -50.918296813964844 1.7000000476837158
vertex 22.533493041992188 -51.78404235839844 1.7000000476837158
vertex 22.533493041992188 -50.952552795410156 1.7000000476837158
endloop
endfacet
facet normal 0 0 -1
outer loop
vertex 22.533493041992188 -50.952552795410156 1.7000000476837158
vertex 22.387502670288086 -51.68649673461914 1.7000000476837158
vertex 22.387502670288086 -51.05009841918945 1.7000000476837158
endloop
endfacet
facet normal 0 0 -1
outer loop
vertex 22.387502670288086 -51.05009841918945 1.7000000476837158
vertex 22.289953231811523 -51.540504455566406 1.7000000476837158
vertex 22.289953231811523 -51.19609069824219 1.7000000476837158
endloop
endfacet
facet normal 0 0 -1
outer loop
vertex 22.705699920654297 -51.81829833984375 1.7000000476837158
vertex 22.533493041992188 -51.78404235839844 1.7000000476837158
vertex 22.705699920654297 -50.918296813964844 1.7000000476837158
endloop
endfacet
facet normal 0 0 -1
outer loop
vertex 22.533493041992188 -51.78404235839844 1.7000000476837158
vertex 22.387502670288086 -51.68649673461914 1.7000000476837158
vertex 22.533493041992188 -50.952552795410156 1.7000000476837158
endloop
endfacet
facet normal -0.9807832059488795 -0.1951007507126451 0
outer loop
vertex 23.121444702148438 -51.19609069824219 1.7000000476837158
vertex 23.121444702148438 -51.19609069824219 0
vertex 23.15570068359375 -51.3682975769043 1.7000000476837158
endloop
endfacet
facet normal -0.5555622638012966 -0.8314749371087372 0
outer loop
vertex 22.877906799316406 -50.952552795410156 1.7000000476837158
vertex 22.877906799316406 -50.952552795410156 0
vertex 23.023897171020508 -51.05009841918945 1.7000000476837158
endloop
endfacet
facet normal -0.1951007507126451 -0.9807832059488795 0
outer loop
vertex 22.705699920654297 -50.918296813964844 1.7000000476837158
vertex 22.705699920654297 -50.918296813964844 0
vertex 22.877906799316406 -50.952552795410156 1.7000000476837158
endloop
endfacet
facet normal -0.8314732719568675 -0.5555647559208026 0
outer loop
vertex 23.023897171020508 -51.05009841918945 1.7000000476837158
vertex 23.023897171020508 -51.05009841918945 0
vertex 23.121444702148438 -51.19609069824219 1.7000000476837158
endloop
endfacet
facet normal -0.9807832059488795 0.1951007507126451 0
outer loop
vertex 23.15570068359375 -51.3682975769043 1.7000000476837158
vertex 23.15570068359375 -51.3682975769043 0
vertex 23.121444702148438 -51.540504455566406 1.7000000476837158
endloop
endfacet
facet normal -0.8314732719568675 0.5555647559208026 0
outer loop
vertex 23.121444702148438 -51.540504455566406 1.7000000476837158
vertex 23.121444702148438 -51.540504455566406 0
vertex 23.023897171020508 -51.68649673461914 1.7000000476837158
endloop
endfacet
facet normal -0.5555622638012966 0.8314749371087372 0
outer loop
vertex 23.023897171020508 -51.68649673461914 1.7000000476837158
vertex 23.023897171020508 -51.68649673461914 0
vertex 22.877906799316406 -51.78404235839844 1.7000000476837158
endloop
endfacet
facet normal -0.1951007507126451 0.9807832059488795 0
outer loop
vertex 22.877906799316406 -51.78404235839844 1.7000000476837158
vertex 22.877906799316406 -51.78404235839844 0
vertex 22.705699920654297 -51.81829833984375 1.7000000476837158
endloop
endfacet
facet normal 0 0 -1
outer loop
vertex 22.289953231811523 -51.540504455566406 1.7000000476837158
vertex 22.255699157714844 -51.3682975769043 1.7000000476837158
vertex 22.289953231811523 -51.19609069824219 1.7000000476837158
endloop
endfacet
facet normal 0 0 -1
outer loop
vertex 22.387502670288086 -51.68649673461914 1.7000000476837158
vertex 22.289953231811523 -51.540504455566406 1.7000000476837158
vertex 22.387502670288086 -51.05009841918945 1.7000000476837158
endloop
endfacet
facet normal 0.1951007507126451 -0.9807832059488795 0
outer loop
vertex 22.533493041992188 -50.952552795410156 1.7000000476837158
vertex 22.533493041992188 -50.952552795410156 0
vertex 22.705699920654297 -50.918296813964844 1.7000000476837158
endloop
endfacet
facet normal 0.5555622638012966 -0.8314749371087372 0
outer loop
vertex 22.387502670288086 -51.05009841918945 1.7000000476837158
vertex 22.387502670288086 -51.05009841918945 0
vertex 22.533493041992188 -50.952552795410156 1.7000000476837158
endloop
endfacet
facet normal 0.8314682539438699 -0.5555722659416437 0
outer loop
vertex 22.289953231811523 -51.19609069824219 1.7000000476837158
vertex 22.289953231811523 -51.19609069824219 0
vertex 22.387502670288086 -51.05009841918945 1.7000000476837158
endloop
endfacet
facet normal 0.9807852845629332 -0.19509030110388895 0
outer loop
vertex 22.255699157714844 -51.3682975769043 1.7000000476837158
vertex 22.255699157714844 -51.3682975769043 0
vertex 22.289953231811523 -51.19609069824219 1.7000000476837158
endloop
endfacet
facet normal 0.1951007507126451 0.9807832059488795 0
outer loop
vertex 22.705699920654297 -51.81829833984375 1.7000000476837158
vertex 22.705699920654297 -51.81829833984375 0
vertex 22.533493041992188 -51.78404235839844 1.7000000476837158
endloop
endfacet
facet normal 0.5555622638012966 0.8314749371087372 0
outer loop
vertex 22.533493041992188 -51.78404235839844 1.7000000476837158
vertex 22.533493041992188 -51.78404235839844 0
vertex 22.387502670288086 -51.68649673461914 1.7000000476837158
endloop
endfacet
facet normal 0.9807852845629332 0.19509030110388895 0
outer loop
vertex 22.289953231811523 -51.540504455566406 1.7000000476837158
vertex 22.289953231811523 -51.540504455566406 0
vertex 22.255699157714844 -51.3682975769043 1.7000000476837158
endloop
endfacet
facet normal 0.8314682539438699 0.5555722659416437 0
outer loop
vertex 22.387502670288086 -51.68649673461914 1.7000000476837158
vertex 22.387502670288086 -51.68649673461914 0
vertex 22.289953231811523 -51.540504455566406 1.7000000476837158
endloop
endfacet
facet normal 0 0 -1
outer loop
vertex 22.877906799316406 -50.952552795410156 1.7000000476837158
vertex 22.705699920654297 -51.81829833984375 1.7000000476837158
vertex 22.705699920654297 -50.918296813964844 1.7000000476837158
endloop
endfacet
facet normal 0 0 -1
outer loop
vertex 23.121444702148438 -51.19609069824219 1.7000000476837158
vertex 23.023897171020508 -51.68649673461914 1.7000000476837158
vertex 23.023897171020508 -51.05009841918945 1.7000000476837158
endloop
endfacet
facet normal 0 0 -1
outer loop
vertex 23.023897171020508 -51.05009841918945 1.7000000476837158
vertex 22.877906799316406 -51.78404235839844 1.7000000476837158
vertex 22.877906799316406 -50.952552795410156 1.7000000476837158
endloop
endfacet
facet normal 0.8314682539438699 0.5555722659416437 0
outer loop
vertex 22.289953231811523 -51.540504455566406 0
vertex 22.289953231811523 -51.540504455566406 1.7000000476837158
vertex 22.387502670288086 -51.68649673461914 0
endloop
endfacet
facet normal 0.9807852845629332 0.19509030110388895 0
outer loop
vertex 22.289953231811523 -51.540504455566406 0
vertex 22.255699157714844 -51.3682975769043 0
vertex 22.255699157714844 -51.3682975769043 1.7000000476837158
endloop
endfacet
facet normal 0.5555622638012966 0.8314749371087372 0
outer loop
vertex 22.533493041992188 -51.78404235839844 0
vertex 22.387502670288086 -51.68649673461914 0
vertex 22.387502670288086 -51.68649673461914 1.7000000476837158
endloop
endfacet
facet normal 0.1951007507126451 0.9807832059488795 0
outer loop
vertex 22.533493041992188 -51.78404235839844 0
vertex 22.533493041992188 -51.78404235839844 1.7000000476837158
vertex 22.705699920654297 -51.81829833984375 0
endloop
endfacet
facet normal 0.9807852845629332 -0.19509030110388895 0
outer loop
vertex 22.289953231811523 -51.19609069824219 0
vertex 22.289953231811523 -51.19609069824219 1.7000000476837158
vertex 22.255699157714844 -51.3682975769043 0
endloop
endfacet
facet normal 0.8314682539438699 -0.5555722659416437 0
outer loop
vertex 22.387502670288086 -51.05009841918945 0
vertex 22.387502670288086 -51.05009841918945 1.7000000476837158
vertex 22.289953231811523 -51.19609069824219 0
endloop
endfacet
facet normal 0.5555622638012966 -0.8314749371087372 0
outer loop
vertex 22.533493041992188 -50.952552795410156 0
vertex 22.533493041992188 -50.952552795410156 1.7000000476837158
vertex 22.387502670288086 -51.05009841918945 0
endloop
endfacet
facet normal 0.1951007507126451 -0.9807832059488795 0
outer loop
vertex 22.705699920654297 -50.918296813964844 0
vertex 22.705699920654297 -50.918296813964844 1.7000000476837158
vertex 22.533493041992188 -50.952552795410156 0
endloop
endfacet
facet normal -0.1951007507126451 0.9807832059488795 0
outer loop
vertex 22.877906799316406 -51.78404235839844 0
vertex 22.705699920654297 -51.81829833984375 0
vertex 22.705699920654297 -51.81829833984375 1.7000000476837158
endloop
endfacet
facet normal -0.5555622638012966 0.8314749371087372 0
outer loop
vertex 23.023897171020508 -51.68649673461914 0
vertex 22.877906799316406 -51.78404235839844 0
vertex 22.877906799316406 -51.78404235839844 1.7000000476837158
endloop
endfacet
facet normal -0.8314732719568675 0.5555647559208026 0
outer loop
vertex 23.023897171020508 -51.68649673461914 0
vertex 23.023897171020508 -51.68649673461914 1.7000000476837158
vertex 23.121444702148438 -51.540504455566406 0
endloop
endfacet
facet normal -0.9807832059488795 0.1951007507126451 0
outer loop
vertex 23.121444702148438 -51.540504455566406 0
vertex 23.121444702148438 -51.540504455566406 1.7000000476837158
vertex 23.15570068359375 -51.3682975769043 0
endloop
endfacet
facet normal -0.1951007507126451 -0.9807832059488795 0
outer loop
vertex 22.877906799316406 -50.952552795410156 0
vertex 22.877906799316406 -50.952552795410156 1.7000000476837158
vertex 22.705699920654297 -50.918296813964844 0
endloop
endfacet
facet normal -0.5555622638012966 -0.8314749371087372 0
outer loop
vertex 23.023897171020508 -51.05009841918945 0
vertex 23.023897171020508 -51.05009841918945 1.7000000476837158
vertex 22.877906799316406 -50.952552795410156 0
endloop
endfacet
facet normal -0.9807832059488795 -0.1951007507126451 0
outer loop
vertex 23.15570068359375 -51.3682975769043 0
vertex 23.15570068359375 -51.3682975769043 1.7000000476837158
vertex 23.121444702148438 -51.19609069824219 0
endloop
endfacet
facet normal 0 0 -1
outer loop
vertex 23.121444702148438 -51.540504455566406 1.7000000476837158
vertex 23.023897171020508 -51.68649673461914 1.7000000476837158
vertex 23.121444702148438 -51.19609069824219 1.7000000476837158
endloop
endfacet
facet normal 0 0 1
outer loop
vertex 81.70938110351562 36.25374984741211 5
vertex 58.71836853027344 36.75884246826172 5
vertex 83.79732513427734 33.95246887207031 5
endloop
endfacet
facet normal 0 0 -1
outer loop
vertex 57.91244125366211 36.45004653930664 0
vertex 58.71836853027344 36.75884246826172 0
vertex 62.555992126464844 29.306703567504883 0
endloop
endfacet
facet normal 0 0 -1
outer loop
vertex -20.836334228515625 -60.458412170410156 0
vertex -19.59400749206543 -60.458412170410156 0
vertex -20.543853759765625 -61.164520263671875 0
endloop
endfacet
facet normal 0 0 -1
outer loop
vertex 43.555992126464844 -34.81829833984375 0
vertex 38.65599060058594 -48.918296813964844 0
vertex 38.65599060058594 -34.81829833984375 0
endloop
endfacet
facet normal 0 0 -1
outer loop
vertex 34.10599136352539 -34.81829833984375 0
vertex 34.10599136352539 -34.1182975769043 0
vertex 38.65599060058594 -34.81829833984375 0
endloop
endfacet
facet normal 0 0 -1
outer loop
vertex 38.65599060058594 -48.918296813964844 0
vertex 43.555992126464844 -34.81829833984375 0
vertex 43.555992126464844 -48.918296813964844 0
endloop
endfacet
facet normal 0 0 -1
outer loop
vertex 24.555992126464844 -34.81829833984375 0
vertex 29.10599136352539 -34.1182975769043 0
vertex 29.10599136352539 -34.81829833984375 0
endloop
endfacet
facet normal 0 0 -1
outer loop
vertex 22.533493041992188 -40.79255294799805 0
vertex 19.65599250793457 -34.81829833984375 0
vertex 24.555992126464844 -34.81829833984375 0
endloop
endfacet
facet normal 0 0 -1
outer loop
vertex 23.121444702148438 -41.03609085083008 0
vertex 23.023897171020508 -40.890098571777344 0
vertex 24.555992126464844 -34.81829833984375 0
endloop
endfacet
facet normal 0 0 -1
outer loop
vertex 23.023897171020508 -40.890098571777344 0
vertex 22.877906799316406 -40.79255294799805 0
vertex 24.555992126464844 -34.81829833984375 0
endloop
endfacet
facet normal 0 0 -1
outer loop
vertex 22.705699920654297 -40.758296966552734 0
vertex 24.555992126464844 -34.81829833984375 0
vertex 22.877906799316406 -40.79255294799805 0
endloop
endfacet
facet normal 0 0 -1
outer loop
vertex 22.533493041992188 -40.79255294799805 0
vertex 24.555992126464844 -34.81829833984375 0
vertex 22.705699920654297 -40.758296966552734 0
endloop
endfacet
facet normal 0 0 -1
outer loop
vertex 22.387502670288086 -40.890098571777344 0
vertex 19.65599250793457 -34.81829833984375 0
vertex 22.533493041992188 -40.79255294799805 0
endloop
endfacet
facet normal 0 0 -1
outer loop
vertex 22.289953231811523 -41.03609085083008 0
vertex 19.65599250793457 -34.81829833984375 0
vertex 22.387502670288086 -40.890098571777344 0
endloop
endfacet
facet normal 0 0 -1
outer loop
vertex 24.555992126464844 -34.81829833984375 0
vertex 23.15570068359375 -41.20829772949219 0
vertex 23.121444702148438 -41.03609085083008 0
endloop
endfacet
facet normal 0 0 -1
outer loop
vertex 22.289953231811523 -41.3805046081543 0
vertex 22.533493041992188 -42.06254959106445 0
vertex 19.65599250793457 -34.81829833984375 0
endloop
endfacet
facet normal 0 0 -1
outer loop
vertex 22.533493041992188 -42.06254959106445 0
vertex 22.387502670288086 -42.160099029541016 0
vertex 19.65599250793457 -34.81829833984375 0
endloop
endfacet
facet normal 0 0 -1
outer loop
vertex 22.289953231811523 -42.30609130859375 0
vertex 19.65599250793457 -34.81829833984375 0
vertex 22.387502670288086 -42.160099029541016 0
endloop
endfacet
facet normal 0 0 -1
outer loop
vertex 23.15570068359375 -41.20829772949219 0
vertex 24.555992126464844 -34.81829833984375 0
vertex 24.555992126464844 -48.918296813964844 0
endloop
endfacet
facet normal 0 0 -1
outer loop
vertex 23.023897171020508 -41.52649688720703 0
vertex 23.023897171020508 -42.160099029541016 0
vertex 22.877906799316406 -41.62404251098633 0
endloop
endfacet
facet normal 0 0 -1
outer loop
vertex 22.877906799316406 -42.06254959106445 0
vertex 22.705699920654297 -41.65829849243164 0
vertex 22.877906799316406 -41.62404251098633 0
endloop
endfacet
facet normal 0 0 -1
outer loop
vertex 23.023897171020508 -41.52649688720703 0
vertex 23.121444702148438 -42.30609130859375 0
vertex 23.023897171020508 -42.160099029541016 0
endloop
endfacet
facet normal 0 0 -1
outer loop
vertex 22.877906799316406 -42.06254959106445 0
vertex 22.877906799316406 -41.62404251098633 0
vertex 23.023897171020508 -42.160099029541016 0
endloop
endfacet
facet normal 0 0 -1
outer loop
vertex 22.705699920654297 -42.028297424316406 0
vertex 22.705699920654297 -41.65829849243164 0
vertex 22.877906799316406 -42.06254959106445 0
endloop
endfacet
facet normal 0 0 -1
outer loop
vertex 22.705699920654297 -42.028297424316406 0
vertex 22.533493041992188 -41.62404251098633 0
vertex 22.705699920654297 -41.65829849243164 0
endloop
endfacet
facet normal 0 0 -1
outer loop
vertex 22.533493041992188 -41.62404251098633 0
vertex 22.533493041992188 -42.06254959106445 0
vertex 22.387502670288086 -41.52649688720703 0
endloop
endfacet
facet normal 0 0 -1
outer loop
vertex 22.533493041992188 -42.06254959106445 0
vertex 22.289953231811523 -41.3805046081543 0
vertex 22.387502670288086 -41.52649688720703 0
endloop
endfacet
facet normal 0 0 -1
outer loop
vertex 22.533493041992188 -42.06254959106445 0
vertex 22.533493041992188 -41.62404251098633 0
vertex 22.705699920654297 -42.028297424316406 0
endloop
endfacet
facet normal 0 0 -1
outer loop
vertex 23.15570068359375 -42.47829818725586 0
vertex 23.15570068359375 -43.74829864501953 0
vertex 23.121444702148438 -42.65050506591797 0
endloop
endfacet
facet normal 0 0 -1
outer loop
vertex 23.121444702148438 -42.65050506591797 0
vertex 23.121444702148438 -43.576087951660156 0
vertex 23.023897171020508 -42.79649353027344 0
endloop
endfacet
facet normal 0 0 -1
outer loop
vertex 23.023897171020508 -42.79649353027344 0
vertex 23.023897171020508 -43.43009948730469 0
vertex 22.877906799316406 -42.89404296875 0
endloop
endfacet
facet normal 0 0 -1
outer loop
vertex 22.877906799316406 -42.89404296875 0
vertex 22.877906799316406 -43.332550048828125 0
vertex 22.705699920654297 -42.92829895019531 0
endloop
endfacet
facet normal 0 0 -1
outer loop
vertex 22.705699920654297 -43.29829788208008 0
vertex 22.705699920654297 -42.92829895019531 0
vertex 22.877906799316406 -43.332550048828125 0
endloop
endfacet
facet normal 0 0 -1
outer loop
vertex 23.15570068359375 -43.74829864501953 0
vertex 23.121444702148438 -43.576087951660156 0
vertex 23.121444702148438 -42.65050506591797 0
endloop
endfacet
facet normal 0 0 -1
outer loop
vertex 23.023897171020508 -43.43009948730469 0
vertex 23.023897171020508 -42.79649353027344 0
vertex 23.121444702148438 -43.576087951660156 0
endloop
endfacet
facet normal 0 0 -1
outer loop
vertex 22.877906799316406 -43.332550048828125 0
vertex 22.877906799316406 -42.89404296875 0
vertex 23.023897171020508 -43.43009948730469 0
endloop
endfacet
facet normal 0 0 -1
outer loop
vertex 23.121444702148438 -41.3805046081543 0
vertex 23.15570068359375 -41.20829772949219 0
vertex 24.555992126464844 -48.918296813964844 0
endloop
endfacet
facet normal 0 0 -1
outer loop
vertex 23.023897171020508 -41.52649688720703 0
vertex 23.121444702148438 -41.3805046081543 0
vertex 24.555992126464844 -48.918296813964844 0
endloop
endfacet
facet normal 0 0 -1
outer loop
vertex 23.121444702148438 -42.30609130859375 0
vertex 23.023897171020508 -41.52649688720703 0
vertex 24.555992126464844 -48.918296813964844 0
endloop
endfacet
facet normal 0 0 -1
outer loop
vertex 23.15570068359375 -42.47829818725586 0
vertex 23.121444702148438 -42.30609130859375 0
vertex 24.555992126464844 -48.918296813964844 0
endloop
endfacet
facet normal 0 0 -1
outer loop
vertex 23.15570068359375 -43.74829864501953 0
vertex 23.15570068359375 -45.0182991027832 0
vertex 23.121444702148438 -43.92050552368164 0
endloop
endfacet
facet normal 0 0 -1
outer loop
vertex 23.121444702148438 -43.92050552368164 0
vertex 23.121444702148438 -44.84608840942383 0
vertex 23.023897171020508 -44.06649398803711 0
endloop
endfacet
facet normal 0 0 -1
outer loop
vertex 23.15570068359375 -45.0182991027832 0
vertex 23.121444702148438 -44.84608840942383 0
vertex 23.121444702148438 -43.92050552368164 0
endloop
endfacet
facet normal 0 0 -1
outer loop
vertex 23.023897171020508 -44.06649398803711 0
vertex 23.023897171020508 -44.70009994506836 0
vertex 22.877906799316406 -44.16404342651367 0
endloop
endfacet
facet normal 0 0 -1
outer loop
vertex 22.877906799316406 -44.6025505065918 0
vertex 22.705699920654297 -44.19829559326172 0
vertex 22.877906799316406 -44.16404342651367 0
endloop
endfacet
facet normal 0 0 -1
outer loop
vertex 23.023897171020508 -44.70009994506836 0
vertex 22.877906799316406 -44.6025505065918 0
vertex 22.877906799316406 -44.16404342651367 0
endloop
endfacet
facet normal 0 0 -1
outer loop
vertex 23.023897171020508 -44.70009994506836 0
vertex 23.023897171020508 -44.06649398803711 0
vertex 23.121444702148438 -44.84608840942383 0
endloop
endfacet
facet normal 0 0 -1
outer loop
vertex 22.705699920654297 -44.56829833984375 0
vertex 22.705699920654297 -44.19829559326172 0
vertex 22.877906799316406 -44.6025505065918 0
endloop
endfacet
facet normal 0 0 -1
outer loop
vertex 22.705699920654297 -43.29829788208008 0
vertex 22.533493041992188 -42.89404296875 0
vertex 22.705699920654297 -42.92829895019531 0
endloop
endfacet
facet normal 0 0 -1
outer loop
vertex 22.533493041992188 -43.332550048828125 0
vertex 22.533493041992188 -42.89404296875 0
vertex 22.705699920654297 -43.29829788208008 0
endloop
endfacet
facet normal 0 0 -1
outer loop
vertex 22.533493041992188 -43.332550048828125 0
vertex 22.387502670288086 -42.79649353027344 0
vertex 22.533493041992188 -42.89404296875 0
endloop
endfacet
facet normal 0 0 -1
outer loop
vertex 22.387502670288086 -43.43009948730469 0
vertex 22.387502670288086 -42.79649353027344 0
vertex 22.533493041992188 -43.332550048828125 0
endloop
endfacet
facet normal 0 0 -1
outer loop
vertex 22.387502670288086 -43.43009948730469 0
vertex 22.289953231811523 -42.65050506591797 0
vertex 22.387502670288086 -42.79649353027344 0
endloop
endfacet
facet normal 0 0 -1
outer loop
vertex 22.289953231811523 -42.65050506591797 0
vertex 22.289953231811523 -43.576087951660156 0
vertex 22.255699157714844 -42.47829818725586 0
endloop
endfacet
facet normal 0 0 -1
outer loop
vertex 22.289953231811523 -43.576087951660156 0
vertex 22.289953231811523 -42.65050506591797 0
vertex 22.387502670288086 -43.43009948730469 0
endloop
endfacet
facet normal 0 0 -1
outer loop
vertex 22.255699157714844 -43.74829864501953 0
vertex 22.255699157714844 -42.47829818725586 0
vertex 22.289953231811523 -43.576087951660156 0
endloop
endfacet
facet normal 0 -1 0
outer loop
vertex -17.46988296508789 -63.7432975769043 5
vertex -17.46988296508789 -63.7432975769043 0
vertex 80.68186950683594 -63.7432975769043 0
endloop
endfacet
facet normal 0.9328989937298812 0.3601381228053693 0
outer loop
vertex 84.0556411743164 33.283329010009766 5
vertex 84.0556411743164 33.283329010009766 4.5
vertex 83.79732513427734 33.95246887207031 5
endloop
endfacet
facet normal 0 0 1
outer loop
vertex 84.0556411743164 33.283329010009766 5
vertex 83.79732513427734 33.95246887207031 5
vertex 58.71836853027344 36.75884246826172 5
endloop
endfacet
facet normal 0 0 1
outer loop
vertex 58.71836853027344 36.75884246826172 5
vertex 82.80599212646484 33.283329010009766 5
vertex 84.0556411743164 33.283329010009766 5
endloop
endfacet
facet normal 0 0 1
outer loop
vertex 80.82608032226562 36.647674560546875 5
vertex 58.71836853027344 36.75884246826172 5
vertex 81.70938110351562 36.25374984741211 5
endloop
endfacet
facet normal 0 0 1
outer loop
vertex 58.71836853027344 36.75884246826172 5
vertex 76.65599060058594 29.306703567504883 5
vertex 82.80599212646484 33.283329010009766 5
endloop
endfacet
facet normal 0 0 1
outer loop
vertex 58.71836853027344 36.75884246826172 5
vertex 57.91244125366211 36.45004653930664 5
vertex 76.65599060058594 29.306703567504883 5
endloop
endfacet
facet normal 0 0 1
outer loop
vertex 76.65599060058594 29.306703567504883 5
vertex 55.61639404296875 34.36684799194336 5
vertex 62.555992126464844 29.306703567504883 5
endloop
endfacet
facet normal 0 0 -1
outer loop
vertex -18.315229415893555 -63.39314270019531 0
vertex -20.543853759765625 -61.164520263671875 0
vertex -19.59400749206543 -60.458412170410156 0
endloop
endfacet
facet normal 0 0 1
outer loop
vertex 57.91244125366211 36.45004653930664 5
vertex 55.61639404296875 34.36684799194336 5
vertex 76.65599060058594 29.306703567504883 5
endloop
endfacet
facet normal 0 0 1
outer loop
vertex 55.61639404296875 34.36684799194336 5
vertex 55.223426818847656 33.505184173583984 5
vertex 62.555992126464844 29.306703567504883 5
endloop
endfacet
facet normal 0 0 1
outer loop
vertex 55.223426818847656 33.505184173583984 5
vertex 55.188228607177734 31.890596389770508 5
vertex 62.555992126464844 29.306703567504883 5
endloop
endfacet
facet normal 0 0 1
outer loop
vertex 55.188228607177734 31.890596389770508 5
vertex 55.079044342041016 31.638729095458984 5
vertex 62.555992126464844 29.306703567504883 5
endloop
endfacet
facet normal 0 0 1
outer loop
vertex 55.079044342041016 31.638729095458984 5
vertex 53.13373947143555 29.735370635986328 5
vertex 62.555992126464844 29.306703567504883 5
endloop
endfacet
facet normal 0.407300790267483 0.9132940743525514 0
outer loop
vertex 81.70938110351562 36.25374984741211 5
vertex 80.82608032226562 36.647674560546875 0
vertex 80.82608032226562 36.647674560546875 5
endloop
endfacet
facet normal 0.7406012027536106 0.6719448329140609 0
outer loop
vertex 83.79732513427734 33.95246887207031 5
vertex 81.70938110351562 36.25374984741211 0
vertex 81.70938110351562 36.25374984741211 5
endloop
endfacet
facet normal 0.9328989937298812 0.3601381228053693 0
outer loop
vertex 84.0556411743164 33.283329010009766 4.5
vertex 83.79732513427734 33.95246887207031 0
vertex 83.79732513427734 33.95246887207031 5
endloop
endfacet
facet normal 0.005028403813124318 0.9999873574976297 0
outer loop
vertex 80.82608032226562 36.647674560546875 5
vertex 58.71836853027344 36.75884246826172 0
vertex 58.71836853027344 36.75884246826172 5
endloop
endfacet
facet normal 0 1 0
outer loop
vertex 84.80599212646484 32.783329010009766 4.5
vertex 84.10599517822266 32.783329010009766 0.20000000298023224
vertex 84.10599517822266 32.783329010009766 4.5
endloop
endfacet
facet normal 0 0 -1
outer loop
vertex 22.289953231811523 -43.92050552368164 0
vertex 22.289953231811523 -44.84608840942383 0
vertex 22.255699157714844 -43.74829864501953 0
endloop
endfacet
facet normal 0 0 -1
outer loop
vertex 22.705699920654297 -44.19829559326172 0
vertex 22.533493041992188 -44.6025505065918 0
vertex 22.533493041992188 -44.16404342651367 0
endloop
endfacet
facet normal 0 0 -1
outer loop
vertex 22.533493041992188 -44.6025505065918 0
vertex 22.387502670288086 -44.06649398803711 0
vertex 22.533493041992188 -44.16404342651367 0
endloop
endfacet
facet normal 0 0 -1
outer loop
vertex 22.533493041992188 -44.6025505065918 0
vertex 22.705699920654297 -44.19829559326172 0
vertex 22.705699920654297 -44.56829833984375 0
endloop
endfacet
facet normal 0 0 -1
outer loop
vertex 22.387502670288086 -44.70009994506836 0
vertex 22.387502670288086 -44.06649398803711 0
vertex 22.533493041992188 -44.6025505065918 0
endloop
endfacet
facet normal 0 0 -1
outer loop
vertex 22.387502670288086 -44.70009994506836 0
vertex 22.289953231811523 -43.92050552368164 0
vertex 22.387502670288086 -44.06649398803711 0
endloop
endfacet
facet normal 0 0 -1
outer loop
vertex 22.289953231811523 -44.84608840942383 0
vertex 22.289953231811523 -43.92050552368164 0
vertex 22.387502670288086 -44.70009994506836 0
endloop
endfacet
facet normal 0 0 -1
outer loop
vertex 22.255699157714844 -45.0182991027832 0
vertex 22.255699157714844 -43.74829864501953 0
vertex 22.289953231811523 -44.84608840942383 0
endloop
endfacet
facet normal 0 0 -1
outer loop
vertex 23.15570068359375 -43.74829864501953 0
vertex 23.15570068359375 -42.47829818725586 0
vertex 24.555992126464844 -48.918296813964844 0
endloop
endfacet
facet normal 0 0 -1
outer loop
vertex 23.121444702148438 -45.19050598144531 0
vertex 23.121444702148438 -46.1160888671875 0
vertex 23.023897171020508 -45.33649444580078 0
endloop
endfacet
facet normal 0 0 -1
outer loop
vertex 23.023897171020508 -45.33649444580078 0
vertex 23.023897171020508 -45.97010040283203 0
vertex 22.877906799316406 -45.434043884277344 0
endloop
endfacet
facet normal 0 0 -1
outer loop
vertex 23.15570068359375 -45.0182991027832 0
vertex 23.15570068359375 -43.74829864501953 0
vertex 24.555992126464844 -48.918296813964844 0
endloop
endfacet
facet normal 0 0 -1
outer loop
vertex 23.121444702148438 -45.19050598144531 0
vertex 23.15570068359375 -45.0182991027832 0
vertex 24.555992126464844 -48.918296813964844 0
endloop
endfacet
facet normal 0 0 -1
outer loop
vertex 22.877906799316406 -45.87255096435547 0
vertex 22.877906799316406 -45.434043884277344 0
vertex 23.023897171020508 -45.97010040283203 0
endloop
endfacet
facet normal 0 0 -1
outer loop
vertex 23.121444702148438 -46.1160888671875 0
vertex 23.023897171020508 -45.97010040283203 0
vertex 23.023897171020508 -45.33649444580078 0
endloop
endfacet
facet normal 0 0 -1
outer loop
vertex 22.705699920654297 -45.83829879760742 0
vertex 22.877906799316406 -45.434043884277344 0
vertex 22.877906799316406 -45.87255096435547 0
endloop
endfacet
facet normal 0 0 -1
outer loop
vertex 22.533493041992188 -45.87255096435547 0
vertex 22.877906799316406 -45.434043884277344 0
vertex 22.705699920654297 -45.83829879760742 0
endloop
endfacet
facet normal 0 0 -1
outer loop
vertex 22.387502670288086 -45.97010040283203 0
vertex 22.705699920654297 -45.46829605102539 0
vertex 22.877906799316406 -45.434043884277344 0
endloop
endfacet
facet normal 0 0 -1
outer loop
vertex 22.387502670288086 -45.97010040283203 0
vertex 22.877906799316406 -45.434043884277344 0
vertex 22.533493041992188 -45.87255096435547 0
endloop
endfacet
facet normal 0 0 -1
outer loop
vertex 22.387502670288086 -45.33649444580078 0
vertex 19.65599250793457 -48.918296813964844 0
vertex 22.289953231811523 -45.19050598144531 0
endloop
endfacet
facet normal 0 0 -1
outer loop
vertex 24.555992126464844 -48.918296813964844 0
vertex 23.121444702148438 -46.1160888671875 0
vertex 23.121444702148438 -45.19050598144531 0
endloop
endfacet
facet normal 0 0 -1
outer loop
vertex 24.555992126464844 -48.918296813964844 0
vertex 23.15570068359375 -46.28829574584961 0
vertex 23.121444702148438 -46.1160888671875 0
endloop
endfacet
facet normal 0 0 -1
outer loop
vertex 24.555992126464844 -48.918296813964844 0
vertex 23.121444702148438 -46.460506439208984 0
vertex 23.15570068359375 -46.28829574584961 0
endloop
endfacet
facet normal 0 0 -1
outer loop
vertex 23.121444702148438 -46.460506439208984 0
vertex 23.121444702148438 -47.38608932495117 0
vertex 23.023897171020508 -46.60649490356445 0
endloop
endfacet
facet normal 0 0 -1
outer loop
vertex 23.023897171020508 -46.60649490356445 0
vertex 23.023897171020508 -47.2401008605957 0
vertex 22.877906799316406 -46.704044342041016 0
endloop
endfacet
facet normal 0 0 -1
outer loop
vertex 22.877906799316406 -47.14255142211914 0
vertex 22.877906799316406 -46.704044342041016 0
vertex 23.023897171020508 -47.2401008605957 0
endloop
endfacet
facet normal 0 0 -1
outer loop
vertex 22.877906799316406 -47.14255142211914 0
vertex 22.705699920654297 -46.73829650878906 0
vertex 22.877906799316406 -46.704044342041016 0
endloop
endfacet
facet normal 0 0 -1
outer loop
vertex 22.705699920654297 -47.10829544067383 0
vertex 22.705699920654297 -46.73829650878906 0
vertex 22.877906799316406 -47.14255142211914 0
endloop
endfacet
facet normal 0 0 -1
outer loop
vertex 23.023897171020508 -47.2401008605957 0
vertex 23.023897171020508 -46.60649490356445 0
vertex 23.121444702148438 -47.38608932495117 0
endloop
endfacet
facet normal 0 0 -1
outer loop
vertex 24.555992126464844 -48.918296813964844 0
vertex 23.121444702148438 -47.38608932495117 0
vertex 23.121444702148438 -46.460506439208984 0
endloop
endfacet
facet normal 0 0 -1
outer loop
vertex 24.555992126464844 -48.918296813964844 0
vertex 23.15570068359375 -47.55829620361328 0
vertex 23.121444702148438 -47.38608932495117 0
endloop
endfacet
facet normal 0 0 -1
outer loop
vertex 24.555992126464844 -48.918296813964844 0
vertex 23.121444702148438 -47.73050308227539 0
vertex 23.15570068359375 -47.55829620361328 0
endloop
endfacet
facet normal 0 0 -1
outer loop
vertex 24.555992126464844 -48.918296813964844 0
vertex 23.121444702148438 -48.656089782714844 0
vertex 23.121444702148438 -47.73050308227539 0
endloop
endfacet
facet normal 0 0 -1
outer loop
vertex 23.121444702148438 -48.656089782714844 0
vertex 23.023897171020508 -47.876495361328125 0
vertex 23.121444702148438 -47.73050308227539 0
endloop
endfacet
facet normal 0 0 -1
outer loop
vertex 23.023897171020508 -47.876495361328125 0
vertex 23.023897171020508 -48.51009750366211 0
vertex 22.877906799316406 -47.97404479980469 0
endloop
endfacet
facet normal 0 0 -1
outer loop
vertex 22.877906799316406 -48.41255187988281 0
vertex 22.705699920654297 -48.008296966552734 0
vertex 22.877906799316406 -47.97404479980469 0
endloop
endfacet
facet normal 0 0 -1
outer loop
vertex 23.121444702148438 -48.656089782714844 0
vertex 23.023897171020508 -48.51009750366211 0
vertex 23.023897171020508 -47.876495361328125 0
endloop
endfacet
facet normal 0 0 -1
outer loop
vertex 23.023897171020508 -48.51009750366211 0
vertex 22.877906799316406 -48.41255187988281 0
vertex 22.877906799316406 -47.97404479980469 0
endloop
endfacet
facet normal 0 0 -1
outer loop
vertex 22.705699920654297 -48.3782958984375 0
vertex 22.705699920654297 -48.008296966552734 0
vertex 22.877906799316406 -48.41255187988281 0
endloop
endfacet
facet normal 0 0 -1
outer loop
vertex 22.533493041992188 -47.14255142211914 0
vertex 22.705699920654297 -46.73829650878906 0
vertex 22.705699920654297 -47.10829544067383 0
endloop
endfacet
facet normal 0 0 -1
outer loop
vertex 22.387502670288086 -47.2401008605957 0
vertex 22.705699920654297 -46.73829650878906 0
vertex 22.533493041992188 -47.14255142211914 0
endloop
endfacet
facet normal 0 0 -1
outer loop
vertex 19.65599250793457 -48.918296813964844 0
vertex 22.533493041992188 -45.434043884277344 0
vertex 22.705699920654297 -45.46829605102539 0
endloop
endfacet
facet normal 0 0 -1
outer loop
vertex 19.65599250793457 -48.918296813964844 0
vertex 22.387502670288086 -45.33649444580078 0
vertex 22.533493041992188 -45.434043884277344 0
endloop
endfacet
facet normal 0 0 -1
outer loop
vertex 22.387502670288086 -45.97010040283203 0
vertex 19.65599250793457 -48.918296813964844 0
vertex 22.705699920654297 -45.46829605102539 0
endloop
endfacet
facet normal 0 0 -1
outer loop
vertex 22.289953231811523 -46.1160888671875 0
vertex 19.65599250793457 -48.918296813964844 0
vertex 22.387502670288086 -45.97010040283203 0
endloop
endfacet
facet normal 0 0 -1
outer loop
vertex 22.705699920654297 -46.73829650878906 0
vertex 19.65599250793457 -48.918296813964844 0
vertex 22.533493041992188 -46.704044342041016 0
endloop
endfacet
facet normal 0 0 -1
outer loop
vertex 22.387502670288086 -46.60649490356445 0
vertex 19.65599250793457 -48.918296813964844 0
vertex 22.289953231811523 -46.460506439208984 0
endloop
endfacet
facet normal 0 0 -1
outer loop
vertex 19.65599250793457 -48.918296813964844 0
vertex 22.387502670288086 -46.60649490356445 0
vertex 22.533493041992188 -46.704044342041016 0
endloop
endfacet
facet normal 0 0 -1
outer loop
vertex 22.705699920654297 -48.3782958984375 0
vertex 22.533493041992188 -47.97404479980469 0
vertex 22.705699920654297 -48.008296966552734 0
endloop
endfacet
facet normal 0 0 -1
outer loop
vertex 22.533493041992188 -48.41255187988281 0
vertex 22.533493041992188 -47.97404479980469 0
vertex 22.705699920654297 -48.3782958984375 0
endloop
endfacet
facet normal 0 0 -1
outer loop
vertex 22.387502670288086 -48.51009750366211 0
vertex 22.533493041992188 -47.97404479980469 0
vertex 22.533493041992188 -48.41255187988281 0
endloop
endfacet
facet normal 0 0 -1
outer loop
vertex 22.387502670288086 -47.2401008605957 0
vertex 19.65599250793457 -48.918296813964844 0
vertex 22.705699920654297 -46.73829650878906 0
endloop
endfacet
facet normal 0 0 -1
outer loop
vertex 22.289953231811523 -47.38608932495117 0
vertex 19.65599250793457 -48.918296813964844 0
vertex 22.387502670288086 -47.2401008605957 0
endloop
endfacet
facet normal 0 0 -1
outer loop
vertex 22.387502670288086 -47.876495361328125 0
vertex 19.65599250793457 -48.918296813964844 0
vertex 22.289953231811523 -47.73050308227539 0
endloop
endfacet
facet normal 0 0 -1
outer loop
vertex 22.533493041992188 -47.97404479980469 0
vertex 19.65599250793457 -48.918296813964844 0
vertex 22.387502670288086 -47.876495361328125 0
endloop
endfacet
facet normal 0 0 -1
outer loop
vertex 22.387502670288086 -48.51009750366211 0
vertex 19.65599250793457 -48.918296813964844 0
vertex 22.533493041992188 -47.97404479980469 0
endloop
endfacet
facet normal 0 0 -1
outer loop
vertex 80.68186950683594 -63.7432975769043 0
vertex 23.121444702148438 -49.926090240478516 0
vertex 23.023897171020508 -49.78009796142578 0
endloop
endfacet
facet normal 0 0 -1
outer loop
vertex 80.68186950683594 -63.7432975769043 0
vertex 23.15570068359375 -50.098297119140625 0
vertex 23.121444702148438 -49.926090240478516 0
endloop
endfacet
facet normal 0 0 -1
outer loop
vertex 23.023897171020508 -49.78009796142578 0
vertex 22.877906799316406 -49.682552337646484 0
vertex 80.68186950683594 -63.7432975769043 0
endloop
endfacet
facet normal 0 0 -1
outer loop
vertex 80.68186950683594 -63.7432975769043 0
vertex 23.121444702148438 -50.270503997802734 0
vertex 23.15570068359375 -50.098297119140625 0
endloop
endfacet
facet normal 0 0 -1
outer loop
vertex 80.68186950683594 -63.7432975769043 0
vertex 23.023897171020508 -50.41649627685547 0
vertex 23.121444702148438 -50.270503997802734 0
endloop
endfacet
facet normal 0 0 -1
outer loop
vertex 80.68186950683594 -63.7432975769043 0
vertex 22.877906799316406 -50.952552795410156 0
vertex 23.023897171020508 -50.41649627685547 0
endloop
endfacet
facet normal 0 0 -1
outer loop
vertex 23.121444702148438 -51.19609069824219 0
vertex 23.023897171020508 -51.05009841918945 0
vertex 80.68186950683594 -63.7432975769043 0
endloop
endfacet
facet normal 0 0 -1
outer loop
vertex 80.68186950683594 -63.7432975769043 0
vertex 23.15570068359375 -51.3682975769043 0
vertex 23.121444702148438 -51.19609069824219 0
endloop
endfacet
facet normal 0 0 -1
outer loop
vertex 80.68186950683594 -63.7432975769043 0
vertex 23.121444702148438 -51.540504455566406 0
vertex 23.15570068359375 -51.3682975769043 0
endloop
endfacet
facet normal 0 0 -1
outer loop
vertex 23.023897171020508 -51.05009841918945 0
vertex 22.877906799316406 -50.952552795410156 0
vertex 80.68186950683594 -63.7432975769043 0
endloop
endfacet
facet normal 0 0 -1
outer loop
vertex 80.68186950683594 -63.7432975769043 0
vertex 23.023897171020508 -51.68649673461914 0
vertex 23.121444702148438 -51.540504455566406 0
endloop
endfacet
facet normal 0 0 -1
outer loop
vertex 34.10599136352539 -49.6182975769043 0
vertex 34.10599136352539 -48.918296813964844 0
vertex 38.65599060058594 -48.918296813964844 0
endloop
endfacet
facet normal 0 0 -1
outer loop
vertex 22.0191650390625 -56.05512619018555 0
vertex 23.023897171020508 -51.68649673461914 0
vertex 80.68186950683594 -63.7432975769043 0
endloop
endfacet
facet normal 0 0 -1
outer loop
vertex 22.162181854248047 -56.229393005371094 0
vertex 22.0191650390625 -56.05512619018555 0
vertex 80.68186950683594 -63.7432975769043 0
endloop
endfacet
facet normal 0 0 -1
outer loop
vertex 22.333894729614258 -56.643943786621094 0
vertex 22.26845359802246 -56.4282112121582 0
vertex 80.68186950683594 -63.7432975769043 0
endloop
endfacet
facet normal 0 0 -1
outer loop
vertex 22.26845359802246 -56.4282112121582 0
vertex 22.162181854248047 -56.229393005371094 0
vertex 80.68186950683594 -63.7432975769043 0
endloop
endfacet
facet normal 0 0 -1
outer loop
vertex 22.35599136352539 -56.8682975769043 0
vertex 22.333894729614258 -56.643943786621094 0
vertex 80.68186950683594 -63.7432975769043 0
endloop
endfacet
facet normal 0 0 -1
outer loop
vertex 22.333894729614258 -57.0926513671875 0
vertex 22.35599136352539 -56.8682975769043 0
vertex 80.68186950683594 -63.7432975769043 0
endloop
endfacet
facet normal 0 0 -1
outer loop
vertex 22.333894729614258 -57.0926513671875 0
vertex 80.68186950683594 -63.7432975769043 0
vertex 22.26845359802246 -57.30838394165039 0
endloop
endfacet
facet normal 0 0 -1
outer loop
vertex 22.26845359802246 -57.30838394165039 0
vertex 80.68186950683594 -63.7432975769043 0
vertex 22.162181854248047 -57.5072021484375 0
endloop
endfacet
facet normal 0 0 -1
outer loop
vertex 22.162181854248047 -57.5072021484375 0
vertex 80.68186950683594 -63.7432975769043 0
vertex 22.0191650390625 -57.68146896362305 0
endloop
endfacet
facet normal 0 0 -1
outer loop
vertex 21.844898223876953 -57.824485778808594 0
vertex 22.0191650390625 -57.68146896362305 0
vertex 80.68186950683594 -63.7432975769043 0
endloop
endfacet
facet normal 0 0 -1
outer loop
vertex 21.43034553527832 -57.99620056152344 0
vertex 21.64607810974121 -57.93075942993164 0
vertex 80.68186950683594 -63.7432975769043 0
endloop
endfacet
facet normal 0 0 -1
outer loop
vertex 21.64607810974121 -57.93075942993164 0
vertex 21.844898223876953 -57.824485778808594 0
vertex 80.68186950683594 -63.7432975769043 0
endloop
endfacet
facet normal 0 0 -1
outer loop
vertex 21.43034553527832 -57.99620056152344 0
vertex 80.68186950683594 -63.7432975769043 0
vertex 21.205991744995117 -58.0182991027832 0
endloop
endfacet
facet normal 0 0 -1
outer loop
vertex 29.10599136352539 -49.6182975769043 0
vertex 24.555992126464844 -48.918296813964844 0
vertex 29.10599136352539 -48.918296813964844 0
endloop
endfacet
facet normal 0 0 -1
outer loop
vertex 24.555992126464844 -48.918296813964844 0
vertex 29.10599136352539 -49.6182975769043 0
vertex 22.877906799316406 -49.682552337646484 0
endloop
endfacet
facet normal 0 0 -1
outer loop
vertex 24.555992126464844 -48.918296813964844 0
vertex 23.15570068359375 -48.82829666137695 0
vertex 23.121444702148438 -48.656089782714844 0
endloop
endfacet
facet normal 0 0 -1
outer loop
vertex 24.555992126464844 -48.918296813964844 0
vertex 23.121444702148438 -49.00050354003906 0
vertex 23.15570068359375 -48.82829666137695 0
endloop
endfacet
facet normal 0 0 -1
outer loop
vertex 24.555992126464844 -48.918296813964844 0
vertex 23.023897171020508 -49.1464958190918 0
vertex 23.121444702148438 -49.00050354003906 0
endloop
endfacet
facet normal 0 0 -1
outer loop
vertex 24.555992126464844 -48.918296813964844 0
vertex 22.877906799316406 -49.244041442871094 0
vertex 23.023897171020508 -49.1464958190918 0
endloop
endfacet
facet normal 0 0 -1
outer loop
vertex 24.555992126464844 -48.918296813964844 0
vertex 22.705699920654297 -49.64829635620117 0
vertex 22.877906799316406 -49.244041442871094 0
endloop
endfacet
facet normal 0 0 -1
outer loop
vertex 22.705699920654297 -49.64829635620117 0
vertex 24.555992126464844 -48.918296813964844 0
vertex 22.877906799316406 -49.682552337646484 0
endloop
endfacet
facet normal 0 0 -1
outer loop
vertex 22.705699920654297 -49.64829635620117 0
vertex 22.705699920654297 -49.278297424316406 0
vertex 22.877906799316406 -49.244041442871094 0
endloop
endfacet
facet normal 0 0 -1
outer loop
vertex 22.705699920654297 -49.278297424316406 0
vertex 22.533493041992188 -49.682552337646484 0
vertex 22.533493041992188 -49.244041442871094 0
endloop
endfacet
facet normal 0 0 -1
outer loop
vertex 22.289953231811523 -48.656089782714844 0
vertex 19.65599250793457 -48.918296813964844 0
vertex 22.387502670288086 -48.51009750366211 0
endloop
endfacet
facet normal 1 0 0
outer loop
vertex 84.10599517822266 32.783329010009766 4.5
vertex 84.10599517822266 33.15290451049805 0.20000000298023224
vertex 84.10599517822266 33.15290451049805 4.5
endloop
endfacet
facet normal 0.9328877488005698 0.3601672501950138 0.000004976676244251442
outer loop
vertex 84.10599517822266 33.15290451049805 4.5
vertex 83.79732513427734 33.95246887207031 0
vertex 84.0556411743164 33.283329010009766 4.5
endloop
endfacet
facet normal 1 0 0
outer loop
vertex 84.80599212646484 26.949996948242188 4.5
vertex 84.80599212646484 32.063331604003906 0.20000000298023224
vertex 84.80599212646484 32.783329010009766 4.5
endloop
endfacet
facet normal 0 0 -1
outer loop
vertex -18.315229415893555 -63.39314270019531 0
vertex -8.89400863647461 -42.4932975769043 0
vertex -17.46988296508789 -63.7432975769043 0
endloop
endfacet
facet normal -0.35779168679970424 0.9338014290292248 0
outer loop
vertex 58.71836853027344 36.75884246826172 5
vertex 57.91244125366211 36.45004653930664 0
vertex 57.91244125366211 36.45004653930664 5
endloop
endfacet
facet normal -0.6719453800545436 0.7406007063346314 0
outer loop
vertex 57.91244125366211 36.45004653930664 5
vertex 55.61639404296875 34.36684799194336 0
vertex 55.61639404296875 34.36684799194336 5
endloop
endfacet
facet normal -0.9098479164365564 0.41494188623957595 0
outer loop
vertex 55.61639404296875 34.36684799194336 5
vertex 55.223426818847656 33.505184173583984 0
vertex 55.223426818847656 33.505184173583984 5
endloop
endfacet
facet normal -0.999762461990122 0.021794944263517236 0
outer loop
vertex 55.223426818847656 33.505184173583984 5
vertex 55.188228607177734 31.890596389770508 0
vertex 55.188228607177734 31.890596389770508 5
endloop
endfacet
facet normal -0.9175001032715172 0.39773554090218727 0
outer loop
vertex 55.188228607177734 31.890596389770508 5
vertex 55.079044342041016 31.638729095458984 0
vertex 55.079044342041016 31.638729095458984 5
endloop
endfacet
facet normal -0.6993585195052563 0.7147710550906605 0
outer loop
vertex 55.079044342041016 31.638729095458984 5
vertex 53.13373947143555 29.735370635986328 0
vertex 53.13373947143555 29.735370635986328 5
endloop
endfacet
facet normal -0.377645133949492 0.9259504051536833 0
outer loop
vertex 53.13373947143555 29.735370635986328 5
vertex 52.879554748535156 29.631702423095703 0
vertex 52.879554748535156 29.631702423095703 5
endloop
endfacet
facet normal 0 0 1
outer loop
vertex 82.80599212646484 33.283329010009766 5
vertex 76.65599060058594 15.206703186035156 5
vertex 82.80599212646484 14.283329963684082 5
endloop
endfacet
facet normal 0 0 1
outer loop
vertex 76.65599060058594 29.306703567504883 5
vertex 76.65599060058594 15.206703186035156 5
vertex 82.80599212646484 33.283329010009766 5
endloop
endfacet
facet normal 0 0 1
outer loop
vertex 76.65599060058594 15.206703186035156 5
vertex 57.65599060058594 14.052396774291992 5
vertex 82.80599212646484 14.283329963684082 5
endloop
endfacet
facet normal 0 0 -1
outer loop
vertex 22.387502670288086 -49.1464958190918 0
vertex 19.65599250793457 -48.918296813964844 0
vertex 22.289953231811523 -49.00050354003906 0
endloop
endfacet
facet normal 0 0 -1
outer loop
vertex 22.533493041992188 -49.244041442871094 0
vertex 19.65599250793457 -48.918296813964844 0
vertex 22.387502670288086 -49.1464958190918 0
endloop
endfacet
facet normal 0 0 -1
outer loop
vertex 22.533493041992188 -49.682552337646484 0
vertex 22.705699920654297 -49.278297424316406 0
vertex 22.705699920654297 -49.64829635620117 0
endloop
endfacet
facet normal 0 0 -1
outer loop
vertex 22.877906799316406 -50.952552795410156 0
vertex 22.877906799316406 -50.514041900634766 0
vertex 23.023897171020508 -50.41649627685547 0
endloop
endfacet
facet normal 0 0 -1
outer loop
vertex 22.877906799316406 -50.952552795410156 0
vertex 22.705699920654297 -50.54829788208008 0
vertex 22.877906799316406 -50.514041900634766 0
endloop
endfacet
facet normal 0 0 -1
outer loop
vertex 22.705699920654297 -50.918296813964844 0
vertex 22.705699920654297 -50.54829788208008 0
vertex 22.877906799316406 -50.952552795410156 0
endloop
endfacet
facet normal 0 0 -1
outer loop
vertex 22.705699920654297 -50.918296813964844 0
vertex 22.533493041992188 -50.514041900634766 0
vertex 22.705699920654297 -50.54829788208008 0
endloop
endfacet
facet normal 0 0 -1
outer loop
vertex 22.533493041992188 -50.952552795410156 0
vertex 22.533493041992188 -50.514041900634766 0
vertex 22.705699920654297 -50.918296813964844 0
endloop
endfacet
facet normal 0 0 -1
outer loop
vertex 22.533493041992188 -50.952552795410156 0
vertex 22.387502670288086 -50.41649627685547 0
vertex 22.533493041992188 -50.514041900634766 0
endloop
endfacet
facet normal 0 0 -1
outer loop
vertex 22.533493041992188 -50.952552795410156 0
vertex 22.289953231811523 -50.270503997802734 0
vertex 22.387502670288086 -50.41649627685547 0
endloop
endfacet
facet normal 0 0 -1
outer loop
vertex 23.023897171020508 -51.68649673461914 0
vertex 21.844898223876953 -55.912105560302734 0
vertex 22.877906799316406 -51.78404235839844 0
endloop
endfacet
facet normal 0 0 -1
outer loop
vertex 22.877906799316406 -51.78404235839844 0
vertex 21.64607810974121 -55.80583572387695 0
vertex 22.705699920654297 -51.81829833984375 0
endloop
endfacet
facet normal 0 0 -1
outer loop
vertex 22.705699920654297 -51.81829833984375 0
vertex 21.43034553527832 -55.740394592285156 0
vertex 22.533493041992188 -51.78404235839844 0
endloop
endfacet
facet normal 0 0 -1
outer loop
vertex 20.765905380249023 -55.80583572387695 0
vertex 22.255699157714844 -51.3682975769043 0
vertex 22.289953231811523 -51.540504455566406 0
endloop
endfacet
facet normal 0 0 -1
outer loop
vertex 20.981637954711914 -55.740394592285156 0
vertex 22.289953231811523 -51.540504455566406 0
vertex 22.387502670288086 -51.68649673461914 0
endloop
endfacet
facet normal 0 0 -1
outer loop
vertex 21.205991744995117 -55.71829605102539 0
vertex 22.387502670288086 -51.68649673461914 0
vertex 22.533493041992188 -51.78404235839844 0
endloop
endfacet
facet normal 0 0 -1
outer loop
vertex 21.844898223876953 -55.912105560302734 0
vertex 23.023897171020508 -51.68649673461914 0
vertex 22.0191650390625 -56.05512619018555 0
endloop
endfacet
facet normal 0 0 -1
outer loop
vertex 21.64607810974121 -55.80583572387695 0
vertex 22.877906799316406 -51.78404235839844 0
vertex 21.844898223876953 -55.912105560302734 0
endloop
endfacet
facet normal 0 0 -1
outer loop
vertex 21.43034553527832 -55.740394592285156 0
vertex 22.705699920654297 -51.81829833984375 0
vertex 21.64607810974121 -55.80583572387695 0
endloop
endfacet
facet normal 0 0 -1
outer loop
vertex 21.205991744995117 -55.71829605102539 0
vertex 22.533493041992188 -51.78404235839844 0
vertex 21.43034553527832 -55.740394592285156 0
endloop
endfacet
facet normal 0 0 -1
outer loop
vertex 21.205991744995117 -55.71829605102539 0
vertex 20.981637954711914 -55.740394592285156 0
vertex 22.387502670288086 -51.68649673461914 0
endloop
endfacet
facet normal 0 0 -1
outer loop
vertex 21.205991744995117 -58.0182991027832 0
vertex 80.68186950683594 -63.7432975769043 0
vertex -17.46988296508789 -63.7432975769043 0
endloop
endfacet
facet normal 0 0 -1
outer loop
vertex 15.10599136352539 -34.81829833984375 0
vertex 15.10599136352539 -34.1182975769043 0
vertex 19.65599250793457 -34.81829833984375 0
endloop
endfacet
facet normal 0 0 -1
outer loop
vertex 22.255699157714844 -41.20829772949219 0
vertex 19.65599250793457 -34.81829833984375 0
vertex 22.289953231811523 -41.03609085083008 0
endloop
endfacet
facet normal 0 0 -1
outer loop
vertex 19.65599250793457 -34.81829833984375 0
vertex 22.255699157714844 -41.20829772949219 0
vertex 22.289953231811523 -41.3805046081543 0
endloop
endfacet
facet normal 0 0 -1
outer loop
vertex 22.255699157714844 -42.47829818725586 0
vertex 19.65599250793457 -34.81829833984375 0
vertex 22.289953231811523 -42.30609130859375 0
endloop
endfacet
facet normal 0 0 -1
outer loop
vertex 22.255699157714844 -42.47829818725586 0
vertex 19.65599250793457 -48.918296813964844 0
vertex 19.65599250793457 -34.81829833984375 0
endloop
endfacet
facet normal 0 0 -1
outer loop
vertex 22.255699157714844 -43.74829864501953 0
vertex 19.65599250793457 -48.918296813964844 0
vertex 22.255699157714844 -42.47829818725586 0
endloop
endfacet
facet normal 0 0 -1
outer loop
vertex 22.255699157714844 -45.0182991027832 0
vertex 19.65599250793457 -48.918296813964844 0
vertex 22.255699157714844 -43.74829864501953 0
endloop
endfacet
facet normal 0 0 -1
outer loop
vertex 19.65599250793457 -48.918296813964844 0
vertex 22.255699157714844 -45.0182991027832 0
vertex 22.289953231811523 -45.19050598144531 0
endloop
endfacet
facet normal 0 0 -1
outer loop
vertex 22.255699157714844 -46.28829574584961 0
vertex 19.65599250793457 -48.918296813964844 0
vertex 22.289953231811523 -46.1160888671875 0
endloop
endfacet
facet normal 0 0 -1
outer loop
vertex 19.65599250793457 -48.918296813964844 0
vertex 22.255699157714844 -46.28829574584961 0
vertex 22.289953231811523 -46.460506439208984 0
endloop
endfacet
facet normal 0 0 -1
outer loop
vertex 22.255699157714844 -47.55829620361328 0
vertex 19.65599250793457 -48.918296813964844 0
vertex 22.289953231811523 -47.38608932495117 0
endloop
endfacet
facet normal 0 0 -1
outer loop
vertex 19.65599250793457 -48.918296813964844 0
vertex 22.255699157714844 -47.55829620361328 0
vertex 22.289953231811523 -47.73050308227539 0
endloop
endfacet
facet normal 0 0 -1
outer loop
vertex 5.5559916496276855 -34.81829833984375 0
vertex 10.10599136352539 -34.1182975769043 0
vertex 10.10599136352539 -34.81829833984375 0
endloop
endfacet
facet normal 0 0 -1
outer loop
vertex 5.5559916496276855 -34.81829833984375 0
vertex 0.6559918522834778 -41.793296813964844 0
vertex 0.6559918522834778 -27.693296432495117 0
endloop
endfacet
facet normal 0 0 -1
outer loop
vertex 4.121737480163574 -41.03609085083008 0
vertex 4.0241899490356445 -40.890098571777344 0
vertex 5.5559916496276855 -34.81829833984375 0
endloop
endfacet
facet normal 0 0 -1
outer loop
vertex 4.0241899490356445 -40.890098571777344 0
vertex 3.878199338912964 -40.79255294799805 0
vertex 5.5559916496276855 -34.81829833984375 0
endloop
endfacet
facet normal 0 0 -1
outer loop
vertex 3.705991744995117 -40.758296966552734 0
vertex 5.5559916496276855 -34.81829833984375 0
vertex 3.878199338912964 -40.79255294799805 0
endloop
endfacet
facet normal 0 0 -1
outer loop
vertex 3.5337843894958496 -40.79255294799805 0
vertex 5.5559916496276855 -34.81829833984375 0
vertex 3.705991744995117 -40.758296966552734 0
endloop
endfacet
facet normal 0 0 -1
outer loop
vertex 3.387793779373169 -40.890098571777344 0
vertex 5.5559916496276855 -34.81829833984375 0
vertex 3.5337843894958496 -40.79255294799805 0
endloop
endfacet
facet normal 0 0 -1
outer loop
vertex 3.387793779373169 -40.890098571777344 0
vertex 3.29024600982666 -41.03609085083008 0
vertex 5.5559916496276855 -34.81829833984375 0
endloop
endfacet
facet normal 0 0 -1
outer loop
vertex 5.5559916496276855 -34.81829833984375 0
vertex 4.155992031097412 -41.20829772949219 0
vertex 4.121737480163574 -41.03609085083008 0
endloop
endfacet
facet normal 0 0 -1
outer loop
vertex 3.29024600982666 -41.03609085083008 0
vertex 0.6559918522834778 -41.793296813964844 0
vertex 5.5559916496276855 -34.81829833984375 0
endloop
endfacet
facet normal 0 0 -1
outer loop
vertex 4.155992031097412 -41.20829772949219 0
vertex 5.5559916496276855 -34.81829833984375 0
vertex 5.5559916496276855 -48.918296813964844 0
endloop
endfacet
facet normal 0 0 -1
outer loop
vertex 4.121737480163574 -41.3805046081543 0
vertex 4.121737480163574 -42.30609130859375 0
vertex 4.0241899490356445 -41.52649688720703 0
endloop
endfacet
facet normal 0 0 -1
outer loop
vertex 4.0241899490356445 -41.52649688720703 0
vertex 4.0241899490356445 -42.160099029541016 0
vertex 3.878199338912964 -41.62404251098633 0
endloop
endfacet
facet normal 0 0 -1
outer loop
vertex 3.878199338912964 -41.62404251098633 0
vertex 3.878199338912964 -42.06254959106445 0
vertex 3.705991744995117 -41.65829849243164 0
endloop
endfacet
facet normal 0 0 -1
outer loop
vertex 3.705991744995117 -41.65829849243164 0
vertex 3.705991744995117 -42.028297424316406 0
vertex 3.5337843894958496 -41.62404251098633 0
endloop
endfacet
facet normal 0 0 -1
outer loop
vertex 3.5337843894958496 -41.62404251098633 0
vertex 3.5337843894958496 -42.06254959106445 0
vertex 3.387793779373169 -41.52649688720703 0
endloop
endfacet
facet normal 0 0 -1
outer loop
vertex 4.121737480163574 -42.30609130859375 0
vertex 4.0241899490356445 -42.160099029541016 0
vertex 4.0241899490356445 -41.52649688720703 0
endloop
endfacet
facet normal 0 0 -1
outer loop
vertex 4.121737480163574 -42.30609130859375 0
vertex 4.121737480163574 -41.3805046081543 0
vertex 4.155992031097412 -42.47829818725586 0
endloop
endfacet
facet normal 0 0 -1
outer loop
vertex 3.878199338912964 -42.06254959106445 0
vertex 3.878199338912964 -41.62404251098633 0
vertex 4.0241899490356445 -42.160099029541016 0
endloop
endfacet
facet normal 0 0 -1
outer loop
vertex 3.705991744995117 -42.028297424316406 0
vertex 3.705991744995117 -41.65829849243164 0
vertex 3.878199338912964 -42.06254959106445 0
endloop
endfacet
facet normal 0 0 -1
outer loop
vertex 3.5337843894958496 -42.06254959106445 0
vertex 3.5337843894958496 -41.62404251098633 0
vertex 3.705991744995117 -42.028297424316406 0
endloop
endfacet
facet normal 0 0 -1
outer loop
vertex 3.387793779373169 -42.160099029541016 0
vertex 3.387793779373169 -41.52649688720703 0
vertex 3.5337843894958496 -42.06254959106445 0
endloop
endfacet
facet normal 0 0 -1
outer loop
vertex 4.121737480163574 -41.3805046081543 0
vertex 4.155992031097412 -41.20829772949219 0
vertex 5.5559916496276855 -48.918296813964844 0
endloop
endfacet
facet normal 0 0 -1
outer loop
vertex 4.155992031097412 -42.47829818725586 0
vertex 4.121737480163574 -41.3805046081543 0
vertex 5.5559916496276855 -48.918296813964844 0
endloop
endfacet
facet normal 0 0 -1
outer loop
vertex 4.121737480163574 -42.65050506591797 0
vertex 4.121737480163574 -43.576087951660156 0
vertex 4.0241899490356445 -42.79649353027344 0
endloop
endfacet
facet normal 0 0 -1
outer loop
vertex 4.0241899490356445 -42.79649353027344 0
vertex 4.0241899490356445 -43.43009948730469 0
vertex 3.878199338912964 -42.89404296875 0
endloop
endfacet
facet normal 0 0 -1
outer loop
vertex 3.878199338912964 -42.89404296875 0
vertex 3.878199338912964 -43.332550048828125 0
vertex 3.705991744995117 -42.92829895019531 0
endloop
endfacet
facet normal 0 0 -1
outer loop
vertex 3.705991744995117 -43.29829788208008 0
vertex 3.5337843894958496 -42.89404296875 0
vertex 3.705991744995117 -42.92829895019531 0
endloop
endfacet
facet normal 0 0 -1
outer loop
vertex 3.705991744995117 -43.29829788208008 0
vertex 3.705991744995117 -42.92829895019531 0
vertex 3.878199338912964 -43.332550048828125 0
endloop
endfacet
facet normal 0 0 -1
outer loop
vertex 4.121737480163574 -43.576087951660156 0
vertex 4.121737480163574 -42.65050506591797 0
vertex 4.155992031097412 -43.74829864501953 0
endloop
endfacet
facet normal 0 0 -1
outer loop
vertex 4.121737480163574 -43.576087951660156 0
vertex 4.0241899490356445 -43.43009948730469 0
vertex 4.0241899490356445 -42.79649353027344 0
endloop
endfacet
facet normal 0 0 -1
outer loop
vertex 3.878199338912964 -43.332550048828125 0
vertex 3.878199338912964 -42.89404296875 0
vertex 4.0241899490356445 -43.43009948730469 0
endloop
endfacet
facet normal 0 0 -1
outer loop
vertex 3.5337843894958496 -42.89404296875 0
vertex 3.5337843894958496 -43.332550048828125 0
vertex 3.387793779373169 -42.79649353027344 0
endloop
endfacet
facet normal 0 0 -1
outer loop
vertex 3.5337843894958496 -43.332550048828125 0
vertex 3.5337843894958496 -42.89404296875 0
vertex 3.705991744995117 -43.29829788208008 0
endloop
endfacet
facet normal 0 0 -1
outer loop
vertex 4.121737480163574 -43.92050552368164 0
vertex 4.121737480163574 -44.84608840942383 0
vertex 4.0241899490356445 -44.06649398803711 0
endloop
endfacet
facet normal 0 0 -1
outer loop
vertex 4.0241899490356445 -44.06649398803711 0
vertex 4.0241899490356445 -44.70009994506836 0
vertex 3.878199338912964 -44.16404342651367 0
endloop
endfacet
facet normal 0 0 -1
outer loop
vertex 4.121737480163574 -44.84608840942383 0
vertex 4.121737480163574 -43.92050552368164 0
vertex 4.155992031097412 -45.0182991027832 0
endloop
endfacet
facet normal 0 0 -1
outer loop
vertex 4.0241899490356445 -44.70009994506836 0
vertex 4.0241899490356445 -44.06649398803711 0
vertex 4.121737480163574 -44.84608840942383 0
endloop
endfacet
facet normal 0 0 -1
outer loop
vertex 3.878199338912964 -44.16404342651367 0
vertex 3.878199338912964 -44.6025505065918 0
vertex 3.705991744995117 -44.19829559326172 0
endloop
endfacet
facet normal 0 0 -1
outer loop
vertex 4.0241899490356445 -44.70009994506836 0
vertex 3.878199338912964 -44.6025505065918 0
vertex 3.878199338912964 -44.16404342651367 0
endloop
endfacet
facet normal 0 0 -1
outer loop
vertex 3.705991744995117 -44.56829833984375 0
vertex 3.705991744995117 -44.19829559326172 0
vertex 3.878199338912964 -44.6025505065918 0
endloop
endfacet
facet normal 0 0 -1
outer loop
vertex 3.5337843894958496 -44.6025505065918 0
vertex 3.705991744995117 -44.19829559326172 0
vertex 3.705991744995117 -44.56829833984375 0
endloop
endfacet
facet normal 0 0 -1
outer loop
vertex 3.5337843894958496 -44.16404342651367 0
vertex 3.5337843894958496 -44.6025505065918 0
vertex 3.387793779373169 -44.06649398803711 0
endloop
endfacet
facet normal 0 0 -1
outer loop
vertex 3.5337843894958496 -44.6025505065918 0
vertex 3.5337843894958496 -44.16404342651367 0
vertex 3.705991744995117 -44.19829559326172 0
endloop
endfacet
facet normal 0 0 -1
outer loop
vertex 3.2559919357299805 -41.20829772949219 0
vertex 0.6559918522834778 -41.793296813964844 0
vertex 3.29024600982666 -41.03609085083008 0
endloop
endfacet
facet normal 0 0 -1
outer loop
vertex 3.29024600982666 -41.3805046081543 0
vertex 0.6559918522834778 -41.793296813964844 0
vertex 3.2559919357299805 -41.20829772949219 0
endloop
endfacet
facet normal 0 0 -1
outer loop
vertex 3.387793779373169 -41.52649688720703 0
vertex 0.6559918522834778 -41.793296813964844 0
vertex 3.29024600982666 -41.3805046081543 0
endloop
endfacet
facet normal 0 0 -1
outer loop
vertex 3.387793779373169 -42.160099029541016 0
vertex 0.6559918522834778 -41.793296813964844 0
vertex 3.387793779373169 -41.52649688720703 0
endloop
endfacet
facet normal 0 0 -1
outer loop
vertex 3.29024600982666 -42.30609130859375 0
vertex 0.6559918522834778 -41.793296813964844 0
vertex 3.387793779373169 -42.160099029541016 0
endloop
endfacet
facet normal 0 0 -1
outer loop
vertex 3.2559919357299805 -42.47829818725586 0
vertex 0.6559918522834778 -41.793296813964844 0
vertex 3.29024600982666 -42.30609130859375 0
endloop
endfacet
facet normal 0 0 -1
outer loop
vertex 3.29024600982666 -42.65050506591797 0
vertex -3.894008159637451 -42.4932975769043 0
vertex 3.2559919357299805 -42.47829818725586 0
endloop
endfacet
facet normal 0 0 -1
outer loop
vertex 3.387793779373169 -42.79649353027344 0
vertex -3.894008159637451 -42.4932975769043 0
vertex 3.29024600982666 -42.65050506591797 0
endloop
endfacet
facet normal 0 0 -1
outer loop
vertex 3.5337843894958496 -43.332550048828125 0
vertex -3.894008159637451 -42.4932975769043 0
vertex 3.387793779373169 -42.79649353027344 0
endloop
endfacet
facet normal 0 0 -1
outer loop
vertex 3.387793779373169 -43.43009948730469 0
vertex -3.894008159637451 -42.4932975769043 0
vertex 3.5337843894958496 -43.332550048828125 0
endloop
endfacet
facet normal 0 0 -1
outer loop
vertex 3.29024600982666 -43.576087951660156 0
vertex -3.894008159637451 -42.4932975769043 0
vertex 3.387793779373169 -43.43009948730469 0
endloop
endfacet
facet normal 0 0 -1
outer loop
vertex 3.2559919357299805 -43.74829864501953 0
vertex -3.894008159637451 -42.4932975769043 0
vertex 3.29024600982666 -43.576087951660156 0
endloop
endfacet
facet normal 0 0 -1
outer loop
vertex 3.29024600982666 -43.92050552368164 0
vertex -3.894008159637451 -42.4932975769043 0
vertex 3.2559919357299805 -43.74829864501953 0
endloop
endfacet
facet normal 0 0 -1
outer loop
vertex 3.387793779373169 -44.06649398803711 0
vertex -3.894008159637451 -42.4932975769043 0
vertex 3.29024600982666 -43.92050552368164 0
endloop
endfacet
facet normal 0 0 -1
outer loop
vertex 3.5337843894958496 -44.6025505065918 0
vertex -3.894008159637451 -42.4932975769043 0
vertex 3.387793779373169 -44.06649398803711 0
endloop
endfacet
facet normal 0 0 -1
outer loop
vertex 3.387793779373169 -44.70009994506836 0
vertex -3.894008159637451 -42.4932975769043 0
vertex 3.5337843894958496 -44.6025505065918 0
endloop
endfacet
facet normal 0 0 -1
outer loop
vertex 3.29024600982666 -44.84608840942383 0
vertex -3.894008159637451 -42.4932975769043 0
vertex 3.387793779373169 -44.70009994506836 0
endloop
endfacet
facet normal 0 0 -1
outer loop
vertex 3.2559919357299805 -45.0182991027832 0
vertex -3.894008159637451 -42.4932975769043 0
vertex 3.29024600982666 -44.84608840942383 0
endloop
endfacet
facet normal 0 0 -1
outer loop
vertex 3.2559919357299805 -46.28829574584961 0
vertex -3.894008159637451 -42.4932975769043 0
vertex 3.2559919357299805 -45.0182991027832 0
endloop
endfacet
facet normal 0 0 -1
outer loop
vertex 4.121737480163574 -42.65050506591797 0
vertex 4.155992031097412 -42.47829818725586 0
vertex 5.5559916496276855 -48.918296813964844 0
endloop
endfacet
facet normal 0 0 -1
outer loop
vertex 4.155992031097412 -43.74829864501953 0
vertex 4.121737480163574 -42.65050506591797 0
vertex 5.5559916496276855 -48.918296813964844 0
endloop
endfacet
facet normal 0 0 -1
outer loop
vertex 4.121737480163574 -43.92050552368164 0
vertex 4.155992031097412 -43.74829864501953 0
vertex 5.5559916496276855 -48.918296813964844 0
endloop
endfacet
facet normal 0 0 -1
outer loop
vertex 4.155992031097412 -45.0182991027832 0
vertex 4.121737480163574 -43.92050552368164 0
vertex 5.5559916496276855 -48.918296813964844 0
endloop
endfacet
facet normal 0 0 -1
outer loop
vertex 4.121737480163574 -45.19050598144531 0
vertex 4.155992031097412 -45.0182991027832 0
vertex 5.5559916496276855 -48.918296813964844 0
endloop
endfacet
facet normal 0 0 -1
outer loop
vertex 4.121737480163574 -45.19050598144531 0
vertex 4.121737480163574 -46.1160888671875 0
vertex 4.0241899490356445 -45.33649444580078 0
endloop
endfacet
facet normal 0 0 -1
outer loop
vertex 4.0241899490356445 -45.33649444580078 0
vertex 4.0241899490356445 -45.97010040283203 0
vertex 3.878199338912964 -45.434043884277344 0
endloop
endfacet
facet normal 0 0 -1
outer loop
vertex 3.878199338912964 -45.434043884277344 0
vertex 3.878199338912964 -45.87255096435547 0
vertex 3.705991744995117 -45.46829605102539 0
endloop
endfacet
facet normal 0 0 -1
outer loop
vertex 3.705991744995117 -45.46829605102539 0
vertex 3.705991744995117 -45.83829879760742 0
vertex 3.5337843894958496 -45.434043884277344 0
endloop
endfacet
facet normal 0 0 -1
outer loop
vertex 3.5337843894958496 -45.434043884277344 0
vertex 3.5337843894958496 -45.87255096435547 0
vertex 3.387793779373169 -45.33649444580078 0
endloop
endfacet
facet normal 0 0 -1
outer loop
vertex 3.29024600982666 -45.19050598144531 0
vertex 3.29024600982666 -46.1160888671875 0
vertex 3.2559919357299805 -45.0182991027832 0
endloop
endfacet
facet normal 0 0 -1
outer loop
vertex 3.387793779373169 -45.33649444580078 0
vertex 3.387793779373169 -45.97010040283203 0
vertex 3.29024600982666 -45.19050598144531 0
endloop
endfacet
facet normal 0 0 -1
outer loop
vertex 4.121737480163574 -46.1160888671875 0
vertex 4.0241899490356445 -45.97010040283203 0
vertex 4.0241899490356445 -45.33649444580078 0
endloop
endfacet
facet normal 0 0 -1
outer loop
vertex 3.878199338912964 -45.87255096435547 0
vertex 3.878199338912964 -45.434043884277344 0
vertex 4.0241899490356445 -45.97010040283203 0
endloop
endfacet
facet normal 0 0 -1
outer loop
vertex 3.878199338912964 -45.87255096435547 0
vertex 3.705991744995117 -45.83829879760742 0
vertex 3.705991744995117 -45.46829605102539 0
endloop
endfacet
facet normal 0 0 -1
outer loop
vertex 3.5337843894958496 -45.87255096435547 0
vertex 3.5337843894958496 -45.434043884277344 0
vertex 3.705991744995117 -45.83829879760742 0
endloop
endfacet
facet normal 0 0 -1
outer loop
vertex 3.387793779373169 -45.97010040283203 0
vertex 3.387793779373169 -45.33649444580078 0
vertex 3.5337843894958496 -45.87255096435547 0
endloop
endfacet
facet normal 0 0 -1
outer loop
vertex 3.29024600982666 -46.1160888671875 0
vertex 3.29024600982666 -45.19050598144531 0
vertex 3.387793779373169 -45.97010040283203 0
endloop
endfacet
facet normal 0 0 -1
outer loop
vertex 3.2559919357299805 -46.28829574584961 0
vertex 3.2559919357299805 -45.0182991027832 0
vertex 3.29024600982666 -46.1160888671875 0
endloop
endfacet
facet normal 0 0 -1
outer loop
vertex 4.121737480163574 -46.1160888671875 0
vertex 4.121737480163574 -45.19050598144531 0
vertex 5.5559916496276855 -48.918296813964844 0
endloop
endfacet
facet normal 0 0 -1
outer loop
vertex 4.155992031097412 -46.28829574584961 0
vertex 4.121737480163574 -46.1160888671875 0
vertex 5.5559916496276855 -48.918296813964844 0
endloop
endfacet
facet normal 0 0 -1
outer loop
vertex 4.121737480163574 -46.460506439208984 0
vertex 4.155992031097412 -46.28829574584961 0
vertex 5.5559916496276855 -48.918296813964844 0
endloop
endfacet
facet normal 0 0 -1
outer loop
vertex 4.121737480163574 -47.38608932495117 0
vertex 4.121737480163574 -46.460506439208984 0
vertex 5.5559916496276855 -48.918296813964844 0
endloop
endfacet
facet normal 0 0 -1
outer loop
vertex 4.155992031097412 -47.55829620361328 0
vertex 4.121737480163574 -47.38608932495117 0
vertex 5.5559916496276855 -48.918296813964844 0
endloop
endfacet
facet normal 0 0 -1
outer loop
vertex 4.121737480163574 -47.73050308227539 0
vertex 4.155992031097412 -47.55829620361328 0
vertex 5.5559916496276855 -48.918296813964844 0
endloop
endfacet
facet normal 0 0 -1
outer loop
vertex 5.5559916496276855 -48.918296813964844 0
vertex 4.121737480163574 -48.656089782714844 0
vertex 4.121737480163574 -47.73050308227539 0
endloop
endfacet
facet normal 0 0 -1
outer loop
vertex 4.121737480163574 -47.38608932495117 0
vertex 4.0241899490356445 -46.60649490356445 0
vertex 4.121737480163574 -46.460506439208984 0
endloop
endfacet
facet normal 0 0 -1
outer loop
vertex 4.0241899490356445 -46.60649490356445 0
vertex 4.0241899490356445 -47.2401008605957 0
vertex 3.878199338912964 -46.704044342041016 0
endloop
endfacet
facet normal 0 0 -1
outer loop
vertex 3.878199338912964 -46.704044342041016 0
vertex 3.878199338912964 -47.14255142211914 0
vertex 3.705991744995117 -46.73829650878906 0
endloop
endfacet
facet normal 0 0 -1
outer loop
vertex 3.878199338912964 -47.14255142211914 0
vertex 3.878199338912964 -46.704044342041016 0
vertex 4.0241899490356445 -47.2401008605957 0
endloop
endfacet
facet normal 0 0 -1
outer loop
vertex 3.705991744995117 -47.10829544067383 0
vertex 3.5337843894958496 -46.704044342041016 0
vertex 3.705991744995117 -46.73829650878906 0
endloop
endfacet
facet normal 0 0 -1
outer loop
vertex 3.705991744995117 -47.10829544067383 0
vertex 3.705991744995117 -46.73829650878906 0
vertex 3.878199338912964 -47.14255142211914 0
endloop
endfacet
facet normal 0 0 -1
outer loop
vertex 4.121737480163574 -47.38608932495117 0
vertex 4.0241899490356445 -47.2401008605957 0
vertex 4.0241899490356445 -46.60649490356445 0
endloop
endfacet
facet normal 0 0 -1
outer loop
vertex 3.387793779373169 -46.60649490356445 0
vertex 3.387793779373169 -47.2401008605957 0
vertex 3.29024600982666 -46.460506439208984 0
endloop
endfacet
facet normal 0 0 -1
outer loop
vertex 3.5337843894958496 -46.704044342041016 0
vertex 3.5337843894958496 -47.14255142211914 0
vertex 3.387793779373169 -46.60649490356445 0
endloop
endfacet
facet normal 0 0 -1
outer loop
vertex 3.5337843894958496 -47.14255142211914 0
vertex 3.5337843894958496 -46.704044342041016 0
vertex 3.705991744995117 -47.10829544067383 0
endloop
endfacet
facet normal 0 0 -1
outer loop
vertex 3.387793779373169 -47.2401008605957 0
vertex 3.387793779373169 -46.60649490356445 0
vertex 3.5337843894958496 -47.14255142211914 0
endloop
endfacet
facet normal 0 0 -1
outer loop
vertex 5.5559916496276855 -34.81829833984375 0
vertex 0.6559918522834778 -27.693296432495117 0
vertex 5.5559916496276855 -29.918296813964844 0
endloop
endfacet
facet normal 0 0 -1
outer loop
vertex 5.5559916496276855 -29.918296813964844 0
vertex 0.6559918522834778 -27.693296432495117 0
vertex 0.6559918522834778 -22.793296813964844 0
endloop
endfacet
facet normal 0 0 -1
outer loop
vertex 10.10599136352539 -34.1182975769043 0
vertex 5.5559916496276855 -34.81829833984375 0
vertex 5.5559916496276855 -29.918296813964844 0
endloop
endfacet
facet normal 0 0 -1
outer loop
vertex 10.10599136352539 -34.1182975769043 0
vertex 5.5559916496276855 -29.918296813964844 0
vertex 10.10599136352539 -30.618297576904297 0
endloop
endfacet
facet normal 0 0 -1
outer loop
vertex 10.10599136352539 -30.618297576904297 0
vertex 5.5559916496276855 -29.918296813964844 0
vertex 10.10599136352539 -29.918296813964844 0
endloop
endfacet
facet normal 0 0 -1
outer loop
vertex 5.5559916496276855 -29.918296813964844 0
vertex 0.6559918522834778 -22.793296813964844 0
vertex 5.5559916496276855 -15.818297386169434 0
endloop
endfacet
facet normal 0 0 -1
outer loop
vertex 5.5559916496276855 -15.818297386169434 0
vertex 0.6559918522834778 -22.793296813964844 0
vertex 0.6559918522834778 -17.59824562072754 0
endloop
endfacet
facet normal 0 0 -1
outer loop
vertex 15.10599136352539 -34.1182975769043 0
vertex 10.10599136352539 -34.1182975769043 0
vertex 10.10599136352539 -30.618297576904297 0
endloop
endfacet
facet normal 0 0 -1
outer loop
vertex 15.10599136352539 -34.1182975769043 0
vertex 10.10599136352539 -30.618297576904297 0
vertex 15.10599136352539 -30.618297576904297 0
endloop
endfacet
facet normal 0 0 -1
outer loop
vertex 19.65599250793457 -34.81829833984375 0
vertex 15.10599136352539 -34.1182975769043 0
vertex 15.10599136352539 -30.618297576904297 0
endloop
endfacet
facet normal 0 0 -1
outer loop
vertex 19.65599250793457 -34.81829833984375 0
vertex 15.10599136352539 -30.618297576904297 0
vertex 19.65599250793457 -29.918296813964844 0
endloop
endfacet
facet normal 0 0 -1
outer loop
vertex 19.65599250793457 -29.918296813964844 0
vertex 15.10599136352539 -30.618297576904297 0
vertex 15.10599136352539 -29.918296813964844 0
endloop
endfacet
facet normal 0 0 -1
outer loop
vertex 24.555992126464844 -34.81829833984375 0
vertex 19.65599250793457 -34.81829833984375 0
vertex 19.65599250793457 -29.918296813964844 0
endloop
endfacet
facet normal 0 0 -1
outer loop
vertex 19.65599250793457 -29.918296813964844 0
vertex 19.65599250793457 -15.818297386169434 0
vertex 24.555992126464844 -15.818297386169434 0
endloop
endfacet
facet normal 0 0 -1
outer loop
vertex 3.29024600982666 -47.38608932495117 0
vertex 3.29024600982666 -46.460506439208984 0
vertex 3.387793779373169 -47.2401008605957 0
endloop
endfacet
facet normal 0 0 -1
outer loop
vertex 3.29024600982666 -46.460506439208984 0
vertex 3.2559919357299805 -47.55829620361328 0
vertex 3.2559919357299805 -46.28829574584961 0
endloop
endfacet
facet normal 0 0 -1
outer loop
vertex 3.2559919357299805 -47.55829620361328 0
vertex 3.29024600982666 -46.460506439208984 0
vertex 3.29024600982666 -47.38608932495117 0
endloop
endfacet
facet normal 0 0 -1
outer loop
vertex 4.121737480163574 -48.656089782714844 0
vertex 4.0241899490356445 -47.876495361328125 0
vertex 4.121737480163574 -47.73050308227539 0
endloop
endfacet
facet normal 0 0 -1
outer loop
vertex 4.0241899490356445 -47.876495361328125 0
vertex 4.0241899490356445 -48.51009750366211 0
vertex 3.878199338912964 -47.97404479980469 0
endloop
endfacet
facet normal 0 0 -1
outer loop
vertex 5.5559916496276855 -15.818297386169434 0
vertex 0.6559918522834778 -17.59824562072754 0
vertex 10.10599136352539 -10.918296813964844 0
endloop
endfacet
facet normal 0 0 -1
outer loop
vertex 0.6559918522834778 -17.59824562072754 0
vertex 0.6559918522834778 -8.693297386169434 0
vertex 5.5559916496276855 -10.918296813964844 0
endloop
endfacet
facet normal 0 0 -1
outer loop
vertex 10.10599136352539 -10.918296813964844 0
vertex 0.6559918522834778 -17.59824562072754 0
vertex 5.5559916496276855 -10.918296813964844 0
endloop
endfacet
facet normal 0 0 -1
outer loop
vertex 5.5559916496276855 -15.818297386169434 0
vertex 10.10599136352539 -15.118297576904297 0
vertex 10.10599136352539 -15.818297386169434 0
endloop
endfacet
facet normal 0 0 -1
outer loop
vertex 10.10599136352539 -15.118297576904297 0
vertex 5.5559916496276855 -15.818297386169434 0
vertex 10.10599136352539 -11.618297576904297 0
endloop
endfacet
facet normal 0 0 -1
outer loop
vertex 10.10599136352539 -11.618297576904297 0
vertex 5.5559916496276855 -15.818297386169434 0
vertex 10.10599136352539 -10.918296813964844 0
endloop
endfacet
facet normal 0 0 -1
outer loop
vertex 0.6559918522834778 -8.693297386169434 0
vertex 0.6559918522834778 -3.793297290802002 0
vertex 5.5559916496276855 -10.918296813964844 0
endloop
endfacet
facet normal 0 0 -1
outer loop
vertex 10.10599136352539 -15.118297576904297 0
vertex 10.10599136352539 -11.618297576904297 0
vertex 15.10599136352539 -15.118297576904297 0
endloop
endfacet
facet normal 0 0 -1
outer loop
vertex 15.10599136352539 -15.118297576904297 0
vertex 10.10599136352539 -11.618297576904297 0
vertex 15.10599136352539 -11.618297576904297 0
endloop
endfacet
facet normal 0 0 -1
outer loop
vertex 15.10599136352539 -15.818297386169434 0
vertex 15.10599136352539 -15.118297576904297 0
vertex 19.65599250793457 -15.818297386169434 0
endloop
endfacet
facet normal 0 0 -1
outer loop
vertex 19.65599250793457 -15.818297386169434 0
vertex 15.10599136352539 -15.118297576904297 0
vertex 15.10599136352539 -11.618297576904297 0
endloop
endfacet
facet normal 0 0 -1
outer loop
vertex 24.555992126464844 -15.818297386169434 0
vertex 19.65599250793457 -15.818297386169434 0
vertex 19.65599250793457 -10.918296813964844 0
endloop
endfacet
facet normal 0 0 -1
outer loop
vertex 19.65599250793457 -15.818297386169434 0
vertex 15.10599136352539 -11.618297576904297 0
vertex 19.65599250793457 -10.918296813964844 0
endloop
endfacet
facet normal 0 0 -1
outer loop
vertex 19.65599250793457 -10.918296813964844 0
vertex 15.10599136352539 -11.618297576904297 0
vertex 15.10599136352539 -10.918296813964844 0
endloop
endfacet
facet normal 0 0 -1
outer loop
vertex 4.121737480163574 -48.656089782714844 0
vertex 4.0241899490356445 -48.51009750366211 0
vertex 4.0241899490356445 -47.876495361328125 0
endloop
endfacet
facet normal 0 0 -1
outer loop
vertex 3.878199338912964 -47.97404479980469 0
vertex 3.878199338912964 -48.41255187988281 0
vertex 3.705991744995117 -48.008296966552734 0
endloop
endfacet
facet normal 0 0 -1
outer loop
vertex 3.705991744995117 -48.3782958984375 0
vertex 3.5337843894958496 -47.97404479980469 0
vertex 3.705991744995117 -48.008296966552734 0
endloop
endfacet
facet normal 0 0 -1
outer loop
vertex 4.0241899490356445 -48.51009750366211 0
vertex 3.878199338912964 -48.41255187988281 0
vertex 3.878199338912964 -47.97404479980469 0
endloop
endfacet
facet normal 0 0 -1
outer loop
vertex 3.705991744995117 -48.3782958984375 0
vertex 3.705991744995117 -48.008296966552734 0
vertex 3.878199338912964 -48.41255187988281 0
endloop
endfacet
facet normal 0 0 -1
outer loop
vertex 3.29024600982666 -47.73050308227539 0
vertex 3.29024600982666 -48.656089782714844 0
vertex 3.2559919357299805 -47.55829620361328 0
endloop
endfacet
facet normal 0 0 -1
outer loop
vertex 3.5337843894958496 -47.97404479980469 0
vertex 3.5337843894958496 -48.41255187988281 0
vertex 3.387793779373169 -47.876495361328125 0
endloop
endfacet
facet normal 0 0 -1
outer loop
vertex 3.387793779373169 -47.876495361328125 0
vertex 3.387793779373169 -48.51009750366211 0
vertex 3.29024600982666 -47.73050308227539 0
endloop
endfacet
facet normal 0 0 -1
outer loop
vertex 3.5337843894958496 -48.41255187988281 0
vertex 3.5337843894958496 -47.97404479980469 0
vertex 3.705991744995117 -48.3782958984375 0
endloop
endfacet
facet normal 0 0 -1
outer loop
vertex 3.387793779373169 -48.51009750366211 0
vertex 3.387793779373169 -47.876495361328125 0
vertex 3.5337843894958496 -48.41255187988281 0
endloop
endfacet
facet normal 0 0 -1
outer loop
vertex 24.555992126464844 -34.81829833984375 0
vertex 19.65599250793457 -29.918296813964844 0
vertex 24.555992126464844 -29.918296813964844 0
endloop
endfacet
facet normal 0 0 -1
outer loop
vertex 29.10599136352539 -34.1182975769043 0
vertex 24.555992126464844 -34.81829833984375 0
vertex 24.555992126464844 -29.918296813964844 0
endloop
endfacet
facet normal 0 0 -1
outer loop
vertex 29.10599136352539 -34.1182975769043 0
vertex 24.555992126464844 -29.918296813964844 0
vertex 29.10599136352539 -30.618297576904297 0
endloop
endfacet
facet normal 0 0 -1
outer loop
vertex 29.10599136352539 -30.618297576904297 0
vertex 24.555992126464844 -29.918296813964844 0
vertex 29.10599136352539 -29.918296813964844 0
endloop
endfacet
facet normal 0 0 -1
outer loop
vertex 34.10599136352539 -34.1182975769043 0
vertex 29.10599136352539 -34.1182975769043 0
vertex 29.10599136352539 -30.618297576904297 0
endloop
endfacet
facet normal 0 0 -1
outer loop
vertex 24.555992126464844 -29.918296813964844 0
vertex 19.65599250793457 -29.918296813964844 0
vertex 24.555992126464844 -15.818297386169434 0
endloop
endfacet
facet normal 0 0 -1
outer loop
vertex 34.10599136352539 -34.1182975769043 0
vertex 29.10599136352539 -30.618297576904297 0
vertex 34.10599136352539 -30.618297576904297 0
endloop
endfacet
facet normal 0 0 -1
outer loop
vertex 38.65599060058594 -34.81829833984375 0
vertex 34.10599136352539 -34.1182975769043 0
vertex 34.10599136352539 -30.618297576904297 0
endloop
endfacet
facet normal 0 0 -1
outer loop
vertex 38.65599060058594 -34.81829833984375 0
vertex 34.10599136352539 -30.618297576904297 0
vertex 38.65599060058594 -29.918296813964844 0
endloop
endfacet
facet normal 0 0 -1
outer loop
vertex 38.65599060058594 -29.918296813964844 0
vertex 34.10599136352539 -30.618297576904297 0
vertex 34.10599136352539 -29.918296813964844 0
endloop
endfacet
facet normal 0 0 -1
outer loop
vertex 43.555992126464844 -34.81829833984375 0
vertex 38.65599060058594 -34.81829833984375 0
vertex 38.65599060058594 -29.918296813964844 0
endloop
endfacet
facet normal 0 0 -1
outer loop
vertex 43.555992126464844 -34.81829833984375 0
vertex 38.65599060058594 -29.918296813964844 0
vertex 43.555992126464844 -29.918296813964844 0
endloop
endfacet
facet normal 0 0 -1
outer loop
vertex 43.555992126464844 -29.918296813964844 0
vertex 38.65599060058594 -29.918296813964844 0
vertex 38.65599060058594 -15.818297386169434 0
endloop
endfacet
facet normal 0 0 -1
outer loop
vertex 43.555992126464844 -29.918296813964844 0
vertex 38.65599060058594 -15.818297386169434 0
vertex 38.65599060058594 -10.918296813964844 0
endloop
endfacet
facet normal 0 0 -1
outer loop
vertex 3.387793779373169 -48.51009750366211 0
vertex 3.29024600982666 -48.656089782714844 0
vertex 3.29024600982666 -47.73050308227539 0
endloop
endfacet
facet normal 0 0 -1
outer loop
vertex 3.29024600982666 -48.656089782714844 0
vertex 3.2559919357299805 -48.82829666137695 0
vertex 3.2559919357299805 -47.55829620361328 0
endloop
endfacet
facet normal 0 0 -1
outer loop
vertex 3.2559919357299805 -47.55829620361328 0
vertex -3.894008159637451 -42.4932975769043 0
vertex 3.2559919357299805 -46.28829574584961 0
endloop
endfacet
facet normal 0 0 -1
outer loop
vertex 3.2559919357299805 -48.82829666137695 0
vertex -3.894008159637451 -42.4932975769043 0
vertex 3.2559919357299805 -47.55829620361328 0
endloop
endfacet
facet normal 0 0 -1
outer loop
vertex 3.2559919357299805 -48.82829666137695 0
vertex 3.2559919357299805 -50.098297119140625 0
vertex -3.894008159637451 -42.4932975769043 0
endloop
endfacet
facet normal 0 0 -1
outer loop
vertex 24.555992126464844 -15.818297386169434 0
vertex 19.65599250793457 -10.918296813964844 0
vertex 24.555992126464844 -10.918296813964844 0
endloop
endfacet
facet normal 0 0 -1
outer loop
vertex 24.555992126464844 -10.918296813964844 0
vertex 29.10599136352539 -15.118297576904297 0
vertex 24.555992126464844 -15.818297386169434 0
endloop
endfacet
facet normal 0 0 -1
outer loop
vertex 24.555992126464844 -15.818297386169434 0
vertex 29.10599136352539 -15.118297576904297 0
vertex 29.10599136352539 -15.818297386169434 0
endloop
endfacet
facet normal 0 0 -1
outer loop
vertex 29.10599136352539 -15.118297576904297 0
vertex 24.555992126464844 -10.918296813964844 0
vertex 29.10599136352539 -11.618297576904297 0
endloop
endfacet
facet normal 0 0 -1
outer loop
vertex 29.10599136352539 -11.618297576904297 0
vertex 24.555992126464844 -10.918296813964844 0
vertex 29.10599136352539 -10.918296813964844 0
endloop
endfacet
facet normal 0 0 -1
outer loop
vertex 29.10599136352539 -11.618297576904297 0
vertex 34.10599136352539 -15.118297576904297 0
vertex 29.10599136352539 -15.118297576904297 0
endloop
endfacet
facet normal 0 0 -1
outer loop
vertex 24.555992126464844 -10.918296813964844 0
vertex 19.65599250793457 -10.918296813964844 0
vertex 24.555992126464844 3.1817028522491455 0
endloop
endfacet
facet normal 0 0 -1
outer loop
vertex 38.65599060058594 -10.918296813964844 0
vertex 38.65599060058594 -15.818297386169434 0
vertex 34.10599136352539 -15.818297386169434 0
endloop
endfacet
facet normal 0 0 -1
outer loop
vertex 34.10599136352539 -15.118297576904297 0
vertex 29.10599136352539 -11.618297576904297 0
vertex 34.10599136352539 -11.618297576904297 0
endloop
endfacet
facet normal 0 0 -1
outer loop
vertex 38.65599060058594 -10.918296813964844 0
vertex 34.10599136352539 -15.818297386169434 0
vertex 34.10599136352539 -15.118297576904297 0
endloop
endfacet
facet normal 0 0 -1
outer loop
vertex 38.65599060058594 -10.918296813964844 0
vertex 34.10599136352539 -15.118297576904297 0
vertex 34.10599136352539 -11.618297576904297 0
endloop
endfacet
facet normal 0 0 -1
outer loop
vertex 38.65599060058594 -10.918296813964844 0
vertex 34.10599136352539 -11.618297576904297 0
vertex 34.10599136352539 -10.918296813964844 0
endloop
endfacet
facet normal 0 0 -1
outer loop
vertex 43.555992126464844 -29.918296813964844 0
vertex 38.65599060058594 3.1817028522491455 0
vertex 43.555992126464844 -15.818297386169434 0
endloop
endfacet
facet normal 0 0 -1
outer loop
vertex 43.555992126464844 -29.918296813964844 0
vertex 38.65599060058594 -10.918296813964844 0
vertex 38.65599060058594 3.1817028522491455 0
endloop
endfacet
facet normal 0 0 -1
outer loop
vertex 43.555992126464844 -15.818297386169434 0
vertex 38.65599060058594 3.1817028522491455 0
vertex 43.555992126464844 -10.918296813964844 0
endloop
endfacet
facet normal 0 0 -1
outer loop
vertex 3.2559919357299805 -51.3682975769043 0
vertex -3.894008159637451 -42.4932975769043 0
vertex 3.2559919357299805 -50.098297119140625 0
endloop
endfacet
facet normal 0 0 -1
outer loop
vertex 22.255699157714844 -48.82829666137695 0
vertex 19.65599250793457 -48.918296813964844 0
vertex 22.289953231811523 -48.656089782714844 0
endloop
endfacet
facet normal 0 0 -1
outer loop
vertex 19.65599250793457 -48.918296813964844 0
vertex 22.255699157714844 -48.82829666137695 0
vertex 22.289953231811523 -49.00050354003906 0
endloop
endfacet
facet normal 0 0 -1
outer loop
vertex 22.533493041992188 -49.244041442871094 0
vertex 15.10599136352539 -49.6182975769043 0
vertex 19.65599250793457 -48.918296813964844 0
endloop
endfacet
facet normal 0 0 -1
outer loop
vertex 22.533493041992188 -49.682552337646484 0
vertex 15.10599136352539 -49.6182975769043 0
vertex 22.533493041992188 -49.244041442871094 0
endloop
endfacet
facet normal 0 0 -1
outer loop
vertex 15.10599136352539 -49.6182975769043 0
vertex 15.10599136352539 -48.918296813964844 0
vertex 19.65599250793457 -48.918296813964844 0
endloop
endfacet
facet normal 0 0 -1
outer loop
vertex 22.387502670288086 -49.78009796142578 0
vertex 4.121737480163574 -49.926090240478516 0
vertex 22.533493041992188 -49.682552337646484 0
endloop
endfacet
facet normal 0 0 -1
outer loop
vertex 22.289953231811523 -49.926090240478516 0
vertex 4.121737480163574 -49.926090240478516 0
vertex 22.387502670288086 -49.78009796142578 0
endloop
endfacet
facet normal 0 0 -1
outer loop
vertex 22.255699157714844 -50.098297119140625 0
vertex 4.121737480163574 -49.926090240478516 0
vertex 22.289953231811523 -49.926090240478516 0
endloop
endfacet
facet normal 0 0 -1
outer loop
vertex 22.289953231811523 -50.270503997802734 0
vertex 4.121737480163574 -50.270503997802734 0
vertex 22.255699157714844 -50.098297119140625 0
endloop
endfacet
facet normal 0 0 -1
outer loop
vertex 22.533493041992188 -50.952552795410156 0
vertex 4.121737480163574 -50.270503997802734 0
vertex 22.289953231811523 -50.270503997802734 0
endloop
endfacet
facet normal 0 0 -1
outer loop
vertex 22.387502670288086 -51.05009841918945 0
vertex 4.121737480163574 -51.19609069824219 0
vertex 22.533493041992188 -50.952552795410156 0
endloop
endfacet
facet normal 0 0 -1
outer loop
vertex 22.289953231811523 -51.19609069824219 0
vertex 4.121737480163574 -51.19609069824219 0
vertex 22.387502670288086 -51.05009841918945 0
endloop
endfacet
facet normal 0 0 -1
outer loop
vertex 22.255699157714844 -51.3682975769043 0
vertex 4.121737480163574 -51.19609069824219 0
vertex 22.289953231811523 -51.19609069824219 0
endloop
endfacet
facet normal 0 0 -1
outer loop
vertex 20.981637954711914 -55.740394592285156 0
vertex 20.765905380249023 -55.80583572387695 0
vertex 22.289953231811523 -51.540504455566406 0
endloop
endfacet
facet normal 0 0 -1
outer loop
vertex 22.533493041992188 -49.682552337646484 0
vertex 10.10599136352539 -49.6182975769043 0
vertex 15.10599136352539 -49.6182975769043 0
endloop
endfacet
facet normal 0 0 -1
outer loop
vertex 4.121737480163574 -49.926090240478516 0
vertex 10.10599136352539 -49.6182975769043 0
vertex 22.533493041992188 -49.682552337646484 0
endloop
endfacet
facet normal 0 0 -1
outer loop
vertex 4.155992031097412 -51.3682975769043 0
vertex 22.255699157714844 -51.3682975769043 0
vertex 20.765905380249023 -55.80583572387695 0
endloop
endfacet
facet normal 0 0 -1
outer loop
vertex 4.155992031097412 -51.3682975769043 0
vertex 20.765905380249023 -55.80583572387695 0
vertex 20.56708526611328 -55.912105560302734 0
endloop
endfacet
facet normal 0 0 -1
outer loop
vertex 4.155992031097412 -51.3682975769043 0
vertex 20.56708526611328 -55.912105560302734 0
vertex 20.392818450927734 -56.05512619018555 0
endloop
endfacet
facet normal 0 0 -1
outer loop
vertex 20.249801635742188 -56.229393005371094 0
vertex 4.155992031097412 -51.3682975769043 0
vertex 20.392818450927734 -56.05512619018555 0
endloop
endfacet
facet normal 0 0 -1
outer loop
vertex 20.143529891967773 -56.4282112121582 0
vertex 4.121737480163574 -51.540504455566406 0
vertex 20.249801635742188 -56.229393005371094 0
endloop
endfacet
facet normal 0 0 -1
outer loop
vertex 20.143529891967773 -56.4282112121582 0
vertex 20.078088760375977 -56.643943786621094 0
vertex 4.121737480163574 -51.540504455566406 0
endloop
endfacet
facet normal 0 0 -1
outer loop
vertex 20.078088760375977 -56.643943786621094 0
vertex 20.055992126464844 -56.8682975769043 0
vertex 4.121737480163574 -51.540504455566406 0
endloop
endfacet
facet normal 0 0 -1
outer loop
vertex 20.055992126464844 -56.8682975769043 0
vertex 20.078088760375977 -57.0926513671875 0
vertex 3.5337843894958496 -51.78404235839844 0
endloop
endfacet
facet normal 0 0 -1
outer loop
vertex 22.255699157714844 -50.098297119140625 0
vertex 4.155992031097412 -50.098297119140625 0
vertex 4.121737480163574 -49.926090240478516 0
endloop
endfacet
facet normal 0 0 -1
outer loop
vertex 4.121737480163574 -50.270503997802734 0
vertex 4.155992031097412 -50.098297119140625 0
vertex 22.255699157714844 -50.098297119140625 0
endloop
endfacet
facet normal 0 0 -1
outer loop
vertex 10.10599136352539 -49.6182975769043 0
vertex 5.5559916496276855 -48.918296813964844 0
vertex 10.10599136352539 -48.918296813964844 0
endloop
endfacet
facet normal 0 0 -1
outer loop
vertex 4.121737480163574 -51.19609069824219 0
vertex 4.121737480163574 -50.270503997802734 0
vertex 22.533493041992188 -50.952552795410156 0
endloop
endfacet
facet normal 0 0 -1
outer loop
vertex 4.155992031097412 -51.3682975769043 0
vertex 4.121737480163574 -51.19609069824219 0
vertex 22.255699157714844 -51.3682975769043 0
endloop
endfacet
facet normal 0 0 -1
outer loop
vertex 4.121737480163574 -49.926090240478516 0
vertex 5.5559916496276855 -48.918296813964844 0
vertex 10.10599136352539 -49.6182975769043 0
endloop
endfacet
facet normal 0 0 -1
outer loop
vertex 4.155992031097412 -51.3682975769043 0
vertex 20.249801635742188 -56.229393005371094 0
vertex 4.121737480163574 -51.540504455566406 0
endloop
endfacet
facet normal 0 0 -1
outer loop
vertex 20.055992126464844 -56.8682975769043 0
vertex 4.0241899490356445 -51.68649673461914 0
vertex 4.121737480163574 -51.540504455566406 0
endloop
endfacet
facet normal 0 0 -1
outer loop
vertex 20.055992126464844 -56.8682975769043 0
vertex 3.878199338912964 -51.78404235839844 0
vertex 4.0241899490356445 -51.68649673461914 0
endloop
endfacet
facet normal 0 0 -1
outer loop
vertex 20.055992126464844 -56.8682975769043 0
vertex 3.705991744995117 -51.81829833984375 0
vertex 3.878199338912964 -51.78404235839844 0
endloop
endfacet
facet normal 0 0 -1
outer loop
vertex 20.055992126464844 -56.8682975769043 0
vertex 3.5337843894958496 -51.78404235839844 0
vertex 3.705991744995117 -51.81829833984375 0
endloop
endfacet
facet normal 0 0 -1
outer loop
vertex 5.5559916496276855 -48.918296813964844 0
vertex 4.155992031097412 -48.82829666137695 0
vertex 4.121737480163574 -48.656089782714844 0
endloop
endfacet
facet normal 0 0 -1
outer loop
vertex 80.68186950683594 -63.7432975769043 0
vertex 22.877906799316406 -49.682552337646484 0
vertex 29.10599136352539 -49.6182975769043 0
endloop
endfacet
facet normal 0 0 -1
outer loop
vertex 43.555992126464844 -48.918296813964844 0
vertex 48.10599136352539 -48.918296813964844 0
vertex 48.10599136352539 -49.6182975769043 0
endloop
endfacet
facet normal 0 0 -1
outer loop
vertex 80.68186950683594 -63.7432975769043 0
vertex 29.10599136352539 -49.6182975769043 0
vertex 34.10599136352539 -49.6182975769043 0
endloop
endfacet
facet normal 0 0 -1
outer loop
vertex 80.68186950683594 -63.7432975769043 0
vertex 34.10599136352539 -49.6182975769043 0
vertex 38.65599060058594 -48.918296813964844 0
endloop
endfacet
facet normal 0 0 -1
outer loop
vertex 80.68186950683594 -63.7432975769043 0
vertex 38.65599060058594 -48.918296813964844 0
vertex 43.555992126464844 -48.918296813964844 0
endloop
endfacet
facet normal 0 0 -1
outer loop
vertex 80.68186950683594 -63.7432975769043 0
vertex 43.555992126464844 -48.918296813964844 0
vertex 48.10599136352539 -49.6182975769043 0
endloop
endfacet
facet normal 0 0 -1
outer loop
vertex 53.10599136352539 -49.6182975769043 0
vertex 53.10599136352539 -48.918296813964844 0
vertex 57.65599060058594 -48.918296813964844 0
endloop
endfacet
facet normal 0 0 -1
outer loop
vertex 80.68186950683594 -63.7432975769043 0
vertex 48.10599136352539 -49.6182975769043 0
vertex 53.10599136352539 -49.6182975769043 0
endloop
endfacet
facet normal 0 0 -1
outer loop
vertex 5.5559916496276855 -48.918296813964844 0
vertex 4.121737480163574 -49.00050354003906 0
vertex 4.155992031097412 -48.82829666137695 0
endloop
endfacet
facet normal 0 0 -1
outer loop
vertex 4.121737480163574 -49.926090240478516 0
vertex 4.121737480163574 -49.00050354003906 0
vertex 5.5559916496276855 -48.918296813964844 0
endloop
endfacet
facet normal 0 0 -1
outer loop
vertex 4.121737480163574 -49.926090240478516 0
vertex 4.0241899490356445 -49.1464958190918 0
vertex 4.121737480163574 -49.00050354003906 0
endloop
endfacet
facet normal 0 0 -1
outer loop
vertex 4.0241899490356445 -49.1464958190918 0
vertex 4.0241899490356445 -49.78009796142578 0
vertex 3.878199338912964 -49.244041442871094 0
endloop
endfacet
facet normal 0 0 -1
outer loop
vertex 3.878199338912964 -49.244041442871094 0
vertex 3.878199338912964 -49.682552337646484 0
vertex 3.705991744995117 -49.278297424316406 0
endloop
endfacet
facet normal 0 0 -1
outer loop
vertex 43.555992126464844 -34.81829833984375 0
vertex 48.10599136352539 -34.1182975769043 0
vertex 48.10599136352539 -34.81829833984375 0
endloop
endfacet
facet normal 0 0 -1
outer loop
vertex 57.65599060058594 -48.918296813964844 0
vertex 57.65599060058594 -34.81829833984375 0
vertex 62.555992126464844 -41.793296813964844 0
endloop
endfacet
facet normal 0 0 -1
outer loop
vertex 53.10599136352539 -34.81829833984375 0
vertex 53.10599136352539 -34.1182975769043 0
vertex 57.65599060058594 -34.81829833984375 0
endloop
endfacet
facet normal 0 0 -1
outer loop
vertex 57.65599060058594 -34.81829833984375 0
vertex 57.65599060058594 -29.918296813964844 0
vertex 62.555992126464844 -41.793296813964844 0
endloop
endfacet
facet normal 0 0 -1
outer loop
vertex 3.705991744995117 -49.278297424316406 0
vertex 3.5337843894958496 -49.682552337646484 0
vertex 3.5337843894958496 -49.244041442871094 0
endloop
endfacet
facet normal 0 0 -1
outer loop
vertex 3.5337843894958496 -49.682552337646484 0
vertex 3.387793779373169 -49.1464958190918 0
vertex 3.5337843894958496 -49.244041442871094 0
endloop
endfacet
facet normal 0 0 -1
outer loop
vertex 3.29024600982666 -49.00050354003906 0
vertex 3.29024600982666 -49.926090240478516 0
vertex 3.2559919357299805 -48.82829666137695 0
endloop
endfacet
facet normal 0 0 -1
outer loop
vertex 3.387793779373169 -49.1464958190918 0
vertex 3.387793779373169 -49.78009796142578 0
vertex 3.29024600982666 -49.00050354003906 0
endloop
endfacet
facet normal 0 0 -1
outer loop
vertex 4.121737480163574 -49.926090240478516 0
vertex 4.0241899490356445 -49.78009796142578 0
vertex 4.0241899490356445 -49.1464958190918 0
endloop
endfacet
facet normal 0 0 -1
outer loop
vertex 57.65599060058594 -48.918296813964844 0
vertex 81.52721405029297 -63.39314270019531 0
vertex 80.68186950683594 -63.7432975769043 0
endloop
endfacet
facet normal 0 0 -1
outer loop
vertex 80.68186950683594 -63.7432975769043 0
vertex 53.10599136352539 -49.6182975769043 0
vertex 57.65599060058594 -48.918296813964844 0
endloop
endfacet
facet normal 0 0 -1
outer loop
vertex 81.52721405029297 -63.39314270019531 0
vertex 57.65599060058594 -48.918296813964844 0
vertex 62.555992126464844 -41.793296813964844 0
endloop
endfacet
facet normal 0 0 -1
outer loop
vertex 67.10599517822266 -42.4932975769043 0
vertex 72.10599517822266 -42.4932975769043 0
vertex 82.80599212646484 -60.458412170410156 0
endloop
endfacet
facet normal 0 0 -1
outer loop
vertex 82.80599212646484 -60.458412170410156 0
vertex 84.0483169555664 -60.458412170410156 0
vertex 81.52721405029297 -63.39314270019531 0
endloop
endfacet
facet normal 0 0 -1
outer loop
vertex 81.52721405029297 -63.39314270019531 0
vertex 84.0483169555664 -60.458412170410156 0
vertex 83.7558364868164 -61.164520263671875 0
endloop
endfacet
facet normal 0 0 1
outer loop
vertex 57.65599060058594 14.052396774291992 5
vertex 76.65599060058594 10.306702613830566 5
vertex 82.80599212646484 14.283329963684082 5
endloop
endfacet
facet normal 0.9238791069161851 -0.38268445984094035 0
outer loop
vertex 83.7558364868164 -61.164520263671875 0
vertex 84.0483169555664 -60.458412170410156 0
vertex 84.0483169555664 -60.458412170410156 0.20000000298023224
endloop
endfacet
facet normal 0 0 1
outer loop
vertex 62.555992126464844 15.206703186035156 5
vertex 57.65599060058594 14.052396774291992 5
vertex 76.65599060058594 15.206703186035156 5
endloop
endfacet
facet normal 0 0 -1
outer loop
vertex -8.89400863647461 -42.4932975769043 0
vertex -18.315229415893555 -63.39314270019531 0
vertex -19.59400749206543 -60.458412170410156 0
endloop
endfacet
facet normal 0 0 1
outer loop
vertex 82.80599212646484 14.283329963684082 5
vertex 84.10599517822266 8.369416236877441 5
vertex 84.10599517822266 14.283329963684082 5
endloop
endfacet
facet normal 0 0 -1
outer loop
vertex 81.52721405029297 -63.39314270019531 0
vertex 62.555992126464844 -41.793296813964844 0
vertex 82.80599212646484 -60.458412170410156 0
endloop
endfacet
facet normal 0 0 1
outer loop
vertex 82.80599212646484 14.283329963684082 5
vertex 82.80599212646484 8.369416236877441 5
vertex 84.10599517822266 8.369416236877441 5
endloop
endfacet
facet normal 0 0 1
outer loop
vertex 76.65599060058594 10.306702613830566 5
vertex 82.80599212646484 8.369416236877441 5
vertex 82.80599212646484 14.283329963684082 5
endloop
endfacet
facet normal 1 0 0
outer loop
vertex 84.10599517822266 8.369416236877441 5
vertex 84.10599517822266 8.369416236877441 4.5
vertex 84.10599517822266 14.283329963684082 5
endloop
endfacet
facet normal 0 0 -1
outer loop
vertex 62.555992126464844 -41.793296813964844 0
vertex 67.10599517822266 -41.793296813964844 0
vertex 67.10599517822266 -42.4932975769043 0
endloop
endfacet
facet normal 0 0 -1
outer loop
vertex 67.10599517822266 -42.4932975769043 0
vertex 82.80599212646484 -60.458412170410156 0
vertex 62.555992126464844 -41.793296813964844 0
endloop
endfacet
facet normal 0 0 -1
outer loop
vertex 72.10599517822266 -42.4932975769043 0
vertex 72.10599517822266 -41.793296813964844 0
vertex 76.65599060058594 -41.793296813964844 0
endloop
endfacet
facet normal 0 0 -1
outer loop
vertex 82.80599212646484 -60.458412170410156 0
vertex 72.10599517822266 -42.4932975769043 0
vertex 76.65599060058594 -41.793296813964844 0
endloop
endfacet
facet normal 0 0 -1
outer loop
vertex 82.80599212646484 -60.458412170410156 0
vertex 76.65599060058594 -41.793296813964844 0
vertex 82.80599212646484 -41.458412170410156 0
endloop
endfacet
facet normal 1 0 0
outer loop
vertex 84.10599517822266 8.369416236877441 4.5
vertex 84.10599517822266 14.283329963684082 4.5
vertex 84.10599517822266 14.283329963684082 5
endloop
endfacet
facet normal 0 0 1
outer loop
vertex 76.65599060058594 -3.793297290802002 5
vertex 82.80599212646484 -10.630583763122559 5
vertex 82.80599212646484 8.369416236877441 5
endloop
endfacet
facet normal 0 0 1
outer loop
vertex 76.65599060058594 10.306702613830566 5
vertex 76.65599060058594 -3.793297290802002 5
vertex 82.80599212646484 8.369416236877441 5
endloop
endfacet
facet normal 0 0 1
outer loop
vertex 57.65599060058594 14.052396774291992 5
vertex 62.555992126464844 10.306702613830566 5
vertex 76.65599060058594 10.306702613830566 5
endloop
endfacet
facet normal 0 0 -1
outer loop
vertex -17.46988296508789 -63.7432975769043 0
vertex -3.894008159637451 -42.4932975769043 0
vertex 3.2559919357299805 -51.3682975769043 0
endloop
endfacet
facet normal 0 0 1
outer loop
vertex 57.65599060058594 22.181703567504883 5
vertex 62.555992126464844 15.206703186035156 5
vertex 62.555992126464844 29.306703567504883 5
endloop
endfacet
facet normal 0 0 1
outer loop
vertex 53.13373947143555 29.735370635986328 5
vertex 57.65599060058594 22.181703567504883 5
vertex 62.555992126464844 29.306703567504883 5
endloop
endfacet
facet normal 0 0 -1
outer loop
vertex 82.80599212646484 -41.458412170410156 0
vertex 76.65599060058594 -41.793296813964844 0
vertex 76.65599060058594 -27.693296432495117 0
endloop
endfacet
facet normal 0 0 -1
outer loop
vertex 84.10599517822266 -41.458412170410156 0
vertex 82.80599212646484 -41.458412170410156 0
vertex 84.10599517822266 -35.544498443603516 0
endloop
endfacet
facet normal 1 0 0
outer loop
vertex 84.10599517822266 -41.458412170410156 0.20000000298023224
vertex 84.10599517822266 -41.458412170410156 0
vertex 84.10599517822266 -35.544498443603516 0
endloop
endfacet
facet normal 0 0 -1
outer loop
vertex 84.10599517822266 -35.544498443603516 0
vertex 82.80599212646484 -41.458412170410156 0
vertex 82.80599212646484 -35.544498443603516 0
endloop
endfacet
facet normal 1 0 0
outer loop
vertex 84.10599517822266 -41.458412170410156 0.20000000298023224
vertex 84.10599517822266 -35.544498443603516 0
vertex 84.10599517822266 -35.544498443603516 0.20000000298023224
endloop
endfacet
facet normal 0 0 -1
outer loop
vertex 82.80599212646484 -35.544498443603516 0
vertex 82.80599212646484 -41.458412170410156 0
vertex 76.65599060058594 -27.693296432495117 0
endloop
endfacet
facet normal 0 0 1
outer loop
vertex 57.65599060058594 22.181703567504883 5
vertex 57.65599060058594 14.052396774291992 5
vertex 62.555992126464844 15.206703186035156 5
endloop
endfacet
facet normal 0 0 1
outer loop
vertex 53.13373947143555 29.735370635986328 5
vertex 43.555992126464844 22.181703567504883 5
vertex 57.65599060058594 22.181703567504883 5
endloop
endfacet
facet normal 0 0 1
outer loop
vertex 52.879554748535156 29.631702423095703 5
vertex 38.65599060058594 22.181703567504883 5
vertex 53.13373947143555 29.735370635986328 5
endloop
endfacet
facet normal 0 0 -1
outer loop
vertex 3.878199338912964 -49.682552337646484 0
vertex 3.878199338912964 -49.244041442871094 0
vertex 4.0241899490356445 -49.78009796142578 0
endloop
endfacet
facet normal 0 0 -1
outer loop
vertex 3.878199338912964 -49.682552337646484 0
vertex 3.705991744995117 -49.64829635620117 0
vertex 3.705991744995117 -49.278297424316406 0
endloop
endfacet
facet normal 0 0 -1
outer loop
vertex 3.5337843894958496 -49.682552337646484 0
vertex 3.705991744995117 -49.278297424316406 0
vertex 3.705991744995117 -49.64829635620117 0
endloop
endfacet
facet normal 0 0 -1
outer loop
vertex 3.387793779373169 -49.78009796142578 0
vertex 3.387793779373169 -49.1464958190918 0
vertex 3.5337843894958496 -49.682552337646484 0
endloop
endfacet
facet normal 0 0 -1
outer loop
vertex 3.29024600982666 -49.926090240478516 0
vertex 3.29024600982666 -49.00050354003906 0
vertex 3.387793779373169 -49.78009796142578 0
endloop
endfacet
facet normal 0 0 -1
outer loop
vertex 3.2559919357299805 -50.098297119140625 0
vertex 3.2559919357299805 -48.82829666137695 0
vertex 3.29024600982666 -49.926090240478516 0
endloop
endfacet
facet normal 0 0 -1
outer loop
vertex 4.121737480163574 -51.19609069824219 0
vertex 4.0241899490356445 -50.41649627685547 0
vertex 4.121737480163574 -50.270503997802734 0
endloop
endfacet
facet normal 0 0 -1
outer loop
vertex 4.0241899490356445 -50.41649627685547 0
vertex 4.0241899490356445 -51.05009841918945 0
vertex 3.878199338912964 -50.514041900634766 0
endloop
endfacet
facet normal 0 0 -1
outer loop
vertex 3.878199338912964 -50.514041900634766 0
vertex 3.878199338912964 -50.952552795410156 0
vertex 3.705991744995117 -50.54829788208008 0
endloop
endfacet
facet normal 0 0 -1
outer loop
vertex 3.878199338912964 -50.952552795410156 0
vertex 3.878199338912964 -50.514041900634766 0
vertex 4.0241899490356445 -51.05009841918945 0
endloop
endfacet
facet normal 0 0 -1
outer loop
vertex 3.705991744995117 -50.918296813964844 0
vertex 3.5337843894958496 -50.514041900634766 0
vertex 3.705991744995117 -50.54829788208008 0
endloop
endfacet
facet normal 0 0 -1
outer loop
vertex 3.705991744995117 -50.918296813964844 0
vertex 3.705991744995117 -50.54829788208008 0
vertex 3.878199338912964 -50.952552795410156 0
endloop
endfacet
facet normal 0 0 -1
outer loop
vertex 4.121737480163574 -51.19609069824219 0
vertex 4.0241899490356445 -51.05009841918945 0
vertex 4.0241899490356445 -50.41649627685547 0
endloop
endfacet
facet normal 0 0 -1
outer loop
vertex 3.387793779373169 -50.41649627685547 0
vertex 3.387793779373169 -51.05009841918945 0
vertex 3.29024600982666 -50.270503997802734 0
endloop
endfacet
facet normal 0.38268502001143 -0.9238788748850422 0
outer loop
vertex 80.68186950683594 -63.7432975769043 0
vertex 81.52721405029297 -63.39314270019531 0
vertex 80.68186950683594 -63.7432975769043 5
endloop
endfacet
facet normal 0.7071067811865475 -0.7071067811865475 0
outer loop
vertex 81.52721405029297 -63.39314270019531 0
vertex 83.7558364868164 -61.164520263671875 0
vertex 81.52721405029297 -63.39314270019531 5
endloop
endfacet
facet normal 1 0 0
outer loop
vertex 84.10599517822266 -59.958412170410156 0.20000000298023224
vertex 84.10599517822266 -60.31917190551758 4.5
vertex 84.10599517822266 -60.31917190551758 0.20000000298023224
endloop
endfacet
facet normal 0 -1 0
outer loop
vertex 84.80599212646484 -59.958412170410156 0.20000000298023224
vertex 84.10599517822266 -59.958412170410156 4.5
vertex 84.10599517822266 -59.958412170410156 0.20000000298023224
endloop
endfacet
facet normal 0.923879106916185 -0.38268445984094035 0
outer loop
vertex 83.7558364868164 -61.164520263671875 0
vertex 84.0483169555664 -60.458412170410156 0.20000000298023224
vertex 83.7558364868164 -61.164520263671875 5
endloop
endfacet
facet normal 0.9238724560396926 -0.382700516022031 -0.000002767218936940693
outer loop
vertex 83.7558364868164 -61.164520263671875 5
vertex 84.0483169555664 -60.458412170410156 0.20000000298023224
vertex 84.10599517822266 -60.31917190551758 0.20000000298023224
endloop
endfacet
facet normal 1 0 0
outer loop
vertex 84.80599212646484 -59.958412170410156 0.20000000298023224
vertex 84.80599212646484 -42.678409576416016 0.20000000298023224
vertex 84.80599212646484 -59.958412170410156 4.5
endloop
endfacet
facet normal 1 0 0
outer loop
vertex 84.80599212646484 -41.958412170410156 0.20000000298023224
vertex 84.80599212646484 -41.958412170410156 4.5
vertex 84.80599212646484 -42.678409576416016 0.20000000298023224
endloop
endfacet
facet normal 0 1 0
outer loop
vertex 84.80599212646484 -41.958412170410156 0.20000000298023224
vertex 84.10599517822266 -41.958412170410156 0.20000000298023224
vertex 84.80599212646484 -41.958412170410156 4.5
endloop
endfacet
facet normal 1 0 0
outer loop
vertex 84.10599517822266 -41.958412170410156 0.20000000298023224
vertex 84.10599517822266 -41.458412170410156 0.20000000298023224
vertex 84.10599517822266 -41.458412170410156 4.5
endloop
endfacet
facet normal 1 0 0
outer loop
vertex 84.10599517822266 -41.458412170410156 4.5
vertex 84.10599517822266 -41.458412170410156 0.20000000298023224
vertex 84.10599517822266 -35.544498443603516 0.20000000298023224
endloop
endfacet
facet normal 1 0 0
outer loop
vertex 84.10599517822266 -41.458412170410156 4.5
vertex 84.10599517822266 -35.544498443603516 0.20000000298023224
vertex 84.10599517822266 -35.044498443603516 0.20000000298023224
endloop
endfacet
facet normal 0 -1 0
outer loop
vertex 84.80599212646484 -35.044498443603516 0.20000000298023224
vertex 84.10599517822266 -35.044498443603516 4.5
vertex 84.10599517822266 -35.044498443603516 0.20000000298023224
endloop
endfacet
facet normal 0 0 -1
outer loop
vertex 3.5337843894958496 -50.514041900634766 0
vertex 3.5337843894958496 -50.952552795410156 0
vertex 3.387793779373169 -50.41649627685547 0
endloop
endfacet
facet normal 0 0 -1
outer loop
vertex 3.5337843894958496 -50.952552795410156 0
vertex 3.5337843894958496 -50.514041900634766 0
vertex 3.705991744995117 -50.918296813964844 0
endloop
endfacet
facet normal 0 0 -1
outer loop
vertex 3.387793779373169 -51.05009841918945 0
vertex 3.387793779373169 -50.41649627685547 0
vertex 3.5337843894958496 -50.952552795410156 0
endloop
endfacet
facet normal 0 0 -1
outer loop
vertex 48.10599136352539 -34.1182975769043 0
vertex 43.555992126464844 -34.81829833984375 0
vertex 43.555992126464844 -29.918296813964844 0
endloop
endfacet
facet normal 0 0 -1
outer loop
vertex 43.555992126464844 -29.918296813964844 0
vertex 48.10599136352539 -30.618297576904297 0
vertex 48.10599136352539 -34.1182975769043 0
endloop
endfacet
facet normal 0 0 -1
outer loop
vertex 48.10599136352539 -30.618297576904297 0
vertex 43.555992126464844 -29.918296813964844 0
vertex 48.10599136352539 -29.918296813964844 0
endloop
endfacet
facet normal 0 0 -1
outer loop
vertex 48.10599136352539 -30.618297576904297 0
vertex 53.10599136352539 -30.618297576904297 0
vertex 48.10599136352539 -34.1182975769043 0
endloop
endfacet
facet normal 0 0 -1
outer loop
vertex 53.10599136352539 -34.1182975769043 0
vertex 48.10599136352539 -34.1182975769043 0
vertex 53.10599136352539 -30.618297576904297 0
endloop
endfacet
facet normal 0 0 -1
outer loop
vertex 57.65599060058594 -34.81829833984375 0
vertex 53.10599136352539 -34.1182975769043 0
vertex 53.10599136352539 -30.618297576904297 0
endloop
endfacet
facet normal 0 0 -1
outer loop
vertex 53.10599136352539 -30.618297576904297 0
vertex 53.10599136352539 -29.918296813964844 0
vertex 57.65599060058594 -29.918296813964844 0
endloop
endfacet
facet normal 0 0 -1
outer loop
vertex 57.65599060058594 -29.918296813964844 0
vertex 57.65599060058594 -34.81829833984375 0
vertex 53.10599136352539 -30.618297576904297 0
endloop
endfacet
facet normal 0 0 -1
outer loop
vertex 62.555992126464844 -27.693296432495117 0
vertex 62.555992126464844 -41.793296813964844 0
vertex 57.65599060058594 -29.918296813964844 0
endloop
endfacet
facet normal 0 0 -1
outer loop
vertex 62.555992126464844 -27.693296432495117 0
vertex 57.65599060058594 -29.918296813964844 0
vertex 57.65599060058594 -15.818297386169434 0
endloop
endfacet
facet normal 0 0 -1
outer loop
vertex 62.555992126464844 -27.693296432495117 0
vertex 57.65599060058594 -15.818297386169434 0
vertex 62.555992126464844 -22.793296813964844 0
endloop
endfacet
facet normal 0 0 -1
outer loop
vertex 3.29024600982666 -51.19609069824219 0
vertex 3.29024600982666 -50.270503997802734 0
vertex 3.387793779373169 -51.05009841918945 0
endloop
endfacet
facet normal 0 0 -1
outer loop
vertex 3.29024600982666 -50.270503997802734 0
vertex 3.2559919357299805 -51.3682975769043 0
vertex 3.2559919357299805 -50.098297119140625 0
endloop
endfacet
facet normal 0 0 -1
outer loop
vertex 3.2559919357299805 -51.3682975769043 0
vertex 3.29024600982666 -50.270503997802734 0
vertex 3.29024600982666 -51.19609069824219 0
endloop
endfacet
facet normal 0 0 -1
outer loop
vertex 21.205991744995117 -58.0182991027832 0
vertex -17.46988296508789 -63.7432975769043 0
vertex 20.981637954711914 -57.99620056152344 0
endloop
endfacet
facet normal 0 0 -1
outer loop
vertex 20.143529891967773 -57.30838394165039 0
vertex -17.46988296508789 -63.7432975769043 0
vertex 20.078088760375977 -57.0926513671875 0
endloop
endfacet
facet normal 0 0 -1
outer loop
vertex 43.555992126464844 -15.818297386169434 0
vertex 48.10599136352539 -15.118297576904297 0
vertex 48.10599136352539 -15.818297386169434 0
endloop
endfacet
facet normal 0 0 -1
outer loop
vertex 48.10599136352539 -15.118297576904297 0
vertex 43.555992126464844 -15.818297386169434 0
vertex 48.10599136352539 -11.618297576904297 0
endloop
endfacet
facet normal 0 0 -1
outer loop
vertex 43.555992126464844 -10.918296813964844 0
vertex 48.10599136352539 -10.918296813964844 0
vertex 43.555992126464844 -15.818297386169434 0
endloop
endfacet
facet normal 0 0 -1
outer loop
vertex 48.10599136352539 -11.618297576904297 0
vertex 43.555992126464844 -15.818297386169434 0
vertex 48.10599136352539 -10.918296813964844 0
endloop
endfacet
facet normal 0 0 -1
outer loop
vertex 48.10599136352539 -15.118297576904297 0
vertex 48.10599136352539 -11.618297576904297 0
vertex 53.10599136352539 -11.618297576904297 0
endloop
endfacet
facet normal 0 0 -1
outer loop
vertex 48.10599136352539 -15.118297576904297 0
vertex 53.10599136352539 -11.618297576904297 0
vertex 53.10599136352539 -15.118297576904297 0
endloop
endfacet
facet normal 0 0 -1
outer loop
vertex 53.10599136352539 -15.818297386169434 0
vertex 53.10599136352539 -15.118297576904297 0
vertex 57.65599060058594 -15.818297386169434 0
endloop
endfacet
facet normal 0 0 -1
outer loop
vertex 57.65599060058594 -15.818297386169434 0
vertex 53.10599136352539 -15.118297576904297 0
vertex 53.10599136352539 -11.618297576904297 0
endloop
endfacet
facet normal 0 0 -1
outer loop
vertex 53.10599136352539 -11.618297576904297 0
vertex 53.10599136352539 -10.918296813964844 0
vertex 57.65599060058594 -10.918296813964844 0
endloop
endfacet
facet normal 0 0 -1
outer loop
vertex 57.65599060058594 -15.818297386169434 0
vertex 53.10599136352539 -11.618297576904297 0
vertex 57.65599060058594 -10.918296813964844 0
endloop
endfacet
facet normal 0 0 -1
outer loop
vertex 57.65599060058594 -15.818297386169434 0
vertex 62.555992126464844 -8.693297386169434 0
vertex 62.555992126464844 -22.793296813964844 0
endloop
endfacet
facet normal 0 0 -1
outer loop
vertex 62.555992126464844 -8.693297386169434 0
vertex 57.65599060058594 -15.818297386169434 0
vertex 57.65599060058594 -10.918296813964844 0
endloop
endfacet
facet normal 0 0 -1
outer loop
vertex 62.555992126464844 -8.693297386169434 0
vertex 57.65599060058594 -10.918296813964844 0
vertex 57.65599060058594 3.1817028522491455 0
endloop
endfacet
facet normal 0 0 -1
outer loop
vertex 62.555992126464844 -8.693297386169434 0
vertex 57.65599060058594 3.1817028522491455 0
vertex 62.555992126464844 -3.793297290802002 0
endloop
endfacet
facet normal 0 0 -1
outer loop
vertex -17.46988296508789 -63.7432975769043 0
vertex 20.765905380249023 -57.93075942993164 0
vertex 20.981637954711914 -57.99620056152344 0
endloop
endfacet
facet normal 0 0 -1
outer loop
vertex -17.46988296508789 -63.7432975769043 0
vertex 20.56708526611328 -57.824485778808594 0
vertex 20.765905380249023 -57.93075942993164 0
endloop
endfacet
facet normal 0 0 -1
outer loop
vertex 20.143529891967773 -57.30838394165039 0
vertex 20.249801635742188 -57.5072021484375 0
vertex -17.46988296508789 -63.7432975769043 0
endloop
endfacet
facet normal 0 0 -1
outer loop
vertex 20.249801635742188 -57.5072021484375 0
vertex 20.392818450927734 -57.68146896362305 0
vertex -17.46988296508789 -63.7432975769043 0
endloop
endfacet
facet normal 0 0 -1
outer loop
vertex 20.392818450927734 -57.68146896362305 0
vertex 20.56708526611328 -57.824485778808594 0
vertex -17.46988296508789 -63.7432975769043 0
endloop
endfacet
facet normal 0 0 -1
outer loop
vertex 20.078088760375977 -57.0926513671875 0
vertex -17.46988296508789 -63.7432975769043 0
vertex 3.5337843894958496 -51.78404235839844 0
endloop
endfacet
facet normal 0 0 1
outer loop
vertex -27.840322494506836 37.60622787475586 5
vertex -34.35848617553711 24.66718101501465 5
vertex -27.27248764038086 36.83207702636719 5
endloop
endfacet
facet normal 0 0 1
outer loop
vertex -26.628271102905273 33.969154357910156 5
vertex -27.27248764038086 36.83207702636719 5
vertex -34.35848617553711 24.66718101501465 5
endloop
endfacet
facet normal 0 0 1
outer loop
vertex -26.654951095581055 32.83234786987305 5
vertex -26.628271102905273 33.969154357910156 5
vertex -34.35848617553711 24.66718101501465 5
endloop
endfacet
facet normal 0 0 1
outer loop
vertex -26.60993766784668 32.650474548339844 5
vertex -26.654951095581055 32.83234786987305 5
vertex -34.35848617553711 24.66718101501465 5
endloop
endfacet
facet normal 0 0 -1
outer loop
vertex 62.555992126464844 -27.693296432495117 0
vertex 62.555992126464844 -22.793296813964844 0
vertex 67.10599517822266 -26.993297576904297 0
endloop
endfacet
facet normal 0 0 -1
outer loop
vertex 62.555992126464844 -27.693296432495117 0
vertex 67.10599517822266 -26.993297576904297 0
vertex 67.10599517822266 -27.693296432495117 0
endloop
endfacet
facet normal 0 0 -1
outer loop
vertex 67.10599517822266 -26.993297576904297 0
vertex 72.10599517822266 -23.493297576904297 0
vertex 72.10599517822266 -26.993297576904297 0
endloop
endfacet
facet normal 0 0 -1
outer loop
vertex 72.10599517822266 -27.693296432495117 0
vertex 72.10599517822266 -26.993297576904297 0
vertex 76.65599060058594 -27.693296432495117 0
endloop
endfacet
facet normal 0 0 -1
outer loop
vertex 76.65599060058594 -27.693296432495117 0
vertex 72.10599517822266 -26.993297576904297 0
vertex 72.10599517822266 -23.493297576904297 0
endloop
endfacet
facet normal 0 0 -1
outer loop
vertex 67.10599517822266 -26.993297576904297 0
vertex 62.555992126464844 -22.793296813964844 0
vertex 67.10599517822266 -23.493297576904297 0
endloop
endfacet
facet normal 0 0 -1
outer loop
vertex 67.10599517822266 -23.493297576904297 0
vertex 62.555992126464844 -22.793296813964844 0
vertex 67.10599517822266 -22.793296813964844 0
endloop
endfacet
facet normal 0 0 -1
outer loop
vertex 72.10599517822266 -23.493297576904297 0
vertex 67.10599517822266 -26.993297576904297 0
vertex 67.10599517822266 -23.493297576904297 0
endloop
endfacet
facet normal 0 0 -1
outer loop
vertex 72.10599517822266 -23.493297576904297 0
vertex 72.10599517822266 -22.793296813964844 0
vertex 76.65599060058594 -22.793296813964844 0
endloop
endfacet
facet normal 0 0 -1
outer loop
vertex 82.80599212646484 -35.544498443603516 0
vertex 76.65599060058594 -27.693296432495117 0
vertex 76.65599060058594 -22.793296813964844 0
endloop
endfacet
facet normal 0 0 1
outer loop
vertex 38.65599060058594 22.181703567504883 5
vertex 43.555992126464844 22.181703567504883 5
vertex 53.13373947143555 29.735370635986328 5
endloop
endfacet
facet normal 0 0 -1
outer loop
vertex -3.894008159637451 -42.4932975769043 0
vertex -17.46988296508789 -63.7432975769043 0
vertex -8.89400863647461 -42.4932975769043 0
endloop
endfacet
facet normal 0 0 -1
outer loop
vertex -17.46988296508789 -63.7432975769043 0
vertex 3.29024600982666 -51.540504455566406 0
vertex 3.387793779373169 -51.68649673461914 0
endloop
endfacet
facet normal 0 0 -1
outer loop
vertex 76.65599060058594 -27.693296432495117 0
vertex 72.10599517822266 -23.493297576904297 0
vertex 76.65599060058594 -22.793296813964844 0
endloop
endfacet
facet normal 0 0 -1
outer loop
vertex 82.80599212646484 -35.544498443603516 0
vertex 76.65599060058594 -22.793296813964844 0
vertex 82.80599212646484 -16.544496536254883 0
endloop
endfacet
facet normal 0 0 1
outer loop
vertex 57.65599060058594 14.052396774291992 5
vertex 57.65599060058594 8.081703186035156 5
vertex 62.555992126464844 10.306702613830566 5
endloop
endfacet
facet normal 0 0 1
outer loop
vertex 57.65599060058594 8.081703186035156 5
vertex 57.65599060058594 3.1817028522491455 5
vertex 62.555992126464844 10.306702613830566 5
endloop
endfacet
facet normal 0 0 1
outer loop
vertex -25.722246170043945 31.058631896972656 5
vertex -26.60993766784668 32.650474548339844 5
vertex -34.35848617553711 24.66718101501465 5
endloop
endfacet
facet normal 0 0 1
outer loop
vertex -37.48052978515625 29.207181930541992 5
vertex -34.35848617553711 24.66718101501465 5
vertex -27.840322494506836 37.60622787475586 5
endloop
endfacet
facet normal 0 0 1
outer loop
vertex -27.840322494506836 37.60622787475586 5
vertex -49.69148635864258 36.25718307495117 5
vertex -37.48052978515625 29.207181930541992 5
endloop
endfacet
facet normal 0.9756054547269675 0.21953131145006843 0
outer loop
vertex -26.628271102905273 33.969154357910156 5
vertex -27.27248764038086 36.83207702636719 0
vertex -27.27248764038086 36.83207702636719 5
endloop
endfacet
facet normal 0.806343284298014 0.5914478065455074 0
outer loop
vertex -27.27248764038086 36.83207702636719 5
vertex -27.840322494506836 37.60622787475586 0
vertex -27.840322494506836 37.60622787475586 5
endloop
endfacet
facet normal 0.5054789110266277 0.8628389597760029 0
outer loop
vertex -13.676584243774414 23.944793701171875 5
vertex -25.591175079345703 30.924745559692383 0
vertex -25.591175079345703 30.924745559692383 5
endloop
endfacet
facet normal 0.7145796523324821 0.6995540868813426 0
outer loop
vertex -25.591175079345703 30.924745559692383 5
vertex -25.722246170043945 31.058631896972656 0
vertex -25.722246170043945 31.058631896972656 5
endloop
endfacet
facet normal 0.9997247109318669 -0.02346278653943524 0
outer loop
vertex -26.654951095581055 32.83234786987305 5
vertex -26.628271102905273 33.969154357910156 0
vertex -26.628271102905273 33.969154357910156 5
endloop
endfacet
facet normal 0.9707110908674343 0.24024982428080052 0
outer loop
vertex -26.60993766784668 32.650474548339844 5
vertex -26.654951095581055 32.83234786987305 0
vertex -26.654951095581055 32.83234786987305 5
endloop
endfacet
facet normal 0.8733794887909125 0.48704031512732504 0
outer loop
vertex -25.722246170043945 31.058631896972656 5
vertex -26.60993766784668 32.650474548339844 0
vertex -26.60993766784668 32.650474548339844 5
endloop
endfacet
facet normal 0 0 -1
outer loop
vertex 62.555992126464844 -8.693297386169434 0
vertex 67.10599517822266 -7.993297100067139 0
vertex 67.10599517822266 -8.693297386169434 0
endloop
endfacet
facet normal 0 0 -1
outer loop
vertex 67.10599517822266 -7.993297100067139 0
vertex 62.555992126464844 -8.693297386169434 0
vertex 67.10599517822266 -4.493297100067139 0
endloop
endfacet
facet normal 0 0 -1
outer loop
vertex 62.555992126464844 -8.693297386169434 0
vertex 62.555992126464844 -3.793297290802002 0
vertex 67.10599517822266 -3.793297290802002 0
endloop
endfacet
facet normal 0 0 -1
outer loop
vertex 67.10599517822266 -4.493297100067139 0
vertex 62.555992126464844 -8.693297386169434 0
vertex 67.10599517822266 -3.793297290802002 0
endloop
endfacet
facet normal 0 0 -1
outer loop
vertex 67.10599517822266 -7.993297100067139 0
vertex 67.10599517822266 -4.493297100067139 0
vertex 72.10599517822266 -4.493297100067139 0
endloop
endfacet
facet normal 0 0 -1
outer loop
vertex 67.10599517822266 -7.993297100067139 0
vertex 72.10599517822266 -4.493297100067139 0
vertex 72.10599517822266 -7.993297100067139 0
endloop
endfacet
facet normal 0 0 -1
outer loop
vertex 72.10599517822266 -8.693297386169434 0
vertex 72.10599517822266 -7.993297100067139 0
vertex 76.65599060058594 -8.693297386169434 0
endloop
endfacet
facet normal 0 0 -1
outer loop
vertex 76.65599060058594 -8.693297386169434 0
vertex 72.10599517822266 -7.993297100067139 0
vertex 72.10599517822266 -4.493297100067139 0
endloop
endfacet
facet normal 0 0 -1
outer loop
vertex 72.10599517822266 -4.493297100067139 0
vertex 72.10599517822266 -3.793297290802002 0
vertex 76.65599060058594 -3.793297290802002 0
endloop
endfacet
facet normal 0 0 -1
outer loop
vertex 82.80599212646484 -16.544496536254883 0
vertex 76.65599060058594 -22.793296813964844 0
vertex 76.65599060058594 -8.693297386169434 0
endloop
endfacet
facet normal 0 0 1
outer loop
vertex 57.65599060058594 3.1817028522491455 5
vertex 57.65599060058594 -5.205994129180908 5
vertex 62.555992126464844 10.306702613830566 5
endloop
endfacet
facet normal 0 0 1
outer loop
vertex 57.65599060058594 -5.205994129180908 5
vertex 62.555992126464844 -3.793297290802002 5
vertex 62.555992126464844 10.306702613830566 5
endloop
endfacet
facet normal 0 0 -1
outer loop
vertex 84.10599517822266 -16.544496536254883 0
vertex 82.80599212646484 -16.544496536254883 0
vertex 84.10599517822266 -10.630583763122559 0
endloop
endfacet
facet normal 1 0 0
outer loop
vertex 84.10599517822266 -16.544496536254883 0.20000000298023224
vertex 84.10599517822266 -16.544496536254883 0
vertex 84.10599517822266 -10.630583763122559 0
endloop
endfacet
facet normal 0 0 1
outer loop
vertex 57.65599060058594 8.081703186035156 5
vertex 43.555992126464844 8.081703186035156 5
vertex 57.65599060058594 3.1817028522491455 5
endloop
endfacet
facet normal 0 0 1
outer loop
vertex 43.555992126464844 8.081703186035156 5
vertex 38.65599060058594 8.081703186035156 5
vertex 57.65599060058594 3.1817028522491455 5
endloop
endfacet
facet normal 0 0 -1
outer loop
vertex -17.46988296508789 -63.7432975769043 0
vertex 3.387793779373169 -51.68649673461914 0
vertex 3.5337843894958496 -51.78404235839844 0
endloop
endfacet
facet normal 0 0 -1
outer loop
vertex 82.80599212646484 -16.544496536254883 0
vertex 76.65599060058594 -8.693297386169434 0
vertex 82.80599212646484 -10.630583763122559 0
endloop
endfacet
facet normal 0 0 -1
outer loop
vertex 84.10599517822266 -10.630583763122559 0
vertex 82.80599212646484 -16.544496536254883 0
vertex 82.80599212646484 -10.630583763122559 0
endloop
endfacet
facet normal 1 0 0
outer loop
vertex 84.10599517822266 -16.544496536254883 0.20000000298023224
vertex 84.10599517822266 -10.630583763122559 0
vertex 84.10599517822266 -10.630583763122559 0.20000000298023224
endloop
endfacet
facet normal 0 0 1
outer loop
vertex 43.555992126464844 3.1817028522491455 5
vertex 57.65599060058594 3.1817028522491455 5
vertex 38.65599060058594 8.081703186035156 5
endloop
endfacet
facet normal 0 0 -1
outer loop
vertex 3.29024600982666 -51.540504455566406 0
vertex -17.46988296508789 -63.7432975769043 0
vertex 3.2559919357299805 -51.3682975769043 0
endloop
endfacet
facet normal 0 0 -1
outer loop
vertex -19.59400749206543 -60.458412170410156 0
vertex -19.59400749206543 -41.458412170410156 0
vertex -13.444007873535156 -41.793296813964844 0
endloop
endfacet
facet normal 0 0 -1
outer loop
vertex 76.65599060058594 -8.693297386169434 0
vertex 72.10599517822266 -4.493297100067139 0
vertex 82.80599212646484 -10.630583763122559 0
endloop
endfacet
facet normal 0 0 -1
outer loop
vertex 82.80599212646484 -10.630583763122559 0
vertex 72.10599517822266 -4.493297100067139 0
vertex 76.65599060058594 -3.793297290802002 0
endloop
endfacet
facet normal 0 0 -1
outer loop
vertex -19.59400749206543 -60.458412170410156 0
vertex -13.444007873535156 -41.793296813964844 0
vertex -8.89400863647461 -41.793296813964844 0
endloop
endfacet
facet normal 0 0 -1
outer loop
vertex -8.89400863647461 -42.4932975769043 0
vertex -19.59400749206543 -60.458412170410156 0
vertex -8.89400863647461 -41.793296813964844 0
endloop
endfacet
facet normal 1 0 0
outer loop
vertex 84.80599212646484 14.783329963684082 4.5
vertex 84.80599212646484 32.063331604003906 0.20000000298023224
vertex 84.80599212646484 26.949996948242188 4.5
endloop
endfacet
facet normal 0 0 1
outer loop
vertex 4.826461315155029 17.64756202697754 5
vertex -10.14051342010498 17.726219177246094 5
vertex 0.6559918522834778 10.306702613830566 5
endloop
endfacet
facet normal 0 0 1
outer loop
vertex -10.14051342010498 17.726219177246094 5
vertex -13.444007873535156 10.306702613830566 5
vertex 0.6559918522834778 10.306702613830566 5
endloop
endfacet
facet normal 0 0 1
outer loop
vertex -25.591175079345703 30.924745559692383 5
vertex -22.14752960205078 17.6171817779541 5
vertex -13.676584243774414 23.944793701171875 5
endloop
endfacet
facet normal 0 0 1
outer loop
vertex -13.11001968383789 23.16289520263672 5
vertex -13.676584243774414 23.944793701171875 5
vertex -24.7149658203125 -3.1815528869628906 5
endloop
endfacet
facet normal 0 0 1
outer loop
vertex -12.314610481262207 19.489397048950195 5
vertex -13.11001968383789 23.16289520263672 5
vertex -24.7149658203125 -3.1815528869628906 5
endloop
endfacet
facet normal 0 0 1
outer loop
vertex -22.14752960205078 17.6171817779541 5
vertex -24.7149658203125 -3.1815528869628906 5
vertex -13.676584243774414 23.944793701171875 5
endloop
endfacet
facet normal 0 0 1
outer loop
vertex -10.14051342010498 17.726219177246094 5
vertex -10.36550235748291 17.806650161743164 5
vertex -21.099536895751953 -5.03338098526001 5
endloop
endfacet
facet normal 0 0 1
outer loop
vertex -21.099536895751953 -5.03338098526001 5
vertex -13.444007873535156 10.306702613830566 5
vertex -10.14051342010498 17.726219177246094 5
endloop
endfacet
facet normal 0 0 1
outer loop
vertex -12.18945598602295 19.285865783691406 5
vertex -12.314610481262207 19.489397048950195 5
vertex -24.7149658203125 -3.1815528869628906 5
endloop
endfacet
facet normal 0 0 1
outer loop
vertex -10.36550235748291 17.806650161743164 5
vertex -12.18945598602295 19.285865783691406 5
vertex -24.7149658203125 -3.1815528869628906 5
endloop
endfacet
facet normal 0 0 1
outer loop
vertex -13.444007873535156 10.306702613830566 5
vertex -19.59400749206543 -5.566592216491699 5
vertex -13.444007873535156 -3.793297290802002 5
endloop
endfacet
facet normal 0 0 1
outer loop
vertex -24.7149658203125 -3.1815528869628906 5
vertex -21.099536895751953 -5.03338098526001 5
vertex -10.36550235748291 17.806650161743164 5
endloop
endfacet
facet normal 0 0 1
outer loop
vertex -13.444007873535156 10.306702613830566 5
vertex -20.89400863647461 -5.369572639465332 5
vertex -19.59400749206543 -5.566592216491699 5
endloop
endfacet
facet normal 0 0 1
outer loop
vertex -21.099536895751953 -5.03338098526001 5
vertex -20.89400863647461 -5.369572639465332 5
vertex -13.444007873535156 10.306702613830566 5
endloop
endfacet
facet normal 0 0 1
outer loop
vertex -25.722246170043945 31.058631896972656 5
vertex -22.14752960205078 17.6171817779541 5
vertex -25.591175079345703 30.924745559692383 5
endloop
endfacet
facet normal 0 0 1
outer loop
vertex -34.35848617553711 24.66718101501465 5
vertex -22.14752960205078 17.6171817779541 5
vertex -25.722246170043945 31.058631896972656 5
endloop
endfacet
facet normal 0 0 1
outer loop
vertex -37.48052978515625 29.207181930541992 5
vertex -44.5305290222168 16.99622344970703 5
vertex -34.35848617553711 24.66718101501465 5
endloop
endfacet
facet normal 0 0 1
outer loop
vertex -41.408485412597656 12.456223487854004 5
vertex -34.35848617553711 24.66718101501465 5
vertex -44.5305290222168 16.99622344970703 5
endloop
endfacet
facet normal 0 0 1
outer loop
vertex -29.197528839111328 5.406223773956299 5
vertex -24.7149658203125 -3.1815528869628906 5
vertex -22.14752960205078 17.6171817779541 5
endloop
endfacet
facet normal 0 0 1
outer loop
vertex -29.197528839111328 5.406223773956299 5
vertex -25.107887268066406 -3.2112183570861816 5
vertex -24.7149658203125 -3.1815528869628906 5
endloop
endfacet
facet normal 0 0 1
outer loop
vertex -29.197528839111328 5.406223773956299 5
vertex -26.899782180786133 -4.501522541046143 5
vertex -25.107887268066406 -3.2112183570861816 5
endloop
endfacet
facet normal 0 0 1
outer loop
vertex -29.197528839111328 5.406223773956299 5
vertex -29.93374252319336 -5.158315658569336 5
vertex -26.899782180786133 -4.501522541046143 5
endloop
endfacet
facet normal 0 0 1
outer loop
vertex -29.197528839111328 5.406223773956299 5
vertex -41.408485412597656 12.456223487854004 5
vertex -29.93374252319336 -5.158315658569336 5
endloop
endfacet
facet normal 0 0 1
outer loop
vertex -41.408485412597656 12.456223487854004 5
vertex -30.782546997070312 -5.024693012237549 5
vertex -29.93374252319336 -5.158315658569336 5
endloop
endfacet
facet normal 1 0 0
outer loop
vertex 84.80599212646484 -35.044498443603516 0.20000000298023224
vertex 84.80599212646484 -17.764497756958008 0.20000000298023224
vertex 84.80599212646484 -35.044498443603516 4.5
endloop
endfacet
facet normal 0.005255308134435353 0.9999861907728588 0
outer loop
vertex 4.826461315155029 17.64756202697754 5
vertex -10.14051342010498 17.726219177246094 0
vertex -10.14051342010498 17.726219177246094 5
endloop
endfacet
facet normal 0.9773515092412045 0.21162236976260257 0
outer loop
vertex -12.314610481262207 19.489397048950195 5
vertex -13.11001968383789 23.16289520263672 0
vertex -13.11001968383789 23.16289520263672 5
endloop
endfacet
facet normal 0.8097638936992579 0.5867558576282107 0
outer loop
vertex -13.11001968383789 23.16289520263672 5
vertex -13.676584243774414 23.944793701171875 0
vertex -13.676584243774414 23.944793701171875 5
endloop
endfacet
facet normal 0.8518366983641082 0.5238074448880384 0
outer loop
vertex -12.18945598602295 19.285865783691406 5
vertex -12.314610481262207 19.489397048950195 0
vertex -12.314610481262207 19.489397048950195 5
endloop
endfacet
facet normal 0.629887843865093 0.7766861040027588 0
outer loop
vertex -10.36550235748291 17.806650161743164 5
vertex -12.18945598602295 19.285865783691406 0
vertex -12.18945598602295 19.285865783691406 5
endloop
endfacet
facet normal 0.33662513325826326 0.9416387415876942 0
outer loop
vertex -10.14051342010498 17.726219177246094 5
vertex -10.36550235748291 17.806650161743164 0
vertex -10.36550235748291 17.806650161743164 5
endloop
endfacet
facet normal 0 0 1
outer loop
vertex -27.840322494506836 37.60622787475586 5
vertex -63.4849739074707 58.32038497924805 5
vertex -49.69148635864258 36.25718307495117 5
endloop
endfacet
facet normal 1 0 0
outer loop
vertex 84.80599212646484 -17.044496536254883 0.20000000298023224
vertex 84.80599212646484 -17.044496536254883 4.5
vertex 84.80599212646484 -17.764497756958008 0.20000000298023224
endloop
endfacet
facet normal 0 1 0
outer loop
vertex 84.80599212646484 -17.044496536254883 0.20000000298023224
vertex 84.10599517822266 -17.044496536254883 0.20000000298023224
vertex 84.80599212646484 -17.044496536254883 4.5
endloop
endfacet
facet normal 1 0 0
outer loop
vertex 84.10599517822266 -17.044496536254883 0.20000000298023224
vertex 84.10599517822266 -16.544496536254883 0.20000000298023224
vertex 84.10599517822266 -16.544496536254883 4.5
endloop
endfacet
facet normal 1 0 0
outer loop
vertex 84.10599517822266 -16.544496536254883 4.5
vertex 84.10599517822266 -16.544496536254883 0.20000000298023224
vertex 84.10599517822266 -10.630583763122559 0.20000000298023224
endloop
endfacet
facet normal 1 0 0
outer loop
vertex 84.10599517822266 -16.544496536254883 4.5
vertex 84.10599517822266 -10.630583763122559 0.20000000298023224
vertex 84.10599517822266 -10.130583763122559 0.20000000298023224
endloop
endfacet
facet normal 0 -1 0
outer loop
vertex 84.80599212646484 -10.130583763122559 0.20000000298023224
vertex 84.10599517822266 -10.130583763122559 4.5
vertex 84.10599517822266 -10.130583763122559 0.20000000298023224
endloop
endfacet
facet normal 1 0 0
outer loop
vertex 84.80599212646484 -10.130583763122559 0.20000000298023224
vertex 84.80599212646484 7.149416446685791 0.20000000298023224
vertex 84.80599212646484 -10.130583763122559 4.5
endloop
endfacet
facet normal 0 0 1
outer loop
vertex -63.4849739074707 58.32038497924805 5
vertex -64.33473205566406 58.45460891723633 5
vertex -49.69148635864258 36.25718307495117 5
endloop
endfacet
facet normal 0 0 1
outer loop
vertex -64.33473205566406 58.45460891723633 5
vertex -67.37466430664062 57.796783447265625 5
vertex -54.04853057861328 38.783180236816406 5
endloop
endfacet
facet normal 0 0 1
outer loop
vertex -67.37466430664062 57.796783447265625 5
vertex -66.9609375 56.700599670410156 5
vertex -54.04853057861328 38.783180236816406 5
endloop
endfacet
facet normal 0 0 1
outer loop
vertex -54.04853057861328 38.783180236816406 5
vertex -49.69148635864258 36.25718307495117 5
vertex -64.33473205566406 58.45460891723633 5
endloop
endfacet
facet normal 0 0 1
outer loop
vertex -66.9609375 56.700599670410156 5
vertex -66.25949096679688 45.83318328857422 5
vertex -54.04853057861328 38.783180236816406 5
endloop
endfacet
facet normal 0 0 1
outer loop
vertex -54.04853057861328 38.783180236816406 5
vertex -61.09852981567383 26.572223663330078 5
vertex -49.69148635864258 36.25718307495117 5
endloop
endfacet
facet normal 0 0 1
outer loop
vertex -56.741485595703125 24.04622459411621 5
vertex -49.69148635864258 36.25718307495117 5
vertex -61.09852981567383 26.572223663330078 5
endloop
endfacet
facet normal 0 0 1
outer loop
vertex -67.37466430664062 57.796783447265625 5
vertex -68.0282974243164 57.32179260253906 5
vertex -66.9609375 56.700599670410156 5
endloop
endfacet
facet normal 0 -1 0
outer loop
vertex 84.10599517822266 14.783329963684082 4.5
vertex 84.80599212646484 14.783329963684082 0.20000000298023224
vertex 84.80599212646484 14.783329963684082 4.5
endloop
endfacet
facet normal 1 0 0
outer loop
vertex 84.10599517822266 14.283329963684082 4.5
vertex 84.10599517822266 14.783329963684082 0.20000000298023224
vertex 84.10599517822266 14.783329963684082 4.5
endloop
endfacet
facet normal 0 0 -1
outer loop
vertex -13.444007873535156 -41.793296813964844 0
vertex -19.59400749206543 -41.458412170410156 0
vertex -19.59400749206543 -24.566593170166016 0
endloop
endfacet
facet normal 0 0 -1
outer loop
vertex -3.894008159637451 -42.4932975769043 0
vertex -3.894008159637451 -41.793296813964844 0
vertex 0.6559918522834778 -41.793296813964844 0
endloop
endfacet
facet normal 0 0 -1
outer loop
vertex -3.894008159637451 -42.4932975769043 0
vertex 0.6559918522834778 -41.793296813964844 0
vertex 3.2559919357299805 -42.47829818725586 0
endloop
endfacet
facet normal 1 0 0
outer loop
vertex 84.10599517822266 8.369416236877441 4.5
vertex 84.10599517822266 14.783329963684082 0.20000000298023224
vertex 84.10599517822266 14.283329963684082 4.5
endloop
endfacet
facet normal 0 1 0
outer loop
vertex 84.80599212646484 7.869416236877441 4.5
vertex 84.10599517822266 7.869416236877441 0.20000000298023224
vertex 84.10599517822266 7.869416236877441 4.5
endloop
endfacet
facet normal 1 0 0
outer loop
vertex 84.10599517822266 7.869416236877441 0.20000000298023224
vertex 84.10599517822266 8.369416236877441 4.5
vertex 84.10599517822266 7.869416236877441 4.5
endloop
endfacet
facet normal 1 0 0
outer loop
vertex 84.80599212646484 2.0360829830169678 4.5
vertex 84.80599212646484 7.149416446685791 0.20000000298023224
vertex 84.80599212646484 7.869416236877441 4.5
endloop
endfacet
facet normal 0 -1 0
outer loop
vertex -20.89400863647461 -59.958412170410156 0.20000000298023224
vertex -21.59400749206543 -59.958412170410156 4.5
vertex -21.59400749206543 -59.958412170410156 0.20000000298023224
endloop
endfacet
facet normal 1 0 0
outer loop
vertex 84.80599212646484 2.0360829830169678 4.5
vertex 84.80599212646484 -10.130583763122559 4.5
vertex 84.80599212646484 7.149416446685791 0.20000000298023224
endloop
endfacet
facet normal -0.9238814049559442 -0.3826789118525224 0
outer loop
vertex -20.89400863647461 -60.31917190551758 0.20000000298023224
vertex -20.836334228515625 -60.458412170410156 0.20000000298023224
vertex -20.89400863647461 -60.31917190551758 4.5
endloop
endfacet
facet normal -1 0 0
outer loop
vertex -20.89400863647461 -59.958412170410156 0.20000000298023224
vertex -20.89400863647461 -60.31917190551758 0.20000000298023224
vertex -20.89400863647461 -59.958412170410156 4.5
endloop
endfacet
facet normal -1 0 0
outer loop
vertex -21.59400749206543 -41.458412170410156 0.20000000298023224
vertex -21.59400749206543 -59.958412170410156 0.20000000298023224
vertex -21.59400749206543 -41.458412170410156 4.5
endloop
endfacet
facet normal -1 0 0
outer loop
vertex -21.59400749206543 -41.458412170410156 0.20000000298023224
vertex -21.59400749206543 -41.458412170410156 4.5
vertex -21.59400749206543 -24.566593170166016 0.20000000298023224
endloop
endfacet
facet normal -0.7071064786007794 -0.7071070837721862 0
outer loop
vertex -20.543853759765625 -61.164520263671875 0
vertex -18.315229415893555 -63.39314270019531 0
vertex -20.543853759765625 -61.164520263671875 5
endloop
endfacet
facet normal -0.9238790856437652 -0.3826845111968804 2.1242305792016576e-7
outer loop
vertex -20.89400863647461 -60.31917190551758 4.5
vertex -20.836334228515625 -60.458412170410156 0.20000000298023224
vertex -20.543853759765625 -61.164520263671875 0
endloop
endfacet
facet normal -0.38268428301208823 -0.9238791801613043 0
outer loop
vertex -18.315229415893555 -63.39314270019531 0
vertex -17.46988296508789 -63.7432975769043 0
vertex -18.315229415893555 -63.39314270019531 5
endloop
endfacet
facet normal -1 0 0
outer loop
vertex -20.89400863647461 -5.566592216491699 0
vertex -20.89400863647461 -5.566592216491699 0.20000000298023224
vertex -20.89400863647461 -5.369572639465332 0
endloop
endfacet
facet normal -0.5878651090939219 0.8089589689903879 0
outer loop
vertex -67.37466430664062 57.796783447265625 5
vertex -68.0282974243164 57.32179260253906 4.5
vertex -68.0282974243164 57.32179260253906 5
endloop
endfacet
facet normal 0 0 -1
outer loop
vertex -13.444007873535156 -27.693296432495117 0
vertex -8.89400863647461 -26.993297576904297 0
vertex -8.89400863647461 -27.693296432495117 0
endloop
endfacet
facet normal 0 0 -1
outer loop
vertex -13.444007873535156 -41.793296813964844 0
vertex -19.59400749206543 -24.566593170166016 0
vertex -19.59400749206543 -5.566592216491699 0
endloop
endfacet
facet normal 0 0 -1
outer loop
vertex -13.444007873535156 -27.693296432495117 0
vertex -13.444007873535156 -41.793296813964844 0
vertex -19.59400749206543 -5.566592216491699 0
endloop
endfacet
facet normal 0 0 -1
outer loop
vertex -13.444007873535156 -22.793296813964844 0
vertex -8.89400863647461 -23.493297576904297 0
vertex -13.444007873535156 -27.693296432495117 0
endloop
endfacet
facet normal 0 0 -1
outer loop
vertex -8.89400863647461 -23.493297576904297 0
vertex -13.444007873535156 -22.793296813964844 0
vertex -8.89400863647461 -22.793296813964844 0
endloop
endfacet
facet normal 0 0 -1
outer loop
vertex -13.444007873535156 -22.793296813964844 0
vertex -13.444007873535156 -27.693296432495117 0
vertex -19.59400749206543 -5.566592216491699 0
endloop
endfacet
facet normal 0 0 1
outer loop
vertex -76.51800537109375 40.279197692871094 5
vertex -66.25949096679688 45.83318328857422 5
vertex -66.9609375 56.700599670410156 5
endloop
endfacet
facet normal 0 0 1
outer loop
vertex 20.709789276123047 29.631702423095703 5
vertex 19.91022491455078 29.32303810119629 5
vertex 52.879554748535156 29.631702423095703 5
endloop
endfacet
facet normal 0 0 1
outer loop
vertex 19.91022491455078 29.32303810119629 5
vertex 17.60953712463379 27.235626220703125 5
vertex 52.879554748535156 29.631702423095703 5
endloop
endfacet
facet normal 0 1 0
outer loop
vertex 52.879554748535156 29.631702423095703 5
vertex 20.709789276123047 29.631702423095703 0
vertex 20.709789276123047 29.631702423095703 5
endloop
endfacet
facet normal -0.36013706379194793 0.9328994025527696 0
outer loop
vertex 20.709789276123047 29.631702423095703 5
vertex 19.91022491455078 29.32303810119629 0
vertex 19.91022491455078 29.32303810119629 5
endloop
endfacet
facet normal -0.6719459001817074 0.740600234424075 0
outer loop
vertex 19.91022491455078 29.32303810119629 5
vertex 17.60953712463379 27.235626220703125 0
vertex 17.60953712463379 27.235626220703125 5
endloop
endfacet
facet normal 0 0 1
outer loop
vertex 52.879554748535156 29.631702423095703 5
vertex 17.215675354003906 26.354042053222656 5
vertex 38.65599060058594 22.181703567504883 5
endloop
endfacet
facet normal 0 0 -1
outer loop
vertex -8.89400863647461 -26.993297576904297 0
vertex -13.444007873535156 -27.693296432495117 0
vertex -3.894008159637451 -23.493297576904297 0
endloop
endfacet
facet normal 0 0 1
outer loop
vertex 38.65599060058594 22.181703567504883 5
vertex 38.65599060058594 8.081703186035156 5
vertex 43.555992126464844 22.181703567504883 5
endloop
endfacet
facet normal 0 0 1
outer loop
vertex 43.555992126464844 8.081703186035156 5
vertex 43.555992126464844 22.181703567504883 5
vertex 38.65599060058594 8.081703186035156 5
endloop
endfacet
facet normal 0 0 1
outer loop
vertex 17.60953712463379 27.235626220703125 5
vertex 17.215675354003906 26.354042053222656 5
vertex 52.879554748535156 29.631702423095703 5
endloop
endfacet
facet normal 0 0 1
outer loop
vertex 17.215675354003906 26.354042053222656 5
vertex 24.555992126464844 22.181703567504883 5
vertex 38.65599060058594 22.181703567504883 5
endloop
endfacet
facet normal 0 0 1
outer loop
vertex 24.555992126464844 22.181703567504883 5
vertex 17.130352020263672 12.932490348815918 5
vertex 24.555992126464844 8.081703186035156 5
endloop
endfacet
facet normal 0 0 -1
outer loop
vertex -8.89400863647461 -26.993297576904297 0
vertex 0.6559918522834778 -22.793296813964844 0
vertex -3.894008159637451 -26.993297576904297 0
endloop
endfacet
facet normal 0 0 1
outer loop
vertex 38.65599060058594 8.081703186035156 5
vertex 38.65599060058594 3.1817028522491455 5
vertex 43.555992126464844 3.1817028522491455 5
endloop
endfacet
facet normal 0 0 1
outer loop
vertex 38.65599060058594 3.1817028522491455 5
vertex 38.65599060058594 -10.918296813964844 5
vertex 43.555992126464844 3.1817028522491455 5
endloop
endfacet
facet normal 0 0 1
outer loop
vertex 38.65599060058594 8.081703186035156 5
vertex 24.555992126464844 3.1817028522491455 5
vertex 38.65599060058594 3.1817028522491455 5
endloop
endfacet
facet normal 0 0 -1
outer loop
vertex -3.894008159637451 -27.693296432495117 0
vertex -3.894008159637451 -26.993297576904297 0
vertex 0.6559918522834778 -22.793296813964844 0
endloop
endfacet
facet normal 0 0 1
outer loop
vertex -73.30948638916016 33.622222900390625 5
vertex -66.25949096679688 45.83318328857422 5
vertex -76.51800537109375 40.279197692871094 5
endloop
endfacet
facet normal 0 0 1
outer loop
vertex 38.65599060058594 8.081703186035156 5
vertex 24.555992126464844 8.081703186035156 5
vertex 24.555992126464844 3.1817028522491455 5
endloop
endfacet
facet normal 0 0 1
outer loop
vertex -77.6415786743164 40.933101654052734 5
vertex -73.30948638916016 33.622222900390625 5
vertex -76.51800537109375 40.279197692871094 5
endloop
endfacet
facet normal -0.8642843454449328 0.5030035489127528 0
outer loop
vertex -77.6415786743164 40.933101654052734 4.5
vertex -84.0577163696289 29.908592224121094 5
vertex -77.6415786743164 40.933101654052734 5
endloop
endfacet
facet normal 0 0 1
outer loop
vertex 17.130352020263672 12.932490348815918 5
vertex 24.555992126464844 3.1817028522491455 5
vertex 24.555992126464844 8.081703186035156 5
endloop
endfacet
facet normal 0 0 -1
outer loop
vertex -3.894008159637451 -27.693296432495117 0
vertex 0.6559918522834778 -22.793296813964844 0
vertex 0.6559918522834778 -27.693296432495117 0
endloop
endfacet
facet normal 0 0 -1
outer loop
vertex -3.894008159637451 -23.493297576904297 0
vertex -13.444007873535156 -27.693296432495117 0
vertex -8.89400863647461 -23.493297576904297 0
endloop
endfacet
facet normal 0 0 1
outer loop
vertex -84.0577163696289 29.908592224121094 5
vertex -73.30948638916016 33.622222900390625 5
vertex -77.6415786743164 40.933101654052734 5
endloop
endfacet
facet normal 0 0 1
outer loop
vertex 5.5559916496276855 -48.918296813964844 5
vertex -17.46988296508789 -63.7432975769043 5
vertex 20.055992126464844 -56.8682975769043 5
endloop
endfacet
facet normal 0 0 1
outer loop
vertex 20.055992126464844 -56.8682975769043 5
vertex -17.46988296508789 -63.7432975769043 5
vertex 20.078088760375977 -57.0926513671875 5
endloop
endfacet
facet normal 0 0 1
outer loop
vertex 20.56708526611328 -57.824485778808594 5
vertex 20.392818450927734 -57.68146896362305 5
vertex -17.46988296508789 -63.7432975769043 5
endloop
endfacet
facet normal 0 0 1
outer loop
vertex 20.249801635742188 -57.5072021484375 5
vertex -17.46988296508789 -63.7432975769043 5
vertex 20.392818450927734 -57.68146896362305 5
endloop
endfacet
facet normal 0 0 1
outer loop
vertex -17.46988296508789 -63.7432975769043 5
vertex 20.249801635742188 -57.5072021484375 5
vertex 20.143529891967773 -57.30838394165039 5
endloop
endfacet
facet normal 0 0 1
outer loop
vertex 20.765905380249023 -57.93075942993164 5
vertex 20.56708526611328 -57.824485778808594 5
vertex -17.46988296508789 -63.7432975769043 5
endloop
endfacet
facet normal 0 0 1
outer loop
vertex 20.981637954711914 -57.99620056152344 5
vertex 20.765905380249023 -57.93075942993164 5
vertex -17.46988296508789 -63.7432975769043 5
endloop
endfacet
facet normal 0 0 1
outer loop
vertex -17.46988296508789 -63.7432975769043 5
vertex 20.143529891967773 -57.30838394165039 5
vertex 20.078088760375977 -57.0926513671875 5
endloop
endfacet
facet normal 0 0 1
outer loop
vertex -17.46988296508789 -63.7432975769043 5
vertex 21.205991744995117 -58.0182991027832 5
vertex 20.981637954711914 -57.99620056152344 5
endloop
endfacet
facet normal 0.5024486358136228 0.8646070600966832 0
outer loop
vertex -27.840322494506836 37.60622787475586 5
vertex -63.4849739074707 58.32038497924805 0
vertex -63.4849739074707 58.32038497924805 5
endloop
endfacet
facet normal 0 0 1
outer loop
vertex 5.5559916496276855 -48.918296813964844 5
vertex 20.055992126464844 -56.8682975769043 5
vertex 20.078088760375977 -56.643943786621094 5
endloop
endfacet
facet normal 0 0 1
outer loop
vertex 5.5559916496276855 -48.918296813964844 5
vertex 20.078088760375977 -56.643943786621094 5
vertex 20.143529891967773 -56.4282112121582 5
endloop
endfacet
facet normal 0 0 1
outer loop
vertex 5.5559916496276855 -48.918296813964844 5
vertex 20.143529891967773 -56.4282112121582 5
vertex 20.249801635742188 -56.229393005371094 5
endloop
endfacet
facet normal 0 0 1
outer loop
vertex 20.249801635742188 -56.229393005371094 5
vertex 20.392818450927734 -56.05512619018555 5
vertex 5.5559916496276855 -48.918296813964844 5
endloop
endfacet
facet normal 0 0 1
outer loop
vertex 5.5559916496276855 -48.918296813964844 5
vertex 20.392818450927734 -56.05512619018555 5
vertex 20.56708526611328 -55.912105560302734 5
endloop
endfacet
facet normal 0 0 1
outer loop
vertex 19.65599250793457 -48.918296813964844 5
vertex 5.5559916496276855 -48.918296813964844 5
vertex 20.56708526611328 -55.912105560302734 5
endloop
endfacet
facet normal 0 0 1
outer loop
vertex 19.65599250793457 -48.918296813964844 5
vertex 20.56708526611328 -55.912105560302734 5
vertex 20.765905380249023 -55.80583572387695 5
endloop
endfacet
facet normal 0 0 1
outer loop
vertex 19.65599250793457 -48.918296813964844 5
vertex 20.765905380249023 -55.80583572387695 5
vertex 20.981637954711914 -55.740394592285156 5
endloop
endfacet
facet normal 0 0 1
outer loop
vertex 19.65599250793457 -48.918296813964844 5
vertex 20.981637954711914 -55.740394592285156 5
vertex 21.205991744995117 -55.71829605102539 5
endloop
endfacet
facet normal 0 0 1
outer loop
vertex 19.65599250793457 -48.918296813964844 5
vertex 21.205991744995117 -55.71829605102539 5
vertex 21.43034553527832 -55.740394592285156 5
endloop
endfacet
facet normal 0.15602109240413534 0.9877537237211613 0
outer loop
vertex -63.4849739074707 58.32038497924805 5
vertex -64.33473205566406 58.45460891723633 0
vertex -64.33473205566406 58.45460891723633 5
endloop
endfacet
facet normal -0.9238791069161851 -0.38268445984094035 0
outer loop
vertex -20.836334228515625 -60.458412170410156 0
vertex -20.543853759765625 -61.164520263671875 0
vertex -20.836334228515625 -60.458412170410156 0.20000000298023224
endloop
endfacet
facet normal 0 0 1
outer loop
vertex 0.6559918522834778 -27.693296432495117 5
vertex 0.6559918522834778 -41.793296813964844 5
vertex 5.5559916496276855 -34.81829833984375 5
endloop
endfacet
facet normal 0 0 1
outer loop
vertex 19.65599250793457 -34.81829833984375 5
vertex 19.65599250793457 -48.918296813964844 5
vertex 24.555992126464844 -48.918296813964844 5
endloop
endfacet
facet normal -0.21149951904453876 0.9773781015778534 0
outer loop
vertex -64.33473205566406 58.45460891723633 5
vertex -67.37466430664062 57.796783447265625 0
vertex -67.37466430664062 57.796783447265625 5
endloop
endfacet
facet normal -0.5878650474299627 0.8089590138011645 -1.2318062896309927e-7
outer loop
vertex -67.37466430664062 57.796783447265625 5
vertex -68.15869140625 57.22703552246094 0.20000000298023224
vertex -68.0282974243164 57.32179260253906 4.5
endloop
endfacet
facet normal 0 0 1
outer loop
vertex -17.46988296508789 -63.7432975769043 5
vertex 80.68186950683594 -63.7432975769043 5
vertex 21.205991744995117 -58.0182991027832 5
endloop
endfacet
facet normal -0.5878677057349541 0.8089570820222303 0
outer loop
vertex -68.15869140625 57.22703552246094 0.20000000298023224
vertex -68.15869140625 57.22703552246094 4.5
vertex -68.0282974243164 57.32179260253906 4.5
endloop
endfacet
facet normal 0 0 1
outer loop
vertex 24.555992126464844 -48.918296813964844 5
vertex 21.43034553527832 -55.740394592285156 5
vertex 21.64607810974121 -55.80583572387695 5
endloop
endfacet
facet normal 0 0 1
outer loop
vertex 21.844898223876953 -55.912105560302734 5
vertex 24.555992126464844 -48.918296813964844 5
vertex 21.64607810974121 -55.80583572387695 5
endloop
endfacet
facet normal 0 0 1
outer loop
vertex 22.0191650390625 -56.05512619018555 5
vertex 22.162181854248047 -56.229393005371094 5
vertex 24.555992126464844 -48.918296813964844 5
endloop
endfacet
facet normal 0 0 1
outer loop
vertex 21.844898223876953 -55.912105560302734 5
vertex 22.0191650390625 -56.05512619018555 5
vertex 24.555992126464844 -48.918296813964844 5
endloop
endfacet
facet normal 0 0 1
outer loop
vertex 24.555992126464844 -48.918296813964844 5
vertex 19.65599250793457 -48.918296813964844 5
vertex 21.43034553527832 -55.740394592285156 5
endloop
endfacet
facet normal 0 0 1
outer loop
vertex 43.555992126464844 -48.918296813964844 5
vertex 22.162181854248047 -56.229393005371094 5
vertex 22.26845359802246 -56.4282112121582 5
endloop
endfacet
facet normal 0 0 1
outer loop
vertex 22.162181854248047 -56.229393005371094 5
vertex 38.65599060058594 -48.918296813964844 5
vertex 24.555992126464844 -48.918296813964844 5
endloop
endfacet
facet normal 0 0 1
outer loop
vertex 80.68186950683594 -63.7432975769043 5
vertex 21.43034553527832 -57.99620056152344 5
vertex 21.205991744995117 -58.0182991027832 5
endloop
endfacet
facet normal 0 0 1
outer loop
vertex 80.68186950683594 -63.7432975769043 5
vertex 21.844898223876953 -57.824485778808594 5
vertex 21.64607810974121 -57.93075942993164 5
endloop
endfacet
facet normal 0 0 1
outer loop
vertex 80.68186950683594 -63.7432975769043 5
vertex 21.64607810974121 -57.93075942993164 5
vertex 21.43034553527832 -57.99620056152344 5
endloop
endfacet
facet normal 0 0 1
outer loop
vertex 21.844898223876953 -57.824485778808594 5
vertex 80.68186950683594 -63.7432975769043 5
vertex 22.0191650390625 -57.68146896362305 5
endloop
endfacet
facet normal 0 0 1
outer loop
vertex 22.0191650390625 -57.68146896362305 5
vertex 80.68186950683594 -63.7432975769043 5
vertex 22.162181854248047 -57.5072021484375 5
endloop
endfacet
facet normal 0 0 1
outer loop
vertex 22.162181854248047 -57.5072021484375 5
vertex 80.68186950683594 -63.7432975769043 5
vertex 22.26845359802246 -57.30838394165039 5
endloop
endfacet
facet normal 0 0 1
outer loop
vertex 22.26845359802246 -57.30838394165039 5
vertex 80.68186950683594 -63.7432975769043 5
vertex 22.333894729614258 -57.0926513671875 5
endloop
endfacet
facet normal 0 0 1
outer loop
vertex 22.333894729614258 -57.0926513671875 5
vertex 80.68186950683594 -63.7432975769043 5
vertex 22.35599136352539 -56.8682975769043 5
endloop
endfacet
facet normal 0 0 1
outer loop
vertex 80.68186950683594 -63.7432975769043 5
vertex 22.333894729614258 -56.643943786621094 5
vertex 22.35599136352539 -56.8682975769043 5
endloop
endfacet
facet normal 0 0 1
outer loop
vertex 80.68186950683594 -63.7432975769043 5
vertex 22.26845359802246 -56.4282112121582 5
vertex 22.333894729614258 -56.643943786621094 5
endloop
endfacet
facet normal 0 0 1
outer loop
vertex 22.162181854248047 -56.229393005371094 5
vertex 43.555992126464844 -48.918296813964844 5
vertex 38.65599060058594 -48.918296813964844 5
endloop
endfacet
facet normal -0.8642761475613632 0.5030176346376822 0
outer loop
vertex -68.15869140625 57.22703552246094 4.5
vertex -68.33601379394531 56.92236328125 0.20000000298023224
vertex -68.33601379394531 56.92236328125 4.5
endloop
endfacet
facet normal 0 0 1
outer loop
vertex 24.555992126464844 -48.918296813964844 5
vertex 24.555992126464844 -34.81829833984375 5
vertex 19.65599250793457 -34.81829833984375 5
endloop
endfacet
facet normal 0 0 1
outer loop
vertex 38.65599060058594 -34.81829833984375 5
vertex 38.65599060058594 -48.918296813964844 5
vertex 43.555992126464844 -48.918296813964844 5
endloop
endfacet
facet normal 0.5030033535679644 0.8642844591333234 0
outer loop
vertex -68.33601379394531 56.92236328125 4.5
vertex -68.94100952148438 57.27446365356445 0.20000000298023224
vertex -68.94100952148438 57.27446365356445 4.5
endloop
endfacet
facet normal 0 0 1
outer loop
vertex 43.555992126464844 -48.918296813964844 5
vertex 43.555992126464844 -34.81829833984375 5
vertex 38.65599060058594 -34.81829833984375 5
endloop
endfacet
facet normal -0.8642841470843126 0.5030038897431337 -0.0000014211857474951131
outer loop
vertex -68.94100952148438 57.27446365356445 4.5
vertex -77.6329116821289 42.339630126953125 0.20000000298023224
vertex -75.0608901977539 46.75900650024414 4.5
endloop
endfacet
facet normal -0.8642848747482491 0.5030026394377208 2.990787838586123e-7
outer loop
vertex -77.99507141113281 41.71734619140625 4.5
vertex -75.0608901977539 46.75900650024414 4.5
vertex -77.6329116821289 42.339630126953125 0.20000000298023224
endloop
endfacet
facet normal -0.8642843454449328 0.5030035489127527 0
outer loop
vertex -77.6415786743164 40.933101654052734 4.5
vertex -84.0577163696289 29.908592224121094 0
vertex -84.0577163696289 29.908592224121094 5
endloop
endfacet
facet normal -0.9877099133046646 0.15629819947680682 0
outer loop
vertex -84.0577163696289 29.908592224121094 5
vertex -84.19231414794922 29.058015823364258 0
vertex -84.19231414794922 29.058015823364258 5
endloop
endfacet
facet normal -0.5030033535679644 -0.8642844591333234 0
outer loop
vertex -77.99507141113281 41.71734619140625 4.5
vertex -77.39007568359375 41.3652458190918 0.20000000298023224
vertex -77.39007568359375 41.3652458190918 4.5
endloop
endfacet
facet normal -0.864284296092878 0.5030036337117638 0
outer loop
vertex -77.6415786743164 40.933101654052734 4.5
vertex -77.39007568359375 41.3652458190918 4.5
vertex -77.39007568359375 41.3652458190918 0.20000000298023224
endloop
endfacet
facet normal 0 0 1
outer loop
vertex -44.5305290222168 16.99622344970703 5
vertex -56.741485595703125 24.04622459411621 5
vertex -41.408485412597656 12.456223487854004 5
endloop
endfacet
facet normal 0 0 1
outer loop
vertex -73.30948638916016 33.622222900390625 5
vertex -30.782546997070312 -5.024693012237549 5
vertex -41.408485412597656 12.456223487854004 5
endloop
endfacet
facet normal 0 0 1
outer loop
vertex -61.09852981567383 26.572223663330078 5
vertex -41.408485412597656 12.456223487854004 5
vertex -56.741485595703125 24.04622459411621 5
endloop
endfacet
facet normal 0 0 1
outer loop
vertex -61.09852981567383 26.572223663330078 5
vertex -73.30948638916016 33.622222900390625 5
vertex -41.408485412597656 12.456223487854004 5
endloop
endfacet
facet normal 0 0 1
outer loop
vertex -84.0577163696289 29.908592224121094 5
vertex -30.782546997070312 -5.024693012237549 5
vertex -73.30948638916016 33.622222900390625 5
endloop
endfacet
facet normal 0 0 1
outer loop
vertex -84.19231414794922 29.058015823364258 5
vertex -30.782546997070312 -5.024693012237549 5
vertex -84.0577163696289 29.908592224121094 5
endloop
endfacet
facet normal 0 0 1
outer loop
vertex -84.19231414794922 29.058015823364258 5
vertex -83.53404235839844 26.01730728149414 5
vertex -30.782546997070312 -5.024693012237549 5
endloop
endfacet
facet normal 0 0 1
outer loop
vertex -83.53404235839844 26.01730728149414 5
vertex -82.96257781982422 25.2322940826416 5
vertex -30.782546997070312 -5.024693012237549 5
endloop
endfacet
facet normal -0.501625903602605 -0.8650846506757995 0
outer loop
vertex -82.96257781982422 25.2322940826416 5
vertex -30.782546997070312 -5.024693012237549 0
vertex -30.782546997070312 -5.024693012237549 5
endloop
endfacet
facet normal -0.9773596043768011 -0.2115849799310498 0
outer loop
vertex -84.19231414794922 29.058015823364258 5
vertex -83.53404235839844 26.01730728149414 0
vertex -83.53404235839844 26.01730728149414 5
endloop
endfacet
facet normal -0.8084685958841212 -0.5885393185413847 0
outer loop
vertex -83.53404235839844 26.01730728149414 5
vertex -82.96257781982422 25.2322940826416 0
vertex -82.96257781982422 25.2322940826416 5
endloop
endfacet
facet normal 0.5024486358136228 0.8646070600966832 0
outer loop
vertex -27.840322494506836 37.60622787475586 0
vertex -63.4849739074707 58.32038497924805 0
vertex -27.840322494506836 37.60622787475586 5
endloop
endfacet
facet normal 0.806343284298014 0.5914478065455074 0
outer loop
vertex -27.27248764038086 36.83207702636719 0
vertex -27.840322494506836 37.60622787475586 0
vertex -27.27248764038086 36.83207702636719 5
endloop
endfacet
facet normal 0.8733794887909125 0.48704031512732504 0
outer loop
vertex -25.722246170043945 31.058631896972656 0
vertex -26.60993766784668 32.650474548339844 0
vertex -25.722246170043945 31.058631896972656 5
endloop
endfacet
facet normal 0.7145796523324821 0.6995540868813426 0
outer loop
vertex -25.591175079345703 30.924745559692383 0
vertex -25.722246170043945 31.058631896972656 0
vertex -25.591175079345703 30.924745559692383 5
endloop
endfacet
facet normal 0.9756054547269675 0.21953131145006843 0
outer loop
vertex -26.628271102905273 33.969154357910156 0
vertex -27.27248764038086 36.83207702636719 0
vertex -26.628271102905273 33.969154357910156 5
endloop
endfacet
facet normal 0.9997247109318669 -0.02346278653943524 0
outer loop
vertex -26.654951095581055 32.83234786987305 0
vertex -26.628271102905273 33.969154357910156 0
vertex -26.654951095581055 32.83234786987305 5
endloop
endfacet
facet normal 0.9707110908674343 0.24024982428080052 0
outer loop
vertex -26.60993766784668 32.650474548339844 0
vertex -26.654951095581055 32.83234786987305 0
vertex -26.60993766784668 32.650474548339844 5
endloop
endfacet
facet normal 0 0 -1
outer loop
vertex -27.27248764038086 36.83207702636719 0
vertex -34.35848617553711 24.66718101501465 0
vertex -27.840322494506836 37.60622787475586 0
endloop
endfacet
facet normal 0 0 -1
outer loop
vertex -26.628271102905273 33.969154357910156 0
vertex -34.35848617553711 24.66718101501465 0
vertex -27.27248764038086 36.83207702636719 0
endloop
endfacet
facet normal 0 0 -1
outer loop
vertex -25.591175079345703 30.924745559692383 0
vertex -34.35848617553711 24.66718101501465 0
vertex -25.722246170043945 31.058631896972656 0
endloop
endfacet
facet normal 0 0 -1
outer loop
vertex -26.654951095581055 32.83234786987305 0
vertex -34.35848617553711 24.66718101501465 0
vertex -26.628271102905273 33.969154357910156 0
endloop
endfacet
facet normal 0 0 -1
outer loop
vertex -26.60993766784668 32.650474548339844 0
vertex -34.35848617553711 24.66718101501465 0
vertex -26.654951095581055 32.83234786987305 0
endloop
endfacet
facet normal 0 0 -1
outer loop
vertex -26.60993766784668 32.650474548339844 0
vertex -25.722246170043945 31.058631896972656 0
vertex -34.35848617553711 24.66718101501465 0
endloop
endfacet
facet normal 0 0 -1
outer loop
vertex -34.35848617553711 24.66718101501465 0
vertex -37.48052978515625 29.207181930541992 0
vertex -27.840322494506836 37.60622787475586 0
endloop
endfacet
facet normal 0 0 -1
outer loop
vertex -37.48052978515625 29.207181930541992 0
vertex -49.69148635864258 36.25718307495117 0
vertex -27.840322494506836 37.60622787475586 0
endloop
endfacet
facet normal 0 0 1
outer loop
vertex 0.6559918522834778 -27.693296432495117 5
vertex 5.5559916496276855 -34.81829833984375 5
vertex 5.5559916496276855 -29.918296813964844 5
endloop
endfacet
facet normal 0 0 1
outer loop
vertex 0.6559918522834778 -22.793296813964844 5
vertex 0.6559918522834778 -27.693296432495117 5
vertex 5.5559916496276855 -29.918296813964844 5
endloop
endfacet
facet normal 0 0 1
outer loop
vertex 5.5559916496276855 -29.918296813964844 5
vertex 5.5559916496276855 -34.81829833984375 5
vertex 19.65599250793457 -29.918296813964844 5
endloop
endfacet
facet normal 0 0 1
outer loop
vertex 0.6559918522834778 -22.793296813964844 5
vertex 5.5559916496276855 -29.918296813964844 5
vertex 5.5559916496276855 -15.818297386169434 5
endloop
endfacet
facet normal 0.005255308134435353 0.9999861907728588 0
outer loop
vertex 4.826461315155029 17.64756202697754 0
vertex -10.14051342010498 17.726219177246094 0
vertex 4.826461315155029 17.64756202697754 5
endloop
endfacet
facet normal 0 0 1
outer loop
vertex 19.65599250793457 -29.918296813964844 5
vertex 5.5559916496276855 -34.81829833984375 5
vertex 19.65599250793457 -34.81829833984375 5
endloop
endfacet
facet normal 0 0 1
outer loop
vertex 19.65599250793457 -29.918296813964844 5
vertex 19.65599250793457 -34.81829833984375 5
vertex 24.555992126464844 -29.918296813964844 5
endloop
endfacet
facet normal 0 0 1
outer loop
vertex 19.65599250793457 -15.818297386169434 5
vertex 19.65599250793457 -29.918296813964844 5
vertex 24.555992126464844 -29.918296813964844 5
endloop
endfacet
facet normal 0.33662513325826326 0.9416387415876942 0
outer loop
vertex -10.14051342010498 17.726219177246094 0
vertex -10.36550235748291 17.806650161743164 0
vertex -10.14051342010498 17.726219177246094 5
endloop
endfacet
facet normal 0.9773515092412045 0.21162236976260257 0
outer loop
vertex -12.314610481262207 19.489397048950195 0
vertex -13.11001968383789 23.16289520263672 0
vertex -12.314610481262207 19.489397048950195 5
endloop
endfacet
facet normal 0 0 1
outer loop
vertex 5.5559916496276855 -15.818297386169434 5
vertex 5.5559916496276855 -10.918296813964844 5
vertex 0.6559918522834778 -22.793296813964844 5
endloop
endfacet
facet normal 0 0 1
outer loop
vertex 5.5559916496276855 -10.918296813964844 5
vertex 5.5559916496276855 -15.818297386169434 5
vertex 19.65599250793457 -15.818297386169434 5
endloop
endfacet
facet normal 0 0 1
outer loop
vertex 0.6559918522834778 -8.693297386169434 5
vertex 0.6559918522834778 -22.793296813964844 5
vertex 5.5559916496276855 3.1817028522491455 5
endloop
endfacet
facet normal 0 0 1
outer loop
vertex 5.5559916496276855 3.1817028522491455 5
vertex 0.6559918522834778 -22.793296813964844 5
vertex 5.5559916496276855 -10.918296813964844 5
endloop
endfacet
facet normal 0 0 1
outer loop
vertex 0.6559918522834778 -3.793297290802002 5
vertex 0.6559918522834778 -8.693297386169434 5
vertex 5.5559916496276855 3.1817028522491455 5
endloop
endfacet
facet normal 0.8097638936992579 0.5867558576282107 0
outer loop
vertex -13.11001968383789 23.16289520263672 0
vertex -13.676584243774414 23.944793701171875 0
vertex -13.11001968383789 23.16289520263672 5
endloop
endfacet
facet normal 0.5054789110266277 0.8628389597760029 0
outer loop
vertex -13.676584243774414 23.944793701171875 0
vertex -25.591175079345703 30.924745559692383 0
vertex -13.676584243774414 23.944793701171875 5
endloop
endfacet
facet normal 0 0 1
outer loop
vertex 19.65599250793457 -10.918296813964844 5
vertex 5.5559916496276855 -10.918296813964844 5
vertex 19.65599250793457 -15.818297386169434 5
endloop
endfacet
facet normal 0 0 1
outer loop
vertex 19.65599250793457 -10.918296813964844 5
vertex 19.65599250793457 -15.818297386169434 5
vertex 24.555992126464844 -10.918296813964844 5
endloop
endfacet
facet normal 0.8518366983641082 0.5238074448880384 0
outer loop
vertex -12.18945598602295 19.285865783691406 0
vertex -12.314610481262207 19.489397048950195 0
vertex -12.18945598602295 19.285865783691406 5
endloop
endfacet
facet normal 0.629887843865093 0.7766861040027588 0
outer loop
vertex -10.36550235748291 17.806650161743164 0
vertex -12.18945598602295 19.285865783691406 0
vertex -10.36550235748291 17.806650161743164 5
endloop
endfacet
facet normal 0 0 1
outer loop
vertex 24.555992126464844 -29.918296813964844 5
vertex 19.65599250793457 -34.81829833984375 5
vertex 24.555992126464844 -34.81829833984375 5
endloop
endfacet
facet normal 0 0 1
outer loop
vertex 38.65599060058594 -29.918296813964844 5
vertex 24.555992126464844 -29.918296813964844 5
vertex 24.555992126464844 -34.81829833984375 5
endloop
endfacet
facet normal 0 0 1
outer loop
vertex 19.65599250793457 -15.818297386169434 5
vertex 24.555992126464844 -29.918296813964844 5
vertex 24.555992126464844 -15.818297386169434 5
endloop
endfacet
facet normal 0 0 1
outer loop
vertex 38.65599060058594 -29.918296813964844 5
vertex 24.555992126464844 -34.81829833984375 5
vertex 38.65599060058594 -34.81829833984375 5
endloop
endfacet
facet normal 0 0 1
outer loop
vertex 38.65599060058594 -29.918296813964844 5
vertex 38.65599060058594 -34.81829833984375 5
vertex 43.555992126464844 -29.918296813964844 5
endloop
endfacet
facet normal 0 0 1
outer loop
vertex 43.555992126464844 -29.918296813964844 5
vertex 38.65599060058594 -34.81829833984375 5
vertex 43.555992126464844 -34.81829833984375 5
endloop
endfacet
facet normal 0 0 1
outer loop
vertex 43.555992126464844 -29.918296813964844 5
vertex 43.555992126464844 -15.818297386169434 5
vertex 38.65599060058594 -29.918296813964844 5
endloop
endfacet
facet normal 0 0 1
outer loop
vertex 38.65599060058594 -15.818297386169434 5
vertex 38.65599060058594 -29.918296813964844 5
vertex 43.555992126464844 -15.818297386169434 5
endloop
endfacet
facet normal 0 0 -1
outer loop
vertex -3.894008159637451 10.306702613830566 0
vertex -3.894008159637451 11.006702423095703 0
vertex 4.826461315155029 17.64756202697754 0
endloop
endfacet
facet normal 0 0 -1
outer loop
vertex -10.14051342010498 17.726219177246094 0
vertex 4.826461315155029 17.64756202697754 0
vertex -3.894008159637451 11.006702423095703 0
endloop
endfacet
facet normal 0 0 -1
outer loop
vertex -3.894008159637451 11.006702423095703 0
vertex -8.89400863647461 11.006702423095703 0
vertex -10.14051342010498 17.726219177246094 0
endloop
endfacet
facet normal 0 0 1
outer loop
vertex 24.555992126464844 -10.918296813964844 5
vertex 19.65599250793457 -15.818297386169434 5
vertex 24.555992126464844 -15.818297386169434 5
endloop
endfacet
facet normal 0 0 1
outer loop
vertex 24.555992126464844 -10.918296813964844 5
vertex 24.555992126464844 -15.818297386169434 5
vertex 38.65599060058594 -15.818297386169434 5
endloop
endfacet
facet normal 0 0 1
outer loop
vertex 24.555992126464844 -10.918296813964844 5
vertex 24.555992126464844 3.1817028522491455 5
vertex 19.65599250793457 -10.918296813964844 5
endloop
endfacet
facet normal 0 0 -1
outer loop
vertex -8.89400863647461 11.006702423095703 0
vertex -13.444007873535156 10.306702613830566 0
vertex -10.14051342010498 17.726219177246094 0
endloop
endfacet
facet normal 0 0 1
outer loop
vertex 38.65599060058594 -10.918296813964844 5
vertex 24.555992126464844 -10.918296813964844 5
vertex 38.65599060058594 -15.818297386169434 5
endloop
endfacet
facet normal 0 0 1
outer loop
vertex 38.65599060058594 -10.918296813964844 5
vertex 38.65599060058594 -15.818297386169434 5
vertex 43.555992126464844 -15.818297386169434 5
endloop
endfacet
facet normal 0 0 1
outer loop
vertex 43.555992126464844 -15.818297386169434 5
vertex 43.555992126464844 -10.918296813964844 5
vertex 38.65599060058594 -10.918296813964844 5
endloop
endfacet
facet normal 0 0 1
outer loop
vertex 43.555992126464844 -10.918296813964844 5
vertex 43.555992126464844 3.1817028522491455 5
vertex 38.65599060058594 -10.918296813964844 5
endloop
endfacet
facet normal 0 0 -1
outer loop
vertex -13.11001968383789 23.16289520263672 0
vertex -24.7149658203125 -3.1815528869628906 0
vertex -13.676584243774414 23.944793701171875 0
endloop
endfacet
facet normal 0 0 -1
outer loop
vertex -12.314610481262207 19.489397048950195 0
vertex -24.7149658203125 -3.1815528869628906 0
vertex -13.11001968383789 23.16289520263672 0
endloop
endfacet
facet normal 0 -1 0
outer loop
vertex 80.68186950683594 -63.7432975769043 5
vertex -17.46988296508789 -63.7432975769043 5
vertex 80.68186950683594 -63.7432975769043 0
endloop
endfacet
facet normal 0 0 -1
outer loop
vertex -22.14752960205078 17.6171817779541 0
vertex -13.676584243774414 23.944793701171875 0
vertex -24.7149658203125 -3.1815528869628906 0
endloop
endfacet
facet normal 0 0 -1
outer loop
vertex -13.444007873535156 10.306702613830566 0
vertex -8.89400863647461 11.006702423095703 0
vertex -8.89400863647461 10.306702613830566 0
endloop
endfacet
facet normal 0 0 -1
outer loop
vertex -10.14051342010498 17.726219177246094 0
vertex -21.099536895751953 -5.03338098526001 0
vertex -10.36550235748291 17.806650161743164 0
endloop
endfacet
facet normal 0 0 -1
outer loop
vertex -13.444007873535156 10.306702613830566 0
vertex -21.099536895751953 -5.03338098526001 0
vertex -10.14051342010498 17.726219177246094 0
endloop
endfacet
facet normal 0 0 -1
outer loop
vertex -12.18945598602295 19.285865783691406 0
vertex -24.7149658203125 -3.1815528869628906 0
vertex -12.314610481262207 19.489397048950195 0
endloop
endfacet
facet normal 0 0 -1
outer loop
vertex -10.36550235748291 17.806650161743164 0
vertex -24.7149658203125 -3.1815528869628906 0
vertex -12.18945598602295 19.285865783691406 0
endloop
endfacet
facet normal 0 0 -1
outer loop
vertex -21.099536895751953 -5.03338098526001 0
vertex -24.7149658203125 -3.1815528869628906 0
vertex -10.36550235748291 17.806650161743164 0
endloop
endfacet
facet normal 0 0 -1
outer loop
vertex -13.444007873535156 -3.793297290802002 0
vertex -21.099536895751953 -5.03338098526001 0
vertex -13.444007873535156 10.306702613830566 0
endloop
endfacet
facet normal 0.9238724560432299 -0.3827005160234962 0
outer loop
vertex 84.10599517822266 -60.31917190551758 0.20000000298023224
vertex 84.10599517822266 -60.31917190551758 4.5
vertex 84.0483169555664 -60.458412170410156 4.5
endloop
endfacet
facet normal 1 0 0
outer loop
vertex 84.10599517822266 -60.31917190551758 4.5
vertex 84.10599517822266 -59.958412170410156 0.20000000298023224
vertex 84.10599517822266 -59.958412170410156 4.5
endloop
endfacet
facet normal 0 -1 0
outer loop
vertex 84.10599517822266 -59.958412170410156 4.5
vertex 84.80599212646484 -59.958412170410156 0.20000000298023224
vertex 84.80599212646484 -59.958412170410156 4.5
endloop
endfacet
facet normal 1 0 0
outer loop
vertex 84.80599212646484 -59.958412170410156 4.5
vertex 84.80599212646484 -42.678409576416016 0.20000000298023224
vertex 84.80599212646484 -47.791744232177734 4.5
endloop
endfacet
facet normal 0.9238792629940594 -0.38268408303607954 6.23429383323689e-7
outer loop
vertex 83.7558364868164 -61.164520263671875 5
vertex 84.10599517822266 -60.31917190551758 0.20000000298023224
vertex 84.0483169555664 -60.458412170410156 4.5
endloop
endfacet
facet normal 0.38268502001143 -0.9238788748850422 0
outer loop
vertex 80.68186950683594 -63.7432975769043 5
vertex 81.52721405029297 -63.39314270019531 0
vertex 81.52721405029297 -63.39314270019531 5
endloop
endfacet
facet normal 0.7071067811865475 -0.7071067811865475 0
outer loop
vertex 81.52721405029297 -63.39314270019531 5
vertex 83.7558364868164 -61.164520263671875 0
vertex 83.7558364868164 -61.164520263671875 5
endloop
endfacet
facet normal 0 0 -1
outer loop
vertex -13.676584243774414 23.944793701171875 0
vertex -34.35848617553711 24.66718101501465 0
vertex -25.591175079345703 30.924745559692383 0
endloop
endfacet
facet normal 0 0 -1
outer loop
vertex -34.35848617553711 24.66718101501465 0
vertex -13.676584243774414 23.944793701171875 0
vertex -22.14752960205078 17.6171817779541 0
endloop
endfacet
facet normal 1 0 0
outer loop
vertex 84.80599212646484 -47.791744232177734 4.5
vertex 84.80599212646484 -42.678409576416016 0.20000000298023224
vertex 84.80599212646484 -41.958412170410156 4.5
endloop
endfacet
facet normal 1 0 0
outer loop
vertex 84.10599517822266 -41.958412170410156 0.20000000298023224
vertex 84.10599517822266 -41.458412170410156 4.5
vertex 84.10599517822266 -41.958412170410156 4.5
endloop
endfacet
facet normal 0 1 0
outer loop
vertex 84.80599212646484 -41.958412170410156 4.5
vertex 84.10599517822266 -41.958412170410156 0.20000000298023224
vertex 84.10599517822266 -41.958412170410156 4.5
endloop
endfacet
facet normal 1 0 0
outer loop
vertex 84.10599517822266 -41.458412170410156 4.5
vertex 84.10599517822266 -35.044498443603516 0.20000000298023224
vertex 84.10599517822266 -35.544498443603516 4.5
endloop
endfacet
facet normal 1 0 0
outer loop
vertex 84.10599517822266 -35.544498443603516 4.5
vertex 84.10599517822266 -35.044498443603516 0.20000000298023224
vertex 84.10599517822266 -35.044498443603516 4.5
endloop
endfacet
facet normal 0 -1 0
outer loop
vertex 84.10599517822266 -35.044498443603516 4.5
vertex 84.80599212646484 -35.044498443603516 0.20000000298023224
vertex 84.80599212646484 -35.044498443603516 4.5
endloop
endfacet
facet normal 0 0 -1
outer loop
vertex -22.14752960205078 17.6171817779541 0
vertex -23.81631088256836 13.326766014099121 0
vertex -24.422529220581055 13.676766395568848 0
endloop
endfacet
facet normal 0 0 -1
outer loop
vertex -37.23970413208008 21.076766967773438 0
vertex -34.35848617553711 24.66718101501465 0
vertex -36.633487701416016 20.72676658630371 0
endloop
endfacet
facet normal 0 0 -1
outer loop
vertex -34.35848617553711 24.66718101501465 0
vertex -39.14931106567383 24.916767120361328 0
vertex -37.48052978515625 29.207181930541992 0
endloop
endfacet
facet normal 0 0 -1
outer loop
vertex -39.75552749633789 25.266765594482422 0
vertex -37.48052978515625 29.207181930541992 0
vertex -39.14931106567383 24.916767120361328 0
endloop
endfacet
facet normal 0 0 1
outer loop
vertex 22.26845359802246 -56.4282112121582 5
vertex 80.68186950683594 -63.7432975769043 5
vertex 43.555992126464844 -48.918296813964844 5
endloop
endfacet
facet normal 0 0 -1
outer loop
vertex -37.23970413208008 21.076766967773438 0
vertex -39.14931106567383 24.916767120361328 0
vertex -34.35848617553711 24.66718101501465 0
endloop
endfacet
facet normal 0 0 1
outer loop
vertex 57.65599060058594 -48.918296813964844 5
vertex 43.555992126464844 -48.918296813964844 5
vertex 80.68186950683594 -63.7432975769043 5
endloop
endfacet
facet normal 0 0 -1
outer loop
vertex -37.23970413208008 21.076766967773438 0
vertex -41.64931106567383 20.586639404296875 0
vertex -39.14931106567383 24.916767120361328 0
endloop
endfacet
facet normal 0 0 -1
outer loop
vertex -39.73970413208008 16.746639251708984 0
vertex -41.64931106567383 20.586639404296875 0
vertex -37.23970413208008 21.076766967773438 0
endloop
endfacet
facet normal 0 0 1
outer loop
vertex 57.65599060058594 -34.81829833984375 5
vertex 57.65599060058594 -48.918296813964844 5
vertex 62.555992126464844 -41.793296813964844 5
endloop
endfacet
facet normal 0 0 1
outer loop
vertex 57.65599060058594 -34.81829833984375 5
vertex 62.555992126464844 -41.793296813964844 5
vertex 57.65599060058594 -29.918296813964844 5
endloop
endfacet
facet normal 0 0 1
outer loop
vertex 57.65599060058594 -48.918296813964844 5
vertex 80.68186950683594 -63.7432975769043 5
vertex 81.52721405029297 -63.39314270019531 5
endloop
endfacet
facet normal 0 0 1
outer loop
vertex 62.555992126464844 -41.793296813964844 5
vertex 57.65599060058594 -48.918296813964844 5
vertex 81.52721405029297 -63.39314270019531 5
endloop
endfacet
facet normal 0 0 -1
outer loop
vertex 0.6559918522834778 -22.793296813964844 0
vertex -8.89400863647461 -26.993297576904297 0
vertex -3.894008159637451 -23.493297576904297 0
endloop
endfacet
facet normal 0 0 1
outer loop
vertex 17.215675354003906 26.354042053222656 5
vertex 17.130352020263672 12.932490348815918 5
vertex 24.555992126464844 22.181703567504883 5
endloop
endfacet
facet normal 0 0 1
outer loop
vertex 4.826461315155029 17.64756202697754 5
vertex 0.6559918522834778 10.306702613830566 5
vertex 5.709470272064209 17.25364875793457 5
endloop
endfacet
facet normal 0 0 1
outer loop
vertex 0.6559918522834778 10.306702613830566 5
vertex 7.797326564788818 14.952468872070312 5
vertex 5.709470272064209 17.25364875793457 5
endloop
endfacet
facet normal 0.923879106916185 -0.38268445984094035 0
outer loop
vertex 83.7558364868164 -61.164520263671875 5
vertex 84.0483169555664 -60.458412170410156 4.5
vertex 84.0483169555664 -60.458412170410156 5
endloop
endfacet
facet normal 0 0 1
outer loop
vertex 81.52721405029297 -63.39314270019531 5
vertex 83.7558364868164 -61.164520263671875 5
vertex 82.80599212646484 -60.458412170410156 5
endloop
endfacet
facet normal 0 0 1
outer loop
vertex 84.0483169555664 -60.458412170410156 5
vertex 82.80599212646484 -60.458412170410156 5
vertex 83.7558364868164 -61.164520263671875 5
endloop
endfacet
facet normal 0 0 1
outer loop
vertex 17.130352020263672 12.932490348815918 5
vertex 17.023006439208984 12.676788330078125 5
vertex 24.555992126464844 3.1817028522491455 5
endloop
endfacet
facet normal 0 0 1
outer loop
vertex 17.023006439208984 12.676788330078125 5
vertex 15.071270942687988 10.737421989440918 5
vertex 24.555992126464844 3.1817028522491455 5
endloop
endfacet
facet normal 0 0 1
outer loop
vertex 15.071270942687988 10.737421989440918 5
vertex 19.65599250793457 3.1817028522491455 5
vertex 24.555992126464844 3.1817028522491455 5
endloop
endfacet
facet normal 0 0 1
outer loop
vertex 62.555992126464844 -41.793296813964844 5
vertex 81.52721405029297 -63.39314270019531 5
vertex 82.80599212646484 -60.458412170410156 5
endloop
endfacet
facet normal 0 0 1
outer loop
vertex 15.071270942687988 10.737421989440918 5
vertex 14.814891815185547 10.631702423095703 5
vertex 19.65599250793457 3.1817028522491455 5
endloop
endfacet
facet normal 0 0 -1
outer loop
vertex -39.73970413208008 16.746639251708984 0
vertex -42.25552749633789 20.9366397857666 0
vertex -41.64931106567383 20.586639404296875 0
endloop
endfacet
facet normal 0 0 -1
outer loop
vertex -41.408485412597656 12.456223487854004 0
vertex -42.25552749633789 20.9366397857666 0
vertex -39.73970413208008 16.746639251708984 0
endloop
endfacet
facet normal 0 0 1
outer loop
vertex 76.65599060058594 -41.793296813964844 5
vertex 62.555992126464844 -41.793296813964844 5
vertex 82.80599212646484 -60.458412170410156 5
endloop
endfacet
facet normal 0 0 1
outer loop
vertex 14.814891815185547 10.631702423095703 5
vertex 10.424112319946289 10.631702423095703 5
vertex 19.65599250793457 3.1817028522491455 5
endloop
endfacet
facet normal 0 0 1
outer loop
vertex 10.424112319946289 10.631702423095703 5
vertex 5.5559916496276855 3.1817028522491455 5
vertex 19.65599250793457 3.1817028522491455 5
endloop
endfacet
facet normal 0 0 1
outer loop
vertex 19.65599250793457 3.1817028522491455 5
vertex 19.65599250793457 -10.918296813964844 5
vertex 24.555992126464844 3.1817028522491455 5
endloop
endfacet
facet normal 0 0 -1
outer loop
vertex 0.6559918522834778 -22.793296813964844 0
vertex -3.894008159637451 -23.493297576904297 0
vertex -3.894008159637451 -22.793296813964844 0
endloop
endfacet
facet normal 0 0 1
outer loop
vertex 8.10599136352539 14.152905464172363 5
vertex 0.6559918522834778 -3.793297290802002 5
vertex 8.10599136352539 12.949823379516602 5
endloop
endfacet
facet normal 0 0 1
outer loop
vertex 76.65599060058594 -41.793296813964844 5
vertex 82.80599212646484 -60.458412170410156 5
vertex 82.80599212646484 -41.458412170410156 5
endloop
endfacet
facet normal 0 0 1
outer loop
vertex 8.212560653686523 12.692543983459473 5
vertex 8.10599136352539 12.949823379516602 5
vertex 0.6559918522834778 -3.793297290802002 5
endloop
endfacet
facet normal 1 0 0
outer loop
vertex 84.10599517822266 -41.458412170410156 4.5
vertex 84.10599517822266 -35.544498443603516 4.5
vertex 84.10599517822266 -35.544498443603516 5
endloop
endfacet
facet normal 0 0 1
outer loop
vertex 10.16683292388916 10.738271713256836 5
vertex 0.6559918522834778 -3.793297290802002 5
vertex 10.424112319946289 10.631702423095703 5
endloop
endfacet
facet normal 0 0 1
outer loop
vertex 10.16683292388916 10.738271713256836 5
vertex 8.212560653686523 12.692543983459473 5
vertex 0.6559918522834778 -3.793297290802002 5
endloop
endfacet
facet normal 0 0 1
outer loop
vertex 76.65599060058594 -27.693296432495117 5
vertex 76.65599060058594 -41.793296813964844 5
vertex 82.80599212646484 -35.544498443603516 5
endloop
endfacet
facet normal 1 0 0
outer loop
vertex 84.10599517822266 -41.458412170410156 5
vertex 84.10599517822266 -41.458412170410156 4.5
vertex 84.10599517822266 -35.544498443603516 5
endloop
endfacet
facet normal 0 0 1
outer loop
vertex 82.80599212646484 -35.544498443603516 5
vertex 76.65599060058594 -41.793296813964844 5
vertex 82.80599212646484 -41.458412170410156 5
endloop
endfacet
facet normal 0 0 1
outer loop
vertex 82.80599212646484 -35.544498443603516 5
vertex 82.80599212646484 -41.458412170410156 5
vertex 84.10599517822266 -41.458412170410156 5
endloop
endfacet
facet normal 0 0 1
outer loop
vertex 82.80599212646484 -35.544498443603516 5
vertex 84.10599517822266 -41.458412170410156 5
vertex 84.10599517822266 -35.544498443603516 5
endloop
endfacet
facet normal 0 0 1
outer loop
vertex 7.797326564788818 14.952468872070312 5
vertex 0.6559918522834778 -3.793297290802002 5
vertex 8.10599136352539 14.152905464172363 5
endloop
endfacet
facet normal 0 0 -1
outer loop
vertex -41.408485412597656 12.456223487854004 0
vertex -39.73970413208008 16.746639251708984 0
vertex -39.133487701416016 16.396638870239258 0
endloop
endfacet
facet normal 0 0 -1
outer loop
vertex -23.81631088256836 13.326766014099121 0
vertex -22.14752960205078 17.6171817779541 0
vertex -24.7149658203125 -3.1815528869628906 0
endloop
endfacet
facet normal 0 0 -1
outer loop
vertex -23.81631088256836 13.326766014099121 0
vertex -25.107887268066406 -3.2112183570861816 0
vertex -26.31631088256836 8.996639251708984 0
endloop
endfacet
facet normal 0 0 -1
outer loop
vertex -24.7149658203125 -3.1815528869628906 0
vertex -25.107887268066406 -3.2112183570861816 0
vertex -23.81631088256836 13.326766014099121 0
endloop
endfacet
facet normal 0 0 -1
outer loop
vertex -26.31631088256836 8.996639251708984 0
vertex -26.899782180786133 -4.501522541046143 0
vertex -26.922529220581055 9.346639633178711 0
endloop
endfacet
facet normal 0 0 -1
outer loop
vertex -26.922529220581055 9.346639633178711 0
vertex -29.93374252319336 -5.158315658569336 0
vertex -29.197528839111328 5.406223773956299 0
endloop
endfacet
facet normal 0 0 -1
outer loop
vertex -25.107887268066406 -3.2112183570861816 0
vertex -26.899782180786133 -4.501522541046143 0
vertex -26.31631088256836 8.996639251708984 0
endloop
endfacet
facet normal 0 0 -1
outer loop
vertex -26.899782180786133 -4.501522541046143 0
vertex -29.93374252319336 -5.158315658569336 0
vertex -26.922529220581055 9.346639633178711 0
endloop
endfacet
facet normal 0 0 -1
outer loop
vertex -29.93374252319336 -5.158315658569336 0
vertex -30.782546997070312 -5.024693012237549 0
vertex -29.197528839111328 5.406223773956299 0
endloop
endfacet
facet normal 0 0 -1
outer loop
vertex -41.408485412597656 12.456223487854004 0
vertex -29.197528839111328 5.406223773956299 0
vertex -30.782546997070312 -5.024693012237549 0
endloop
endfacet
facet normal -0.5878677057348682 0.8089570820221121 5.403214946089067e-7
outer loop
vertex -68.0282974243164 57.32179260253906 0.20000000298023224
vertex -68.15869140625 57.22703552246094 0.20000000298023224
vertex -67.37466430664062 57.796783447265625 5
endloop
endfacet
facet normal -0.5878651090939219 0.8089589689903879 0
outer loop
vertex -67.37466430664062 57.796783447265625 0
vertex -68.0282974243164 57.32179260253906 0.20000000298023224
vertex -67.37466430664062 57.796783447265625 5
endloop
endfacet
facet normal 0.15602109240413534 0.9877537237211613 0
outer loop
vertex -63.4849739074707 58.32038497924805 0
vertex -64.33473205566406 58.45460891723633 0
vertex -63.4849739074707 58.32038497924805 5
endloop
endfacet
facet normal -0.21149951904453876 0.9773781015778534 0
outer loop
vertex -64.33473205566406 58.45460891723633 0
vertex -67.37466430664062 57.796783447265625 0
vertex -64.33473205566406 58.45460891723633 5
endloop
endfacet
facet normal -0.8642761475613632 0.5030176346376822 0
outer loop
vertex -68.15869140625 57.22703552246094 0.20000000298023224
vertex -68.33601379394531 56.92236328125 0.20000000298023224
vertex -68.15869140625 57.22703552246094 4.5
endloop
endfacet
facet normal 0.5030033535679644 0.8642844591333234 0
outer loop
vertex -68.33601379394531 56.92236328125 0.20000000298023224
vertex -68.94100952148438 57.27446365356445 0.20000000298023224
vertex -68.33601379394531 56.92236328125 4.5
endloop
endfacet
facet normal -0.8642843249732297 0.5030035840881937 0
outer loop
vertex -68.94100952148438 57.27446365356445 0.20000000298023224
vertex -77.6329116821289 42.339630126953125 0.20000000298023224
vertex -68.94100952148438 57.27446365356445 4.5
endloop
endfacet
facet normal -0.8642857731952268 0.5030010956770661 0
outer loop
vertex -77.6329116821289 42.339630126953125 0.20000000298023224
vertex -77.99507141113281 41.71734619140625 0.20000000298023224
vertex -77.99507141113281 41.71734619140625 4.5
endloop
endfacet
facet normal -0.5030033535679644 -0.8642844591333234 0
outer loop
vertex -77.39007568359375 41.3652458190918 0.20000000298023224
vertex -77.99507141113281 41.71734619140625 4.5
vertex -77.99507141113281 41.71734619140625 0.20000000298023224
endloop
endfacet
facet normal -0.864284296092878 0.5030036337117638 0
outer loop
vertex -77.39007568359375 41.3652458190918 0.20000000298023224
vertex -77.6415786743164 40.933101654052734 0.20000000298023224
vertex -77.6415786743164 40.933101654052734 4.5
endloop
endfacet
facet normal -0.8642843454449328 0.5030035489127528 0
outer loop
vertex -77.6415786743164 40.933101654052734 0.20000000298023224
vertex -84.0577163696289 29.908592224121094 0
vertex -77.6415786743164 40.933101654052734 4.5
endloop
endfacet
facet normal -0.9877099133046646 0.15629819947680682 0
outer loop
vertex -84.0577163696289 29.908592224121094 0
vertex -84.19231414794922 29.058015823364258 0
vertex -84.0577163696289 29.908592224121094 5
endloop
endfacet
facet normal 1 0 0
outer loop
vertex 84.80599212646484 -35.044498443603516 4.5
vertex 84.80599212646484 -17.764497756958008 0.20000000298023224
vertex 84.80599212646484 -22.877830505371094 4.5
endloop
endfacet
facet normal 1 0 0
outer loop
vertex 84.80599212646484 -22.877830505371094 4.5
vertex 84.80599212646484 -17.764497756958008 0.20000000298023224
vertex 84.80599212646484 -17.044496536254883 4.5
endloop
endfacet
facet normal -0.9773596043768011 -0.2115849799310498 0
outer loop
vertex -84.19231414794922 29.058015823364258 0
vertex -83.53404235839844 26.01730728149414 0
vertex -84.19231414794922 29.058015823364258 5
endloop
endfacet
facet normal 0 0 -1
outer loop
vertex -49.69148635864258 36.25718307495117 0
vertex -63.4849739074707 58.32038497924805 0
vertex -27.840322494506836 37.60622787475586 0
endloop
endfacet
facet normal 0 0 -1
outer loop
vertex -49.69148635864258 36.25718307495117 0
vertex -64.33473205566406 58.45460891723633 0
vertex -63.4849739074707 58.32038497924805 0
endloop
endfacet
facet normal 0 0 -1
outer loop
vertex -49.69148635864258 36.25718307495117 0
vertex -54.04853057861328 38.783180236816406 0
vertex -64.33473205566406 58.45460891723633 0
endloop
endfacet
facet normal 0 0 -1
outer loop
vertex -66.25949096679688 45.83318328857422 0
vertex -64.33473205566406 58.45460891723633 0
vertex -54.04853057861328 38.783180236816406 0
endloop
endfacet
facet normal 0 0 -1
outer loop
vertex -49.69148635864258 36.25718307495117 0
vertex -52.57270431518555 32.66676712036133 0
vertex -54.04853057861328 38.783180236816406 0
endloop
endfacet
facet normal 0 0 -1
outer loop
vertex -52.57270431518555 32.66676712036133 0
vertex -49.69148635864258 36.25718307495117 0
vertex -51.966487884521484 32.31676483154297 0
endloop
endfacet
facet normal 0 1 0
outer loop
vertex 84.80599212646484 -17.044496536254883 4.5
vertex 84.10599517822266 -17.044496536254883 0.20000000298023224
vertex 84.10599517822266 -17.044496536254883 4.5
endloop
endfacet
facet normal 1 0 0
outer loop
vertex 84.10599517822266 -17.044496536254883 4.5
vertex 84.10599517822266 -17.044496536254883 0.20000000298023224
vertex 84.10599517822266 -16.544496536254883 4.5
endloop
endfacet
facet normal 1 0 0
outer loop
vertex 84.10599517822266 -16.544496536254883 4.5
vertex 84.10599517822266 -10.130583763122559 0.20000000298023224
vertex 84.10599517822266 -10.630583763122559 4.5
endloop
endfacet
facet normal 1 0 0
outer loop
vertex 84.10599517822266 -10.630583763122559 4.5
vertex 84.10599517822266 -10.130583763122559 0.20000000298023224
vertex 84.10599517822266 -10.130583763122559 4.5
endloop
endfacet
facet normal 0 0 -1
outer loop
vertex -54.04853057861328 38.783180236816406 0
vertex -55.71731185913086 34.492767333984375 0
vertex -56.32352828979492 34.84276580810547 0
endloop
endfacet
facet normal 0 0 -1
outer loop
vertex -54.04853057861328 38.783180236816406 0
vertex -55.07270431518555 28.336639404296875 0
vertex -55.71731185913086 34.492767333984375 0
endloop
endfacet
facet normal 0 -1 0
outer loop
vertex 84.10599517822266 -10.130583763122559 4.5
vertex 84.80599212646484 -10.130583763122559 0.20000000298023224
vertex 84.80599212646484 -10.130583763122559 4.5
endloop
endfacet
facet normal 0 0 -1
outer loop
vertex -55.07270431518555 28.336639404296875 0
vertex -54.04853057861328 38.783180236816406 0
vertex -52.57270431518555 32.66676712036133 0
endloop
endfacet
facet normal 0 0 -1
outer loop
vertex -55.07270431518555 28.336639404296875 0
vertex -58.21731185913086 30.162639617919922 0
vertex -55.71731185913086 34.492767333984375 0
endloop
endfacet
facet normal 0 0 -1
outer loop
vertex -55.07270431518555 28.336639404296875 0
vertex -61.09852981567383 26.572223663330078 0
vertex -58.21731185913086 30.162639617919922 0
endloop
endfacet
facet normal 0 0 -1
outer loop
vertex -61.09852981567383 26.572223663330078 0
vertex -58.82352828979492 30.51263999938965 0
vertex -58.21731185913086 30.162639617919922 0
endloop
endfacet
facet normal 0 0 1
outer loop
vertex 0.6559918522834778 10.306702613830566 5
vertex 0.6559918522834778 -3.793297290802002 5
vertex 7.797326564788818 14.952468872070312 5
endloop
endfacet
facet normal 0 0 1
outer loop
vertex 0.6559918522834778 -3.793297290802002 5
vertex 5.5559916496276855 3.1817028522491455 5
vertex 10.424112319946289 10.631702423095703 5
endloop
endfacet
facet normal 0 0 1
outer loop
vertex 43.555992126464844 -29.918296813964844 5
vertex 43.555992126464844 -34.81829833984375 5
vertex 57.65599060058594 -34.81829833984375 5
endloop
endfacet
facet normal 0 0 1
outer loop
vertex 57.65599060058594 -29.918296813964844 5
vertex 43.555992126464844 -29.918296813964844 5
vertex 57.65599060058594 -34.81829833984375 5
endloop
endfacet
facet normal 0 0 1
outer loop
vertex 57.65599060058594 -29.918296813964844 5
vertex 62.555992126464844 -41.793296813964844 5
vertex 62.555992126464844 -27.693296432495117 5
endloop
endfacet
facet normal 0 0 1
outer loop
vertex 57.65599060058594 -15.818297386169434 5
vertex 57.65599060058594 -29.918296813964844 5
vertex 62.555992126464844 -27.693296432495117 5
endloop
endfacet
facet normal 0 0 1
outer loop
vertex 57.65599060058594 -15.818297386169434 5
vertex 62.555992126464844 -27.693296432495117 5
vertex 62.555992126464844 -22.793296813964844 5
endloop
endfacet
facet normal 0 0 -1
outer loop
vertex -64.33473205566406 58.45460891723633 0
vertex -68.0282974243164 57.32179260253906 0
vertex -67.37466430664062 57.796783447265625 0
endloop
endfacet
facet normal 0 0 -1
outer loop
vertex -64.33473205566406 58.45460891723633 0
vertex -66.9609375 56.700599670410156 0
vertex -68.0282974243164 57.32179260253906 0
endloop
endfacet
facet normal 0 0 -1
outer loop
vertex -13.444007873535156 -22.793296813964844 0
vertex -19.59400749206543 -5.566592216491699 0
vertex -13.444007873535156 -8.693297386169434 0
endloop
endfacet
facet normal -0.5878651090939219 0.8089589689903879 0
outer loop
vertex -68.0282974243164 57.32179260253906 0
vertex -68.0282974243164 57.32179260253906 0.20000000298023224
vertex -67.37466430664062 57.796783447265625 0
endloop
endfacet
facet normal 0 0 1
outer loop
vertex 43.555992126464844 -10.918296813964844 5
vertex 43.555992126464844 -15.818297386169434 5
vertex 57.65599060058594 -15.818297386169434 5
endloop
endfacet
facet normal 0 0 1
outer loop
vertex 57.65599060058594 -10.918296813964844 5
vertex 43.555992126464844 -10.918296813964844 5
vertex 57.65599060058594 -15.818297386169434 5
endloop
endfacet
facet normal 0 0 1
outer loop
vertex 57.65599060058594 -15.818297386169434 5
vertex 62.555992126464844 -22.793296813964844 5
vertex 62.555992126464844 -8.693297386169434 5
endloop
endfacet
facet normal 0 0 1
outer loop
vertex 57.65599060058594 -10.918296813964844 5
vertex 57.65599060058594 -15.818297386169434 5
vertex 62.555992126464844 -8.693297386169434 5
endloop
endfacet
facet normal 0 0 1
outer loop
vertex 57.65599060058594 -5.205994129180908 5
vertex 57.65599060058594 -10.918296813964844 5
vertex 62.555992126464844 -8.693297386169434 5
endloop
endfacet
facet normal 0 0 -1
outer loop
vertex -66.9609375 56.700599670410156 0
vertex -64.33473205566406 58.45460891723633 0
vertex -66.25949096679688 45.83318328857422 0
endloop
endfacet
facet normal 0 0 -1
outer loop
vertex -20.89400863647461 -5.566592216491699 0
vertex -20.89400863647461 -5.369572639465332 0
vertex -13.444007873535156 -3.793297290802002 0
endloop
endfacet
facet normal 0 0 -1
outer loop
vertex -13.444007873535156 -3.793297290802002 0
vertex -20.89400863647461 -5.369572639465332 0
vertex -21.099536895751953 -5.03338098526001 0
endloop
endfacet
facet normal 0 0 1
outer loop
vertex 62.555992126464844 -22.793296813964844 5
vertex 62.555992126464844 -27.693296432495117 5
vertex 76.65599060058594 -27.693296432495117 5
endloop
endfacet
facet normal 0 0 -1
outer loop
vertex -19.59400749206543 -5.566592216491699 0
vertex -20.89400863647461 -5.566592216491699 0
vertex -13.444007873535156 -3.793297290802002 0
endloop
endfacet
facet normal 0 0 1
outer loop
vertex 76.65599060058594 -22.793296813964844 5
vertex 62.555992126464844 -22.793296813964844 5
vertex 76.65599060058594 -27.693296432495117 5
endloop
endfacet
facet normal 0 0 -1
outer loop
vertex -13.444007873535156 -8.693297386169434 0
vertex -8.89400863647461 -7.993297100067139 0
vertex -8.89400863647461 -8.693297386169434 0
endloop
endfacet
facet normal 0 0 -1
outer loop
vertex -8.89400863647461 -7.993297100067139 0
vertex -13.444007873535156 -8.693297386169434 0
vertex -13.444007873535156 -3.793297290802002 0
endloop
endfacet
facet normal 0 0 -1
outer loop
vertex -13.444007873535156 -8.693297386169434 0
vertex -19.59400749206543 -5.566592216491699 0
vertex -13.444007873535156 -3.793297290802002 0
endloop
endfacet
facet normal 0 0 1
outer loop
vertex 76.65599060058594 -27.693296432495117 5
vertex 82.80599212646484 -35.544498443603516 5
vertex 82.80599212646484 -16.544496536254883 5
endloop
endfacet
facet normal 0 0 -1
outer loop
vertex -8.89400863647461 -7.993297100067139 0
vertex -13.444007873535156 -3.793297290802002 0
vertex -8.89400863647461 -4.493297100067139 0
endloop
endfacet
facet normal 0 0 -1
outer loop
vertex -8.89400863647461 -4.493297100067139 0
vertex -13.444007873535156 -3.793297290802002 0
vertex -8.89400863647461 -3.793297290802002 0
endloop
endfacet
facet normal 0 0 -1
outer loop
vertex -8.89400863647461 -4.493297100067139 0
vertex -3.894008159637451 -7.993297100067139 0
vertex -8.89400863647461 -7.993297100067139 0
endloop
endfacet
facet normal 0 0 -1
outer loop
vertex -3.894008159637451 -7.993297100067139 0
vertex -8.89400863647461 -4.493297100067139 0
vertex -3.894008159637451 -4.493297100067139 0
endloop
endfacet
facet normal 0 0 1
outer loop
vertex 76.65599060058594 -22.793296813964844 5
vertex 76.65599060058594 -27.693296432495117 5
vertex 82.80599212646484 -16.544496536254883 5
endloop
endfacet
facet normal -0.9130231898639852 0.4079076547094862 0
outer loop
vertex 17.60953712463379 27.235626220703125 5
vertex 17.215675354003906 26.354042053222656 0
vertex 17.215675354003906 26.354042053222656 5
endloop
endfacet
facet normal 0 0 -1
outer loop
vertex -66.25949096679688 45.83318328857422 0
vertex -69.14070129394531 42.242767333984375 0
vertex -66.9609375 56.700599670410156 0
endloop
endfacet
facet normal 0 0 -1
outer loop
vertex -68.53448486328125 41.892765045166016 0
vertex -69.14070129394531 42.242767333984375 0
vertex -66.25949096679688 45.83318328857422 0
endloop
endfacet
facet normal 0 0 -1
outer loop
vertex -69.14070129394531 42.242767333984375 0
vertex -71.64070129394531 37.91263961791992 0
vertex -66.9609375 56.700599670410156 0
endloop
endfacet
facet normal 0 0 1
outer loop
vertex 62.555992126464844 -8.693297386169434 5
vertex 76.65599060058594 -8.693297386169434 5
vertex 57.65599060058594 -5.205994129180908 5
endloop
endfacet
facet normal 0 0 1
outer loop
vertex 57.65599060058594 -5.205994129180908 5
vertex 76.65599060058594 -8.693297386169434 5
vertex 62.555992126464844 -3.793297290802002 5
endloop
endfacet
facet normal 0 0 1
outer loop
vertex 62.555992126464844 -3.793297290802002 5
vertex 76.65599060058594 -8.693297386169434 5
vertex 82.80599212646484 -10.630583763122559 5
endloop
endfacet
facet normal 0 0 1
outer loop
vertex 76.65599060058594 -3.793297290802002 5
vertex 62.555992126464844 -3.793297290802002 5
vertex 82.80599212646484 -10.630583763122559 5
endloop
endfacet
facet normal -0.9999797936898395 0.0063570600143405915 0
outer loop
vertex 17.215675354003906 26.354042053222656 5
vertex 17.130352020263672 12.932490348815918 0
vertex 17.130352020263672 12.932490348815918 5
endloop
endfacet
facet normal -0.9220455191879641 0.3870814649985165 0
outer loop
vertex 17.130352020263672 12.932490348815918 5
vertex 17.023006439208984 12.676788330078125 0
vertex 17.023006439208984 12.676788330078125 5
endloop
endfacet
facet normal 0.7406005653065011 0.6719455354920448 0
outer loop
vertex 7.797326564788818 14.952468872070312 5
vertex 5.709470272064209 17.25364875793457 0
vertex 5.709470272064209 17.25364875793457 5
endloop
endfacet
facet normal 1 0 0
outer loop
vertex 84.10599517822266 -16.544496536254883 4.5
vertex 84.10599517822266 -10.630583763122559 4.5
vertex 84.10599517822266 -10.630583763122559 5
endloop
endfacet
facet normal 0.9328990713159384 0.36013792182698495 0
outer loop
vertex 8.10599136352539 14.152905464172363 5
vertex 7.797326564788818 14.952468872070312 0
vertex 7.797326564788818 14.952468872070312 5
endloop
endfacet
facet normal 0 0 1
outer loop
vertex 76.65599060058594 -8.693297386169434 5
vertex 76.65599060058594 -22.793296813964844 5
vertex 82.80599212646484 -10.630583763122559 5
endloop
endfacet
facet normal 1 0 0
outer loop
vertex 8.10599136352539 12.949823379516602 5
vertex 8.10599136352539 14.152905464172363 0
vertex 8.10599136352539 14.152905464172363 5
endloop
endfacet
facet normal 1 0 0
outer loop
vertex 84.10599517822266 -16.544496536254883 5
vertex 84.10599517822266 -16.544496536254883 4.5
vertex 84.10599517822266 -10.630583763122559 5
endloop
endfacet
facet normal 0 0 1
outer loop
vertex 82.80599212646484 -10.630583763122559 5
vertex 76.65599060058594 -22.793296813964844 5
vertex 82.80599212646484 -16.544496536254883 5
endloop
endfacet
facet normal 0 0 1
outer loop
vertex 82.80599212646484 -10.630583763122559 5
vertex 82.80599212646484 -16.544496536254883 5
vertex 84.10599517822266 -16.544496536254883 5
endloop
endfacet
facet normal 0.923878675539068 0.38268550127249057 0
outer loop
vertex 8.212560653686523 12.692543983459473 5
vertex 8.10599136352539 12.949823379516602 0
vertex 8.10599136352539 12.949823379516602 5
endloop
endfacet
facet normal 0 0 1
outer loop
vertex 82.80599212646484 -10.630583763122559 5
vertex 84.10599517822266 -16.544496536254883 5
vertex 84.10599517822266 -10.630583763122559 5
endloop
endfacet
facet normal 0.40740318716125357 0.9132484016360787 0
outer loop
vertex 5.709470272064209 17.25364875793457 5
vertex 4.826461315155029 17.64756202697754 0
vertex 4.826461315155029 17.64756202697754 5
endloop
endfacet
facet normal -0.7048554468340076 0.7093509703020301 0
outer loop
vertex 17.023006439208984 12.676788330078125 5
vertex 15.071270942687988 10.737421989440918 0
vertex 15.071270942687988 10.737421989440918 5
endloop
endfacet
facet normal -0.3812174447264903 0.9244854027166709 0
outer loop
vertex 15.071270942687988 10.737421989440918 5
vertex 14.814891815185547 10.631702423095703 0
vertex 14.814891815185547 10.631702423095703 5
endloop
endfacet
facet normal 0 0 -1
outer loop
vertex 0.6559918522834778 -3.793297290802002 0
vertex 0.6559918522834778 10.306702613830566 0
vertex 5.5559916496276855 -10.918296813964844 0
endloop
endfacet
facet normal 0 0 -1
outer loop
vertex 5.5559916496276855 3.1817028522491455 0
vertex 5.5559916496276855 -10.918296813964844 0
vertex 0.6559918522834778 10.306702613830566 0
endloop
endfacet
facet normal 0 0 -1
outer loop
vertex 5.5559916496276855 3.1817028522491455 0
vertex 10.10599136352539 3.8817026615142822 0
vertex 10.10599136352539 3.1817028522491455 0
endloop
endfacet
facet normal 0 0 -1
outer loop
vertex 5.5559916496276855 3.1817028522491455 0
vertex 0.6559918522834778 10.306702613830566 0
vertex 10.424112319946289 10.631702423095703 0
endloop
endfacet
facet normal 0 0 -1
outer loop
vertex 0.6559918522834778 10.306702613830566 0
vertex -3.894008159637451 10.306702613830566 0
vertex 5.709470272064209 17.25364875793457 0
endloop
endfacet
facet normal 0 0 -1
outer loop
vertex 10.10599136352539 3.8817026615142822 0
vertex 5.5559916496276855 3.1817028522491455 0
vertex 14.814891815185547 10.631702423095703 0
endloop
endfacet
facet normal 0 0 -1
outer loop
vertex 14.814891815185547 10.631702423095703 0
vertex 5.5559916496276855 3.1817028522491455 0
vertex 10.424112319946289 10.631702423095703 0
endloop
endfacet
facet normal 0 0 -1
outer loop
vertex 10.424112319946289 10.631702423095703 0
vertex 0.6559918522834778 10.306702613830566 0
vertex 10.16683292388916 10.738271713256836 0
endloop
endfacet
facet normal 0 0 -1
outer loop
vertex 10.16683292388916 10.738271713256836 0
vertex 0.6559918522834778 10.306702613830566 0
vertex 8.212560653686523 12.692543983459473 0
endloop
endfacet
facet normal 0 0 -1
outer loop
vertex 8.212560653686523 12.692543983459473 0
vertex 0.6559918522834778 10.306702613830566 0
vertex 8.10599136352539 12.949823379516602 0
endloop
endfacet
facet normal 0 0 -1
outer loop
vertex 8.10599136352539 12.949823379516602 0
vertex 0.6559918522834778 10.306702613830566 0
vertex 8.10599136352539 14.152905464172363 0
endloop
endfacet
facet normal 0 0 -1
outer loop
vertex 24.555992126464844 3.1817028522491455 0
vertex 19.65599250793457 -10.918296813964844 0
vertex 19.65599250793457 3.1817028522491455 0
endloop
endfacet
facet normal 0 0 -1
outer loop
vertex 15.10599136352539 3.1817028522491455 0
vertex 15.10599136352539 3.8817026615142822 0
vertex 19.65599250793457 3.1817028522491455 0
endloop
endfacet
facet normal 0 0 -1
outer loop
vertex 10.10599136352539 3.8817026615142822 0
vertex 15.071270942687988 10.737421989440918 0
vertex 15.10599136352539 3.8817026615142822 0
endloop
endfacet
facet normal 0 0 -1
outer loop
vertex 15.071270942687988 10.737421989440918 0
vertex 10.10599136352539 3.8817026615142822 0
vertex 14.814891815185547 10.631702423095703 0
endloop
endfacet
facet normal 0 0 -1
outer loop
vertex 19.65599250793457 3.1817028522491455 0
vertex 15.10599136352539 3.8817026615142822 0
vertex 15.071270942687988 10.737421989440918 0
endloop
endfacet
facet normal 0 0 -1
outer loop
vertex 24.555992126464844 3.1817028522491455 0
vertex 19.65599250793457 3.1817028522491455 0
vertex 15.071270942687988 10.737421989440918 0
endloop
endfacet
facet normal 0 0 -1
outer loop
vertex 24.555992126464844 3.1817028522491455 0
vertex 15.071270942687988 10.737421989440918 0
vertex 17.023006439208984 12.676788330078125 0
endloop
endfacet
facet normal 0 0 -1
outer loop
vertex 24.555992126464844 3.1817028522491455 0
vertex 17.023006439208984 12.676788330078125 0
vertex 17.130352020263672 12.932490348815918 0
endloop
endfacet
facet normal 0 1 0
outer loop
vertex 14.814891815185547 10.631702423095703 5
vertex 10.424112319946289 10.631702423095703 0
vertex 10.424112319946289 10.631702423095703 5
endloop
endfacet
facet normal 0 0 -1
outer loop
vertex -71.64070129394531 37.91263961791992 0
vertex -76.51800537109375 40.279197692871094 0
vertex -66.9609375 56.700599670410156 0
endloop
endfacet
facet normal 0 0 -1
outer loop
vertex -3.894008159637451 -8.693297386169434 0
vertex -3.894008159637451 -7.993297100067139 0
vertex 0.6559918522834778 -8.693297386169434 0
endloop
endfacet
facet normal 0 0 -1
outer loop
vertex -71.64070129394531 37.91263961791992 0
vertex -71.03448486328125 37.56263732910156 0
vertex -73.30948638916016 33.622222900390625 0
endloop
endfacet
facet normal 0 0 -1
outer loop
vertex 0.6559918522834778 -8.693297386169434 0
vertex -3.894008159637451 -7.993297100067139 0
vertex 0.6559918522834778 -3.793297290802002 0
endloop
endfacet
facet normal 0 0 -1
outer loop
vertex 5.709470272064209 17.25364875793457 0
vertex -3.894008159637451 10.306702613830566 0
vertex 4.826461315155029 17.64756202697754 0
endloop
endfacet
facet normal 0 0 -1
outer loop
vertex 8.10599136352539 14.152905464172363 0
vertex 0.6559918522834778 10.306702613830566 0
vertex 7.797326564788818 14.952468872070312 0
endloop
endfacet
facet normal 0 0 -1
outer loop
vertex 7.797326564788818 14.952468872070312 0
vertex 0.6559918522834778 10.306702613830566 0
vertex 5.709470272064209 17.25364875793457 0
endloop
endfacet
facet normal 0 0 -1
outer loop
vertex 17.130352020263672 12.932490348815918 0
vertex 17.215675354003906 26.354042053222656 0
vertex 24.555992126464844 22.181703567504883 0
endloop
endfacet
facet normal 0 0 -1
outer loop
vertex 24.555992126464844 3.1817028522491455 0
vertex 29.10599136352539 3.8817026615142822 0
vertex 29.10599136352539 3.1817028522491455 0
endloop
endfacet
facet normal 0 0 -1
outer loop
vertex 24.555992126464844 3.1817028522491455 0
vertex 17.130352020263672 12.932490348815918 0
vertex 29.10599136352539 3.8817026615142822 0
endloop
endfacet
facet normal 0 0 -1
outer loop
vertex 29.10599136352539 3.8817026615142822 0
vertex 17.130352020263672 12.932490348815918 0
vertex 24.555992126464844 8.081703186035156 0
endloop
endfacet
facet normal 0 0 -1
outer loop
vertex 29.10599136352539 3.8817026615142822 0
vertex 24.555992126464844 8.081703186035156 0
vertex 29.10599136352539 7.381702899932861 0
endloop
endfacet
facet normal 0 0 -1
outer loop
vertex 29.10599136352539 7.381702899932861 0
vertex 24.555992126464844 8.081703186035156 0
vertex 29.10599136352539 8.081703186035156 0
endloop
endfacet
facet normal 0 0 -1
outer loop
vertex 29.10599136352539 3.8817026615142822 0
vertex 29.10599136352539 7.381702899932861 0
vertex 34.10599136352539 7.381702899932861 0
endloop
endfacet
facet normal 0 0 -1
outer loop
vertex 34.10599136352539 3.1817028522491455 0
vertex 34.10599136352539 3.8817026615142822 0
vertex 38.65599060058594 3.1817028522491455 0
endloop
endfacet
facet normal 0 0 -1
outer loop
vertex 38.65599060058594 3.1817028522491455 0
vertex 34.10599136352539 3.8817026615142822 0
vertex 34.10599136352539 7.381702899932861 0
endloop
endfacet
facet normal 0 0 -1
outer loop
vertex 43.555992126464844 3.1817028522491455 0
vertex 43.555992126464844 -10.918296813964844 0
vertex 38.65599060058594 3.1817028522491455 0
endloop
endfacet
facet normal 0 0 -1
outer loop
vertex 43.555992126464844 3.1817028522491455 0
vertex 38.65599060058594 3.1817028522491455 0
vertex 34.10599136352539 7.381702899932861 0
endloop
endfacet
facet normal 0 0 -1
outer loop
vertex 34.10599136352539 7.381702899932861 0
vertex 34.10599136352539 3.8817026615142822 0
vertex 29.10599136352539 3.8817026615142822 0
endloop
endfacet
facet normal 0 0 -1
outer loop
vertex 34.10599136352539 7.381702899932861 0
vertex 34.10599136352539 8.081703186035156 0
vertex 38.65599060058594 8.081703186035156 0
endloop
endfacet
facet normal 0 0 -1
outer loop
vertex 43.555992126464844 3.1817028522491455 0
vertex 34.10599136352539 7.381702899932861 0
vertex 38.65599060058594 8.081703186035156 0
endloop
endfacet
facet normal 0 0 -1
outer loop
vertex 43.555992126464844 3.1817028522491455 0
vertex 38.65599060058594 8.081703186035156 0
vertex 43.555992126464844 8.081703186035156 0
endloop
endfacet
facet normal 0.7071067811865476 0.7071067811865476 0
outer loop
vertex 10.16683292388916 10.738271713256836 5
vertex 8.212560653686523 12.692543983459473 0
vertex 8.212560653686523 12.692543983459473 5
endloop
endfacet
facet normal 0.38268550127249057 0.923878675539068 0
outer loop
vertex 10.424112319946289 10.631702423095703 5
vertex 10.16683292388916 10.738271713256836 0
vertex 10.16683292388916 10.738271713256836 5
endloop
endfacet
facet normal 0 0 -1
outer loop
vertex 0.6559918522834778 -3.793297290802002 0
vertex -3.894008159637451 -7.993297100067139 0
vertex -3.894008159637451 -4.493297100067139 0
endloop
endfacet
facet normal 0 0 -1
outer loop
vertex 0.6559918522834778 -3.793297290802002 0
vertex -3.894008159637451 -4.493297100067139 0
vertex -3.894008159637451 -3.793297290802002 0
endloop
endfacet
facet normal 0 0 -1
outer loop
vertex -73.30948638916016 33.622222900390625 0
vertex -77.6415786743164 40.933101654052734 0
vertex -76.51800537109375 40.279197692871094 0
endloop
endfacet
facet normal 0 0 -1
outer loop
vertex -76.51800537109375 40.279197692871094 0
vertex -71.64070129394531 37.91263961791992 0
vertex -73.30948638916016 33.622222900390625 0
endloop
endfacet
facet normal -0.8642843454449327 0.5030035489127527 0
outer loop
vertex -77.6415786743164 40.933101654052734 0
vertex -84.0577163696289 29.908592224121094 0
vertex -77.6415786743164 40.933101654052734 0.20000000298023224
endloop
endfacet
facet normal 0 0 -1
outer loop
vertex -73.30948638916016 33.622222900390625 0
vertex -84.0577163696289 29.908592224121094 0
vertex -77.6415786743164 40.933101654052734 0
endloop
endfacet
facet normal -0.501625903602605 -0.8650846506757995 0
outer loop
vertex -82.96257781982422 25.2322940826416 0
vertex -30.782546997070312 -5.024693012237549 0
vertex -82.96257781982422 25.2322940826416 5
endloop
endfacet
facet normal -0.8084685958841212 -0.5885393185413847 0
outer loop
vertex -83.53404235839844 26.01730728149414 0
vertex -82.96257781982422 25.2322940826416 0
vertex -83.53404235839844 26.01730728149414 5
endloop
endfacet
facet normal 0 0 -1
outer loop
vertex 24.555992126464844 8.081703186035156 0
vertex 17.130352020263672 12.932490348815918 0
vertex 24.555992126464844 22.181703567504883 0
endloop
endfacet
facet normal 0 0 -1
outer loop
vertex 24.555992126464844 22.181703567504883 0
vertex 17.215675354003906 26.354042053222656 0
vertex 29.10599136352539 22.881702423095703 0
endloop
endfacet
facet normal 0 0 -1
outer loop
vertex 24.555992126464844 22.181703567504883 0
vertex 29.10599136352539 22.881702423095703 0
vertex 29.10599136352539 22.181703567504883 0
endloop
endfacet
facet normal 0 0 -1
outer loop
vertex 17.215675354003906 26.354042053222656 0
vertex 17.60953712463379 27.235626220703125 0
vertex 52.879554748535156 29.631702423095703 0
endloop
endfacet
facet normal 0 0 -1
outer loop
vertex 43.555992126464844 8.081703186035156 0
vertex 38.65599060058594 8.081703186035156 0
vertex 38.65599060058594 22.181703567504883 0
endloop
endfacet
facet normal 0 0 -1
outer loop
vertex 43.555992126464844 8.081703186035156 0
vertex 38.65599060058594 22.181703567504883 0
vertex 43.555992126464844 22.181703567504883 0
endloop
endfacet
facet normal 0 0 -1
outer loop
vertex 34.10599136352539 22.181703567504883 0
vertex 34.10599136352539 22.881702423095703 0
vertex 38.65599060058594 22.181703567504883 0
endloop
endfacet
facet normal 0 0 -1
outer loop
vertex 29.10599136352539 22.881702423095703 0
vertex 17.215675354003906 26.354042053222656 0
vertex 52.879554748535156 29.631702423095703 0
endloop
endfacet
facet normal 0 0 -1
outer loop
vertex 29.10599136352539 22.881702423095703 0
vertex 52.879554748535156 29.631702423095703 0
vertex 34.10599136352539 22.881702423095703 0
endloop
endfacet
facet normal 0 0 -1
outer loop
vertex 38.65599060058594 22.181703567504883 0
vertex 34.10599136352539 22.881702423095703 0
vertex 52.879554748535156 29.631702423095703 0
endloop
endfacet
facet normal 0 0 -1
outer loop
vertex -41.408485412597656 12.456223487854004 0
vertex -44.5305290222168 16.99622344970703 0
vertex -42.25552749633789 20.9366397857666 0
endloop
endfacet
facet normal 0 0 -1
outer loop
vertex -41.408485412597656 12.456223487854004 0
vertex -56.741485595703125 24.04622459411621 0
vertex -44.5305290222168 16.99622344970703 0
endloop
endfacet
facet normal 0 0 -1
outer loop
vertex -55.07270431518555 28.336639404296875 0
vertex -54.466487884521484 27.98663902282715 0
vertex -56.741485595703125 24.04622459411621 0
endloop
endfacet
facet normal 0 0 -1
outer loop
vertex -56.741485595703125 24.04622459411621 0
vertex -61.09852981567383 26.572223663330078 0
vertex -55.07270431518555 28.336639404296875 0
endloop
endfacet
facet normal 0 0 -1
outer loop
vertex -41.408485412597656 12.456223487854004 0
vertex -61.09852981567383 26.572223663330078 0
vertex -56.741485595703125 24.04622459411621 0
endloop
endfacet
facet normal 0 0 -1
outer loop
vertex -61.09852981567383 26.572223663330078 0
vertex -30.782546997070312 -5.024693012237549 0
vertex -73.30948638916016 33.622222900390625 0
endloop
endfacet
facet normal 0.38268550127249057 0.923878675539068 0
outer loop
vertex 10.424112319946289 10.631702423095703 0
vertex 10.16683292388916 10.738271713256836 0
vertex 10.424112319946289 10.631702423095703 5
endloop
endfacet
facet normal 0.7071067811865476 0.7071067811865476 0
outer loop
vertex 10.16683292388916 10.738271713256836 0
vertex 8.212560653686523 12.692543983459473 0
vertex 10.16683292388916 10.738271713256836 5
endloop
endfacet
facet normal 0 0 -1
outer loop
vertex -30.782546997070312 -5.024693012237549 0
vertex -84.0577163696289 29.908592224121094 0
vertex -73.30948638916016 33.622222900390625 0
endloop
endfacet
facet normal 0 1 0
outer loop
vertex 14.814891815185547 10.631702423095703 0
vertex 10.424112319946289 10.631702423095703 0
vertex 14.814891815185547 10.631702423095703 5
endloop
endfacet
facet normal -0.3812174447264903 0.9244854027166709 0
outer loop
vertex 15.071270942687988 10.737421989440918 0
vertex 14.814891815185547 10.631702423095703 0
vertex 15.071270942687988 10.737421989440918 5
endloop
endfacet
facet normal -0.7048554468340076 0.7093509703020301 0
outer loop
vertex 17.023006439208984 12.676788330078125 0
vertex 15.071270942687988 10.737421989440918 0
vertex 17.023006439208984 12.676788330078125 5
endloop
endfacet
facet normal 0 0 -1
outer loop
vertex -30.782546997070312 -5.024693012237549 0
vertex -61.09852981567383 26.572223663330078 0
vertex -41.408485412597656 12.456223487854004 0
endloop
endfacet
facet normal 0 0 -1
outer loop
vertex -30.782546997070312 -5.024693012237549 0
vertex -84.19231414794922 29.058015823364258 0
vertex -84.0577163696289 29.908592224121094 0
endloop
endfacet
facet normal 0 0 -1
outer loop
vertex -30.782546997070312 -5.024693012237549 0
vertex -83.53404235839844 26.01730728149414 0
vertex -84.19231414794922 29.058015823364258 0
endloop
endfacet
facet normal 0.40740318716125357 0.9132484016360787 0
outer loop
vertex 5.709470272064209 17.25364875793457 0
vertex 4.826461315155029 17.64756202697754 0
vertex 5.709470272064209 17.25364875793457 5
endloop
endfacet
facet normal 0.923878675539068 0.38268550127249057 0
outer loop
vertex 8.212560653686523 12.692543983459473 0
vertex 8.10599136352539 12.949823379516602 0
vertex 8.212560653686523 12.692543983459473 5
endloop
endfacet
facet normal 1 0 0
outer loop
vertex 8.10599136352539 12.949823379516602 0
vertex 8.10599136352539 14.152905464172363 0
vertex 8.10599136352539 12.949823379516602 5
endloop
endfacet
facet normal 0.9328990713159384 0.36013792182698495 0
outer loop
vertex 8.10599136352539 14.152905464172363 0
vertex 7.797326564788818 14.952468872070312 0
vertex 8.10599136352539 14.152905464172363 5
endloop
endfacet
facet normal 0.7406005653065011 0.6719455354920448 0
outer loop
vertex 7.797326564788818 14.952468872070312 0
vertex 5.709470272064209 17.25364875793457 0
vertex 7.797326564788818 14.952468872070312 5
endloop
endfacet
facet normal -0.9220455191879641 0.3870814649985165 0
outer loop
vertex 17.130352020263672 12.932490348815918 0
vertex 17.023006439208984 12.676788330078125 0
vertex 17.130352020263672 12.932490348815918 5
endloop
endfacet
facet normal -0.9999797936898395 0.0063570600143405915 0
outer loop
vertex 17.215675354003906 26.354042053222656 0
vertex 17.130352020263672 12.932490348815918 0
vertex 17.215675354003906 26.354042053222656 5
endloop
endfacet
facet normal -0.9130231898639852 0.4079076547094862 0
outer loop
vertex 17.60953712463379 27.235626220703125 0
vertex 17.215675354003906 26.354042053222656 0
vertex 17.60953712463379 27.235626220703125 5
endloop
endfacet
facet normal 0 0 -1
outer loop
vertex -30.782546997070312 -5.024693012237549 0
vertex -82.96257781982422 25.2322940826416 0
vertex -83.53404235839844 26.01730728149414 0
endloop
endfacet
facet normal 0 0 1
outer loop
vertex 0.6559918522834778 -3.793297290802002 5
vertex -13.444007873535156 -3.793297290802002 5
vertex 0.6559918522834778 -8.693297386169434 5
endloop
endfacet
facet normal 0 0 1
outer loop
vertex -13.444007873535156 -3.793297290802002 5
vertex -13.444007873535156 -8.693297386169434 5
vertex 0.6559918522834778 -8.693297386169434 5
endloop
endfacet
facet normal 0 0 1
outer loop
vertex -20.89400863647461 -5.369572639465332 5
vertex -20.89400863647461 -5.566592216491699 5
vertex -19.59400749206543 -5.566592216491699 5
endloop
endfacet
facet normal -1 0 0
outer loop
vertex -21.59400749206543 -6.066592216491699 0.20000000298023224
vertex -21.59400749206543 -24.566593170166016 0.20000000298023224
vertex -21.59400749206543 -6.066592216491699 4.5
endloop
endfacet
facet normal -0.1555093699777219 -0.9878344172224068 0
outer loop
vertex -30.782546997070312 -5.024693012237549 0
vertex -29.93374252319336 -5.158315658569336 0
vertex -30.782546997070312 -5.024693012237549 5
endloop
endfacet
facet normal 0.2115795089405274 -0.9773607887553527 0
outer loop
vertex -29.93374252319336 -5.158315658569336 0
vertex -26.899782180786133 -4.501522541046143 0
vertex -29.93374252319336 -5.158315658569336 5
endloop
endfacet
facet normal 0 0 1
outer loop
vertex -13.444007873535156 -3.793297290802002 5
vertex -19.59400749206543 -24.566593170166016 5
vertex -13.444007873535156 -8.693297386169434 5
endloop
endfacet
facet normal 0 0 1
outer loop
vertex -19.59400749206543 -5.566592216491699 5
vertex -19.59400749206543 -24.566593170166016 5
vertex -13.444007873535156 -3.793297290802002 5
endloop
endfacet
facet normal 0.5843464355004471 -0.8115043088720612 0
outer loop
vertex -26.899782180786133 -4.501522541046143 0
vertex -25.107887268066406 -3.2112183570861816 0
vertex -26.899782180786133 -4.501522541046143 5
endloop
endfacet
facet normal 0.07528548088876807 -0.9971620211216163 0
outer loop
vertex -25.107887268066406 -3.2112183570861816 0
vertex -24.7149658203125 -3.1815528869628906 0
vertex -25.107887268066406 -3.2112183570861816 5
endloop
endfacet
facet normal 0 0 1
outer loop
vertex 0.6559918522834778 -22.793296813964844 5
vertex -13.444007873535156 -22.793296813964844 5
vertex 0.6559918522834778 -27.693296432495117 5
endloop
endfacet
facet normal 0 0 -1
outer loop
vertex 52.879554748535156 29.631702423095703 0
vertex 17.60953712463379 27.235626220703125 0
vertex 19.91022491455078 29.32303810119629 0
endloop
endfacet
facet normal 0 0 -1
outer loop
vertex 52.879554748535156 29.631702423095703 0
vertex 19.91022491455078 29.32303810119629 0
vertex 20.709789276123047 29.631702423095703 0
endloop
endfacet
facet normal -0.6719459001817074 0.740600234424075 0
outer loop
vertex 19.91022491455078 29.32303810119629 0
vertex 17.60953712463379 27.235626220703125 0
vertex 19.91022491455078 29.32303810119629 5
endloop
endfacet
facet normal -0.36013706379194793 0.9328994025527696 0
outer loop
vertex 20.709789276123047 29.631702423095703 0
vertex 19.91022491455078 29.32303810119629 0
vertex 20.709789276123047 29.631702423095703 5
endloop
endfacet
facet normal 0 1 0
outer loop
vertex 52.879554748535156 29.631702423095703 0
vertex 20.709789276123047 29.631702423095703 0
vertex 52.879554748535156 29.631702423095703 5
endloop
endfacet
facet normal 0 0 -1
outer loop
vertex 43.555992126464844 3.1817028522491455 0
vertex 48.10599136352539 3.8817026615142822 0
vertex 48.10599136352539 3.1817028522491455 0
endloop
endfacet
facet normal 0 0 -1
outer loop
vertex 48.10599136352539 3.8817026615142822 0
vertex 43.555992126464844 3.1817028522491455 0
vertex 43.555992126464844 8.081703186035156 0
endloop
endfacet
facet normal 0 0 -1
outer loop
vertex 43.555992126464844 8.081703186035156 0
vertex 48.10599136352539 7.381702899932861 0
vertex 48.10599136352539 3.8817026615142822 0
endloop
endfacet
facet normal 0 0 -1
outer loop
vertex 48.10599136352539 7.381702899932861 0
vertex 43.555992126464844 8.081703186035156 0
vertex 48.10599136352539 8.081703186035156 0
endloop
endfacet
facet normal 0 0 -1
outer loop
vertex 48.10599136352539 3.8817026615142822 0
vertex 48.10599136352539 7.381702899932861 0
vertex 53.10599136352539 3.8817026615142822 0
endloop
endfacet
facet normal 0 0 -1
outer loop
vertex 48.10599136352539 7.381702899932861 0
vertex 53.10599136352539 7.381702899932861 0
vertex 53.10599136352539 3.8817026615142822 0
endloop
endfacet
facet normal 0 0 -1
outer loop
vertex 53.10599136352539 3.1817028522491455 0
vertex 53.10599136352539 3.8817026615142822 0
vertex 57.65599060058594 3.1817028522491455 0
endloop
endfacet
facet normal 0 0 -1
outer loop
vertex 57.65599060058594 3.1817028522491455 0
vertex 53.10599136352539 3.8817026615142822 0
vertex 53.10599136352539 7.381702899932861 0
endloop
endfacet
facet normal 0 0 -1
outer loop
vertex 62.555992126464844 -3.793297290802002 0
vertex 57.65599060058594 3.1817028522491455 0
vertex 57.65599060058594 8.081703186035156 0
endloop
endfacet
facet normal 0 0 -1
outer loop
vertex 53.10599136352539 7.381702899932861 0
vertex 53.10599136352539 8.081703186035156 0
vertex 57.65599060058594 8.081703186035156 0
endloop
endfacet
facet normal 0 0 -1
outer loop
vertex 57.65599060058594 3.1817028522491455 0
vertex 53.10599136352539 7.381702899932861 0
vertex 57.65599060058594 8.081703186035156 0
endloop
endfacet
facet normal 0 0 -1
outer loop
vertex 57.65599060058594 8.081703186035156 0
vertex 57.65599060058594 14.052396774291992 0
vertex 62.555992126464844 -3.793297290802002 0
endloop
endfacet
facet normal 0 0 -1
outer loop
vertex 62.555992126464844 -3.793297290802002 0
vertex 57.65599060058594 14.052396774291992 0
vertex 62.555992126464844 10.306702613830566 0
endloop
endfacet
facet normal 0 0 -1
outer loop
vertex 62.555992126464844 10.306702613830566 0
vertex 57.65599060058594 14.052396774291992 0
vertex 67.10599517822266 11.006702423095703 0
endloop
endfacet
facet normal 0 0 1
outer loop
vertex -13.444007873535156 -22.793296813964844 5
vertex -13.444007873535156 -27.693296432495117 5
vertex 0.6559918522834778 -27.693296432495117 5
endloop
endfacet
facet normal 0 0 1
outer loop
vertex -19.59400749206543 -24.566593170166016 5
vertex -19.59400749206543 -41.458412170410156 5
vertex -13.444007873535156 -8.693297386169434 5
endloop
endfacet
facet normal 0.407300790267483 0.9132940743525514 0
outer loop
vertex 81.70938110351562 36.25374984741211 0
vertex 80.82608032226562 36.647674560546875 0
vertex 81.70938110351562 36.25374984741211 5
endloop
endfacet
facet normal 0.7406012027536106 0.6719448329140609 0
outer loop
vertex 83.79732513427734 33.95246887207031 0
vertex 81.70938110351562 36.25374984741211 0
vertex 83.79732513427734 33.95246887207031 5
endloop
endfacet
facet normal 0 0 1
outer loop
vertex -13.444007873535156 -8.693297386169434 5
vertex -19.59400749206543 -60.458412170410156 5
vertex -13.444007873535156 -22.793296813964844 5
endloop
endfacet
facet normal 0 1 0
outer loop
vertex 84.80599212646484 32.783329010009766 0.20000000298023224
vertex 84.10599517822266 32.783329010009766 0.20000000298023224
vertex 84.80599212646484 32.783329010009766 4.5
endloop
endfacet
facet normal 0.9328877488121224 0.360167250199474 0
outer loop
vertex 84.10599517822266 33.15290451049805 0.20000000298023224
vertex 84.0556411743164 33.283329010009766 0.20000000298023224
vertex 84.10599517822266 33.15290451049805 4.5
endloop
endfacet
facet normal -1 0 0
outer loop
vertex -20.89400863647461 -5.369572639465332 5
vertex -20.89400863647461 -5.566592216491699 4.5
vertex -20.89400863647461 -5.566592216491699 5
endloop
endfacet
facet normal 1 0 0
outer loop
vertex 84.10599517822266 33.15290451049805 0.20000000298023224
vertex 84.10599517822266 32.783329010009766 4.5
vertex 84.10599517822266 32.783329010009766 0.20000000298023224
endloop
endfacet
facet normal -0.4558803628706229 -0.8900410635183913 0
outer loop
vertex -24.7149658203125 -3.1815528869628906 5
vertex -21.099536895751953 -5.03338098526001 0
vertex -21.099536895751953 -5.03338098526001 5
endloop
endfacet
facet normal 0 0 -1
outer loop
vertex 43.555992126464844 22.181703567504883 0
vertex 48.10599136352539 22.881702423095703 0
vertex 48.10599136352539 22.181703567504883 0
endloop
endfacet
facet normal 0 0 -1
outer loop
vertex 43.555992126464844 22.181703567504883 0
vertex 38.65599060058594 22.181703567504883 0
vertex 53.13373947143555 29.735370635986328 0
endloop
endfacet
facet normal 0 0 -1
outer loop
vertex 48.10599136352539 22.881702423095703 0
vertex 43.555992126464844 22.181703567504883 0
vertex 53.13373947143555 29.735370635986328 0
endloop
endfacet
facet normal 0 0 -1
outer loop
vertex 53.13373947143555 29.735370635986328 0
vertex 38.65599060058594 22.181703567504883 0
vertex 52.879554748535156 29.631702423095703 0
endloop
endfacet
facet normal 0 0 -1
outer loop
vertex 48.10599136352539 22.881702423095703 0
vertex 53.13373947143555 29.735370635986328 0
vertex 53.10599136352539 22.881702423095703 0
endloop
endfacet
facet normal 0 0 -1
outer loop
vertex 57.65599060058594 14.052396774291992 0
vertex 62.555992126464844 15.206703186035156 0
vertex 67.10599517822266 14.506702423095703 0
endloop
endfacet
facet normal 0 0 -1
outer loop
vertex 62.555992126464844 15.206703186035156 0
vertex 57.65599060058594 14.052396774291992 0
vertex 57.65599060058594 22.181703567504883 0
endloop
endfacet
facet normal 0 0 -1
outer loop
vertex 53.10599136352539 22.181703567504883 0
vertex 53.10599136352539 22.881702423095703 0
vertex 57.65599060058594 22.181703567504883 0
endloop
endfacet
facet normal 0 0 -1
outer loop
vertex 57.65599060058594 22.181703567504883 0
vertex 53.13373947143555 29.735370635986328 0
vertex 62.555992126464844 15.206703186035156 0
endloop
endfacet
facet normal 0 0 -1
outer loop
vertex 57.65599060058594 22.181703567504883 0
vertex 53.10599136352539 22.881702423095703 0
vertex 53.13373947143555 29.735370635986328 0
endloop
endfacet
facet normal 0 0 -1
outer loop
vertex 53.13373947143555 29.735370635986328 0
vertex 55.079044342041016 31.638729095458984 0
vertex 62.555992126464844 15.206703186035156 0
endloop
endfacet
facet normal 0 0 -1
outer loop
vertex 55.079044342041016 31.638729095458984 0
vertex 55.188228607177734 31.890596389770508 0
vertex 62.555992126464844 15.206703186035156 0
endloop
endfacet
facet normal 0 0 -1
outer loop
vertex 55.188228607177734 31.890596389770508 0
vertex 55.223426818847656 33.505184173583984 0
vertex 62.555992126464844 15.206703186035156 0
endloop
endfacet
facet normal 0 0 -1
outer loop
vertex 62.555992126464844 15.206703186035156 0
vertex 55.223426818847656 33.505184173583984 0
vertex 62.555992126464844 29.306703567504883 0
endloop
endfacet
facet normal -0.8531939663234864 -0.5215937651364302 0
outer loop
vertex -21.099536895751953 -5.03338098526001 5
vertex -20.89400863647461 -5.369572639465332 0
vertex -20.89400863647461 -5.369572639465332 5
endloop
endfacet
facet normal 0.07528548088876807 -0.9971620211216163 0
outer loop
vertex -25.107887268066406 -3.2112183570861816 5
vertex -24.7149658203125 -3.1815528869628906 0
vertex -24.7149658203125 -3.1815528869628906 5
endloop
endfacet
facet normal 0.5843464355004471 -0.8115043088720612 0
outer loop
vertex -26.899782180786133 -4.501522541046143 5
vertex -25.107887268066406 -3.2112183570861816 0
vertex -25.107887268066406 -3.2112183570861816 5
endloop
endfacet
facet normal -1 0 0
outer loop
vertex -20.89400863647461 -5.369572639465332 5
vertex -20.89400863647461 -6.066592216491699 0.20000000298023224
vertex -20.89400863647461 -5.566592216491699 4.5
endloop
endfacet
facet normal 0.2115795089405274 -0.9773607887553527 0
outer loop
vertex -29.93374252319336 -5.158315658569336 5
vertex -26.899782180786133 -4.501522541046143 0
vertex -26.899782180786133 -4.501522541046143 5
endloop
endfacet
facet normal 0 0 -1
outer loop
vertex 62.555992126464844 10.306702613830566 0
vertex 67.10599517822266 11.006702423095703 0
vertex 67.10599517822266 10.306702613830566 0
endloop
endfacet
facet normal 0 0 -1
outer loop
vertex 67.10599517822266 11.006702423095703 0
vertex 57.65599060058594 14.052396774291992 0
vertex 72.10599517822266 11.006702423095703 0
endloop
endfacet
facet normal 0 0 -1
outer loop
vertex 72.10599517822266 10.306702613830566 0
vertex 72.10599517822266 11.006702423095703 0
vertex 76.65599060058594 10.306702613830566 0
endloop
endfacet
facet normal 0 0 -1
outer loop
vertex 76.65599060058594 -3.793297290802002 0
vertex 76.65599060058594 10.306702613830566 0
vertex 82.80599212646484 -10.630583763122559 0
endloop
endfacet
facet normal 0 0 -1
outer loop
vertex 82.80599212646484 -10.630583763122559 0
vertex 76.65599060058594 10.306702613830566 0
vertex 82.80599212646484 8.369416236877441 0
endloop
endfacet
facet normal 0.9328990966027286 0.36013785632277434 -0.0000010244391518205152
outer loop
vertex 84.0556411743164 33.283329010009766 0.20000000298023224
vertex 83.79732513427734 33.95246887207031 0
vertex 84.10599517822266 33.15290451049805 4.5
endloop
endfacet
facet normal 1 0 0
outer loop
vertex 84.80599212646484 32.783329010009766 0.20000000298023224
vertex 84.80599212646484 32.783329010009766 4.5
vertex 84.80599212646484 32.063331604003906 0.20000000298023224
endloop
endfacet
facet normal 0 0 -1
outer loop
vertex 76.65599060058594 10.306702613830566 0
vertex 72.10599517822266 11.006702423095703 0
vertex 82.80599212646484 14.283329963684082 0
endloop
endfacet
facet normal 0.005028403813124318 0.9999873574976297 0
outer loop
vertex 80.82608032226562 36.647674560546875 0
vertex 58.71836853027344 36.75884246826172 0
vertex 80.82608032226562 36.647674560546875 5
endloop
endfacet
facet normal -0.35779168679970424 0.9338014290292248 0
outer loop
vertex 58.71836853027344 36.75884246826172 0
vertex 57.91244125366211 36.45004653930664 0
vertex 58.71836853027344 36.75884246826172 5
endloop
endfacet
facet normal -0.6719453800545436 0.7406007063346314 0
outer loop
vertex 57.91244125366211 36.45004653930664 0
vertex 55.61639404296875 34.36684799194336 0
vertex 57.91244125366211 36.45004653930664 5
endloop
endfacet
facet normal -0.9098479164365564 0.41494188623957595 0
outer loop
vertex 55.61639404296875 34.36684799194336 0
vertex 55.223426818847656 33.505184173583984 0
vertex 55.61639404296875 34.36684799194336 5
endloop
endfacet
facet normal -0.999762461990122 0.021794944263517236 0
outer loop
vertex 55.223426818847656 33.505184173583984 0
vertex 55.188228607177734 31.890596389770508 0
vertex 55.223426818847656 33.505184173583984 5
endloop
endfacet
facet normal 0 0 -1
outer loop
vertex 82.80599212646484 8.369416236877441 0
vertex 76.65599060058594 10.306702613830566 0
vertex 84.10599517822266 14.283329963684082 0
endloop
endfacet
facet normal 0 0 -1
outer loop
vertex 84.10599517822266 8.369416236877441 0
vertex 82.80599212646484 8.369416236877441 0
vertex 84.10599517822266 14.283329963684082 0
endloop
endfacet
facet normal 1 0 0
outer loop
vertex 84.10599517822266 8.369416236877441 0.20000000298023224
vertex 84.10599517822266 8.369416236877441 0
vertex 84.10599517822266 14.283329963684082 0.20000000298023224
endloop
endfacet
facet normal 1 0 0
outer loop
vertex 84.10599517822266 14.283329963684082 0.20000000298023224
vertex 84.10599517822266 8.369416236877441 0
vertex 84.10599517822266 14.283329963684082 0
endloop
endfacet
facet normal -0.1555093699777219 -0.9878344172224068 0
outer loop
vertex -30.782546997070312 -5.024693012237549 5
vertex -29.93374252319336 -5.158315658569336 0
vertex -29.93374252319336 -5.158315658569336 5
endloop
endfacet
facet normal -1 0 0
outer loop
vertex -20.89400863647461 -6.066592216491699 0.20000000298023224
vertex -20.89400863647461 -6.066592216491699 4.5
vertex -20.89400863647461 -5.566592216491699 4.5
endloop
endfacet
facet normal 0 1 0
outer loop
vertex -20.89400863647461 -6.066592216491699 4.5
vertex -21.59400749206543 -6.066592216491699 0.20000000298023224
vertex -21.59400749206543 -6.066592216491699 4.5
endloop
endfacet
facet normal -1 0 0
outer loop
vertex -21.59400749206543 -6.066592216491699 4.5
vertex -21.59400749206543 -24.566593170166016 0.20000000298023224
vertex -21.59400749206543 -24.566593170166016 4.5
endloop
endfacet
facet normal -1 0 0
outer loop
vertex -21.59400749206543 -41.458412170410156 4.5
vertex -21.59400749206543 -24.566593170166016 4.5
vertex -21.59400749206543 -24.566593170166016 0.20000000298023224
endloop
endfacet
facet normal 0 0 -1
outer loop
vertex 57.65599060058594 14.052396774291992 0
vertex 67.10599517822266 14.506702423095703 0
vertex 72.10599517822266 14.506702423095703 0
endloop
endfacet
facet normal 0 0 -1
outer loop
vertex 67.10599517822266 14.506702423095703 0
vertex 62.555992126464844 15.206703186035156 0
vertex 67.10599517822266 15.206703186035156 0
endloop
endfacet
facet normal 0 0 -1
outer loop
vertex 72.10599517822266 11.006702423095703 0
vertex 57.65599060058594 14.052396774291992 0
vertex 82.80599212646484 14.283329963684082 0
endloop
endfacet
facet normal 0 0 -1
outer loop
vertex 82.80599212646484 14.283329963684082 0
vertex 57.65599060058594 14.052396774291992 0
vertex 72.10599517822266 14.506702423095703 0
endloop
endfacet
facet normal 0 0 -1
outer loop
vertex 72.10599517822266 14.506702423095703 0
vertex 72.10599517822266 15.206703186035156 0
vertex 76.65599060058594 15.206703186035156 0
endloop
endfacet
facet normal 0 0 -1
outer loop
vertex 82.80599212646484 14.283329963684082 0
vertex 72.10599517822266 14.506702423095703 0
vertex 76.65599060058594 15.206703186035156 0
endloop
endfacet
facet normal 0 0 -1
outer loop
vertex 82.80599212646484 14.283329963684082 0
vertex 76.65599060058594 15.206703186035156 0
vertex 76.65599060058594 29.306703567504883 0
endloop
endfacet
facet normal 0 0 -1
outer loop
vertex 84.10599517822266 14.283329963684082 0
vertex 76.65599060058594 10.306702613830566 0
vertex 82.80599212646484 14.283329963684082 0
endloop
endfacet
facet normal -0.9175001032715172 0.39773554090218727 0
outer loop
vertex 55.188228607177734 31.890596389770508 0
vertex 55.079044342041016 31.638729095458984 0
vertex 55.188228607177734 31.890596389770508 5
endloop
endfacet
facet normal -0.6993585195052563 0.7147710550906605 0
outer loop
vertex 55.079044342041016 31.638729095458984 0
vertex 53.13373947143555 29.735370635986328 0
vertex 55.079044342041016 31.638729095458984 5
endloop
endfacet
facet normal -0.377645133949492 0.9259504051536833 0
outer loop
vertex 53.13373947143555 29.735370635986328 0
vertex 52.879554748535156 29.631702423095703 0
vertex 53.13373947143555 29.735370635986328 5
endloop
endfacet
facet normal -0.4558803628706229 -0.8900410635183913 0
outer loop
vertex -24.7149658203125 -3.1815528869628906 0
vertex -21.099536895751953 -5.03338098526001 0
vertex -24.7149658203125 -3.1815528869628906 5
endloop
endfacet
facet normal 0 1 0
outer loop
vertex -20.89400863647461 -6.066592216491699 0.20000000298023224
vertex -21.59400749206543 -6.066592216491699 0.20000000298023224
vertex -20.89400863647461 -6.066592216491699 4.5
endloop
endfacet
facet normal -0.8531939663234864 -0.5215937651364302 0
outer loop
vertex -21.099536895751953 -5.03338098526001 0
vertex -20.89400863647461 -5.369572639465332 0
vertex -21.099536895751953 -5.03338098526001 5
endloop
endfacet
facet normal 0 0 -1
outer loop
vertex 82.80599212646484 14.283329963684082 0
vertex 76.65599060058594 29.306703567504883 0
vertex 82.80599212646484 33.283329010009766 0
endloop
endfacet
facet normal -1 0 0
outer loop
vertex -20.89400863647461 -5.566592216491699 0.20000000298023224
vertex -20.89400863647461 -5.369572639465332 5
vertex -20.89400863647461 -5.369572639465332 0
endloop
endfacet
facet normal -1 0 0
outer loop
vertex -20.89400863647461 -5.566592216491699 0.20000000298023224
vertex -20.89400863647461 -6.066592216491699 0.20000000298023224
vertex -20.89400863647461 -5.369572639465332 5
endloop
endfacet
facet normal 0 0 1
outer loop
vertex -19.59400749206543 -60.458412170410156 5
vertex -13.444007873535156 -27.693296432495117 5
vertex -13.444007873535156 -22.793296813964844 5
endloop
endfacet
facet normal 0 0 1
outer loop
vertex -19.59400749206543 -41.458412170410156 5
vertex -19.59400749206543 -60.458412170410156 5
vertex -13.444007873535156 -8.693297386169434 5
endloop
endfacet
facet normal 0 0 -1
outer loop
vertex 83.79732513427734 33.95246887207031 0
vertex 58.71836853027344 36.75884246826172 0
vertex 81.70938110351562 36.25374984741211 0
endloop
endfacet
facet normal 0 0 1
outer loop
vertex -19.59400749206543 -60.458412170410156 5
vertex -13.444007873535156 -41.793296813964844 5
vertex -13.444007873535156 -27.693296432495117 5
endloop
endfacet
facet normal 0.9328989937298812 0.3601381228053693 0
outer loop
vertex 84.0556411743164 33.283329010009766 0.20000000298023224
vertex 84.0556411743164 33.283329010009766 0
vertex 83.79732513427734 33.95246887207031 0
endloop
endfacet
facet normal 0 0 -1
outer loop
vertex 82.80599212646484 33.283329010009766 0
vertex 83.79732513427734 33.95246887207031 0
vertex 84.0556411743164 33.283329010009766 0
endloop
endfacet
facet normal 0 0 1
outer loop
vertex 0.6559918522834778 -41.793296813964844 5
vertex -17.46988296508789 -63.7432975769043 5
vertex 5.5559916496276855 -48.918296813964844 5
endloop
endfacet
facet normal 0 0 1
outer loop
vertex -13.444007873535156 -41.793296813964844 5
vertex -17.46988296508789 -63.7432975769043 5
vertex 0.6559918522834778 -41.793296813964844 5
endloop
endfacet
facet normal 0 0 1
outer loop
vertex -19.59400749206543 -60.458412170410156 5
vertex -18.315229415893555 -63.39314270019531 5
vertex -13.444007873535156 -41.793296813964844 5
endloop
endfacet
facet normal 0 0 -1
outer loop
vertex 82.80599212646484 33.283329010009766 0
vertex 58.71836853027344 36.75884246826172 0
vertex 83.79732513427734 33.95246887207031 0
endloop
endfacet
facet normal 0 0 -1
outer loop
vertex 82.80599212646484 33.283329010009766 0
vertex 76.65599060058594 29.306703567504883 0
vertex 72.10599517822266 30.006702423095703 0
endloop
endfacet
facet normal 0 0 1
outer loop
vertex -18.315229415893555 -63.39314270019531 5
vertex -17.46988296508789 -63.7432975769043 5
vertex -13.444007873535156 -41.793296813964844 5
endloop
endfacet
facet normal 0 0 1
outer loop
vertex -20.543853759765625 -61.164520263671875 5
vertex -18.315229415893555 -63.39314270019531 5
vertex -19.59400749206543 -60.458412170410156 5
endloop
endfacet
facet normal 0 0 1
outer loop
vertex -19.59400749206543 -60.458412170410156 5
vertex -20.836334228515625 -60.458412170410156 5
vertex -20.543853759765625 -61.164520263671875 5
endloop
endfacet
facet normal 0 0 -1
outer loop
vertex 58.71836853027344 36.75884246826172 0
vertex 80.82608032226562 36.647674560546875 0
vertex 81.70938110351562 36.25374984741211 0
endloop
endfacet
facet normal -0.923879106916185 -0.38268445984094035 0
outer loop
vertex -20.836334228515625 -60.458412170410156 5
vertex -20.836334228515625 -60.458412170410156 4.5
vertex -20.543853759765625 -61.164520263671875 5
endloop
endfacet
facet normal 0 0 -1
outer loop
vertex 72.10599517822266 30.006702423095703 0
vertex 58.71836853027344 36.75884246826172 0
vertex 82.80599212646484 33.283329010009766 0
endloop
endfacet
facet normal 0 0 -1
outer loop
vertex 72.10599517822266 29.306703567504883 0
vertex 72.10599517822266 30.006702423095703 0
vertex 76.65599060058594 29.306703567504883 0
endloop
endfacet
facet normal 0 0 -1
outer loop
vertex 67.10599517822266 30.006702423095703 0
vertex 58.71836853027344 36.75884246826172 0
vertex 72.10599517822266 30.006702423095703 0
endloop
endfacet
facet normal 0 0 -1
outer loop
vertex 67.10599517822266 29.306703567504883 0
vertex 58.71836853027344 36.75884246826172 0
vertex 67.10599517822266 30.006702423095703 0
endloop
endfacet
facet normal 0 0 -1
outer loop
vertex 58.71836853027344 36.75884246826172 0
vertex 67.10599517822266 29.306703567504883 0
vertex 62.555992126464844 29.306703567504883 0
endloop
endfacet
facet normal 1 0 0
outer loop
vertex 84.80599212646484 7.869416236877441 0.20000000298023224
vertex 84.80599212646484 7.869416236877441 4.5
vertex 84.80599212646484 7.149416446685791 0.20000000298023224
endloop
endfacet
facet normal 1 0 0
outer loop
vertex 84.10599517822266 7.869416236877441 0.20000000298023224
vertex 84.10599517822266 8.369416236877441 0.20000000298023224
vertex 84.10599517822266 8.369416236877441 4.5
endloop
endfacet
facet normal 0 1 0
outer loop
vertex 84.80599212646484 7.869416236877441 0.20000000298023224
vertex 84.10599517822266 7.869416236877441 0.20000000298023224
vertex 84.80599212646484 7.869416236877441 4.5
endloop
endfacet
facet normal 1 0 0
outer loop
vertex 84.10599517822266 8.369416236877441 4.5
vertex 84.10599517822266 8.369416236877441 0.20000000298023224
vertex 84.10599517822266 14.283329963684082 0.20000000298023224
endloop
endfacet
facet normal 1 0 0
outer loop
vertex 84.10599517822266 8.369416236877441 4.5
vertex 84.10599517822266 14.283329963684082 0.20000000298023224
vertex 84.10599517822266 14.783329963684082 0.20000000298023224
endloop
endfacet
facet normal -0.38268428301208823 -0.9238791801613043 0
outer loop
vertex -18.315229415893555 -63.39314270019531 5
vertex -17.46988296508789 -63.7432975769043 0
vertex -17.46988296508789 -63.7432975769043 5
endloop
endfacet
facet normal -0.7071064786007794 -0.7071070837721862 0
outer loop
vertex -20.543853759765625 -61.164520263671875 5
vertex -18.315229415893555 -63.39314270019531 0
vertex -18.315229415893555 -63.39314270019531 5
endloop
endfacet
facet normal -0.923879106916185 -0.38268445984094035 0
outer loop
vertex -20.836334228515625 -60.458412170410156 4.5
vertex -20.543853759765625 -61.164520263671875 0
vertex -20.543853759765625 -61.164520263671875 5
endloop
endfacet
facet normal 0 -1 0
outer loop
vertex 84.80599212646484 14.783329963684082 0.20000000298023224
vertex 84.10599517822266 14.783329963684082 4.5
vertex 84.10599517822266 14.783329963684082 0.20000000298023224
endloop
endfacet
facet normal -0.9238814049554638 -0.3826789118523234 -0.0000010199136153755934
outer loop
vertex -20.89400863647461 -60.31917190551758 4.5
vertex -20.543853759765625 -61.164520263671875 0
vertex -20.836334228515625 -60.458412170410156 4.5
endloop
endfacet
facet normal 1 0 0
outer loop
vertex 84.80599212646484 14.783329963684082 0.20000000298023224
vertex 84.80599212646484 32.063331604003906 0.20000000298023224
vertex 84.80599212646484 14.783329963684082 4.5
endloop
endfacet
facet normal -1 0 0
outer loop
vertex -21.59400749206543 -41.458412170410156 4.5
vertex -21.59400749206543 -59.958412170410156 0.20000000298023224
vertex -21.59400749206543 -59.958412170410156 4.5
endloop
endfacet
facet normal 0 -1 0
outer loop
vertex -21.59400749206543 -59.958412170410156 4.5
vertex -20.89400863647461 -59.958412170410156 0.20000000298023224
vertex -20.89400863647461 -59.958412170410156 4.5
endloop
endfacet
facet normal -1 0 0
outer loop
vertex -20.89400863647461 -59.958412170410156 4.5
vertex -20.89400863647461 -60.31917190551758 0.20000000298023224
vertex -20.89400863647461 -60.31917190551758 4.5
endloop
endfacet
facet normal 0 0 -1
outer loop
vertex 62.555992126464844 29.306703567504883 0
vertex 55.223426818847656 33.505184173583984 0
vertex 55.61639404296875 34.36684799194336 0
endloop
endfacet
facet normal 0 0 -1
outer loop
vertex 62.555992126464844 29.306703567504883 0
vertex 55.61639404296875 34.36684799194336 0
vertex 57.91244125366211 36.45004653930664 0
endloop
endfacet
facet normal 0 0 1
outer loop
vertex 0.6559918522834778 -41.793296813964844 5
vertex 5.5559916496276855 -48.918296813964844 5
vertex 5.5559916496276855 -34.81829833984375 5
endloop
endfacet
facet normal 0 -1 0
outer loop
vertex 82.80599212646484 -41.458412170410156 4.5
vertex 84.10599517822266 -41.458412170410156 4.5
vertex 84.10599517822266 -41.458412170410156 5
endloop
endfacet
facet normal 0 -1 0
outer loop
vertex 82.80599212646484 -41.458412170410156 5
vertex 82.80599212646484 -41.458412170410156 4.5
vertex 84.10599517822266 -41.458412170410156 5
endloop
endfacet
facet normal 0 0 1
outer loop
vertex 82.80599212646484 -60.458412170410156 4.5
vertex 84.0483169555664 -60.458412170410156 4.5
vertex 84.10599517822266 -60.31917190551758 4.5
endloop
endfacet
facet normal 0 0 1
outer loop
vertex 82.80599212646484 -60.458412170410156 4.5
vertex 84.10599517822266 -60.31917190551758 4.5
vertex 84.10599517822266 -59.958412170410156 4.5
endloop
endfacet
facet normal 0 1 0
outer loop
vertex 84.0483169555664 -60.458412170410156 4.5
vertex 82.80599212646484 -60.458412170410156 4.5
vertex 82.80599212646484 -60.458412170410156 5
endloop
endfacet
facet normal 0 1 0
outer loop
vertex 82.80599212646484 -60.458412170410156 5
vertex 84.0483169555664 -60.458412170410156 5
vertex 84.0483169555664 -60.458412170410156 4.5
endloop
endfacet
facet normal 0 0 1
outer loop
vertex 82.80599212646484 -60.458412170410156 4.5
vertex 84.10599517822266 -59.958412170410156 4.5
vertex 84.80599212646484 -47.791744232177734 4.5
endloop
endfacet
facet normal 0 0 1
outer loop
vertex 84.80599212646484 -47.791744232177734 4.5
vertex 84.10599517822266 -59.958412170410156 4.5
vertex 84.80599212646484 -59.958412170410156 4.5
endloop
endfacet
facet normal 0 0 1
outer loop
vertex 82.80599212646484 -60.458412170410156 4.5
vertex 84.80599212646484 -47.791744232177734 4.5
vertex 82.80599212646484 -41.458412170410156 4.5
endloop
endfacet
facet normal 0 0 1
outer loop
vertex 84.10599517822266 -41.958412170410156 4.5
vertex 84.10599517822266 -41.458412170410156 4.5
vertex 82.80599212646484 -41.458412170410156 4.5
endloop
endfacet
facet normal 0 0 1
outer loop
vertex 84.80599212646484 -41.958412170410156 4.5
vertex 84.10599517822266 -41.958412170410156 4.5
vertex 84.80599212646484 -47.791744232177734 4.5
endloop
endfacet
facet normal 0 0 1
outer loop
vertex 82.80599212646484 -41.458412170410156 4.5
vertex 84.80599212646484 -47.791744232177734 4.5
vertex 84.10599517822266 -41.958412170410156 4.5
endloop
endfacet
facet normal 1 0 0
outer loop
vertex 82.80599212646484 -41.458412170410156 5
vertex 82.80599212646484 -60.458412170410156 4.5
vertex 82.80599212646484 -41.458412170410156 4.5
endloop
endfacet
facet normal 1 0 0
outer loop
vertex 82.80599212646484 -60.458412170410156 5
vertex 82.80599212646484 -60.458412170410156 4.5
vertex 82.80599212646484 -41.458412170410156 5
endloop
endfacet
facet normal 0 1 0
outer loop
vertex 84.10599517822266 14.283329963684082 4.5
vertex 82.80599212646484 14.283329963684082 4.5
vertex 82.80599212646484 14.283329963684082 5
endloop
endfacet
facet normal 1 0 0
outer loop
vertex 82.80599212646484 14.283329963684082 5
vertex 82.80599212646484 14.283329963684082 4.5
vertex 82.80599212646484 33.283329010009766 5
endloop
endfacet
facet normal 1 0 0
outer loop
vertex 82.80599212646484 14.283329963684082 4.5
vertex 82.80599212646484 33.283329010009766 4.5
vertex 82.80599212646484 33.283329010009766 5
endloop
endfacet
facet normal 0 0 1
outer loop
vertex 82.80599212646484 14.283329963684082 4.5
vertex 84.80599212646484 26.949996948242188 4.5
vertex 82.80599212646484 33.283329010009766 4.5
endloop
endfacet
facet normal 0 1 0
outer loop
vertex 84.10599517822266 14.283329963684082 5
vertex 84.10599517822266 14.283329963684082 4.5
vertex 82.80599212646484 14.283329963684082 5
endloop
endfacet
facet normal 0 0 1
outer loop
vertex 84.80599212646484 26.949996948242188 4.5
vertex 84.10599517822266 14.783329963684082 4.5
vertex 84.80599212646484 14.783329963684082 4.5
endloop
endfacet
facet normal 0 0 1
outer loop
vertex 82.80599212646484 14.283329963684082 4.5
vertex 84.10599517822266 14.783329963684082 4.5
vertex 84.80599212646484 26.949996948242188 4.5
endloop
endfacet
facet normal 0 0 1
outer loop
vertex 82.80599212646484 33.283329010009766 4.5
vertex 84.80599212646484 26.949996948242188 4.5
vertex 84.10599517822266 32.783329010009766 4.5
endloop
endfacet
facet normal 0 0 1
outer loop
vertex 82.80599212646484 14.283329963684082 4.5
vertex 84.10599517822266 14.283329963684082 4.5
vertex 84.10599517822266 14.783329963684082 4.5
endloop
endfacet
facet normal 0 -1 0
outer loop
vertex 82.80599212646484 33.283329010009766 4.5
vertex 84.0556411743164 33.283329010009766 4.5
vertex 84.0556411743164 33.283329010009766 5
endloop
endfacet
facet normal 0 -1 0
outer loop
vertex 82.80599212646484 33.283329010009766 5
vertex 82.80599212646484 33.283329010009766 4.5
vertex 84.0556411743164 33.283329010009766 5
endloop
endfacet
facet normal 0 0 1
outer loop
vertex 82.80599212646484 33.283329010009766 4.5
vertex 84.10599517822266 33.15290451049805 4.5
vertex 84.0556411743164 33.283329010009766 4.5
endloop
endfacet
facet normal 0 0 1
outer loop
vertex 82.80599212646484 33.283329010009766 4.5
vertex 84.10599517822266 32.783329010009766 4.5
vertex 84.10599517822266 33.15290451049805 4.5
endloop
endfacet
facet normal 0 0 1
outer loop
vertex 84.80599212646484 32.783329010009766 4.5
vertex 84.10599517822266 32.783329010009766 4.5
vertex 84.80599212646484 26.949996948242188 4.5
endloop
endfacet
facet normal 0 0 1
outer loop
vertex -68.33601379394531 56.92236328125 4.5
vertex -75.0608901977539 46.75900650024414 4.5
vertex -66.9609375 56.700599670410156 4.5
endloop
endfacet
facet normal 0 0 1
outer loop
vertex -75.0608901977539 46.75900650024414 4.5
vertex -76.51800537109375 40.279197692871094 4.5
vertex -66.9609375 56.700599670410156 4.5
endloop
endfacet
facet normal -0.8642843275349342 0.503003579686553 0
outer loop
vertex -76.51800537109375 40.279197692871094 5
vertex -66.9609375 56.700599670410156 4.5
vertex -76.51800537109375 40.279197692871094 4.5
endloop
endfacet
facet normal 0 0 1
outer loop
vertex -75.0608901977539 46.75900650024414 4.5
vertex -77.99507141113281 41.71734619140625 4.5
vertex -77.39007568359375 41.3652458190918 4.5
endloop
endfacet
facet normal 0.5030019520430722 0.8642852748027464 0
outer loop
vertex -77.6415786743164 40.933101654052734 5
vertex -76.51800537109375 40.279197692871094 5
vertex -76.51800537109375 40.279197692871094 4.5
endloop
endfacet
facet normal 0.5030019520430722 0.8642852748027464 0
outer loop
vertex -76.51800537109375 40.279197692871094 4.5
vertex -77.6415786743164 40.933101654052734 4.5
vertex -77.6415786743164 40.933101654052734 5
endloop
endfacet
facet normal 0 0 1
outer loop
vertex -77.39007568359375 41.3652458190918 4.5
vertex -76.51800537109375 40.279197692871094 4.5
vertex -75.0608901977539 46.75900650024414 4.5
endloop
endfacet
facet normal 0 0 1
outer loop
vertex -77.39007568359375 41.3652458190918 4.5
vertex -77.6415786743164 40.933101654052734 4.5
vertex -76.51800537109375 40.279197692871094 4.5
endloop
endfacet
facet normal 0 0 1
outer loop
vertex -68.15869140625 57.22703552246094 4.5
vertex -68.33601379394531 56.92236328125 4.5
vertex -66.9609375 56.700599670410156 4.5
endloop
endfacet
facet normal 0 0 1
outer loop
vertex -68.0282974243164 57.32179260253906 4.5
vertex -68.15869140625 57.22703552246094 4.5
vertex -66.9609375 56.700599670410156 4.5
endloop
endfacet
facet normal -0.8642843275349342 0.503003579686553 0
outer loop
vertex -66.9609375 56.700599670410156 4.5
vertex -76.51800537109375 40.279197692871094 5
vertex -66.9609375 56.700599670410156 5
endloop
endfacet
facet normal -0.5030045964700846 -0.8642837357777637 0
outer loop
vertex -68.0282974243164 57.32179260253906 4.5
vertex -66.9609375 56.700599670410156 4.5
vertex -68.0282974243164 57.32179260253906 5
endloop
endfacet
facet normal -0.5030045964700846 -0.8642837357777637 0
outer loop
vertex -68.0282974243164 57.32179260253906 5
vertex -66.9609375 56.700599670410156 4.5
vertex -66.9609375 56.700599670410156 5
endloop
endfacet
facet normal 0 0 1
outer loop
vertex -68.94100952148438 57.27446365356445 4.5
vertex -75.0608901977539 46.75900650024414 4.5
vertex -68.33601379394531 56.92236328125 4.5
endloop
endfacet
facet normal 0 0 1
outer loop
vertex -21.59400749206543 -41.458412170410156 4.5
vertex -21.59400749206543 -59.958412170410156 4.5
vertex -20.89400863647461 -59.958412170410156 4.5
endloop
endfacet
facet normal 0 0 1
outer loop
vertex -20.89400863647461 -59.958412170410156 4.5
vertex -20.89400863647461 -60.31917190551758 4.5
vertex -19.59400749206543 -60.458412170410156 4.5
endloop
endfacet
facet normal 0 0 1
outer loop
vertex -21.59400749206543 -41.458412170410156 4.5
vertex -20.89400863647461 -59.958412170410156 4.5
vertex -19.59400749206543 -60.458412170410156 4.5
endloop
endfacet
facet normal 0 0 1
outer loop
vertex -20.89400863647461 -60.31917190551758 4.5
vertex -20.836334228515625 -60.458412170410156 4.5
vertex -19.59400749206543 -60.458412170410156 4.5
endloop
endfacet
facet normal -1 0 0
outer loop
vertex -19.59400749206543 -41.458412170410156 4.5
vertex -19.59400749206543 -60.458412170410156 5
vertex -19.59400749206543 -41.458412170410156 5
endloop
endfacet
facet normal 0 1 0
outer loop
vertex -19.59400749206543 -60.458412170410156 4.5
vertex -20.836334228515625 -60.458412170410156 5
vertex -19.59400749206543 -60.458412170410156 5
endloop
endfacet
facet normal 0 0 1
outer loop
vertex -19.59400749206543 -41.458412170410156 4.5
vertex -21.59400749206543 -41.458412170410156 4.5
vertex -19.59400749206543 -60.458412170410156 4.5
endloop
endfacet
facet normal 0 1 0
outer loop
vertex -19.59400749206543 -60.458412170410156 4.5
vertex -20.836334228515625 -60.458412170410156 4.5
vertex -20.836334228515625 -60.458412170410156 5
endloop
endfacet
facet normal -1 0 0
outer loop
vertex -19.59400749206543 -60.458412170410156 5
vertex -19.59400749206543 -41.458412170410156 4.5
vertex -19.59400749206543 -60.458412170410156 4.5
endloop
endfacet
facet normal 0 1 0
outer loop
vertex 84.10599517822266 -35.544498443603516 5
vertex 84.10599517822266 -35.544498443603516 4.5
vertex 82.80599212646484 -35.544498443603516 5
endloop
endfacet
facet normal 1 0 0
outer loop
vertex 82.80599212646484 -35.544498443603516 5
vertex 82.80599212646484 -35.544498443603516 4.5
vertex 82.80599212646484 -16.544496536254883 5
endloop
endfacet
facet normal 0 -1 0
outer loop
vertex 82.80599212646484 -16.544496536254883 5
vertex 82.80599212646484 -16.544496536254883 4.5
vertex 84.10599517822266 -16.544496536254883 5
endloop
endfacet
facet normal 0 0 1
outer loop
vertex 82.80599212646484 -35.544498443603516 4.5
vertex 84.10599517822266 -35.544498443603516 4.5
vertex 84.10599517822266 -35.044498443603516 4.5
endloop
endfacet
facet normal 0 0 1
outer loop
vertex 82.80599212646484 -35.544498443603516 4.5
vertex 84.10599517822266 -35.044498443603516 4.5
vertex 84.80599212646484 -22.877830505371094 4.5
endloop
endfacet
facet normal 0 -1 0
outer loop
vertex 82.80599212646484 -16.544496536254883 4.5
vertex 84.10599517822266 -16.544496536254883 4.5
vertex 84.10599517822266 -16.544496536254883 5
endloop
endfacet
facet normal 0 0 1
outer loop
vertex 84.10599517822266 -17.044496536254883 4.5
vertex 84.10599517822266 -16.544496536254883 4.5
vertex 82.80599212646484 -16.544496536254883 4.5
endloop
endfacet
facet normal 0 0 1
outer loop
vertex 84.80599212646484 -22.877830505371094 4.5
vertex 84.10599517822266 -35.044498443603516 4.5
vertex 84.80599212646484 -35.044498443603516 4.5
endloop
endfacet
facet normal 0 0 1
outer loop
vertex 82.80599212646484 -16.544496536254883 4.5
vertex 84.80599212646484 -22.877830505371094 4.5
vertex 84.10599517822266 -17.044496536254883 4.5
endloop
endfacet
facet normal 0 0 1
outer loop
vertex 84.80599212646484 -17.044496536254883 4.5
vertex 84.10599517822266 -17.044496536254883 4.5
vertex 84.80599212646484 -22.877830505371094 4.5
endloop
endfacet
facet normal 1 0 0
outer loop
vertex 82.80599212646484 -16.544496536254883 5
vertex 82.80599212646484 -35.544498443603516 4.5
vertex 82.80599212646484 -16.544496536254883 4.5
endloop
endfacet
facet normal 0 0 1
outer loop
vertex 82.80599212646484 -35.544498443603516 4.5
vertex 84.80599212646484 -22.877830505371094 4.5
vertex 82.80599212646484 -16.544496536254883 4.5
endloop
endfacet
facet normal 0 1 0
outer loop
vertex 84.10599517822266 -35.544498443603516 4.5
vertex 82.80599212646484 -35.544498443603516 4.5
vertex 82.80599212646484 -35.544498443603516 5
endloop
endfacet
facet normal 0 0 1
outer loop
vertex 82.80599212646484 -10.630583763122559 4.5
vertex 84.80599212646484 2.0360829830169678 4.5
vertex 82.80599212646484 8.369416236877441 4.5
endloop
endfacet
facet normal 0 0 1
outer loop
vertex 82.80599212646484 -10.630583763122559 4.5
vertex 84.10599517822266 -10.630583763122559 4.5
vertex 84.10599517822266 -10.130583763122559 4.5
endloop
endfacet
facet normal 0 0 1
outer loop
vertex 84.10599517822266 7.869416236877441 4.5
vertex 84.10599517822266 8.369416236877441 4.5
vertex 82.80599212646484 8.369416236877441 4.5
endloop
endfacet
facet normal 0 0 1
outer loop
vertex 84.80599212646484 7.869416236877441 4.5
vertex 84.10599517822266 7.869416236877441 4.5
vertex 84.80599212646484 2.0360829830169678 4.5
endloop
endfacet
facet normal 0 0 1
outer loop
vertex 82.80599212646484 -10.630583763122559 4.5
vertex 84.10599517822266 -10.130583763122559 4.5
vertex 84.80599212646484 2.0360829830169678 4.5
endloop
endfacet
facet normal 1 0 0
outer loop
vertex 82.80599212646484 8.369416236877441 5
vertex 82.80599212646484 -10.630583763122559 4.5
vertex 82.80599212646484 8.369416236877441 4.5
endloop
endfacet
facet normal 0 0 1
outer loop
vertex 84.80599212646484 2.0360829830169678 4.5
vertex 84.10599517822266 -10.130583763122559 4.5
vertex 84.80599212646484 -10.130583763122559 4.5
endloop
endfacet
facet normal 1 0 0
outer loop
vertex 82.80599212646484 -10.630583763122559 5
vertex 82.80599212646484 -10.630583763122559 4.5
vertex 82.80599212646484 8.369416236877441 5
endloop
endfacet
facet normal 0 1 0
outer loop
vertex 84.10599517822266 -10.630583763122559 4.5
vertex 82.80599212646484 -10.630583763122559 4.5
vertex 82.80599212646484 -10.630583763122559 5
endloop
endfacet
facet normal 0 -1 0
outer loop
vertex 82.80599212646484 8.369416236877441 4.5
vertex 84.10599517822266 8.369416236877441 4.5
vertex 84.10599517822266 8.369416236877441 5
endloop
endfacet
facet normal 0 -1 0
outer loop
vertex 82.80599212646484 8.369416236877441 5
vertex 82.80599212646484 8.369416236877441 4.5
vertex 84.10599517822266 8.369416236877441 5
endloop
endfacet
facet normal 0 0 1
outer loop
vertex 82.80599212646484 8.369416236877441 4.5
vertex 84.80599212646484 2.0360829830169678 4.5
vertex 84.10599517822266 7.869416236877441 4.5
endloop
endfacet
facet normal 0 1 0
outer loop
vertex 84.10599517822266 -10.630583763122559 5
vertex 84.10599517822266 -10.630583763122559 4.5
vertex 82.80599212646484 -10.630583763122559 5
endloop
endfacet
facet normal 0 0 1
outer loop
vertex -20.89400863647461 -6.066592216491699 4.5
vertex -21.59400749206543 -24.566593170166016 4.5
vertex -19.59400749206543 -5.566592216491699 4.5
endloop
endfacet
facet normal 0 0 1
outer loop
vertex -21.59400749206543 -6.066592216491699 4.5
vertex -21.59400749206543 -24.566593170166016 4.5
vertex -20.89400863647461 -6.066592216491699 4.5
endloop
endfacet
facet normal -1 0 0
outer loop
vertex -19.59400749206543 -5.566592216491699 4.5
vertex -19.59400749206543 -24.566593170166016 4.5
vertex -19.59400749206543 -24.566593170166016 5
endloop
endfacet
facet normal 0 0 1
outer loop
vertex -21.59400749206543 -24.566593170166016 4.5
vertex -19.59400749206543 -24.566593170166016 4.5
vertex -19.59400749206543 -5.566592216491699 4.5
endloop
endfacet
facet normal 0 -1 0
outer loop
vertex -20.89400863647461 -5.566592216491699 5
vertex -20.89400863647461 -5.566592216491699 4.5
vertex -19.59400749206543 -5.566592216491699 5
endloop
endfacet
facet normal 0 -1 0
outer loop
vertex -20.89400863647461 -5.566592216491699 4.5
vertex -19.59400749206543 -5.566592216491699 4.5
vertex -19.59400749206543 -5.566592216491699 5
endloop
endfacet
facet normal 0 0 1
outer loop
vertex -20.89400863647461 -5.566592216491699 4.5
vertex -20.89400863647461 -6.066592216491699 4.5
vertex -19.59400749206543 -5.566592216491699 4.5
endloop
endfacet
facet normal -1 0 0
outer loop
vertex -19.59400749206543 -5.566592216491699 4.5
vertex -19.59400749206543 -24.566593170166016 5
vertex -19.59400749206543 -5.566592216491699 5
endloop
endfacet
facet normal 0 0 1
outer loop
vertex -21.59400749206543 -24.566593170166016 4.5
vertex -19.59400749206543 -41.458412170410156 4.5
vertex -19.59400749206543 -24.566593170166016 4.5
endloop
endfacet
facet normal -1 0 0
outer loop
vertex -19.59400749206543 -41.458412170410156 5
vertex -19.59400749206543 -24.566593170166016 4.5
vertex -19.59400749206543 -41.458412170410156 4.5
endloop
endfacet
facet normal 0 0 1
outer loop
vertex -21.59400749206543 -41.458412170410156 4.5
vertex -19.59400749206543 -41.458412170410156 4.5
vertex -21.59400749206543 -24.566593170166016 4.5
endloop
endfacet
facet normal -1 0 0
outer loop
vertex -19.59400749206543 -24.566593170166016 4.5
vertex -19.59400749206543 -41.458412170410156 5
vertex -19.59400749206543 -24.566593170166016 5
endloop
endfacet
facet normal 0 0 -1
outer loop
vertex 84.10599517822266 -60.31917190551758 0.20000000298023224
vertex 82.80599212646484 -60.458412170410156 0.20000000298023224
vertex 84.10599517822266 -59.958412170410156 0.20000000298023224
endloop
endfacet
facet normal 0 0 -1
outer loop
vertex 84.80599212646484 -42.678409576416016 0.20000000298023224
vertex 82.80599212646484 -60.458412170410156 0.20000000298023224
vertex 82.80599212646484 -41.458412170410156 0.20000000298023224
endloop
endfacet
facet normal 0 -1 0
outer loop
vertex 82.80599212646484 -41.458412170410156 0
vertex 84.10599517822266 -41.458412170410156 0
vertex 84.10599517822266 -41.458412170410156 0.20000000298023224
endloop
endfacet
facet normal 0 -1 0
outer loop
vertex 82.80599212646484 -41.458412170410156 0.20000000298023224
vertex 82.80599212646484 -41.458412170410156 0
vertex 84.10599517822266 -41.458412170410156 0.20000000298023224
endloop
endfacet
facet normal 0 0 -1
outer loop
vertex 84.80599212646484 -42.678409576416016 0.20000000298023224
vertex 82.80599212646484 -41.458412170410156 0.20000000298023224
vertex 84.10599517822266 -41.958412170410156 0.20000000298023224
endloop
endfacet
facet normal 0 0 -1
outer loop
vertex 84.80599212646484 -42.678409576416016 0.20000000298023224
vertex 84.10599517822266 -41.958412170410156 0.20000000298023224
vertex 84.80599212646484 -41.958412170410156 0.20000000298023224
endloop
endfacet
facet normal 1 0 0
outer loop
vertex 82.80599212646484 -41.458412170410156 0.20000000298023224
vertex 82.80599212646484 -60.458412170410156 0
vertex 82.80599212646484 -41.458412170410156 0
endloop
endfacet
facet normal 0 0 -1
outer loop
vertex 84.10599517822266 -41.958412170410156 0.20000000298023224
vertex 82.80599212646484 -41.458412170410156 0.20000000298023224
vertex 84.10599517822266 -41.458412170410156 0.20000000298023224
endloop
endfacet
facet normal 0 0 -1
outer loop
vertex 84.10599517822266 -59.958412170410156 0.20000000298023224
vertex 84.80599212646484 -42.678409576416016 0.20000000298023224
vertex 84.80599212646484 -59.958412170410156 0.20000000298023224
endloop
endfacet
facet normal 0 0 -1
outer loop
vertex 84.10599517822266 -59.958412170410156 0.20000000298023224
vertex 82.80599212646484 -60.458412170410156 0.20000000298023224
vertex 84.80599212646484 -42.678409576416016 0.20000000298023224
endloop
endfacet
facet normal 1 0 0
outer loop
vertex 82.80599212646484 -60.458412170410156 0.20000000298023224
vertex 82.80599212646484 -60.458412170410156 0
vertex 82.80599212646484 -41.458412170410156 0.20000000298023224
endloop
endfacet
facet normal 0 1 0
outer loop
vertex 84.0483169555664 -60.458412170410156 0
vertex 82.80599212646484 -60.458412170410156 0
vertex 82.80599212646484 -60.458412170410156 0.20000000298023224
endloop
endfacet
facet normal 0 1 0
outer loop
vertex 84.0483169555664 -60.458412170410156 0.20000000298023224
vertex 84.0483169555664 -60.458412170410156 0
vertex 82.80599212646484 -60.458412170410156 0.20000000298023224
endloop
endfacet
facet normal 0 0 -1
outer loop
vertex 84.0483169555664 -60.458412170410156 0.20000000298023224
vertex 82.80599212646484 -60.458412170410156 0.20000000298023224
vertex 84.10599517822266 -60.31917190551758 0.20000000298023224
endloop
endfacet
facet normal 0 0 -1
outer loop
vertex 84.10599517822266 14.783329963684082 0.20000000298023224
vertex 84.80599212646484 32.063331604003906 0.20000000298023224
vertex 84.80599212646484 14.783329963684082 0.20000000298023224
endloop
endfacet
facet normal 0 0 -1
outer loop
vertex 84.80599212646484 32.063331604003906 0.20000000298023224
vertex 82.80599212646484 33.283329010009766 0.20000000298023224
vertex 84.10599517822266 32.783329010009766 0.20000000298023224
endloop
endfacet
facet normal 0 1 0
outer loop
vertex 84.10599517822266 14.283329963684082 0
vertex 82.80599212646484 14.283329963684082 0
vertex 82.80599212646484 14.283329963684082 0.20000000298023224
endloop
endfacet
facet normal 0 0 -1
outer loop
vertex 82.80599212646484 33.283329010009766 0.20000000298023224
vertex 84.10599517822266 33.15290451049805 0.20000000298023224
vertex 84.10599517822266 32.783329010009766 0.20000000298023224
endloop
endfacet
facet normal 0 0 -1
outer loop
vertex 84.10599517822266 32.783329010009766 0.20000000298023224
vertex 84.80599212646484 32.783329010009766 0.20000000298023224
vertex 84.80599212646484 32.063331604003906 0.20000000298023224
endloop
endfacet
facet normal 0 -1 0
outer loop
vertex 82.80599212646484 33.283329010009766 0.20000000298023224
vertex 82.80599212646484 33.283329010009766 0
vertex 84.0556411743164 33.283329010009766 0.20000000298023224
endloop
endfacet
facet normal 0 -1 0
outer loop
vertex 82.80599212646484 33.283329010009766 0
vertex 84.0556411743164 33.283329010009766 0
vertex 84.0556411743164 33.283329010009766 0.20000000298023224
endloop
endfacet
facet normal 1 0 0
outer loop
vertex 82.80599212646484 33.283329010009766 0.20000000298023224
vertex 82.80599212646484 14.283329963684082 0
vertex 82.80599212646484 33.283329010009766 0
endloop
endfacet
facet normal 0 0 -1
outer loop
vertex 84.80599212646484 32.063331604003906 0.20000000298023224
vertex 82.80599212646484 14.283329963684082 0.20000000298023224
vertex 82.80599212646484 33.283329010009766 0.20000000298023224
endloop
endfacet
facet normal 0 0 -1
outer loop
vertex 84.10599517822266 33.15290451049805 0.20000000298023224
vertex 82.80599212646484 33.283329010009766 0.20000000298023224
vertex 84.0556411743164 33.283329010009766 0.20000000298023224
endloop
endfacet
facet normal 0 1 0
outer loop
vertex 84.10599517822266 14.283329963684082 0.20000000298023224
vertex 84.10599517822266 14.283329963684082 0
vertex 82.80599212646484 14.283329963684082 0.20000000298023224
endloop
endfacet
facet normal 0 0 -1
outer loop
vertex 84.10599517822266 14.283329963684082 0.20000000298023224
vertex 82.80599212646484 14.283329963684082 0.20000000298023224
vertex 84.10599517822266 14.783329963684082 0.20000000298023224
endloop
endfacet
facet normal 1 0 0
outer loop
vertex 82.80599212646484 14.283329963684082 0.20000000298023224
vertex 82.80599212646484 14.283329963684082 0
vertex 82.80599212646484 33.283329010009766 0.20000000298023224
endloop
endfacet
facet normal 0 0 -1
outer loop
vertex 84.10599517822266 14.783329963684082 0.20000000298023224
vertex 82.80599212646484 14.283329963684082 0.20000000298023224
vertex 84.80599212646484 32.063331604003906 0.20000000298023224
endloop
endfacet
facet normal 0 0 -1
outer loop
vertex -77.99507141113281 41.71734619140625 0.20000000298023224
vertex -77.6329116821289 42.339630126953125 0.20000000298023224
vertex -77.39007568359375 41.3652458190918 0.20000000298023224
endloop
endfacet
facet normal 0.5030019520430722 0.8642852748027464 0
outer loop
vertex -76.51800537109375 40.279197692871094 0
vertex -77.6415786743164 40.933101654052734 0
vertex -77.6415786743164 40.933101654052734 0.20000000298023224
endloop
endfacet
facet normal 0 0 -1
outer loop
vertex -68.0282974243164 57.32179260253906 0.20000000298023224
vertex -68.33601379394531 56.92236328125 0.20000000298023224
vertex -68.15869140625 57.22703552246094 0.20000000298023224
endloop
endfacet
facet normal -0.5030045964700846 -0.8642837357777639 0
outer loop
vertex -66.9609375 56.700599670410156 0.20000000298023224
vertex -68.0282974243164 57.32179260253906 0.20000000298023224
vertex -68.0282974243164 57.32179260253906 0
endloop
endfacet
facet normal -0.5030045964700846 -0.8642837357777639 0
outer loop
vertex -68.0282974243164 57.32179260253906 0
vertex -66.9609375 56.700599670410156 0
vertex -66.9609375 56.700599670410156 0.20000000298023224
endloop
endfacet
facet normal 0 0 -1
outer loop
vertex -66.9609375 56.700599670410156 0.20000000298023224
vertex -77.6329116821289 42.339630126953125 0.20000000298023224
vertex -68.0282974243164 57.32179260253906 0.20000000298023224
endloop
endfacet
facet normal 0 0 -1
outer loop
vertex -77.6329116821289 42.339630126953125 0.20000000298023224
vertex -68.33601379394531 56.92236328125 0.20000000298023224
vertex -68.0282974243164 57.32179260253906 0.20000000298023224
endloop
endfacet
facet normal 0 0 -1
outer loop
vertex -77.6329116821289 42.339630126953125 0.20000000298023224
vertex -68.94100952148438 57.27446365356445 0.20000000298023224
vertex -68.33601379394531 56.92236328125 0.20000000298023224
endloop
endfacet
facet normal -0.8642843275349342 0.503003579686553 0
outer loop
vertex -66.9609375 56.700599670410156 0
vertex -76.51800537109375 40.279197692871094 0.20000000298023224
vertex -66.9609375 56.700599670410156 0.20000000298023224
endloop
endfacet
facet normal -0.8642843275349342 0.503003579686553 0
outer loop
vertex -66.9609375 56.700599670410156 0
vertex -76.51800537109375 40.279197692871094 0
vertex -76.51800537109375 40.279197692871094 0.20000000298023224
endloop
endfacet
facet normal 0 0 -1
outer loop
vertex -77.6329116821289 42.339630126953125 0.20000000298023224
vertex -66.9609375 56.700599670410156 0.20000000298023224
vertex -76.51800537109375 40.279197692871094 0.20000000298023224
endloop
endfacet
facet normal 0 0 -1
outer loop
vertex -77.39007568359375 41.3652458190918 0.20000000298023224
vertex -77.6329116821289 42.339630126953125 0.20000000298023224
vertex -76.51800537109375 40.279197692871094 0.20000000298023224
endloop
endfacet
facet normal 0 0 -1
outer loop
vertex -76.51800537109375 40.279197692871094 0.20000000298023224
vertex -77.6415786743164 40.933101654052734 0.20000000298023224
vertex -77.39007568359375 41.3652458190918 0.20000000298023224
endloop
endfacet
facet normal 0.5030019520430722 0.8642852748027464 0
outer loop
vertex -76.51800537109375 40.279197692871094 0
vertex -77.6415786743164 40.933101654052734 0.20000000298023224
vertex -76.51800537109375 40.279197692871094 0.20000000298023224
endloop
endfacet
facet normal 0 0 -1
outer loop
vertex -21.59400749206543 -59.958412170410156 0.20000000298023224
vertex -21.59400749206543 -41.458412170410156 0.20000000298023224
vertex -20.89400863647461 -59.958412170410156 0.20000000298023224
endloop
endfacet
facet normal 0 0 -1
outer loop
vertex -19.59400749206543 -60.458412170410156 0.20000000298023224
vertex -20.836334228515625 -60.458412170410156 0.20000000298023224
vertex -20.89400863647461 -60.31917190551758 0.20000000298023224
endloop
endfacet
facet normal 0 0 -1
outer loop
vertex -19.59400749206543 -60.458412170410156 0.20000000298023224
vertex -20.89400863647461 -59.958412170410156 0.20000000298023224
vertex -21.59400749206543 -41.458412170410156 0.20000000298023224
endloop
endfacet
facet normal -1 0 0
outer loop
vertex -19.59400749206543 -60.458412170410156 0
vertex -19.59400749206543 -60.458412170410156 0.20000000298023224
vertex -19.59400749206543 -41.458412170410156 0.20000000298023224
endloop
endfacet
facet normal -1 0 0
outer loop
vertex -19.59400749206543 -60.458412170410156 0
vertex -19.59400749206543 -41.458412170410156 0.20000000298023224
vertex -19.59400749206543 -41.458412170410156 0
endloop
endfacet
facet normal 0 0 -1
outer loop
vertex -19.59400749206543 -41.458412170410156 0.20000000298023224
vertex -19.59400749206543 -60.458412170410156 0.20000000298023224
vertex -21.59400749206543 -41.458412170410156 0.20000000298023224
endloop
endfacet
facet normal 0 0 -1
outer loop
vertex -19.59400749206543 -60.458412170410156 0.20000000298023224
vertex -20.89400863647461 -60.31917190551758 0.20000000298023224
vertex -20.89400863647461 -59.958412170410156 0.20000000298023224
endloop
endfacet
facet normal 0 1 0
outer loop
vertex -19.59400749206543 -60.458412170410156 0
vertex -20.836334228515625 -60.458412170410156 0
vertex -20.836334228515625 -60.458412170410156 0.20000000298023224
endloop
endfacet
facet normal 0 1 0
outer loop
vertex -19.59400749206543 -60.458412170410156 0
vertex -20.836334228515625 -60.458412170410156 0.20000000298023224
vertex -19.59400749206543 -60.458412170410156 0.20000000298023224
endloop
endfacet
facet normal 0 0 -1
outer loop
vertex 84.10599517822266 -17.044496536254883 0.20000000298023224
vertex 82.80599212646484 -16.544496536254883 0.20000000298023224
vertex 84.10599517822266 -16.544496536254883 0.20000000298023224
endloop
endfacet
facet normal 0 1 0
outer loop
vertex 84.10599517822266 -35.544498443603516 0.20000000298023224
vertex 84.10599517822266 -35.544498443603516 0
vertex 82.80599212646484 -35.544498443603516 0.20000000298023224
endloop
endfacet
facet normal 0 0 -1
outer loop
vertex 84.10599517822266 -35.044498443603516 0.20000000298023224
vertex 82.80599212646484 -35.544498443603516 0.20000000298023224
vertex 84.80599212646484 -17.764497756958008 0.20000000298023224
endloop
endfacet
facet normal 1 0 0
outer loop
vertex 82.80599212646484 -35.544498443603516 0.20000000298023224
vertex 82.80599212646484 -35.544498443603516 0
vertex 82.80599212646484 -16.544496536254883 0.20000000298023224
endloop
endfacet
facet normal 0 0 -1
outer loop
vertex 84.80599212646484 -35.044498443603516 0.20000000298023224
vertex 84.10599517822266 -35.044498443603516 0.20000000298023224
vertex 84.80599212646484 -17.764497756958008 0.20000000298023224
endloop
endfacet
facet normal 1 0 0
outer loop
vertex 82.80599212646484 -16.544496536254883 0.20000000298023224
vertex 82.80599212646484 -35.544498443603516 0
vertex 82.80599212646484 -16.544496536254883 0
endloop
endfacet
facet normal 0 0 -1
outer loop
vertex 84.80599212646484 -17.764497756958008 0.20000000298023224
vertex 82.80599212646484 -35.544498443603516 0.20000000298023224
vertex 82.80599212646484 -16.544496536254883 0.20000000298023224
endloop
endfacet
facet normal 0 -1 0
outer loop
vertex 82.80599212646484 -16.544496536254883 0
vertex 84.10599517822266 -16.544496536254883 0
vertex 84.10599517822266 -16.544496536254883 0.20000000298023224
endloop
endfacet
facet normal 0 -1 0
outer loop
vertex 82.80599212646484 -16.544496536254883 0.20000000298023224
vertex 82.80599212646484 -16.544496536254883 0
vertex 84.10599517822266 -16.544496536254883 0.20000000298023224
endloop
endfacet
facet normal 0 0 -1
outer loop
vertex 84.80599212646484 -17.764497756958008 0.20000000298023224
vertex 82.80599212646484 -16.544496536254883 0.20000000298023224
vertex 84.10599517822266 -17.044496536254883 0.20000000298023224
endloop
endfacet
facet normal 0 0 -1
outer loop
vertex 84.80599212646484 -17.764497756958008 0.20000000298023224
vertex 84.10599517822266 -17.044496536254883 0.20000000298023224
vertex 84.80599212646484 -17.044496536254883 0.20000000298023224
endloop
endfacet
facet normal 0 1 0
outer loop
vertex 84.10599517822266 -35.544498443603516 0
vertex 82.80599212646484 -35.544498443603516 0
vertex 82.80599212646484 -35.544498443603516 0.20000000298023224
endloop
endfacet
facet normal 0 0 -1
outer loop
vertex 84.10599517822266 -35.544498443603516 0.20000000298023224
vertex 82.80599212646484 -35.544498443603516 0.20000000298023224
vertex 84.10599517822266 -35.044498443603516 0.20000000298023224
endloop
endfacet
facet normal 0 0 -1
outer loop
vertex 84.80599212646484 7.149416446685791 0.20000000298023224
vertex 82.80599212646484 8.369416236877441 0.20000000298023224
vertex 84.10599517822266 7.869416236877441 0.20000000298023224
endloop
endfacet
facet normal 0 1 0
outer loop
vertex 84.10599517822266 -10.630583763122559 0
vertex 82.80599212646484 -10.630583763122559 0
vertex 82.80599212646484 -10.630583763122559 0.20000000298023224
endloop
endfacet
facet normal 0 0 -1
outer loop
vertex 84.10599517822266 -10.630583763122559 0.20000000298023224
vertex 82.80599212646484 -10.630583763122559 0.20000000298023224
vertex 84.10599517822266 -10.130583763122559 0.20000000298023224
endloop
endfacet
facet normal 0 0 -1
outer loop
vertex 84.10599517822266 7.869416236877441 0.20000000298023224
vertex 84.80599212646484 7.869416236877441 0.20000000298023224
vertex 84.80599212646484 7.149416446685791 0.20000000298023224
endloop
endfacet
facet normal 1 0 0
outer loop
vertex 82.80599212646484 -10.630583763122559 0.20000000298023224
vertex 82.80599212646484 -10.630583763122559 0
vertex 82.80599212646484 8.369416236877441 0.20000000298023224
endloop
endfacet
facet normal 0 0 -1
outer loop
vertex 84.10599517822266 -10.130583763122559 0.20000000298023224
vertex 82.80599212646484 -10.630583763122559 0.20000000298023224
vertex 84.80599212646484 7.149416446685791 0.20000000298023224
endloop
endfacet
facet normal 0 0 -1
outer loop
vertex 84.10599517822266 -10.130583763122559 0.20000000298023224
vertex 84.80599212646484 7.149416446685791 0.20000000298023224
vertex 84.80599212646484 -10.130583763122559 0.20000000298023224
endloop
endfacet
facet normal 0 -1 0
outer loop
vertex 82.80599212646484 8.369416236877441 0.20000000298023224
vertex 82.80599212646484 8.369416236877441 0
vertex 84.10599517822266 8.369416236877441 0.20000000298023224
endloop
endfacet
facet normal 0 -1 0
outer loop
vertex 84.10599517822266 8.369416236877441 0
vertex 84.10599517822266 8.369416236877441 0.20000000298023224
vertex 82.80599212646484 8.369416236877441 0
endloop
endfacet
facet normal 0 0 -1
outer loop
vertex 84.10599517822266 7.869416236877441 0.20000000298023224
vertex 82.80599212646484 8.369416236877441 0.20000000298023224
vertex 84.10599517822266 8.369416236877441 0.20000000298023224
endloop
endfacet
facet normal 0 0 -1
outer loop
vertex 84.80599212646484 7.149416446685791 0.20000000298023224
vertex 82.80599212646484 -10.630583763122559 0.20000000298023224
vertex 82.80599212646484 8.369416236877441 0.20000000298023224
endloop
endfacet
facet normal 1 0 0
outer loop
vertex 82.80599212646484 8.369416236877441 0.20000000298023224
vertex 82.80599212646484 -10.630583763122559 0
vertex 82.80599212646484 8.369416236877441 0
endloop
endfacet
facet normal 0 1 0
outer loop
vertex 84.10599517822266 -10.630583763122559 0.20000000298023224
vertex 84.10599517822266 -10.630583763122559 0
vertex 82.80599212646484 -10.630583763122559 0.20000000298023224
endloop
endfacet
facet normal -1 0 0
outer loop
vertex -19.59400749206543 -5.566592216491699 0
vertex -19.59400749206543 -24.566593170166016 0.20000000298023224
vertex -19.59400749206543 -5.566592216491699 0.20000000298023224
endloop
endfacet
facet normal 0 -1 0
outer loop
vertex -20.89400863647461 -5.566592216491699 0.20000000298023224
vertex -20.89400863647461 -5.566592216491699 0
vertex -19.59400749206543 -5.566592216491699 0.20000000298023224
endloop
endfacet
facet normal 0 -1 0
outer loop
vertex -20.89400863647461 -5.566592216491699 0
vertex -19.59400749206543 -5.566592216491699 0
vertex -19.59400749206543 -5.566592216491699 0.20000000298023224
endloop
endfacet
facet normal 0 0 -1
outer loop
vertex -19.59400749206543 -5.566592216491699 0.20000000298023224
vertex -21.59400749206543 -24.566593170166016 0.20000000298023224
vertex -20.89400863647461 -6.066592216491699 0.20000000298023224
endloop
endfacet
facet normal 0 0 -1
outer loop
vertex -19.59400749206543 -5.566592216491699 0.20000000298023224
vertex -20.89400863647461 -6.066592216491699 0.20000000298023224
vertex -20.89400863647461 -5.566592216491699 0.20000000298023224
endloop
endfacet
facet normal 0 0 -1
outer loop
vertex -21.59400749206543 -24.566593170166016 0.20000000298023224
vertex -21.59400749206543 -6.066592216491699 0.20000000298023224
vertex -20.89400863647461 -6.066592216491699 0.20000000298023224
endloop
endfacet
facet normal -1 0 0
outer loop
vertex -19.59400749206543 -5.566592216491699 0
vertex -19.59400749206543 -24.566593170166016 0
vertex -19.59400749206543 -24.566593170166016 0.20000000298023224
endloop
endfacet
facet normal 0 0 -1
outer loop
vertex -19.59400749206543 -24.566593170166016 0.20000000298023224
vertex -21.59400749206543 -24.566593170166016 0.20000000298023224
vertex -19.59400749206543 -5.566592216491699 0.20000000298023224
endloop
endfacet
facet normal -1 0 0
outer loop
vertex -19.59400749206543 -41.458412170410156 0
vertex -19.59400749206543 -41.458412170410156 0.20000000298023224
vertex -19.59400749206543 -24.566593170166016 0
endloop
endfacet
facet normal 0 0 -1
outer loop
vertex -19.59400749206543 -24.566593170166016 0.20000000298023224
vertex -21.59400749206543 -41.458412170410156 0.20000000298023224
vertex -21.59400749206543 -24.566593170166016 0.20000000298023224
endloop
endfacet
facet normal -1 0 0
outer loop
vertex -19.59400749206543 -24.566593170166016 0
vertex -19.59400749206543 -41.458412170410156 0.20000000298023224
vertex -19.59400749206543 -24.566593170166016 0.20000000298023224
endloop
endfacet
facet normal 0 0 -1
outer loop
vertex -19.59400749206543 -41.458412170410156 0.20000000298023224
vertex -21.59400749206543 -41.458412170410156 0.20000000298023224
vertex -19.59400749206543 -24.566593170166016 0.20000000298023224
endloop
endfacet
facet normal -0.8819190546839591 -0.4714008707940113 0
outer loop
vertex 22.162181854248047 -56.229393005371094 0
vertex 22.26845359802246 -56.4282112121582 5
vertex 22.162181854248047 -56.229393005371094 5
endloop
endfacet
facet normal 0.7730110275979483 -0.6343925844553703 0
outer loop
vertex 20.249801635742188 -56.229393005371094 0
vertex 20.392818450927734 -56.05512619018555 5
vertex 20.249801635742188 -56.229393005371094 5
endloop
endfacet
facet normal -0.7730110275979483 0.6343925844553703 0
outer loop
vertex 22.0191650390625 -57.68146896362305 5
vertex 22.162181854248047 -57.5072021484375 5
vertex 22.162181854248047 -57.5072021484375 0
endloop
endfacet
facet normal -0.8819190546839591 0.4714008707940113 0
outer loop
vertex 22.26845359802246 -57.30838394165039 5
vertex 22.26845359802246 -57.30838394165039 0
vertex 22.162181854248047 -57.5072021484375 5
endloop
endfacet
facet normal -0.956941111292252 0.2902821205633403 0
outer loop
vertex 22.333894729614258 -57.0926513671875 0
vertex 22.26845359802246 -57.30838394165039 5
vertex 22.333894729614258 -57.0926513671875 5
endloop
endfacet
facet normal -0.7730110275979483 -0.6343925844553703 0
outer loop
vertex 22.0191650390625 -56.05512619018555 0
vertex 22.162181854248047 -56.229393005371094 5
vertex 22.0191650390625 -56.05512619018555 5
endloop
endfacet
facet normal -0.9951848503090435 0.09801588501547505 0
outer loop
vertex 22.35599136352539 -56.8682975769043 5
vertex 22.35599136352539 -56.8682975769043 0
vertex 22.333894729614258 -57.0926513671875 5
endloop
endfacet
facet normal -0.9951848503090435 -0.09801588501547505 0
outer loop
vertex 22.333894729614258 -56.643943786621094 0
vertex 22.35599136352539 -56.8682975769043 5
vertex 22.333894729614258 -56.643943786621094 5
endloop
endfacet
facet normal -0.956941111292252 -0.2902821205633403 0
outer loop
vertex 22.26845359802246 -56.4282112121582 0
vertex 22.333894729614258 -56.643943786621094 5
vertex 22.26845359802246 -56.4282112121582 5
endloop
endfacet
facet normal -0.47140393387447393 0.8819174174080421 0
outer loop
vertex 21.844898223876953 -57.824485778808594 0
vertex 21.64607810974121 -57.93075942993164 5
vertex 21.844898223876953 -57.824485778808594 5
endloop
endfacet
facet normal -0.2902821205633403 0.956941111292252 0
outer loop
vertex 21.64607810974121 -57.93075942993164 0
vertex 21.43034553527832 -57.99620056152344 5
vertex 21.64607810974121 -57.93075942993164 5
endloop
endfacet
facet normal -0.2902821205633403 -0.956941111292252 0
outer loop
vertex 21.43034553527832 -55.740394592285156 0
vertex 21.64607810974121 -55.80583572387695 5
vertex 21.43034553527832 -55.740394592285156 5
endloop
endfacet
facet normal -0.4713907728797535 -0.8819244521181102 0
outer loop
vertex 21.64607810974121 -55.80583572387695 0
vertex 21.844898223876953 -55.912105560302734 5
vertex 21.64607810974121 -55.80583572387695 5
endloop
endfacet
facet normal -0.6344026954867736 -0.7730027295935741 0
outer loop
vertex 21.844898223876953 -55.912105560302734 0
vertex 22.0191650390625 -56.05512619018555 0
vertex 22.0191650390625 -56.05512619018555 5
endloop
endfacet
facet normal -0.6344026954867736 -0.7730027295935741 0
outer loop
vertex 21.844898223876953 -55.912105560302734 5
vertex 21.844898223876953 -55.912105560302734 0
vertex 22.0191650390625 -56.05512619018555 5
endloop
endfacet
facet normal -0.0980242643089155 -0.9951840249957271 0
outer loop
vertex 21.205991744995117 -55.71829605102539 0
vertex 21.43034553527832 -55.740394592285156 5
vertex 21.205991744995117 -55.71829605102539 5
endloop
endfacet
facet normal 0.0980242643089155 -0.9951840249957271 0
outer loop
vertex 20.981637954711914 -55.740394592285156 0
vertex 21.205991744995117 -55.71829605102539 5
vertex 20.981637954711914 -55.740394592285156 5
endloop
endfacet
facet normal 0.2902821205633403 -0.956941111292252 0
outer loop
vertex 20.765905380249023 -55.80583572387695 0
vertex 20.981637954711914 -55.740394592285156 5
vertex 20.765905380249023 -55.80583572387695 5
endloop
endfacet
facet normal 0.9951848503090435 0.09801588501547505 0
outer loop
vertex 20.078088760375977 -57.0926513671875 5
vertex 20.078088760375977 -57.0926513671875 0
vertex 20.055992126464844 -56.8682975769043 5
endloop
endfacet
facet normal 0.9951848503090435 -0.09801588501547505 0
outer loop
vertex 20.055992126464844 -56.8682975769043 0
vertex 20.078088760375977 -56.643943786621094 5
vertex 20.055992126464844 -56.8682975769043 5
endloop
endfacet
facet normal 0.7730110275979483 0.6343925844553703 0
outer loop
vertex 20.392818450927734 -57.68146896362305 5
vertex 20.392818450927734 -57.68146896362305 0
vertex 20.249801635742188 -57.5072021484375 5
endloop
endfacet
facet normal -0.4713907728797535 -0.8819244521181102 0
outer loop
vertex 21.64607810974121 -55.80583572387695 0
vertex 21.844898223876953 -55.912105560302734 0
vertex 21.844898223876953 -55.912105560302734 5
endloop
endfacet
facet normal 0.4713907728797535 -0.8819244521181102 0
outer loop
vertex 20.56708526611328 -55.912105560302734 0
vertex 20.765905380249023 -55.80583572387695 5
vertex 20.56708526611328 -55.912105560302734 5
endloop
endfacet
facet normal -0.2902821205633403 -0.956941111292252 0
outer loop
vertex 21.43034553527832 -55.740394592285156 0
vertex 21.64607810974121 -55.80583572387695 0
vertex 21.64607810974121 -55.80583572387695 5
endloop
endfacet
facet normal -0.7730110275979483 -0.6343925844553703 0
outer loop
vertex 22.162181854248047 -56.229393005371094 5
vertex 22.0191650390625 -56.05512619018555 0
vertex 22.162181854248047 -56.229393005371094 0
endloop
endfacet
facet normal -0.956941111292252 -0.2902821205633403 0
outer loop
vertex 22.333894729614258 -56.643943786621094 5
vertex 22.26845359802246 -56.4282112121582 0
vertex 22.333894729614258 -56.643943786621094 0
endloop
endfacet
facet normal -0.8819190546839591 -0.4714008707940113 0
outer loop
vertex 22.26845359802246 -56.4282112121582 5
vertex 22.162181854248047 -56.229393005371094 0
vertex 22.26845359802246 -56.4282112121582 0
endloop
endfacet
facet normal -0.9951848503090435 -0.09801588501547505 0
outer loop
vertex 22.333894729614258 -56.643943786621094 0
vertex 22.35599136352539 -56.8682975769043 0
vertex 22.35599136352539 -56.8682975769043 5
endloop
endfacet
facet normal -0.9951848503090435 0.09801588501547505 0
outer loop
vertex 22.35599136352539 -56.8682975769043 0
vertex 22.333894729614258 -57.0926513671875 0
vertex 22.333894729614258 -57.0926513671875 5
endloop
endfacet
facet normal -0.956941111292252 0.2902821205633403 0
outer loop
vertex 22.333894729614258 -57.0926513671875 0
vertex 22.26845359802246 -57.30838394165039 0
vertex 22.26845359802246 -57.30838394165039 5
endloop
endfacet
facet normal -0.8819190546839591 0.4714008707940113 0
outer loop
vertex 22.26845359802246 -57.30838394165039 0
vertex 22.162181854248047 -57.5072021484375 0
vertex 22.162181854248047 -57.5072021484375 5
endloop
endfacet
facet normal -0.7730110275979483 0.6343925844553703 0
outer loop
vertex 22.162181854248047 -57.5072021484375 0
vertex 22.0191650390625 -57.68146896362305 0
vertex 22.0191650390625 -57.68146896362305 5
endloop
endfacet
facet normal 0.6344026954867736 -0.7730027295935741 0
outer loop
vertex 20.392818450927734 -56.05512619018555 0
vertex 20.56708526611328 -55.912105560302734 5
vertex 20.392818450927734 -56.05512619018555 5
endloop
endfacet
facet normal -0.6343925844553703 0.7730110275979483 0
outer loop
vertex 22.0191650390625 -57.68146896362305 0
vertex 21.844898223876953 -57.824485778808594 0
vertex 21.844898223876953 -57.824485778808594 5
endloop
endfacet
facet normal -0.47140393387447393 0.8819174174080421 0
outer loop
vertex 21.64607810974121 -57.93075942993164 5
vertex 21.844898223876953 -57.824485778808594 0
vertex 21.64607810974121 -57.93075942993164 0
endloop
endfacet
facet normal -0.2902821205633403 0.956941111292252 0
outer loop
vertex 21.43034553527832 -57.99620056152344 5
vertex 21.64607810974121 -57.93075942993164 0
vertex 21.43034553527832 -57.99620056152344 0
endloop
endfacet
facet normal -0.0980242643089155 -0.9951840249957271 0
outer loop
vertex 21.205991744995117 -55.71829605102539 0
vertex 21.43034553527832 -55.740394592285156 0
vertex 21.43034553527832 -55.740394592285156 5
endloop
endfacet
facet normal 0.6343925844553703 0.7730110275979483 0
outer loop
vertex 20.56708526611328 -57.824485778808594 0
vertex 20.392818450927734 -57.68146896362305 5
vertex 20.56708526611328 -57.824485778808594 5
endloop
endfacet
facet normal 0.47140393387447393 0.8819174174080421 0
outer loop
vertex 20.765905380249023 -57.93075942993164 0
vertex 20.56708526611328 -57.824485778808594 5
vertex 20.765905380249023 -57.93075942993164 5
endloop
endfacet
facet normal 0.0980242643089155 -0.9951840249957271 0
outer loop
vertex 20.981637954711914 -55.740394592285156 0
vertex 21.205991744995117 -55.71829605102539 0
vertex 21.205991744995117 -55.71829605102539 5
endloop
endfacet
facet normal 0.2902821205633403 -0.956941111292252 0
outer loop
vertex 20.765905380249023 -55.80583572387695 0
vertex 20.981637954711914 -55.740394592285156 0
vertex 20.981637954711914 -55.740394592285156 5
endloop
endfacet
facet normal 0.4713907728797535 -0.8819244521181102 0
outer loop
vertex 20.765905380249023 -55.80583572387695 5
vertex 20.56708526611328 -55.912105560302734 0
vertex 20.765905380249023 -55.80583572387695 0
endloop
endfacet
facet normal 0.6344026954867736 -0.7730027295935741 0
outer loop
vertex 20.392818450927734 -56.05512619018555 0
vertex 20.56708526611328 -55.912105560302734 0
vertex 20.56708526611328 -55.912105560302734 5
endloop
endfacet
facet normal 0.7730110275979483 -0.6343925844553703 0
outer loop
vertex 20.249801635742188 -56.229393005371094 0
vertex 20.392818450927734 -56.05512619018555 0
vertex 20.392818450927734 -56.05512619018555 5
endloop
endfacet
facet normal 0.8819190546839591 -0.4714008707940113 0
outer loop
vertex 20.249801635742188 -56.229393005371094 0
vertex 20.249801635742188 -56.229393005371094 5
vertex 20.143529891967773 -56.4282112121582 0
endloop
endfacet
facet normal 0.956941111292252 -0.2902821205633403 0
outer loop
vertex 20.078088760375977 -56.643943786621094 0
vertex 20.143529891967773 -56.4282112121582 0
vertex 20.143529891967773 -56.4282112121582 5
endloop
endfacet
facet normal -0.0980242643089155 0.9951840249957271 0
outer loop
vertex 21.205991744995117 -58.0182991027832 5
vertex 21.43034553527832 -57.99620056152344 0
vertex 21.205991744995117 -58.0182991027832 0
endloop
endfacet
facet normal 0.0980242643089155 0.9951840249957271 0
outer loop
vertex 20.981637954711914 -57.99620056152344 5
vertex 21.205991744995117 -58.0182991027832 0
vertex 20.981637954711914 -57.99620056152344 0
endloop
endfacet
facet normal 0.2902821205633403 0.956941111292252 0
outer loop
vertex 20.765905380249023 -57.93075942993164 5
vertex 20.981637954711914 -57.99620056152344 0
vertex 20.765905380249023 -57.93075942993164 0
endloop
endfacet
facet normal 0.8819190546839591 0.4714008707940113 0
outer loop
vertex 20.249801635742188 -57.5072021484375 0
vertex 20.143529891967773 -57.30838394165039 5
vertex 20.249801635742188 -57.5072021484375 5
endloop
endfacet
facet normal 0.8819190546839591 0.4714008707940113 0
outer loop
vertex 20.249801635742188 -57.5072021484375 0
vertex 20.143529891967773 -57.30838394165039 0
vertex 20.143529891967773 -57.30838394165039 5
endloop
endfacet
facet normal 0.6343925844553703 0.7730110275979483 0
outer loop
vertex 20.392818450927734 -57.68146896362305 0
vertex 20.392818450927734 -57.68146896362305 5
vertex 20.56708526611328 -57.824485778808594 0
endloop
endfacet
facet normal 0.47140393387447393 0.8819174174080421 0
outer loop
vertex 20.56708526611328 -57.824485778808594 5
vertex 20.765905380249023 -57.93075942993164 0
vertex 20.56708526611328 -57.824485778808594 0
endloop
endfacet
facet normal 0.7730110275979483 0.6343925844553703 0
outer loop
vertex 20.392818450927734 -57.68146896362305 0
vertex 20.249801635742188 -57.5072021484375 0
vertex 20.249801635742188 -57.5072021484375 5
endloop
endfacet
facet normal 0.956941111292252 0.2902821205633403 0
outer loop
vertex 20.143529891967773 -57.30838394165039 0
vertex 20.078088760375977 -57.0926513671875 5
vertex 20.143529891967773 -57.30838394165039 5
endloop
endfacet
facet normal 0.2902821205633403 0.956941111292252 0
outer loop
vertex 20.981637954711914 -57.99620056152344 0
vertex 20.765905380249023 -57.93075942993164 5
vertex 20.981637954711914 -57.99620056152344 5
endloop
endfacet
facet normal 0.0980242643089155 0.9951840249957271 0
outer loop
vertex 21.205991744995117 -58.0182991027832 0
vertex 20.981637954711914 -57.99620056152344 5
vertex 21.205991744995117 -58.0182991027832 5
endloop
endfacet
facet normal -0.0980242643089155 0.9951840249957271 0
outer loop
vertex 21.43034553527832 -57.99620056152344 0
vertex 21.205991744995117 -58.0182991027832 5
vertex 21.43034553527832 -57.99620056152344 5
endloop
endfacet
facet normal 0.8819190546839591 -0.4714008707940113 0
outer loop
vertex 20.143529891967773 -56.4282112121582 0
vertex 20.249801635742188 -56.229393005371094 5
vertex 20.143529891967773 -56.4282112121582 5
endloop
endfacet
facet normal 0.9951848503090435 -0.09801588501547505 0
outer loop
vertex 20.055992126464844 -56.8682975769043 0
vertex 20.078088760375977 -56.643943786621094 0
vertex 20.078088760375977 -56.643943786621094 5
endloop
endfacet
facet normal 0.9951848503090435 0.09801588501547505 0
outer loop
vertex 20.078088760375977 -57.0926513671875 0
vertex 20.055992126464844 -56.8682975769043 0
vertex 20.055992126464844 -56.8682975769043 5
endloop
endfacet
facet normal 0.956941111292252 -0.2902821205633403 0
outer loop
vertex 20.078088760375977 -56.643943786621094 0
vertex 20.143529891967773 -56.4282112121582 5
vertex 20.078088760375977 -56.643943786621094 5
endloop
endfacet
facet normal 0.956941111292252 0.2902821205633403 0
outer loop
vertex 20.143529891967773 -57.30838394165039 0
vertex 20.078088760375977 -57.0926513671875 0
vertex 20.078088760375977 -57.0926513671875 5
endloop
endfacet
facet normal -0.6343925844553703 0.7730110275979483 0
outer loop
vertex 21.844898223876953 -57.824485778808594 5
vertex 22.0191650390625 -57.68146896362305 5
vertex 22.0191650390625 -57.68146896362305 0
endloop
endfacet
endsolid auto-kdk-case
